# сэмплер частоты GPU, период 0.5 с
# лестница: 690000000 640000000 599000000 545000000 492000000 456000000 421000000 350000000 317000000 285000000 
# unix_время	клок_Гц	загрузка_%	резиденция_по_ступеням
1789437238.571168366	456000000	43	0 41594637 84556184 169461286 1070553529 2717032078 74444 76541 11845 1242547 
1789437239.118369827	456000000	43	0 41594637 84556184 169461286 1070553529 2717227886 74444 76541 11845 1242547 
1789437239.668976184	456000000	35	0 41594637 84556184 169461286 1070553529 2717413531 74444 76541 11845 1242547 
1789437240.216952697	456000000	35	0 41594637 84556184 169461286 1070553529 2717657964 74444 76541 11845 1242547 
1789437240.770303429	456000000	40	0 41594637 84556184 169461286 1070553529 2717914403 74444 76541 11845 1242547 
1789437241.317211556	456000000	40	0 41594637 84556184 169461286 1070553529 2718154131 74444 76541 11845 1242547 
1789437241.869206820	456000000	44	0 41594637 84556184 169461286 1070553529 2718412279 74444 76541 11845 1242547 
1789437242.420788645	456000000	45	0 41594637 84556184 169461286 1070553529 2718650561 74444 76541 11845 1242547 
1789437242.971005940	456000000	45	0 41594637 84556184 169461286 1070553529 2718851358 74444 76541 11845 1242547 
1789437243.524465630	456000000	38	0 41594637 84556184 169461286 1070553529 2719091287 74444 76541 11845 1242547 
1789437244.076271883	456000000	38	0 41594637 84556184 169461286 1070553529 2719347939 74444 76541 11845 1242547 
1789437244.635566887	456000000	46	0 41594637 84556184 169461286 1070553529 2719602765 74444 76541 11845 1242547 
1789437245.194378974	456000000	46	0 41594637 84556184 169461286 1070553529 2719852409 74444 76541 11845 1242547 
1789437245.747746477	456000000	45	0 41594637 84556184 169461286 1070553529 2720105747 74444 76541 11845 1242547 
1789437246.306171793	456000000	45	0 41594637 84556184 169461286 1070553529 2720354014 74444 76541 11845 1242547 
1789437246.869186016	456000000	44	0 41594637 84556184 169461286 1070553529 2720585509 74444 76541 11845 1242547 
1789437247.423333467	456000000	38	0 41594637 84556184 169461286 1070553529 2720794454 74444 76541 11845 1242547 
1789437247.978111022	456000000	38	0 41594637 84556184 169461286 1070553529 2721057394 74444 76541 11845 1242547 
1789437248.528116025	456000000	45	0 41594637 84556184 169461286 1070553529 2721296709 74444 76541 11845 1242547 
1789437249.081149361	456000000	45	0 41594637 84556184 169461286 1070553529 2721564365 74444 76541 11845 1242547 
1789437249.641081969	456000000	47	0 41594637 84556184 169461286 1070553529 2721829752 74444 76541 11845 1242547 
1789437250.191415461	456000000	47	0 41594637 84556184 169461286 1070553529 2722088606 74444 76541 11845 1242547 
1789437250.741302964	456000000	46	0 41594637 84556184 169461286 1070553529 2722314088 74444 76541 11845 1242547 
1789437251.291119060	456000000	46	0 41594637 84556184 169461286 1070553529 2722542445 74444 76541 11845 1242547 
1789437251.841728698	456000000	41	0 41594637 84556184 169461286 1070553529 2722772049 74444 76541 11845 1242547 
1789437252.399880369	456000000	41	0 41594637 84556184 169461286 1070553529 2723004302 74444 76541 11845 1242547 
1789437252.954682195	456000000	41	0 41594637 84556184 169461286 1070553529 2723195035 74444 76541 11845 1242547 
1789437253.498442509	456000000	37	0 41594637 84556184 169461286 1070553529 2723420882 74444 76541 11845 1242547 
1789437254.055370221	456000000	37	0 41594637 84556184 169461286 1070553529 2723659367 74444 76541 11845 1242547 
1789437254.607684755	456000000	44	0 41594637 84556184 169461286 1070553529 2723924365 74444 76541 11845 1242547 
1789437255.164308196	456000000	44	0 41594637 84556184 169461286 1070553529 2724180618 74444 76541 11845 1242547 
1789437255.718715751	456000000	43	0 41594637 84556184 169461286 1070553529 2724399404 74444 76541 11845 1242547 
1789437256.283476849	456000000	43	0 41594637 84556184 169461286 1070553529 2724664349 74444 76541 11845 1242547 
1789437256.841675655	456000000	46	0 41594637 84556184 169461286 1070553529 2724939069 74444 76541 11845 1242547 
1789437257.400699825	456000000	48	0 41594637 84556184 169461286 1070553529 2725207037 74444 76541 11845 1242547 
1789437257.957186026	456000000	48	0 41594637 84556184 169461286 1070553529 2725424457 74444 76541 11845 1242547 
1789437258.508997488	456000000	41	0 41594637 84556184 169461286 1070553529 2725678758 74444 76541 11845 1242547 
1789437259.067957752	456000000	41	0 41594637 84556184 169461286 1070553529 2725954094 74444 76541 11845 1242547 
1789437259.630963589	456000000	49	0 41594637 84556184 169461286 1070553529 2726225903 74444 76541 11845 1242547 
1789437260.193680624	456000000	49	0 41594637 84556184 169461286 1070553529 2726514463 74444 76541 11845 1242547 
1789437260.742650835	456000000	51	0 41594637 84556184 169461286 1070553529 2726777407 74444 76541 11845 1242547 
1789437261.293796411	492000000	51	0 41594637 84556184 169461286 1070660222 2726963317 74444 76541 11845 1242547 
1789437261.841813184	492000000	49	0 41594637 84556184 169461286 1070918208 2726963317 74444 76541 11845 1242547 
1789437262.392330687	456000000	47	0 41594637 84556184 169461286 1071101178 2727045781 74444 76541 11845 1242547 
1789437262.942437669	456000000	47	0 41594637 84556184 169461286 1071101178 2727319105 74444 76541 11845 1242547 
1789437263.486581994	456000000	46	0 41594637 84556184 169461286 1071101178 2727572566 74444 76541 11845 1242547 
1789437264.032177829	456000000	46	0 41594637 84556184 169461286 1071101178 2727938254 74444 76541 11845 1242547 
1789437264.583627937	456000000	66	0 41594637 84556184 169461286 1071101178 2728311066 74444 76541 11845 1242547 
1789437265.137692992	456000000	66	0 41594637 84556184 169461286 1071101178 2728692093 74444 76541 11845 1242547 
1789437265.692345026	456000000	68	0 41594637 84556184 169461286 1071101178 2729071238 74444 76541 11845 1242547 
1789437266.239113779	640000000	68	0 41768067 84567970 169471547 1071112302 2729152247 74444 76541 11845 1242547 
1789437266.792385969	545000000	60	0 41793524 84606332 169826215 1071155879 2729152247 74444 76541 11845 1242547 
1789437267.342489878	599000000	60	0 41793524 84899398 169986217 1071155879 2729152247 74444 76541 11845 1242547 
1789437267.890455922	599000000	84	0 41793524 85342689 169986217 1071155879 2729152247 74444 76541 11845 1242547 
1789437268.443370613	599000000	80	0 41793524 85741491 169986217 1071155879 2729152247 74444 76541 11845 1242547 
1789437268.987409729	599000000	80	0 41793524 85895040 169986217 1071155879 2729152247 74444 76541 11845 1242547 
1789437269.538928482	599000000	27	0 41793524 86051386 169986217 1071155879 2729152247 74444 76541 11845 1242547 
1789437270.086063953	545000000	27	0 41793524 86070936 170130155 1071155879 2729152247 74444 76541 11845 1242547 
1789437270.632274841	492000000	29	0 41793524 86070936 170287853 1071163683 2729152247 74444 76541 11845 1242547 
1789437271.176004531	492000000	29	0 41793524 86070936 170287853 1071340171 2729152247 74444 76541 11845 1242547 
1789437271.728400627	456000000	33	0 41793524 86070936 170287853 1071506246 2729200187 74444 76541 11845 1242547 
1789437272.279212297	456000000	33	0 41793524 86070936 170287853 1071506246 2729395584 74444 76541 11845 1242547 
1789437272.821321413	456000000	36	0 41793524 86070936 170287853 1071506246 2729591270 74444 76541 11845 1242547 
1789437273.371491729	456000000	36	0 41793524 86070936 170287853 1071506246 2729788753 74444 76541 11845 1242547 
1789437273.920309283	456000000	35	0 41793524 86070936 170287853 1071506246 2729966218 74444 76541 11845 1242547 
1789437274.470974442	456000000	36	0 41793524 86070936 170287853 1071506246 2730190255 74444 76541 11845 1242547 
1789437275.026320435	456000000	36	0 41793524 86070936 170287853 1071506246 2730421844 74444 76541 11845 1242547 
1789437275.581543720	456000000	42	0 41793524 86070936 170287853 1071506246 2730679046 74444 76541 11845 1242547 
1789437276.136629973	456000000	42	0 41793524 86070936 170287853 1071506246 2730930587 74444 76541 11845 1242547 
1789437276.694048935	456000000	44	0 41793524 86070936 170287853 1071506246 2731129073 74444 76541 11845 1242547 
1789437277.242858781	456000000	44	0 41793524 86070936 170287853 1071506246 2731359622 74444 76541 11845 1242547 
1789437277.795993732	456000000	39	0 41793524 86070936 170287853 1071506246 2731589988 74444 76541 11845 1242547 
1789437278.349668943	456000000	39	0 41793524 86070936 170287853 1071506246 2731821505 74444 76541 11845 1242547 
1789437278.904682124	456000000	41	0 41793524 86070936 170287853 1071506246 2732028700 74444 76541 11845 1242547 
1789437279.461635044	456000000	38	0 41793524 86070936 170287853 1071506246 2732252120 74444 76541 11845 1242547 
1789437280.017813953	456000000	38	0 41793524 86070936 170287853 1071506246 2732484731 74444 76541 11845 1242547 
1789437280.572309373	456000000	41	0 41793524 86070936 170287853 1071506246 2732717253 74444 76541 11845 1242547 
1789437281.129837241	456000000	41	0 41793524 86070936 170287853 1071506246 2732955237 74444 76541 11845 1242547 
1789437281.689165213	456000000	40	0 41793524 86070936 170287853 1071506246 2733163399 74444 76541 11845 1242547 
1789437282.239664018	456000000	40	0 41793524 86070936 170287853 1071506246 2733370501 74444 76541 11845 1242547 
1789437282.789694646	456000000	38	0 41793524 86070936 170287853 1071506246 2733604268 74444 76541 11845 1242547 
1789437283.347441524	456000000	38	0 41793524 86070936 170287853 1071506246 2733837766 74444 76541 11845 1242547 
1789437283.906307986	456000000	42	0 41793524 86070936 170287853 1071506246 2734069649 74444 76541 11845 1242547 
1789437284.463191531	456000000	38	0 41793524 86070936 170287853 1071506246 2734267784 74444 76541 11845 1242547 
1789437285.015100441	456000000	38	0 41793524 86070936 170287853 1071506246 2734497925 74444 76541 11845 1242547 
1789437285.566361485	456000000	41	0 41793524 86070936 170287853 1071506246 2734730617 74444 76541 11845 1242547 
1789437286.122036905	456000000	41	0 41793524 86070936 170287853 1071506246 2734961552 74444 76541 11845 1242547 
1789437286.674824096	456000000	41	0 41793524 86070936 170287853 1071506246 2735166746 74444 76541 11845 1242547 
1789437287.224258838	456000000	41	0 41793524 86070936 170287853 1071506246 2735389250 74444 76541 11845 1242547 
1789437287.774979257	456000000	38	0 41793524 86070936 170287853 1071506246 2735635236 74444 76541 11845 1242547 
1789437288.334215198	456000000	38	0 41793524 86070936 170287853 1071506246 2735878633 74444 76541 11845 1242547 
1789437288.888718170	456000000	44	0 41793524 86070936 170287853 1071506246 2736121118 74444 76541 11845 1242547 
1789437289.442946767	456000000	41	0 41793524 86070936 170287853 1071506246 2736338520 74444 76541 11845 1242547 
1789437289.993480468	456000000	41	0 41793524 86070936 170287853 1071506246 2736579375 74444 76541 11845 1242547 
1789437290.538935835	456000000	43	0 41793524 86070936 170287853 1071506246 2736821413 74444 76541 11845 1242547 
1789437291.092120004	456000000	43	0 41793524 86070936 170287853 1071506246 2737064407 74444 76541 11845 1242547 
1789437291.645752351	456000000	44	0 41793524 86070936 170287853 1071506246 2737311418 74444 76541 11845 1242547 
1789437292.198644437	456000000	44	0 41793524 86070936 170287853 1071675501 2737436160 74444 76541 11845 1242547 
1789437292.752996732	456000000	53	0 41793524 86070936 170287853 1071675501 2737814046 74444 76541 11845 1242547 
1789437293.298164026	456000000	53	0 41793524 86070936 170287853 1071675501 2738199247 74444 76541 11845 1242547 
1789437293.854738613	456000000	69	0 41793524 86070936 170287853 1071675501 2738576026 74444 76541 11845 1242547 
1789437294.401159761	456000000	68	0 41793524 86070936 170287853 1071675501 2738946905 74444 76541 11845 1242547 
1789437294.950956014	456000000	68	0 41793524 86070936 170287853 1071675501 2739319388 74444 76541 11845 1242547 
1789437295.498624350	456000000	67	0 41793524 86070936 170287853 1071675501 2739691103 74444 76541 11845 1242547 
1789437296.049486696	456000000	67	0 41793524 86070936 170287853 1071675501 2740070008 74444 76541 11845 1242547 
1789437296.597003782	456000000	68	0 41793524 86070936 170287853 1071675501 2740449555 74444 76541 11845 1242547 
1789437297.152176129	456000000	68	0 41793524 86070936 170287853 1071675501 2740852330 74444 76541 11845 1242547 
1789437297.704892278	456000000	72	0 41793524 86070936 170287853 1071675501 2741253389 74444 76541 11845 1242547 
1789437298.254338426	456000000	72	0 41793524 86070936 170287853 1071675501 2741635973 74444 76541 11845 1242547 
1789437298.801113429	456000000	70	0 41793524 86070936 170287853 1071675501 2742018881 74444 76541 11845 1242547 
1789437299.355514213	456000000	70	0 41793524 86070936 170287853 1071675501 2742398973 74444 76541 11845 1242547 
1789437299.907349320	456000000	69	0 41793524 86070936 170287853 1071675501 2742791039 74444 76541 11845 1242547 
1789437300.455980520	456000000	70	0 41793524 86070936 170287853 1071675501 2743183187 74444 76541 11845 1242547 
1789437301.010785524	456000000	70	0 41793524 86070936 170287853 1071675501 2743573874 74444 76541 11845 1242547 
1789437301.563871673	456000000	70	0 41793524 86070936 170287853 1071675501 2743963145 74444 76541 11845 1242547 
1789437302.118008186	456000000	70	0 41793524 86070936 170287853 1071675501 2744351982 74444 76541 11845 1242547 
1789437302.666125064	456000000	70	0 41793524 86070936 170287853 1071675501 2744732755 74444 76541 11845 1242547 
1789437303.216025327	456000000	70	0 41793524 86070936 170287853 1071675501 2745115343 74444 76541 11845 1242547 
1789437303.763418454	456000000	69	0 41793524 86070936 170287853 1071675501 2745492921 74444 76541 11845 1242547 
1789437304.313222155	456000000	69	0 41793524 86070936 170287853 1071675501 2745871510 74444 76541 11845 1242547 
1789437304.866650387	456000000	68	0 41793524 86070936 170287853 1071675501 2746260330 74444 76541 11845 1242547 
1789437305.417349140	456000000	71	0 41793524 86070936 170287853 1071675501 2746654667 74444 76541 11845 1242547 
1789437305.967469767	456000000	71	0 41793524 86070936 170287853 1071675501 2747035029 74444 76541 11845 1242547 
1789437306.515984666	456000000	69	0 41793524 86070936 170287853 1071675501 2747411682 74444 76541 11845 1242547 
1789437307.065573731	456000000	69	0 41793524 86070936 170287853 1071675501 2747787289 74444 76541 11845 1242547 
1789437307.613603786	456000000	68	0 41793524 86070936 170287853 1071675501 2748165810 74444 76541 11845 1242547 
1789437308.163625299	456000000	68	0 41793524 86070936 170287853 1071675501 2748555534 74444 76541 11845 1242547 
1789437308.712756916	456000000	70	0 41793524 86070936 170287853 1071675501 2748946022 74444 76541 11845 1242547 
1789437309.259375877	456000000	70	0 41793524 86070936 170287853 1071675501 2749331093 74444 76541 11845 1242547 
1789437309.809911556	456000000	70	0 41793524 86070936 170287853 1071675501 2749708286 74444 76541 11845 1242547 
1789437310.359561038	456000000	70	0 41793524 86070936 170287853 1071675501 2750087468 74444 76541 11845 1242547 
1789437310.907813645	456000000	69	0 41793524 86070936 170287853 1071675501 2750463549 74444 76541 11845 1242547 
1789437311.452185574	456000000	68	0 41793524 86070936 170287853 1071675501 2750840738 74444 76541 11845 1242547 
1789437312.003022556	456000000	68	0 41793524 86070936 170287853 1071675501 2751215564 74444 76541 11845 1242547 
1789437312.555541570	456000000	68	0 41793524 86070936 170287853 1071675501 2751592868 74444 76541 11845 1242547 
1789437313.105137249	456000000	68	0 41793524 86070936 170287853 1071675501 2751973403 74444 76541 11845 1242547 
1789437313.658941211	456000000	68	0 41793524 86070936 170287853 1071675501 2752356377 74444 76541 11845 1242547 
1789437314.209806214	456000000	68	0 41793524 86070936 170287853 1071675501 2752741889 74444 76541 11845 1242547 
1789437314.757776164	456000000	70	0 41793524 86070936 170287853 1071675501 2753124890 74444 76541 11845 1242547 
1789437315.311214709	456000000	70	0 41793524 86070936 170287853 1071675501 2753501717 74444 76541 11845 1242547 
1789437315.864161587	456000000	68	0 41793524 86070936 170287853 1071675501 2753892142 74444 76541 11845 1242547 
1789437316.411351745	456000000	70	0 41793524 86070936 170287853 1071675501 2754270866 74444 76541 11845 1242547 
1789437316.961285498	456000000	70	0 41793524 86070936 170287853 1071675501 2754648353 74444 76541 11845 1242547 
1789437317.515172220	456000000	67	0 41793524 86070936 170287853 1071675501 2755024745 74444 76541 11845 1242547 
1789437318.066506754	456000000	67	0 41793524 86070936 170287853 1071675501 2755417149 74444 76541 11845 1242547 
1789437318.617380559	456000000	71	0 41793524 86070936 170287853 1071675501 2755819126 74444 76541 11845 1242547 
1789437319.166044103	456000000	71	0 41793524 86070936 170287853 1071675501 2756201377 74444 76541 11845 1242547 
1789437319.713968064	456000000	70	0 41793524 86070936 170287853 1071675501 2756572986 74444 76541 11845 1242547 
1789437320.264866140	456000000	70	0 41793524 86070936 170287853 1071675501 2756940718 74444 76541 11845 1242547 
1789437320.812666611	456000000	67	0 41793524 86070936 170287853 1071675501 2757314139 74444 76541 11845 1242547 
1789437321.363759999	456000000	67	0 41793524 86070936 170287853 1071675501 2757698625 74444 76541 11845 1242547 
1789437321.910890210	456000000	69	0 41793524 86070936 170287853 1071675501 2758085517 74444 76541 11845 1242547 
1789437322.462346879	456000000	70	0 41793524 86070936 170287853 1071675501 2758478264 74444 76541 11845 1242547 
1789437323.013165997	456000000	70	0 41793524 86070936 170287853 1071675501 2758858548 74444 76541 11845 1242547 
1789437323.561285322	456000000	69	0 41793524 86070936 170287853 1071675501 2759243558 74444 76541 11845 1242547 
1789437324.116543711	456000000	69	0 41793524 86070936 170287853 1071675501 2759637048 74444 76541 11845 1242547 
1789437324.668643662	456000000	70	0 41793524 86070936 170287853 1071675501 2760020720 74444 76541 11845 1242547 
1789437325.220665383	456000000	70	0 41793524 86070936 170287853 1071675501 2760406035 74444 76541 11845 1242547 
1789437325.772246532	456000000	69	0 41793524 86070936 170287853 1071675501 2760793159 74444 76541 11845 1242547 
1789437326.327899556	456000000	69	0 41793524 86070936 170287853 1071675501 2761179691 74444 76541 11845 1242547 
1789437326.877054350	456000000	70	0 41793524 86070936 170287853 1071675501 2761564853 74444 76541 11845 1242547 
1789437327.432462531	456000000	70	0 41793524 86070936 170287853 1071675501 2761959863 74444 76541 11845 1242547 
1789437327.979410606	456000000	70	0 41793524 86070936 170287853 1071675501 2762347620 74444 76541 11845 1242547 
1789437328.531185401	456000000	71	0 41793524 86070936 170287853 1071675501 2762741951 74444 76541 11845 1242547 
1789437329.082737018	456000000	71	0 41793524 86070936 170287853 1071675501 2763133115 74444 76541 11845 1242547 
1789437329.637103948	456000000	70	0 41793524 86070936 170287853 1071675501 2763520538 74444 76541 11845 1242547 
1789437330.189662180	456000000	70	0 41793524 86070936 170287853 1071675501 2763915403 74444 76541 11845 1242547 
1789437330.736983485	456000000	71	0 41793524 86070936 170287853 1071675501 2764305541 74444 76541 11845 1242547 
1789437331.289438123	456000000	71	0 41793524 86070936 170287853 1071675501 2764696704 74444 76541 11845 1242547 
1789437331.841365730	456000000	70	0 41793524 86070936 170287853 1071675501 2765085248 74444 76541 11845 1242547 
1789437332.387836201	456000000	70	0 41793524 86070936 170287853 1071675501 2765478569 74444 76541 11845 1242547 
1789437332.939033652	456000000	71	0 41793524 86070936 170287853 1071675501 2765874432 74444 76541 11845 1242547 
1789437333.488480009	456000000	71	0 41793524 86070936 170287853 1071675501 2766263226 74444 76541 11845 1242547 
1789437334.040373606	456000000	71	0 41793524 86070936 170287853 1071675501 2766658033 74444 76541 11845 1242547 
1789437334.590846421	456000000	71	0 41793524 86070936 170287853 1071675501 2767056542 74444 76541 11845 1242547 
1789437335.146098508	456000000	71	0 41793524 86070936 170287853 1071675501 2767445054 74444 76541 11845 1242547 
1789437335.698616010	456000000	70	0 41793524 86070936 170287853 1071675501 2767825294 74444 76541 11845 1242547 
1789437336.253613774	456000000	70	0 41793524 86070936 170287853 1071675501 2768200332 74444 76541 11845 1242547 
1789437336.801932527	456000000	68	0 41793524 86070936 170287853 1071675501 2768585983 74444 76541 11845 1242547 
1789437337.349175498	456000000	68	0 41793524 86070936 170287853 1071675501 2768972751 74444 76541 11845 1242547 
1789437337.898088573	456000000	70	0 41793524 86070936 170287853 1071675501 2769361501 74444 76541 11845 1242547 
1789437338.447038368	456000000	70	0 41793524 86070936 170287853 1071675501 2769749742 74444 76541 11845 1242547 
1789437338.999574881	456000000	70	0 41793524 86070936 170287853 1071675501 2770144040 74444 76541 11845 1242547 
1789437339.549283061	456000000	71	0 41793524 86070936 170287853 1071675501 2770544150 74444 76541 11845 1242547 
1789437340.101710980	456000000	71	0 41793524 86070936 170287853 1071675501 2770948846 74444 76541 11845 1242547 
1789437340.657685046	456000000	72	0 41793524 86070936 170287853 1071675501 2771336717 74444 76541 11845 1242547 
1789437341.209865049	456000000	72	0 41793524 86070936 170287853 1071675501 2771730093 74444 76541 11845 1242547 
1789437341.757881510	456000000	70	0 41793524 86070936 170287853 1071675501 2772118723 74444 76541 11845 1242547 
1789437342.309485263	456000000	70	0 41793524 86070936 170287853 1071675501 2772513727 74444 76541 11845 1242547 
1789437342.858909328	456000000	71	0 41793524 86070936 170287853 1071675501 2772899226 74444 76541 11845 1242547 
1789437343.409890164	456000000	71	0 41793524 86070936 170287853 1071675501 2773284663 74444 76541 11845 1242547 
1789437343.958548187	456000000	70	0 41793524 86070936 170287853 1071675501 2773661493 74444 76541 11845 1242547 
1789437344.508902461	456000000	69	0 41793524 86070936 170287853 1071675501 2774039671 74444 76541 11845 1242547 
1789437345.056464703	456000000	69	0 41793524 86070936 170287853 1071675501 2774416685 74444 76541 11845 1242547 
1789437345.606442206	456000000	68	0 41793524 86070936 170287853 1071675501 2774791751 74444 76541 11845 1242547 
1789437346.155059292	456000000	68	0 41793524 86070936 170287853 1071675501 2775170196 74444 76541 11845 1242547 
1789437346.703375023	456000000	68	0 41793524 86070936 170287853 1071675501 2775547657 74444 76541 11845 1242547 
1789437347.254604297	456000000	68	0 41793524 86070936 170287853 1071675501 2775927460 74444 76541 11845 1242547 
1789437347.801569977	456000000	68	0 41793524 86070936 170287853 1071675501 2776301577 74444 76541 11845 1242547 
1789437348.349647427	456000000	68	0 41793524 86070936 170287853 1071675501 2776679849 74444 76541 11845 1242547 
1789437348.895825971	456000000	68	0 41793524 86070936 170287853 1071675501 2777059356 74444 76541 11845 1242547 
1789437349.448326026	456000000	69	0 41793524 86070936 170287853 1071675501 2777445507 74444 76541 11845 1242547 
1789437349.999717175	456000000	69	0 41793524 86070936 170287853 1071675501 2777830943 74444 76541 11845 1242547 
1789437350.548084052	456000000	69	0 41793524 86070936 170287853 1071675501 2778213414 74444 76541 11845 1242547 
1789437351.110050671	456000000	69	0 41793524 86070936 170287853 1071675501 2778595055 74444 76541 11845 1242547 
1789437351.660350934	456000000	69	0 41793524 86070936 170287853 1071675501 2778980216 74444 76541 11845 1242547 
1789437352.212415260	456000000	69	0 41793524 86070936 170287853 1071675501 2779357561 74444 76541 11845 1242547 
1789437352.762780210	456000000	69	0 41793524 86070936 170287853 1071675501 2779738234 74444 76541 11845 1242547 
1789437353.320808599	456000000	69	0 41793524 86070936 170287853 1071675501 2780119959 74444 76541 11845 1242547 
1789437353.869501310	456000000	68	0 41793524 86070936 170287853 1071675501 2780500519 74444 76541 11845 1242547 
1789437354.422959334	456000000	70	0 41793524 86070936 170287853 1071675501 2780896335 74444 76541 11845 1242547 
1789437354.973829129	456000000	70	0 41793524 86070936 170287853 1071675501 2781284225 74444 76541 11845 1242547 
1789437355.528389705	456000000	70	0 41793524 86070936 170287853 1071675501 2781678827 74444 76541 11845 1242547 
1789437356.078908926	456000000	70	0 41793524 86070936 170287853 1071675501 2782063367 74444 76541 11845 1242547 
1789437356.626089866	456000000	70	0 41793524 86070936 170287853 1071675501 2782449895 74444 76541 11845 1242547 
1789437357.175665285	456000000	70	0 41793524 86070936 170287853 1071675501 2782839782 74444 76541 11845 1242547 
1789437357.724037059	456000000	70	0 41793524 86070936 170287853 1071675501 2783229408 74444 76541 11845 1242547 
1789437358.279158156	456000000	70	0 41793524 86070936 170287853 1071675501 2783622544 74444 76541 11845 1242547 
1789437358.827704617	456000000	70	0 41793524 86070936 170287853 1071675501 2784003457 74444 76541 11845 1242547 
1789437359.378799776	456000000	70	0 41793524 86070936 170287853 1071675501 2784392380 74444 76541 11845 1242547 
1789437359.928392695	456000000	70	0 41793524 86070936 170287853 1071675501 2784781346 74444 76541 11845 1242547 
1789437360.477341396	456000000	71	0 41793524 86070936 170287853 1071675501 2785181007 74444 76541 11845 1242547 
1789437361.031401919	456000000	71	0 41793524 86070936 170287853 1071675501 2785583033 74444 76541 11845 1242547 
1789437361.578628693	456000000	72	0 41793524 86070936 170287853 1071675501 2785973476 74444 76541 11845 1242547 
1789437362.131490727	456000000	72	0 41793524 86070936 170287853 1071675501 2786357370 74444 76541 11845 1242547 
1789437362.679727136	456000000	69	0 41793524 86070936 170287853 1071675501 2786743633 74444 76541 11845 1242547 
1789437363.225933336	456000000	69	0 41793524 86070936 170287853 1071675501 2787117707 74444 76541 11845 1242547 
1789437363.780701829	456000000	69	0 41793524 86070936 170287853 1071675501 2787499171 74444 76541 11845 1242547 
1789437364.328538394	456000000	69	0 41793524 86070936 170287853 1071675501 2787880136 74444 76541 11845 1242547 
1789437364.889764596	456000000	68	0 41793524 86070936 170287853 1071675501 2788259760 74444 76541 11845 1242547 
1789437365.440948400	456000000	68	0 41793524 86070936 170287853 1071675501 2788639072 74444 76541 11845 1242547 
1789437365.996160591	456000000	68	0 41793524 86070936 170287853 1071675501 2789019336 74444 76541 11845 1242547 
1789437366.545539292	456000000	68	0 41793524 86070936 170287853 1071675501 2789392448 74444 76541 11845 1242547 
1789437367.092518617	456000000	68	0 41793524 86070936 170287853 1071675501 2789771685 74444 76541 11845 1242547 
1789437367.644792266	456000000	68	0 41793524 86070936 170287853 1071675501 2790147844 74444 76541 11845 1242547 
1789437368.192874716	456000000	68	0 41793524 86070936 170287853 1071675501 2790522196 74444 76541 11845 1242547 
1789437368.738574979	456000000	68	0 41793524 86070936 170287853 1071675501 2790896003 74444 76541 11845 1242547 
1789437369.287974409	456000000	68	0 41793524 86070936 170287853 1071675501 2791273201 74444 76541 11845 1242547 
1789437369.839160036	456000000	68	0 41793524 86070936 170287853 1071675501 2791647132 74444 76541 11845 1242547 
1789437370.390617175	456000000	68	0 41793524 86070936 170287853 1071675501 2792022381 74444 76541 11845 1242547 
1789437370.939704729	456000000	68	0 41793524 86070936 170287853 1071675501 2792397829 74444 76541 11845 1242547 
1789437371.495693639	456000000	68	0 41793524 86070936 170287853 1071675501 2792781013 74444 76541 11845 1242547 
1789437372.051132184	456000000	68	0 41793524 86070936 170287853 1071675501 2793156203 74444 76541 11845 1242547 
1789437372.600923280	456000000	68	0 41793524 86070936 170287853 1071675501 2793546117 74444 76541 11845 1242547 
1789437373.150301929	456000000	68	0 41793524 86070936 170287853 1071675501 2793934686 74444 76541 11845 1242547 
1789437373.697053077	456000000	71	0 41793524 86070936 170287853 1071675501 2794328180 74444 76541 11845 1242547 
1789437374.247074069	456000000	71	0 41793524 86070936 170287853 1071675501 2794705292 74444 76541 11845 1242547 
1789437374.795401520	456000000	69	0 41793524 86070936 170287853 1071675501 2795088331 74444 76541 11845 1242547 
1789437375.347729908	456000000	69	0 41793524 86070936 170287853 1071675501 2795463911 74444 76541 11845 1242547 
1789437375.898061109	456000000	68	0 41793524 86070936 170287853 1071675501 2795851838 74444 76541 11845 1242547 
1789437376.445356320	456000000	70	0 41793524 86070936 170287853 1071675501 2796239286 74444 76541 11845 1242547 
1789437376.995410020	456000000	70	0 41793524 86070936 170287853 1071675501 2796616786 74444 76541 11845 1242547 
1789437377.541699502	456000000	68	0 41793524 86070936 170287853 1071675501 2796988208 74444 76541 11845 1242547 
1789437378.094434244	456000000	68	0 41793524 86070936 170287853 1071675501 2797362586 74444 76541 11845 1242547 
1789437378.644312580	456000000	68	0 41793524 86070936 170287853 1071675501 2797738561 74444 76541 11845 1242547 
1789437379.193133625	456000000	68	0 41793524 86070936 170287853 1071675501 2798108029 74444 76541 11845 1242547 
1789437379.747473732	456000000	67	0 41793524 86070936 170287853 1071675501 2798481941 74444 76541 11845 1242547 
1789437380.294323370	456000000	67	0 41793524 86070936 170287853 1071675501 2798853738 74444 76541 11845 1242547 
1789437380.843222383	456000000	68	0 41793524 86070936 170287853 1071675501 2799239139 74444 76541 11845 1242547 
1789437381.394450250	456000000	68	0 41793524 86070936 170287853 1071675501 2799616522 74444 76541 11845 1242547 
1789437381.950637910	456000000	68	0 41793524 86070936 170287853 1071675501 2800003833 74444 76541 11845 1242547 
1789437382.503647809	456000000	71	0 41793524 86070936 170287853 1071675501 2800403771 74444 76541 11845 1242547 
1789437383.056744374	456000000	71	0 41793524 86070936 170287853 1071675501 2800797101 74444 76541 11845 1242547 
1789437383.603587189	456000000	70	0 41793524 86070936 170287853 1071675501 2801181449 74444 76541 11845 1242547 
1789437384.158728025	456000000	70	0 41793524 86070936 170287853 1071675501 2801567604 74444 76541 11845 1242547 
1789437384.707842039	456000000	69	0 41793524 86070936 170287853 1071675501 2801945266 74444 76541 11845 1242547 
1789437385.261474021	456000000	69	0 41793524 86070936 170287853 1071675501 2802323249 74444 76541 11845 1242547 
1789437385.813603867	456000000	68	0 41793524 86070936 170287853 1071675501 2802705907 74444 76541 11845 1242547 
1789437386.361387047	456000000	68	0 41793524 86070936 170287853 1071675501 2803100287 74444 76541 11845 1242547 
1789437386.913699602	456000000	70	0 41793524 86070936 170287853 1071675501 2803494236 74444 76541 11845 1242547 
1789437387.463596844	456000000	71	0 41793524 86070936 170287853 1071675501 2803882797 74444 76541 11845 1242547 
1789437388.014711118	456000000	71	0 41793524 86070936 170287853 1071675501 2804272287 74444 76541 11845 1242547 
1789437388.563106641	456000000	70	0 41793524 86070936 170287853 1071675501 2804657503 74444 76541 11845 1242547 
1789437389.114574561	456000000	70	0 41793524 86070936 170287853 1071675501 2805042840 74444 76541 11845 1242547 
1789437389.667030710	456000000	68	0 41793524 86070936 170287853 1071675501 2805420403 74444 76541 11845 1242547 
1789437390.215577327	456000000	68	0 41793524 86070936 170287853 1071675501 2805802137 74444 76541 11845 1242547 
1789437390.769160767	456000000	69	0 41793524 86070936 170287853 1071675501 2806178343 74444 76541 11845 1242547 
1789437391.318332072	456000000	69	0 41793524 86070936 170287853 1071675501 2806554577 74444 76541 11845 1242547 
1789437391.868288689	456000000	68	0 41793524 86070936 170287853 1071675501 2806931202 74444 76541 11845 1242547 
1789437392.426494839	456000000	68	0 41793524 86070936 170287853 1071675501 2807308778 74444 76541 11845 1242547 
1789437392.975194685	456000000	68	0 41793524 86070936 170287853 1071675501 2807683431 74444 76541 11845 1242547 
1789437393.528686928	456000000	68	0 41793524 86070936 170287853 1071675501 2808065021 74444 76541 11845 1242547 
1789437394.080560108	456000000	68	0 41793524 86070936 170287853 1071675501 2808437175 74444 76541 11845 1242547 
1789437394.624824641	456000000	67	0 41793524 86070936 170287853 1071675501 2808812850 74444 76541 11845 1242547 
1789437395.173460008	456000000	67	0 41793524 86070936 170287853 1071675501 2809189512 74444 76541 11845 1242547 
1789437395.720813240	456000000	69	0 41793524 86070936 170287853 1071675501 2809577628 74444 76541 11845 1242547 
1789437396.270438607	456000000	69	0 41793524 86070936 170287853 1071675501 2809967188 74444 76541 11845 1242547 
1789437396.815069234	456000000	71	0 41793524 86070936 170287853 1071675501 2810358575 74444 76541 11845 1242547 
1789437397.366315800	456000000	71	0 41793524 86070936 170287853 1071675501 2810740650 74444 76541 11845 1242547 
1789437397.922180126	456000000	70	0 41793524 86070936 170287853 1071675501 2811130966 74444 76541 11845 1242547 
1789437398.473863202	456000000	69	0 41793524 86070936 170287853 1071675501 2811513296 74444 76541 11845 1242547 
1789437399.026914611	456000000	69	0 41793524 86070936 170287853 1071675501 2811902247 74444 76541 11845 1242547 
1789437399.576371905	456000000	70	0 41793524 86070936 170287853 1071675501 2812291177 74444 76541 11845 1242547 
1789437400.126417845	456000000	70	0 41793524 86070936 170287853 1071675501 2812685269 74444 76541 11845 1242547 
1789437400.676486390	456000000	71	0 41793524 86070936 170287853 1071675501 2813075457 74444 76541 11845 1242547 
1789437401.226657799	456000000	71	0 41793524 86070936 170287853 1071675501 2813463101 74444 76541 11845 1242547 
1789437401.775555666	456000000	70	0 41793524 86070936 170287853 1071675501 2813849443 74444 76541 11845 1242547 
1789437402.324497387	456000000	70	0 41793524 86070936 170287853 1071675501 2814228194 74444 76541 11845 1242547 
1789437402.872316973	456000000	69	0 41793524 86070936 170287853 1071675501 2814609518 74444 76541 11845 1242547 
1789437403.420570569	456000000	69	0 41793524 86070936 170287853 1071675501 2815003335 74444 76541 11845 1242547 
1789437403.972836874	456000000	70	0 41793524 86070936 170287853 1071675501 2815404263 74444 76541 11845 1242547 
1789437404.525920107	456000000	71	0 41793524 86070936 170287853 1071675501 2815790433 74444 76541 11845 1242547 
1789437405.072988859	456000000	71	0 41793524 86070936 170287853 1071675501 2816167511 74444 76541 11845 1242547 
1789437405.618155997	456000000	68	0 41793524 86070936 170287853 1071675501 2816543744 74444 76541 11845 1242547 
1789437406.169537718	456000000	68	0 41793524 86070936 170287853 1071675501 2816915978 74444 76541 11845 1242547 
1789437406.716580533	456000000	67	0 41793524 86070936 170287853 1071675501 2817297686 74444 76541 11845 1242547 
1789437407.263669077	456000000	67	0 41793524 86070936 170287853 1071675501 2817682715 74444 76541 11845 1242547 
1789437407.812641892	456000000	70	0 41793524 86070936 170287853 1071675501 2818063636 74444 76541 11845 1242547 
1789437408.360492676	456000000	70	0 41793524 86070936 170287853 1071675501 2818448201 74444 76541 11845 1242547 
1789437408.906512157	456000000	69	0 41793524 86070936 170287853 1071675501 2818829043 74444 76541 11845 1242547 
1789437409.452341535	456000000	70	0 41793524 86070936 170287853 1071675501 2819210695 74444 76541 11845 1242547 
1789437410.003750548	456000000	70	0 41793524 86070936 170287853 1071675501 2819601670 74444 76541 11845 1242547 
1789437410.553301072	456000000	69	0 41793524 86070936 170287853 1071675501 2819979791 74444 76541 11845 1242547 
1789437411.106493106	456000000	69	0 41793524 86070936 170287853 1071675501 2820370777 74444 76541 11845 1242547 
1789437411.660560349	456000000	70	0 41793524 86070936 170287853 1071675501 2820765354 74444 76541 11845 1242547 
1789437412.206507226	456000000	70	0 41793524 86070936 170287853 1071675501 2821152737 74444 76541 11845 1242547 
1789437412.758932698	456000000	70	0 41793524 86070936 170287853 1071675501 2821546574 74444 76541 11845 1242547 
1789437413.312769992	456000000	70	0 41793524 86070936 170287853 1071675501 2821925992 74444 76541 11845 1242547 
1789437413.860642495	456000000	69	0 41793524 86070936 170287853 1071675501 2822305767 74444 76541 11845 1242547 
1789437414.409362133	456000000	69	0 41793524 86070936 170287853 1071675501 2822691006 74444 76541 11845 1242547 
1789437414.960920313	456000000	69	0 41793524 86070936 170287853 1071675501 2823083066 74444 76541 11845 1242547 
1789437415.513303336	456000000	70	0 41793524 86070936 170287853 1071675501 2823476732 74444 76541 11845 1242547 
1789437416.061722349	456000000	70	0 41793524 86070936 170287853 1071675501 2823869179 74444 76541 11845 1242547 
1789437416.608934019	456000000	71	0 41793524 86070936 170287853 1071675501 2824254846 74444 76541 11845 1242547 
1789437417.157624125	456000000	71	0 41793524 86070936 170287853 1071675501 2824640272 74444 76541 11845 1242547 
1789437417.711169910	456000000	69	0 41793524 86070936 170287853 1071675501 2825018109 74444 76541 11845 1242547 
1789437418.264701683	456000000	69	0 41793524 86070936 170287853 1071675501 2825396646 74444 76541 11845 1242547 
1789437418.810651842	456000000	69	0 41793524 86070936 170287853 1071675501 2825772348 74444 76541 11845 1242547 
1789437419.365319397	456000000	69	0 41793524 86070936 170287853 1071675501 2826143520 74444 76541 11845 1242547 
1789437419.912443150	456000000	67	0 41793524 86070936 170287853 1071675501 2826526469 74444 76541 11845 1242547 
1789437420.460839715	456000000	69	0 41793524 86070936 170287853 1071675501 2826908881 74444 76541 11845 1242547 
1789437421.009627165	456000000	69	0 41793524 86070936 170287853 1071675501 2827279769 74444 76541 11845 1242547 
1789437421.557220032	456000000	68	0 41793524 86070936 170287853 1071675501 2827651815 74444 76541 11845 1242547 
1789437422.100837691	456000000	68	0 41793524 86070936 170287853 1071675501 2828023806 74444 76541 11845 1242547 
1789437422.651228839	456000000	68	0 41793524 86070936 170287853 1071675501 2828408242 74444 76541 11845 1242547 
1789437423.200271186	456000000	68	0 41793524 86070936 170287853 1071675501 2828784105 74444 76541 11845 1242547 
1789437423.748590667	456000000	68	0 41793524 86070936 170287853 1071675501 2829160891 74444 76541 11845 1242547 
1789437424.294104003	456000000	68	0 41793524 86070936 170287853 1071675501 2829547598 74444 76541 11845 1242547 
1789437424.842217755	456000000	70	0 41793524 86070936 170287853 1071675501 2829945276 74444 76541 11845 1242547 
1789437425.393373487	456000000	70	0 41793524 86070936 170287853 1071675501 2830348272 74444 76541 11845 1242547 
1789437425.944369792	456000000	72	0 41793524 86070936 170287853 1071675501 2830739370 74444 76541 11845 1242547 
1789437426.495188180	456000000	71	0 41793524 86070936 170287853 1071675501 2831129174 74444 76541 11845 1242547 
1789437427.041786933	456000000	71	0 41793524 86070936 170287853 1071675501 2831517656 74444 76541 11845 1242547 
1789437427.586702091	456000000	71	0 41793524 86070936 170287853 1071675501 2831907758 74444 76541 11845 1242547 
1789437428.134645740	456000000	71	0 41793524 86070936 170287853 1071675501 2832298236 74444 76541 11845 1242547 
1789437428.682972982	456000000	71	0 41793524 86070936 170287853 1071675501 2832685999 74444 76541 11845 1242547 
1789437429.237169547	456000000	71	0 41793524 86070936 170287853 1071675501 2833079335 74444 76541 11845 1242547 
1789437429.786496894	456000000	70	0 41793524 86070936 170287853 1071675501 2833473112 74444 76541 11845 1242547 
1789437430.343203616	456000000	70	0 41793524 86070936 170287853 1071675501 2833862575 74444 76541 11845 1242547 
1789437430.895259817	456000000	70	0 41793524 86070936 170287853 1071675501 2834245795 74444 76541 11845 1242547 
1789437431.445644976	456000000	69	0 41793524 86070936 170287853 1071675501 2834626351 74444 76541 11845 1242547 
1789437431.991501072	456000000	69	0 41793524 86070936 170287853 1071675501 2835011306 74444 76541 11845 1242547 
1789437432.541300710	456000000	70	0 41793524 86070936 170287853 1071675501 2835398725 74444 76541 11845 1242547 
1789437433.091509411	456000000	70	0 41793524 86070936 170287853 1071675501 2835781869 74444 76541 11845 1242547 
1789437433.645450039	456000000	70	0 41793524 86070936 170287853 1071675501 2836176736 74444 76541 11845 1242547 
1789437434.201710511	456000000	70	0 41793524 86070936 170287853 1071675501 2836568092 74444 76541 11845 1242547 
1789437434.752401868	456000000	71	0 41793524 86070936 170287853 1071675501 2836962817 74444 76541 11845 1242547 
1789437435.301213172	456000000	71	0 41793524 86070936 170287853 1071675501 2837356380 74444 76541 11845 1242547 
1789437435.854357498	456000000	71	0 41793524 86070936 170287853 1071675501 2837740080 74444 76541 11845 1242547 
1789437436.408120626	456000000	71	0 41793524 86070936 170287853 1071675501 2838130560 74444 76541 11845 1242547 
1789437436.959176879	456000000	70	0 41793524 86070936 170287853 1071675501 2838526612 74444 76541 11845 1242547 
1789437437.510848340	456000000	71	0 41793524 86070936 170287853 1071675501 2838917894 74444 76541 11845 1242547 
1789437438.056562926	456000000	71	0 41793524 86070936 170287853 1071675501 2839308635 74444 76541 11845 1242547 
1789437438.605785897	456000000	71	0 41793524 86070936 170287853 1071675501 2839702822 74444 76541 11845 1242547 
1789437439.156787098	456000000	71	0 41793524 86070936 170287853 1071675501 2840092798 74444 76541 11845 1242547 
1789437439.707236997	456000000	71	0 41793524 86070936 170287853 1071675501 2840482019 74444 76541 11845 1242547 
1789437440.253736999	456000000	71	0 41793524 86070936 170287853 1071675501 2840874542 74444 76541 11845 1242547 
1789437440.809260127	456000000	71	0 41793524 86070936 170287853 1071675501 2841274471 74444 76541 11845 1242547 
1789437441.362897734	456000000	71	0 41793524 86070936 170287853 1071675501 2841668025 74444 76541 11845 1242547 
1789437441.917130186	456000000	71	0 41793524 86070936 170287853 1071675501 2842061788 74444 76541 11845 1242547 
1789437442.465718001	456000000	70	0 41793524 86070936 170287853 1071675501 2842450815 74444 76541 11845 1242547 
1789437443.017423056	456000000	70	0 41793524 86070936 170287853 1071675501 2842829611 74444 76541 11845 1242547 
1789437443.567792642	456000000	68	0 41793524 86070936 170287853 1071675501 2843205125 74444 76541 11845 1242547 
1789437444.115742696	456000000	68	0 41793524 86070936 170287853 1071675501 2843585821 74444 76541 11845 1242547 
1789437444.667852699	456000000	68	0 41793524 86070936 170287853 1071675501 2843962999 74444 76541 11845 1242547 
1789437445.222019577	456000000	68	0 41793524 86070936 170287853 1071675501 2844336095 74444 76541 11845 1242547 
1789437445.771715049	456000000	68	0 41793524 86070936 170287853 1071675501 2844725771 74444 76541 11845 1242547 
1789437446.320006770	456000000	68	0 41793524 86070936 170287853 1071675501 2845126579 74444 76541 11845 1242547 
1789437446.874458700	456000000	71	0 41793524 86070936 170287853 1071675501 2845510507 74444 76541 11845 1242547 
1789437447.420813338	456000000	71	0 41793524 86070936 170287853 1071675501 2845881419 74444 76541 11845 1242547 
1789437447.968125111	456000000	68	0 41793524 86070936 170287853 1071675501 2846245304 74444 76541 11845 1242547 
1789437448.519315583	456000000	66	0 41793524 86070936 170287853 1071675501 2846610868 74444 76541 11845 1242547 
1789437449.064262773	456000000	66	0 41793524 86070936 170287853 1071675501 2846972492 74444 76541 11845 1242547 
1789437449.615878400	456000000	66	0 41793524 86070936 170287853 1071675501 2847342438 74444 76541 11845 1242547 
1789437450.170515956	456000000	66	0 41793524 86070936 170287853 1071675501 2847710126 74444 76541 11845 1242547 
1789437450.723107729	456000000	66	0 41793524 86070936 170287853 1071675501 2848077104 74444 76541 11845 1242547 
1789437451.275558462	456000000	66	0 41793524 86070936 170287853 1071675501 2848440761 74444 76541 11845 1242547 
1789437451.823882995	456000000	66	0 41793524 86070936 170287853 1071675501 2848804500 74444 76541 11845 1242547 
1789437452.375883988	456000000	66	0 41793524 86070936 170287853 1071675501 2849170172 74444 76541 11845 1242547 
1789437452.926396959	456000000	66	0 41793524 86070936 170287853 1071675501 2849533689 74444 76541 11845 1242547 
1789437453.474350399	456000000	66	0 41793524 86070936 170287853 1071675501 2849898128 74444 76541 11845 1242547 
1789437454.024509725	456000000	66	0 41793524 86070936 170287853 1071675501 2850259827 74444 76541 11845 1242547 
1789437454.572174415	456000000	66	0 41793524 86070936 170287853 1071675501 2850624849 74444 76541 11845 1242547 
1789437455.118598740	456000000	66	0 41793524 86070936 170287853 1071675501 2850987263 74444 76541 11845 1242547 
1789437455.665162128	456000000	66	0 41793524 86070936 170287853 1071675501 2851349388 74444 76541 11845 1242547 
1789437456.211532026	456000000	66	0 41793524 86070936 170287853 1071675501 2851711418 74444 76541 11845 1242547 
1789437456.761108643	456000000	66	0 41793524 86070936 170287853 1071675501 2852079357 74444 76541 11845 1242547 
1789437457.316523595	456000000	66	0 41793524 86070936 170287853 1071675501 2852442010 74444 76541 11845 1242547 
1789437457.860528232	456000000	66	0 41793524 86070936 170287853 1071675501 2852802525 74444 76541 11845 1242547 
1789437458.408624380	456000000	66	0 41793524 86070936 170287853 1071675501 2853167932 74444 76541 11845 1242547 
1789437458.957618550	456000000	66	0 41793524 86070936 170287853 1071675501 2853532841 74444 76541 11845 1242547 
1789437459.511680272	456000000	66	0 41793524 86070936 170287853 1071675501 2853897248 74444 76541 11845 1242547 
1789437460.060044337	456000000	66	0 41793524 86070936 170287853 1071675501 2854263281 74444 76541 11845 1242547 
1789437460.610793923	456000000	66	0 41793524 86070936 170287853 1071675501 2854627253 74444 76541 11845 1242547 
1789437461.156269133	456000000	66	0 41793524 86070936 170287853 1071675501 2854989156 74444 76541 11845 1242547 
1789437461.702572990	456000000	66	0 41793524 86070936 170287853 1071675501 2855351821 74444 76541 11845 1242547 
1789437462.248782628	456000000	66	0 41793524 86070936 170287853 1071675501 2855712270 74444 76541 11845 1242547 
1789437462.792301067	456000000	66	0 41793524 86070936 170287853 1071675501 2856079354 74444 76541 11845 1242547 
1789437463.342216747	456000000	66	0 41793524 86070936 170287853 1071675501 2856440256 74444 76541 11845 1242547 
1789437463.887913833	456000000	66	0 41793524 86070936 170287853 1071675501 2856803318 74444 76541 11845 1242547 
1789437464.432910033	456000000	66	0 41793524 86070936 170287853 1071675501 2857165931 74444 76541 11845 1242547 
1789437464.985676182	456000000	66	0 41793524 86070936 170287853 1071675501 2857534705 74444 76541 11845 1242547 
1789437465.536421028	456000000	66	0 41793524 86070936 170287853 1071675501 2857896089 74444 76541 11845 1242547 
1789437466.078412124	456000000	66	0 41793524 86070936 170287853 1071675501 2858257068 74444 76541 11845 1242547 
1789437466.628684054	456000000	66	0 41793524 86070936 170287853 1071675501 2858622930 74444 76541 11845 1242547 
1789437467.178548535	456000000	66	0 41793524 86070936 170287853 1071675501 2858989886 74444 76541 11845 1242547 
1789437467.730924528	456000000	67	0 41793524 86070936 170287853 1071675501 2859366077 74444 76541 11845 1242547 
1789437468.280925624	456000000	67	0 41793524 86070936 170287853 1071675501 2859736585 74444 76541 11845 1242547 
1789437468.830060471	456000000	67	0 41793524 86070936 170287853 1071675501 2860100420 74444 76541 11845 1242547 
1789437469.381272401	456000000	67	0 41793524 86070936 170287853 1071675501 2860464095 74444 76541 11845 1242547 
1789437469.930859435	456000000	66	0 41793524 86070936 170287853 1071675501 2860824863 74444 76541 11845 1242547 
1789437470.474788447	456000000	66	0 41793524 86070936 170287853 1071675501 2861190591 74444 76541 11845 1242547 
1789437471.024912304	456000000	66	0 41793524 86070936 170287853 1071675501 2861550983 74444 76541 11845 1242547 
1789437471.578059390	456000000	66	0 41793524 86070936 170287853 1071675501 2861919859 74444 76541 11845 1242547 
1789437472.123162778	456000000	66	0 41793524 86070936 170287853 1071675501 2862279393 74444 76541 11845 1242547 
1789437472.670607364	456000000	66	0 41793524 86070936 170287853 1071675501 2862642156 74444 76541 11845 1242547 
1789437473.221707679	456000000	66	0 41793524 86070936 170287853 1071675501 2863008055 74444 76541 11845 1242547 
1789437473.766535390	456000000	66	0 41793524 86070936 170287853 1071675501 2863369004 74444 76541 11845 1242547 
1789437474.319265913	456000000	66	0 41793524 86070936 170287853 1071675501 2863733928 74444 76541 11845 1242547 
1789437474.868942687	456000000	66	0 41793524 86070936 170287853 1071675501 2864097763 74444 76541 11845 1242547 
1789437475.414898002	456000000	66	0 41793524 86070936 170287853 1071675501 2864462757 74444 76541 11845 1242547 
1789437475.968129307	456000000	66	0 41793524 86070936 170287853 1071675501 2864825869 74444 76541 11845 1242547 
1789437476.515167695	456000000	66	0 41793524 86070936 170287853 1071675501 2865187635 74444 76541 11845 1242547 
1789437477.060103947	456000000	66	0 41793524 86070936 170287853 1071675501 2865548833 74444 76541 11845 1242547 
1789437477.602118688	456000000	66	0 41793524 86070936 170287853 1071675501 2865908322 74444 76541 11845 1242547 
1789437478.147568430	456000000	66	0 41793524 86070936 170287853 1071675501 2866270452 74444 76541 11845 1242547 
1789437478.693751974	456000000	66	0 41793524 86070936 170287853 1071675501 2866635068 74444 76541 11845 1242547 
1789437479.243364216	456000000	66	0 41793524 86070936 170287853 1071675501 2867003371 74444 76541 11845 1242547 
1789437479.798618543	456000000	66	0 41793524 86070936 170287853 1071675501 2867372591 74444 76541 11845 1242547 
1789437480.346799066	456000000	66	0 41793524 86070936 170287853 1071675501 2867734158 74444 76541 11845 1242547 
1789437480.891893131	456000000	66	0 41793524 86070936 170287853 1071675501 2868098146 74444 76541 11845 1242547 
1789437481.441460060	456000000	66	0 41793524 86070936 170287853 1071675501 2868461589 74444 76541 11845 1242547 
1789437481.989303396	456000000	66	0 41793524 86070936 170287853 1071675501 2868825824 74444 76541 11845 1242547 
1789437482.536486419	456000000	66	0 41793524 86070936 170287853 1071675501 2869189003 74444 76541 11845 1242547 
1789437483.086045172	456000000	66	0 41793524 86070936 170287853 1071675501 2869552728 74444 76541 11845 1242547 
1789437483.633256008	456000000	66	0 41793524 86070936 170287853 1071675501 2869919371 74444 76541 11845 1242547 
1789437484.180290125	456000000	66	0 41793524 86070936 170287853 1071675501 2870279744 74444 76541 11845 1242547 
1789437484.727633669	456000000	66	0 41793524 86070936 170287853 1071675501 2870643134 74444 76541 11845 1242547 
1789437485.276364557	456000000	66	0 41793524 86070936 170287853 1071675501 2871010581 74444 76541 11845 1242547 
1789437485.823391018	456000000	66	0 41793524 86070936 170287853 1071675501 2871375656 74444 76541 11845 1242547 
1789437486.369989353	456000000	66	0 41793524 86070936 170287853 1071675501 2871737002 74444 76541 11845 1242547 
1789437486.914489095	456000000	66	0 41793524 86070936 170287853 1071675501 2872097940 74444 76541 11845 1242547 
1789437487.463551337	456000000	66	0 41793524 86070936 170287853 1071675501 2872463133 74444 76541 11845 1242547 
1789437488.012145298	456000000	66	0 41793524 86070936 170287853 1071675501 2872828873 74444 76541 11845 1242547 
1789437488.559432176	456000000	67	0 41793524 86070936 170287853 1071675501 2873200618 74444 76541 11845 1242547 
1789437489.111162595	456000000	67	0 41793524 86070936 170287853 1071675501 2873573206 74444 76541 11845 1242547 
1789437489.662206661	456000000	67	0 41793524 86070936 170287853 1071675501 2873949985 74444 76541 11845 1242547 
1789437490.210567705	456000000	67	0 41793524 86070936 170287853 1071675501 2874318223 74444 76541 11845 1242547 
1789437490.757688228	456000000	67	0 41793524 86070936 170287853 1071675501 2874686807 74444 76541 11845 1242547 
1789437491.302997762	456000000	67	0 41793524 86070936 170287853 1071675501 2875049369 74444 76541 11845 1242547 
1789437491.850360733	456000000	66	0 41793524 86070936 170287853 1071675501 2875411095 74444 76541 11845 1242547 
1789437492.395194693	456000000	66	0 41793524 86070936 170287853 1071675501 2875775413 74444 76541 11845 1242547 
1789437492.941975425	456000000	66	0 41793524 86070936 170287853 1071675501 2876138310 74444 76541 11845 1242547 
1789437493.488943552	456000000	66	0 41793524 86070936 170287853 1071675501 2876503883 74444 76541 11845 1242547 
1789437494.041001263	456000000	66	0 41793524 86070936 170287853 1071675501 2876867817 74444 76541 11845 1242547 
1789437494.590080224	456000000	66	0 41793524 86070936 170287853 1071675501 2877231803 74444 76541 11845 1242547 
1789437495.135764445	456000000	66	0 41793524 86070936 170287853 1071675501 2877590907 74444 76541 11845 1242547 
1789437495.680661687	456000000	66	0 41793524 86070936 170287853 1071675501 2877954524 74444 76541 11845 1242547 
1789437496.231934555	456000000	66	0 41793524 86070936 170287853 1071675501 2878323271 74444 76541 11845 1242547 
1789437496.782740547	456000000	66	0 41793524 86070936 170287853 1071675501 2878685232 74444 76541 11845 1242547 
1789437497.331541383	456000000	66	0 41793524 86070936 170287853 1071675501 2879047705 74444 76541 11845 1242547 
1789437497.877181125	456000000	66	0 41793524 86070936 170287853 1071675501 2879412545 74444 76541 11845 1242547 
1789437498.427143107	456000000	66	0 41793524 86070936 170287853 1071675501 2879776805 74444 76541 11845 1242547 
1789437498.975971286	456000000	66	0 41793524 86070936 170287853 1071675501 2880142413 74444 76541 11845 1242547 
1789437499.527425716	456000000	66	0 41793524 86070936 170287853 1071675501 2880505601 74444 76541 11845 1242547 
1789437500.077410302	456000000	66	0 41793524 86070936 170287853 1071675501 2880869121 74444 76541 11845 1242547 
1789437500.624421971	456000000	66	0 41793524 86070936 170287853 1071675501 2881233929 74444 76541 11845 1242547 
1789437501.179295881	456000000	66	0 41793524 86070936 170287853 1071675501 2881601224 74444 76541 11845 1242547 
1789437501.725747394	456000000	66	0 41793524 86070936 170287853 1071675501 2881962836 74444 76541 11845 1242547 
1789437502.275499167	456000000	66	0 41793524 86070936 170287853 1071675501 2882327069 74444 76541 11845 1242547 
1789437502.824048597	456000000	66	0 41793524 86070936 170287853 1071675501 2882691767 74444 76541 11845 1242547 
1789437503.375576464	456000000	66	0 41793524 86070936 170287853 1071675501 2883059405 74444 76541 11845 1242547 
1789437503.925131831	456000000	66	0 41793524 86070936 170287853 1071675501 2883423732 74444 76541 11845 1242547 
1789437504.476916991	456000000	66	0 41793524 86070936 170287853 1071675501 2883789580 74444 76541 11845 1242547 
1789437505.023330170	456000000	66	0 41793524 86070936 170287853 1071675501 2884153438 74444 76541 11845 1242547 
1789437505.568820693	456000000	66	0 41793524 86070936 170287853 1071675501 2884513915 74444 76541 11845 1242547 
1789437506.116939706	456000000	66	0 41793524 86070936 170287853 1071675501 2884874761 74444 76541 11845 1242547 
1789437506.665547729	456000000	66	0 41793524 86070936 170287853 1071675501 2885239801 74444 76541 11845 1242547 
1789437507.213409242	456000000	66	0 41793524 86070936 170287853 1071675501 2885602451 74444 76541 11845 1242547 
1789437507.762215443	456000000	66	0 41793524 86070936 170287853 1071675501 2885969365 74444 76541 11845 1242547 
1789437508.314221644	456000000	66	0 41793524 86070936 170287853 1071675501 2886335845 74444 76541 11845 1242547 
1789437508.866168990	456000000	66	0 41793524 86070936 170287853 1071675501 2886704737 74444 76541 11845 1242547 
1789437509.416737014	456000000	66	0 41793524 86070936 170287853 1071675501 2887072352 74444 76541 11845 1242547 
1789437509.970743007	456000000	66	0 41793524 86070936 170287853 1071675501 2887443002 74444 76541 11845 1242547 
1789437510.523366916	456000000	66	0 41793524 86070936 170287853 1071675501 2887814255 74444 76541 11845 1242547 
1789437511.077238846	456000000	66	0 41793524 86070936 170287853 1071675501 2888181478 74444 76541 11845 1242547 
1789437511.622743796	456000000	66	0 41793524 86070936 170287853 1071675501 2888541856 74444 76541 11845 1242547 
1789437512.169903069	456000000	66	0 41793524 86070936 170287853 1071675501 2888903021 74444 76541 11845 1242547 
1789437512.716738228	456000000	65	0 41793524 86070936 170287853 1071675501 2889262381 74444 76541 11845 1242547 
1789437513.263920991	456000000	65	0 41793524 86070936 170287853 1071675501 2889629881 74444 76541 11845 1242547 
1789437513.815646983	456000000	66	0 41793524 86070936 170287853 1071675501 2889991493 74444 76541 11845 1242547 
1789437514.361788757	456000000	66	0 41793524 86070936 170287853 1071675501 2890352441 74444 76541 11845 1242547 
1789437514.912437353	456000000	66	0 41793524 86070936 170287853 1071675501 2890718797 74444 76541 11845 1242547 
1789437515.460810324	456000000	65	0 41793524 86070936 170287853 1071675501 2891082273 74444 76541 11845 1242547 
1789437516.012875692	456000000	65	0 41793524 86070936 170287853 1071675501 2891446058 74444 76541 11845 1242547 
1789437516.562866945	456000000	66	0 41793524 86070936 170287853 1071675501 2891808734 74444 76541 11845 1242547 
1789437517.113488718	456000000	66	0 41793524 86070936 170287853 1071675501 2892177442 74444 76541 11845 1242547 
1789437517.661756064	456000000	66	0 41793524 86070936 170287853 1071675501 2892537876 74444 76541 11845 1242547 
1789437518.209060234	456000000	66	0 41793524 86070936 170287853 1071675501 2892899045 74444 76541 11845 1242547 
1789437518.760897528	456000000	65	0 41793524 86070936 170287853 1071675501 2893267475 74444 76541 11845 1242547 
1789437519.309843312	456000000	65	0 41793524 86070936 170287853 1071675501 2893631340 74444 76541 11845 1242547 
1789437519.857107116	456000000	66	0 41793524 86070936 170287853 1071675501 2893997585 74444 76541 11845 1242547 
1789437520.406936494	456000000	66	0 41793524 86070936 170287853 1071675501 2894359132 74444 76541 11845 1242547 
1789437520.953509101	456000000	66	0 41793524 86070936 170287853 1071675501 2894723299 74444 76541 11845 1242547 
1789437521.504146864	456000000	66	0 41793524 86070936 170287853 1071675501 2895087015 74444 76541 11845 1242547 
1789437522.055289367	456000000	66	0 41793524 86070936 170287853 1071675501 2895449111 74444 76541 11845 1242547 
1789437522.601969057	456000000	66	0 41793524 86070936 170287853 1071675501 2895812409 74444 76541 11845 1242547 
1789437523.149641038	456000000	66	0 41793524 86070936 170287853 1071675501 2896174002 74444 76541 11845 1242547 
1789437523.698616718	456000000	66	0 41793524 86070936 170287853 1071675501 2896537578 74444 76541 11845 1242547 
1789437524.245595002	456000000	66	0 41793524 86070936 170287853 1071675501 2896902064 74444 76541 11845 1242547 
1789437524.796911567	456000000	66	0 41793524 86070936 170287853 1071675501 2897265696 74444 76541 11845 1242547 
1789437525.346675424	456000000	66	0 41793524 86070936 170287853 1071675501 2897626766 74444 76541 11845 1242547 
1789437525.892838655	456000000	66	0 41793524 86070936 170287853 1071675501 2897990060 74444 76541 11845 1242547 
1789437526.445062512	456000000	66	0 41793524 86070936 170287853 1071675501 2898354500 74444 76541 11845 1242547 
1789437526.992669181	456000000	66	0 41793524 86070936 170287853 1071675501 2898716409 74444 76541 11845 1242547 
1789437527.537658298	456000000	66	0 41793524 86070936 170287853 1071675501 2899078246 74444 76541 11845 1242547 
1789437528.083883769	456000000	66	0 41793524 86070936 170287853 1071675501 2899441458 74444 76541 11845 1242547 
1789437528.636507835	456000000	66	0 41793524 86070936 170287853 1071675501 2899806507 74444 76541 11845 1242547 
1789437529.181403722	456000000	66	0 41793524 86070936 170287853 1071675501 2900171679 74444 76541 11845 1242547 
1789437529.730489610	456000000	66	0 41793524 86070936 170287853 1071675501 2900538457 74444 76541 11845 1242547 
1789437530.281876749	456000000	66	0 41793524 86070936 170287853 1071675501 2900898295 74444 76541 11845 1242547 
1789437530.826115918	456000000	66	0 41793524 86070936 170287853 1071675501 2901267940 74444 76541 11845 1242547 
1789437531.378141597	456000000	66	0 41793524 86070936 170287853 1071675501 2901633859 74444 76541 11845 1242547 
1789437531.925581704	456000000	67	0 41793524 86070936 170287853 1071675501 2902003619 74444 76541 11845 1242547 
1789437532.473015040	456000000	66	0 41793524 86070936 170287853 1071675501 2902365412 74444 76541 11845 1242547 
1789437533.017911500	456000000	66	0 41793524 86070936 170287853 1071675501 2902727857 74444 76541 11845 1242547 
1789437533.569170201	456000000	66	0 41793524 86070936 170287853 1071675501 2903094007 74444 76541 11845 1242547 
1789437534.116546245	456000000	66	0 41793524 86070936 170287853 1071675501 2903455983 74444 76541 11845 1242547 
1789437534.665320831	456000000	66	0 41793524 86070936 170287853 1071675501 2903817577 74444 76541 11845 1242547 
1789437535.213718542	456000000	66	0 41793524 86070936 170287853 1071675501 2904184667 74444 76541 11845 1242547 
1789437535.769398285	456000000	66	0 41793524 86070936 170287853 1071675501 2904548884 74444 76541 11845 1242547 
1789437536.318755944	456000000	66	0 41793524 86070936 170287853 1071675501 2904913491 74444 76541 11845 1242547 
1789437536.867555113	456000000	66	0 41793524 86070936 170287853 1071675501 2905279089 74444 76541 11845 1242547 
1789437537.417132564	456000000	66	0 41793524 86070936 170287853 1071675501 2905642683 74444 76541 11845 1242547 
1789437537.959638243	456000000	66	0 41793524 86070936 170287853 1071675501 2906005895 74444 76541 11845 1242547 
1789437538.509881891	456000000	66	0 41793524 86070936 170287853 1071675501 2906369245 74444 76541 11845 1242547 
1789437539.059718717	456000000	66	0 41793524 86070936 170287853 1071675501 2906735100 74444 76541 11845 1242547 
1789437539.606059032	456000000	66	0 41793524 86070936 170287853 1071675501 2907098943 74444 76541 11845 1242547 
1789437540.153453722	456000000	66	0 41793524 86070936 170287853 1071675501 2907460700 74444 76541 11845 1242547 
1789437540.698433776	456000000	66	0 41793524 86070936 170287853 1071675501 2907821600 74444 76541 11845 1242547 
1789437541.247656747	456000000	66	0 41793524 86070936 170287853 1071675501 2908190172 74444 76541 11845 1242547 
1789437541.797472271	456000000	66	0 41793524 86070936 170287853 1071675501 2908554509 74444 76541 11845 1242547 
1789437542.345995607	456000000	66	0 41793524 86070936 170287853 1071675501 2908920584 74444 76541 11845 1242547 
1789437542.896047953	456000000	66	0 41793524 86070936 170287853 1071675501 2909289069 74444 76541 11845 1242547 
1789437543.448319467	456000000	66	0 41793524 86070936 170287853 1071675501 2909657669 74444 76541 11845 1242547 
1789437543.994720667	456000000	66	0 41793524 86070936 170287853 1071675501 2910020828 74444 76541 11845 1242547 
1789437544.544305774	456000000	66	0 41793524 86070936 170287853 1071675501 2910385355 74444 76541 11845 1242547 
1789437545.091787859	456000000	66	0 41793524 86070936 170287853 1071675501 2910748383 74444 76541 11845 1242547 
1789437545.642640154	456000000	66	0 41793524 86070936 170287853 1071675501 2911112817 74444 76541 11845 1242547 
1789437546.192948177	456000000	66	0 41793524 86070936 170287853 1071675501 2911481873 74444 76541 11845 1242547 
1789437546.742912659	456000000	66	0 41793524 86070936 170287853 1071675501 2911849744 74444 76541 11845 1242547 
1789437547.293985683	456000000	66	0 41793524 86070936 170287853 1071675501 2912208916 74444 76541 11845 1242547 
1789437547.838140998	456000000	66	0 41793524 86070936 170287853 1071675501 2912570764 74444 76541 11845 1242547 
1789437548.384404177	456000000	66	0 41793524 86070936 170287853 1071675501 2912932381 74444 76541 11845 1242547 
1789437548.932072721	456000000	66	0 41793524 86070936 170287853 1071675501 2913293714 74444 76541 11845 1242547 
1789437549.482374547	456000000	66	0 41793524 86070936 170287853 1071675501 2913659734 74444 76541 11845 1242547 
1789437550.028511476	456000000	66	0 41793524 86070936 170287853 1071675501 2914023788 74444 76541 11845 1242547 
1789437550.577194708	456000000	66	0 41793524 86070936 170287853 1071675501 2914385215 74444 76541 11845 1242547 
1789437551.126196221	456000000	66	0 41793524 86070936 170287853 1071675501 2914750803 74444 76541 11845 1242547 
1789437551.674220286	456000000	66	0 41793524 86070936 170287853 1071675501 2915112025 74444 76541 11845 1242547 
1789437552.223341226	456000000	66	0 41793524 86070936 170287853 1071675501 2915483924 74444 76541 11845 1242547 
1789437552.781032011	456000000	66	0 41793524 86070936 170287853 1071675501 2915857181 74444 76541 11845 1242547 
1789437553.335165608	456000000	66	0 41793524 86070936 170287853 1071675501 2916226478 74444 76541 11845 1242547 
1789437553.884007954	456000000	67	0 41793524 86070936 170287853 1071675501 2916589337 74444 76541 11845 1242547 
1789437554.434736967	456000000	67	0 41793524 86070936 170287853 1071675501 2916952422 74444 76541 11845 1242547 
1789437554.979963844	456000000	66	0 41793524 86070936 170287853 1071675501 2917316828 74444 76541 11845 1242547 
1789437555.529861868	456000000	66	0 41793524 86070936 170287853 1071675501 2917677438 74444 76541 11845 1242547 
1789437556.074757079	456000000	66	0 41793524 86070936 170287853 1071675501 2918041055 74444 76541 11845 1242547 
1789437556.626228227	456000000	66	0 41793524 86070936 170287853 1071675501 2918405806 74444 76541 11845 1242547 
1789437557.173993178	456000000	66	0 41793524 86070936 170287853 1071675501 2918766798 74444 76541 11845 1242547 
1789437557.724356149	456000000	66	0 41793524 86070936 170287853 1071675501 2919133772 74444 76541 11845 1242547 
1789437558.274768808	456000000	66	0 41793524 86070936 170287853 1071675501 2919499782 74444 76541 11845 1242547 
1789437558.828965374	456000000	66	0 41793524 86070936 170287853 1071675501 2919869421 74444 76541 11845 1242547 
1789437559.377561210	456000000	66	0 41793524 86070936 170287853 1071675501 2920235948 74444 76541 11845 1242547 
1789437559.928530327	456000000	66	0 41793524 86070936 170287853 1071675501 2920600903 74444 76541 11845 1242547 
1789437560.484339341	456000000	66	0 41793524 86070936 170287853 1071675501 2920967357 74444 76541 11845 1242547 
1789437561.032155177	456000000	66	0 41793524 86070936 170287853 1071675501 2921330662 74444 76541 11845 1242547 
1789437561.577968043	456000000	66	0 41793524 86070936 170287853 1071675501 2921691509 74444 76541 11845 1242547 
1789437562.126253254	456000000	66	0 41793524 86070936 170287853 1071675501 2922059202 74444 76541 11845 1242547 
1789437562.679322789	456000000	66	0 41793524 86070936 170287853 1071675501 2922422595 74444 76541 11845 1242547 
1789437563.228461697	456000000	66	0 41793524 86070936 170287853 1071675501 2922789457 74444 76541 11845 1242547 
1789437563.779689513	456000000	66	0 41793524 86070936 170287853 1071675501 2923157715 74444 76541 11845 1242547 
1789437564.331563162	456000000	66	0 41793524 86070936 170287853 1071675501 2923522010 74444 76541 11845 1242547 
1789437564.884135456	456000000	66	0 41793524 86070936 170287853 1071675501 2923884918 74444 76541 11845 1242547 
1789437565.428928687	456000000	66	0 41793524 86070936 170287853 1071675501 2924249805 74444 76541 11845 1242547 
1789437565.974138377	456000000	66	0 41793524 86070936 170287853 1071675501 2924612290 74444 76541 11845 1242547 
1789437566.521363015	456000000	66	0 41793524 86070936 170287853 1071675501 2924974967 74444 76541 11845 1242547 
1789437567.069442705	456000000	66	0 41793524 86070936 170287853 1071675501 2925343831 74444 76541 11845 1242547 
1789437567.619270208	456000000	66	0 41793524 86070936 170287853 1071675501 2925703667 74444 76541 11845 1242547 
1789437568.165493335	456000000	66	0 41793524 86070936 170287853 1071675501 2926068400 74444 76541 11845 1242547 
1789437568.711507921	456000000	66	0 41793524 86070936 170287853 1071675501 2926433795 74444 76541 11845 1242547 
1789437569.263704695	456000000	66	0 41793524 86070936 170287853 1071675501 2926800505 74444 76541 11845 1242547 
1789437569.811425114	456000000	66	0 41793524 86070936 170287853 1071675501 2927164135 74444 76541 11845 1242547 
1789437570.362095533	456000000	66	0 41793524 86070936 170287853 1071675501 2927530098 74444 76541 11845 1242547 
1789437570.917899651	456000000	66	0 41793524 86070936 170287853 1071675501 2927899568 74444 76541 11845 1242547 
1789437571.467537727	456000000	66	0 41793524 86070936 170287853 1071675501 2928266305 74444 76541 11845 1242547 
1789437572.017923094	456000000	66	0 41793524 86070936 170287853 1071675501 2928631472 74444 76541 11845 1242547 
1789437572.569093097	456000000	66	0 41793524 86070936 170287853 1071675501 2928999551 74444 76541 11845 1242547 
1789437573.123076902	456000000	66	0 41793524 86070936 170287853 1071675501 2929364920 74444 76541 11845 1242547 
1789437573.675474769	456000000	66	0 41793524 86070936 170287853 1071675501 2929740944 74444 76541 11845 1242547 
1789437574.228964616	456000000	66	0 41793524 86070936 170287853 1071675501 2930112190 74444 76541 11845 1242547 
1789437574.775741389	456000000	67	0 41793524 86070936 170287853 1071675501 2930476751 74444 76541 11845 1242547 
1789437575.326648371	456000000	67	0 41793524 86070936 170287853 1071675501 2930843022 74444 76541 11845 1242547 
1789437575.872863686	456000000	66	0 41793524 86070936 170287853 1071675501 2931205308 74444 76541 11845 1242547 
1789437576.417760616	456000000	66	0 41793524 86070936 170287853 1071675501 2931569577 74444 76541 11845 1242547 
1789437576.965658014	456000000	66	0 41793524 86070936 170287853 1071675501 2931934484 74444 76541 11845 1242547 
1789437577.519293590	456000000	66	0 41793524 86070936 170287853 1071675501 2932299928 74444 76541 11845 1242547 
1789437578.075144947	456000000	66	0 41793524 86070936 170287853 1071675501 2932668818 74444 76541 11845 1242547 
1789437578.618080939	456000000	66	0 41793524 86070936 170287853 1071675501 2933029333 74444 76541 11845 1242547 
1789437579.165293650	456000000	66	0 41793524 86070936 170287853 1071675501 2933394405 74444 76541 11845 1242547 
1789437579.716876725	456000000	66	0 41793524 86070936 170287853 1071675501 2933759531 74444 76541 11845 1242547 
1789437580.263756155	456000000	66	0 41793524 86070936 170287853 1071675501 2934124498 74444 76541 11845 1242547 
1789437580.810924386	456000000	66	0 41793524 86070936 170287853 1071675501 2934484992 74444 76541 11845 1242547 
1789437581.355453139	456000000	66	0 41793524 86070936 170287853 1071675501 2934849359 74444 76541 11845 1242547 
1789437581.904230485	456000000	66	0 41793524 86070936 170287853 1071675501 2935217850 74444 76541 11845 1242547 
1789437582.454576529	456000000	66	0 41793524 86070936 170287853 1071675501 2935578458 74444 76541 11845 1242547 
1789437583.001250907	456000000	66	0 41793524 86070936 170287853 1071675501 2935939312 74444 76541 11845 1242547 
1789437583.551905545	456000000	66	0 41793524 86070936 170287853 1071675501 2936302787 74444 76541 11845 1242547 
1789437584.095392422	456000000	66	0 41793524 86070936 170287853 1071675501 2936668707 74444 76541 11845 1242547 
1789437584.643837529	456000000	66	0 41793524 86070936 170287853 1071675501 2937030063 74444 76541 11845 1242547 
1789437585.195603938	456000000	66	0 41793524 86070936 170287853 1071675501 2937393549 74444 76541 11845 1242547 
1789437585.744300607	456000000	66	0 41793524 86070936 170287853 1071675501 2937759029 74444 76541 11845 1242547 
1789437586.292940766	456000000	66	0 41793524 86070936 170287853 1071675501 2938124370 74444 76541 11845 1242547 
1789437586.842264675	456000000	66	0 41793524 86070936 170287853 1071675501 2938485939 74444 76541 11845 1242547 
1789437587.390172750	456000000	66	0 41793524 86070936 170287853 1071675501 2938846377 74444 76541 11845 1242547 
1789437587.932668221	456000000	66	0 41793524 86070936 170287853 1071675501 2939206741 74444 76541 11845 1242547 
1789437588.483653328	456000000	66	0 41793524 86070936 170287853 1071675501 2939574143 74444 76541 11845 1242547 
1789437589.040871925	456000000	66	0 41793524 86070936 170287853 1071675501 2939941131 74444 76541 11845 1242547 
1789437589.594564845	456000000	66	0 41793524 86070936 170287853 1071675501 2940308496 74444 76541 11845 1242547 
1789437590.140330264	456000000	66	0 41793524 86070936 170287853 1071675501 2940671004 74444 76541 11845 1242547 
1789437590.690523131	456000000	66	0 41793524 86070936 170287853 1071675501 2941032280 74444 76541 11845 1242547 
1789437591.239575738	456000000	66	0 41793524 86070936 170287853 1071675501 2941396380 74444 76541 11845 1242547 
1789437591.781394281	456000000	66	0 41793524 86070936 170287853 1071675501 2941757879 74444 76541 11845 1242547 
1789437592.328506940	456000000	66	0 41793524 86070936 170287853 1071675501 2942122252 74444 76541 11845 1242547 
1789437592.875448193	456000000	66	0 41793524 86070936 170287853 1071675501 2942485229 74444 76541 11845 1242547 
1789437593.431018040	456000000	66	0 41793524 86070936 170287853 1071675501 2942852569 74444 76541 11845 1242547 
1789437593.978797782	456000000	66	0 41793524 86070936 170287853 1071675501 2943214743 74444 76541 11845 1242547 
1789437594.531708878	456000000	66	0 41793524 86070936 170287853 1071675501 2943582288 74444 76541 11845 1242547 
1789437595.078165027	456000000	66	0 41793524 86070936 170287853 1071675501 2943957002 74444 76541 11845 1242547 
1789437595.634788051	456000000	67	0 41793524 86070936 170287853 1071675501 2944331018 74444 76541 11845 1242547 
1789437596.184993366	456000000	67	0 41793524 86070936 170287853 1071675501 2944699928 74444 76541 11845 1242547 
1789437596.731157222	456000000	67	0 41793524 86070936 170287853 1071675501 2945064560 74444 76541 11845 1242547 
1789437597.279047537	456000000	67	0 41793524 86070936 170287853 1071675501 2945428556 74444 76541 11845 1242547 
1789437597.827787019	456000000	66	0 41793524 86070936 170287853 1071675501 2945796606 74444 76541 11845 1242547 
1789437598.378563168	456000000	66	0 41793524 86070936 170287853 1071675501 2946158594 74444 76541 11845 1242547 
1789437598.930605410	456000000	66	0 41793524 86070936 170287853 1071675501 2946522594 74444 76541 11845 1242547 
1789437599.475472027	456000000	66	0 41793524 86070936 170287853 1071675501 2946883768 74444 76541 11845 1242547 
1789437600.022243592	456000000	66	0 41793524 86070936 170287853 1071675501 2947254522 74444 76541 11845 1242547 
1789437600.572721720	456000000	67	0 41793524 86070936 170287853 1071675501 2947615179 74444 76541 11845 1242547 
1789437601.115159690	456000000	67	0 41793524 86070936 170287853 1071675501 2947978903 74444 76541 11845 1242547 
1789437601.662761620	456000000	66	0 41793524 86070936 170287853 1071675501 2948344530 74444 76541 11845 1242547 
1789437602.211899279	456000000	66	0 41793524 86070936 170287853 1071675501 2948706993 74444 76541 11845 1242547 
1789437602.758963500	456000000	66	0 41793524 86070936 170287853 1071675501 2949074692 74444 76541 11845 1242547 
1789437603.312442461	456000000	66	0 41793524 86070936 170287853 1071675501 2949440876 74444 76541 11845 1242547 
1789437603.857853505	456000000	66	0 41793524 86070936 170287853 1071675501 2949808711 74444 76541 11845 1242547 
1789437604.413361061	456000000	66	0 41793524 86070936 170287853 1071675501 2950174931 74444 76541 11845 1242547 
1789437604.964690543	456000000	66	0 41793524 86070936 170287853 1071675501 2950540803 74444 76541 11845 1242547 
1789437605.510993774	456000000	66	0 41793524 86070936 170287853 1071675501 2950904987 74444 76541 11845 1242547 
1789437606.061651746	456000000	66	0 41793524 86070936 170287853 1071675501 2951275050 74444 76541 11845 1242547 
1789437606.615698103	456000000	66	0 41793524 86070936 170287853 1071675501 2951638216 74444 76541 11845 1242547 
1789437607.166179981	456000000	66	0 41793524 86070936 170287853 1071675501 2952003330 74444 76541 11845 1242547 
1789437607.709768108	456000000	66	0 41793524 86070936 170287853 1071675501 2952365521 74444 76541 11845 1242547 
1789437608.263206444	456000000	66	0 41793524 86070936 170287853 1071675501 2952729651 74444 76541 11845 1242547 
1789437608.808379728	456000000	66	0 41793524 86070936 170287853 1071675501 2953092871 74444 76541 11845 1242547 
1789437609.358421085	456000000	66	0 41793524 86070936 170287853 1071675501 2953454589 74444 76541 11845 1242547 
1789437609.905951608	456000000	66	0 41793524 86070936 170287853 1071675501 2953821156 74444 76541 11845 1242547 
1789437610.454472808	456000000	66	0 41793524 86070936 170287853 1071675501 2954185368 74444 76541 11845 1242547 
1789437611.004040728	456000000	66	0 41793524 86070936 170287853 1071675501 2954553146 74444 76541 11845 1242547 
1789437611.556338387	456000000	66	0 41793524 86070936 170287853 1071675501 2954916086 74444 76541 11845 1242547 
1789437612.105762712	456000000	66	0 41793524 86070936 170287853 1071675501 2955283988 74444 76541 11845 1242547 
1789437612.658181622	456000000	66	0 41793524 86070936 170287853 1071675501 2955651327 74444 76541 11845 1242547 
1789437613.210027406	456000000	66	0 41793524 86070936 170287853 1071675501 2956013787 74444 76541 11845 1242547 
1789437613.758585794	456000000	66	0 41793524 86070936 170287853 1071675501 2956378531 74444 76541 11845 1242547 
1789437614.302136785	456000000	66	0 41793524 86070936 170287853 1071675501 2956743972 74444 76541 11845 1242547 
1789437614.856000174	456000000	66	0 41793524 86070936 170287853 1071675501 2957108558 74444 76541 11845 1242547 
1789437615.403563562	456000000	66	0 41793524 86070936 170287853 1071675501 2957470347 74444 76541 11845 1242547 
1789437615.950907106	456000000	66	0 41793524 86070936 170287853 1071675501 2957843641 74444 76541 11845 1242547 
1789437616.501129973	456000000	67	0 41793524 86070936 170287853 1071675501 2958214045 74444 76541 11845 1242547 
1789437617.051112632	456000000	67	0 41793524 86070936 170287853 1071675501 2958584421 74444 76541 11845 1242547 
1789437617.600032843	456000000	66	0 41793524 86070936 170287853 1071675501 2958946212 74444 76541 11845 1242547 
1789437618.146097741	456000000	66	0 41793524 86070936 170287853 1071675501 2959309013 74444 76541 11845 1242547 
1789437618.697748525	456000000	66	0 41793524 86070936 170287853 1071675501 2959672422 74444 76541 11845 1242547 
1789437619.240743371	456000000	66	0 41793524 86070936 170287853 1071675501 2960038023 74444 76541 11845 1242547 
1789437619.790405197	456000000	66	0 41793524 86070936 170287853 1071675501 2960398899 74444 76541 11845 1242547 
1789437620.333771657	456000000	66	0 41793524 86070936 170287853 1071675501 2960760892 74444 76541 11845 1242547 
1789437620.881760670	456000000	66	0 41793524 86070936 170287853 1071675501 2961123892 74444 76541 11845 1242547 
1789437621.426531089	456000000	66	0 41793524 86070936 170287853 1071675501 2961486361 74444 76541 11845 1242547 
1789437621.971585987	456000000	66	0 41793524 86070936 170287853 1071675501 2961847935 74444 76541 11845 1242547 
1789437622.522084635	456000000	66	0 41793524 86070936 170287853 1071675501 2962216642 74444 76541 11845 1242547 
1789437623.065233492	456000000	66	0 41793524 86070936 170287853 1071675501 2962584219 74444 76541 11845 1242547 
1789437623.614150005	456000000	66	0 41793524 86070936 170287853 1071675501 2962947722 74444 76541 11845 1242547 
1789437624.163220789	456000000	66	0 41793524 86070936 170287853 1071675501 2963315885 74444 76541 11845 1242547 
1789437624.711978656	456000000	66	0 41793524 86070936 170287853 1071675501 2963676643 74444 76541 11845 1242547 
1789437625.259730898	456000000	66	0 41793524 86070936 170287853 1071675501 2964038860 74444 76541 11845 1242547 
1789437625.810970171	456000000	66	0 41793524 86070936 170287853 1071675501 2964404044 74444 76541 11845 1242547 
1789437626.357337882	456000000	66	0 41793524 86070936 170287853 1071675501 2964769240 74444 76541 11845 1242547 
1789437626.906894760	456000000	66	0 41793524 86070936 170287853 1071675501 2965135347 74444 76541 11845 1242547 
1789437627.458951846	456000000	66	0 41793524 86070936 170287853 1071675501 2965498163 74444 76541 11845 1242547 
1789437628.007160078	456000000	66	0 41793524 86070936 170287853 1071675501 2965862864 74444 76541 11845 1242547 
1789437628.554814664	456000000	66	0 41793524 86070936 170287853 1071675501 2966228016 74444 76541 11845 1242547 
1789437629.104156437	456000000	66	0 41793524 86070936 170287853 1071675501 2966590211 74444 76541 11845 1242547 
1789437629.648791179	456000000	66	0 41793524 86070936 170287853 1071675501 2966953473 74444 76541 11845 1242547 
1789437630.198275713	456000000	66	0 41793524 86070936 170287853 1071675501 2967318430 74444 76541 11845 1242547 
1789437630.744508736	456000000	66	0 41793524 86070936 170287853 1071675501 2967681192 74444 76541 11845 1242547 
1789437631.287975509	456000000	66	0 41793524 86070936 170287853 1071675501 2968043790 74444 76541 11845 1242547 
1789437631.836033688	456000000	66	0 41793524 86070936 170287853 1071675501 2968406096 74444 76541 11845 1242547 
1789437632.383077337	456000000	66	0 41793524 86070936 170287853 1071675501 2968771833 74444 76541 11845 1242547 
1789437632.932600881	456000000	66	0 41793524 86070936 170287853 1071675501 2969135318 74444 76541 11845 1242547 
1789437633.481159790	456000000	66	0 41793524 86070936 170287853 1071675501 2969495524 74444 76541 11845 1242547 
1789437634.022926354	456000000	66	0 41793524 86070936 170287853 1071675501 2969859175 74444 76541 11845 1242547 
1789437634.574359169	456000000	66	0 41793524 86070936 170287853 1071675501 2970225956 74444 76541 11845 1242547 
1789437635.119598755	456000000	66	0 41793524 86070936 170287853 1071675501 2970593202 74444 76541 11845 1242547 
1789437635.669648654	456000000	66	0 41793524 86070936 170287853 1071675501 2970956214 74444 76541 11845 1242547 
1789437636.215494697	456000000	66	0 41793524 86070936 170287853 1071675501 2971317417 74444 76541 11845 1242547 
1789437636.761806314	456000000	66	0 41793524 86070936 170287853 1071675501 2971680593 74444 76541 11845 1242547 
1789437637.305224077	456000000	66	0 41793524 86070936 170287853 1071675501 2972050771 74444 76541 11845 1242547 
1789437637.855282934	456000000	67	0 41793524 86070936 170287853 1071675501 2972421073 74444 76541 11845 1242547 
1789437638.403288457	456000000	67	0 41793524 86070936 170287853 1071675501 2972787001 74444 76541 11845 1242547 
1789437638.947167209	456000000	67	0 41793524 86070936 170287853 1071675501 2973149403 74444 76541 11845 1242547 
1789437639.494708410	456000000	66	0 41793524 86070936 170287853 1071675501 2973516162 74444 76541 11845 1242547 
1789437640.046234246	456000000	66	0 41793524 86070936 170287853 1071675501 2973880049 74444 76541 11845 1242547 
1789437640.591389248	456000000	66	0 41793524 86070936 170287853 1071675501 2974243620 74444 76541 11845 1242547 
1789437641.142534928	456000000	66	0 41793524 86070936 170287853 1071675501 2974611673 74444 76541 11845 1242547 
1789437641.699907431	456000000	66	0 41793524 86070936 170287853 1071675501 2974982682 74444 76541 11845 1242547 
1789437642.251634986	456000000	66	0 41793524 86070936 170287853 1071675501 2975342969 74444 76541 11845 1242547 
1789437642.801380041	456000000	66	0 41793524 86070936 170287853 1071675501 2975710040 74444 76541 11845 1242547 
1789437643.351121971	456000000	66	0 41793524 86070936 170287853 1071675501 2976069793 74444 76541 11845 1242547 
1789437643.896681713	456000000	66	0 41793524 86070936 170287853 1071675501 2976434981 74444 76541 11845 1242547 
1789437644.443148955	456000000	66	0 41793524 86070936 170287853 1071675501 2976798579 74444 76541 11845 1242547 
1789437644.993564270	456000000	66	0 41793524 86070936 170287853 1071675501 2977168399 74444 76541 11845 1242547 
1789437645.547307502	456000000	66	0 41793524 86070936 170287853 1071675501 2977531293 74444 76541 11845 1242547 
1789437646.095346046	456000000	66	0 41793524 86070936 170287853 1071675501 2977895783 74444 76541 11845 1242547 
1789437646.647252403	456000000	66	0 41793524 86070936 170287853 1071675501 2978259779 74444 76541 11845 1242547 
1789437647.193937927	456000000	66	0 41793524 86070936 170287853 1071675501 2978624833 74444 76541 11845 1242547 
1789437647.748005794	456000000	66	0 41793524 86070936 170287853 1071675501 2978990275 74444 76541 11845 1242547 
1789437648.295232776	456000000	66	0 41793524 86070936 170287853 1071675501 2979351151 74444 76541 11845 1242547 
1789437648.846220279	456000000	66	0 41793524 86070936 170287853 1071675501 2979716862 74444 76541 11845 1242547 
1789437649.394555385	456000000	66	0 41793524 86070936 170287853 1071675501 2980078038 74444 76541 11845 1242547 
1789437649.946238617	456000000	66	0 41793524 86070936 170287853 1071675501 2980445114 74444 76541 11845 1242547 
1789437650.492968984	456000000	66	0 41793524 86070936 170287853 1071675501 2980806262 74444 76541 11845 1242547 
1789437651.044701643	456000000	66	0 41793524 86070936 170287853 1071675501 2981172169 74444 76541 11845 1242547 
1789437651.593586073	456000000	66	0 41793524 86070936 170287853 1071675501 2981534222 74444 76541 11845 1242547 
1789437652.146175399	456000000	66	0 41793524 86070936 170287853 1071675501 2981899892 74444 76541 11845 1242547 
1789437652.694300037	456000000	66	0 41793524 86070936 170287853 1071675501 2982260992 74444 76541 11845 1242547 
1789437653.242143477	456000000	66	0 41793524 86070936 170287853 1071675501 2982623210 74444 76541 11845 1242547 
1789437653.792515928	456000000	66	0 41793524 86070936 170287853 1071675501 2982988569 74444 76541 11845 1242547 
1789437654.338954055	456000000	66	0 41793524 86070936 170287853 1071675501 2983351521 74444 76541 11845 1242547 
1789437654.890934943	456000000	66	0 41793524 86070936 170287853 1071675501 2983716767 74444 76541 11845 1242547 
1789437655.437691039	456000000	66	0 41793524 86070936 170287853 1071675501 2984079431 74444 76541 11845 1242547 
1789437655.986109375	456000000	66	0 41793524 86070936 170287853 1071675501 2984441963 74444 76541 11845 1242547 
1789437656.535762138	456000000	66	0 41793524 86070936 170287853 1071675501 2984806056 74444 76541 11845 1242547 
1789437657.081899537	456000000	66	0 41793524 86070936 170287853 1071675501 2985170210 74444 76541 11845 1242547 
1789437657.630944435	456000000	66	0 41793524 86070936 170287853 1071675501 2985532965 74444 76541 11845 1242547 
1789437658.182102823	456000000	66	0 41793524 86070936 170287853 1071675501 2985900354 74444 76541 11845 1242547 
1789437658.734593555	456000000	66	0 41793524 86070936 170287853 1071675501 2986265784 74444 76541 11845 1242547 
1789437659.286354704	456000000	66	0 41793524 86070936 170287853 1071675501 2986636733 74444 76541 11845 1242547 
1789437659.837944603	456000000	66	0 41793524 86070936 170287853 1071675501 2986998767 74444 76541 11845 1242547 
1789437660.388549606	456000000	66	0 41793524 86070936 170287853 1071675501 2987363387 74444 76541 11845 1242547 
1789437660.934590493	456000000	66	0 41793524 86070936 170287853 1071675501 2987728024 74444 76541 11845 1242547 
1789437661.484147111	456000000	66	0 41793524 86070936 170287853 1071675501 2988090759 74444 76541 11845 1242547 
1789437662.033632478	456000000	66	0 41793524 86070936 170287853 1071675501 2988455773 74444 76541 11845 1242547 
1789437662.582650970	456000000	66	0 41793524 86070936 170287853 1071675501 2988818872 74444 76541 11845 1242547 
1789437663.127878264	456000000	66	0 41793524 86070936 170287853 1071675501 2989179573 74444 76541 11845 1242547 
1789437663.673393891	456000000	66	0 41793524 86070936 170287853 1071675501 2989542931 74444 76541 11845 1242547 
1789437664.222823217	456000000	66	0 41793524 86070936 170287853 1071675501 2989908260 74444 76541 11845 1242547 
1789437664.773509313	456000000	66	0 41793524 86070936 170287853 1071675501 2990270043 74444 76541 11845 1242547 
1789437665.320275982	456000000	66	0 41793524 86070936 170287853 1071675501 2990634950 74444 76541 11845 1242547 
1789437665.869797339	456000000	66	0 41793524 86070936 170287853 1071675501 2990996165 74444 76541 11845 1242547 
1789437666.418169998	456000000	66	0 41793524 86070936 170287853 1071675501 2991359278 74444 76541 11845 1242547 
1789437666.970933699	456000000	66	0 41793524 86070936 170287853 1071675501 2991727231 74444 76541 11845 1242547 
1789437667.523046150	456000000	66	0 41793524 86070936 170287853 1071675501 2992095224 74444 76541 11845 1242547 
1789437668.074925996	456000000	66	0 41793524 86070936 170287853 1071675501 2992463051 74444 76541 11845 1242547 
1789437668.627129593	456000000	66	0 41793524 86070936 170287853 1071675501 2992825007 74444 76541 11845 1242547 
1789437669.171219074	456000000	66	0 41793524 86070936 170287853 1071675501 2993189293 74444 76541 11845 1242547 
1789437669.722419910	456000000	66	0 41793524 86070936 170287853 1071675501 2993554297 74444 76541 11845 1242547 
1789437670.268944444	456000000	66	0 41793524 86070936 170287853 1071675501 2993920259 74444 76541 11845 1242547 
1789437670.819470228	456000000	66	0 41793524 86070936 170287853 1071675501 2994282316 74444 76541 11845 1242547 
1789437671.365155699	456000000	66	0 41793524 86070936 170287853 1071675501 2994645277 74444 76541 11845 1242547 
1789437671.917373358	456000000	66	0 41793524 86070936 170287853 1071675501 2995010292 74444 76541 11845 1242547 
1789437672.465032007	456000000	66	0 41793524 86070936 170287853 1071675501 2995371361 74444 76541 11845 1242547 
1789437673.010774300	456000000	66	0 41793524 86070936 170287853 1071675501 2995738282 74444 76541 11845 1242547 
1789437673.556386751	456000000	66	0 41793524 86070936 170287853 1071675501 2996101739 74444 76541 11845 1242547 
1789437674.104078003	456000000	66	0 41793524 86070936 170287853 1071675501 2996467494 74444 76541 11845 1242547 
1789437674.648119255	456000000	66	0 41793524 86070936 170287853 1071675501 2996826078 74444 76541 11845 1242547 
1789437675.194168476	456000000	66	0 41793524 86070936 170287853 1071675501 2997189854 74444 76541 11845 1242547 
1789437675.741009052	456000000	66	0 41793524 86070936 170287853 1071675501 2997550911 74444 76541 11845 1242547 
1789437676.293710617	456000000	66	0 41793524 86070936 170287853 1071675501 2997921309 74444 76541 11845 1242547 
1789437676.844375151	456000000	66	0 41793524 86070936 170287853 1071675501 2998283071 74444 76541 11845 1242547 
1789437677.394794633	456000000	66	0 41793524 86070936 170287853 1071675501 2998650054 74444 76541 11845 1242547 
1789437677.941885990	456000000	66	0 41793524 86070936 170287853 1071675501 2999011991 74444 76541 11845 1242547 
1789437678.489520888	456000000	66	0 41793524 86070936 170287853 1071675501 2999374534 74444 76541 11845 1242547 
1789437679.036747557	456000000	66	0 41793524 86070936 170287853 1071675501 2999741343 74444 76541 11845 1242547 
1789437679.584785685	456000000	66	0 41793524 86070936 170287853 1071675501 3000104936 74444 76541 11845 1242547 
1789437680.133726104	456000000	66	0 41793524 86070936 170287853 1071675501 3000475648 74444 76541 11845 1242547 
1789437680.682793658	456000000	67	0 41793524 86070936 170287853 1071675501 3000847438 74444 76541 11845 1242547 
1789437681.230220953	456000000	67	0 41793524 86070936 170287853 1071675501 3001208397 74444 76541 11845 1242547 
1789437681.780021528	456000000	66	0 41793524 86070936 170287853 1071675501 3001574529 74444 76541 11845 1242547 
1789437682.331063250	456000000	66	0 41793524 86070936 170287853 1071675501 3001938413 74444 76541 11845 1242547 
1789437682.876551585	456000000	66	0 41793524 86070936 170287853 1071675501 3002299161 74444 76541 11845 1242547 
1789437683.426127317	456000000	66	0 41793524 86070936 170287853 1071675501 3002664484 74444 76541 11845 1242547 
1789437683.974871539	456000000	66	0 41793524 86070936 170287853 1071675501 3003025509 74444 76541 11845 1242547 
1789437684.522494249	456000000	66	0 41793524 86070936 170287853 1071675501 3003388496 74444 76541 11845 1242547 
1789437685.070386439	456000000	66	0 41793524 86070936 170287853 1071675501 3003749057 74444 76541 11845 1242547 
1789437685.616271858	456000000	66	0 41793524 86070936 170287853 1071675501 3004112323 74444 76541 11845 1242547 
1789437686.165350507	456000000	66	0 41793524 86070936 170287853 1071675501 3004474753 74444 76541 11845 1242547 
1789437686.711993426	456000000	66	0 41793524 86070936 170287853 1071675501 3004842573 74444 76541 11845 1242547 
1789437687.265473273	456000000	66	0 41793524 86070936 170287853 1071675501 3005206221 74444 76541 11845 1242547 
1789437687.814487494	456000000	66	0 41793524 86070936 170287853 1071675501 3005567172 74444 76541 11845 1242547 
1789437688.359363590	456000000	66	0 41793524 86070936 170287853 1071675501 3005928281 74444 76541 11845 1242547 
1789437688.907076769	456000000	66	0 41793524 86070936 170287853 1071675501 3006292083 74444 76541 11845 1242547 
1789437689.460639429	456000000	66	0 41793524 86070936 170287853 1071675501 3006660137 74444 76541 11845 1242547 
1789437690.016412765	456000000	66	0 41793524 86070936 170287853 1071675501 3007028269 74444 76541 11845 1242547 
1789437690.562580684	456000000	66	0 41793524 86070936 170287853 1071675501 3007389389 74444 76541 11845 1242547 
1789437691.115467146	456000000	66	0 41793524 86070936 170287853 1071675501 3007754663 74444 76541 11845 1242547 
1789437691.662222669	456000000	66	0 41793524 86070936 170287853 1071675501 3008116791 74444 76541 11845 1242547 
1789437692.213734286	456000000	66	0 41793524 86070936 170287853 1071675501 3008484703 74444 76541 11845 1242547 
1789437692.764438716	456000000	66	0 41793524 86070936 170287853 1071675501 3008843856 74444 76541 11845 1242547 
1789437693.314490750	456000000	66	0 41793524 86070936 170287853 1071675501 3009210985 74444 76541 11845 1242547 
1789437693.865120336	456000000	65	0 41793524 86070936 170287853 1071675501 3009574957 74444 76541 11845 1242547 
1789437694.415228256	456000000	65	0 41793524 86070936 170287853 1071675501 3009936423 74444 76541 11845 1242547 
1789437694.958939143	456000000	66	0 41793524 86070936 170287853 1071675501 3010298567 74444 76541 11845 1242547 
1789437695.504976698	456000000	66	0 41793524 86070936 170287853 1071675501 3010658893 74444 76541 11845 1242547 
1789437696.055148002	456000000	66	0 41793524 86070936 170287853 1071675501 3011020271 74444 76541 11845 1242547 
1789437696.600559828	456000000	66	0 41793524 86070936 170287853 1071675501 3011383528 74444 76541 11845 1242547 
1789437697.145912746	456000000	66	0 41793524 86070936 170287853 1071675501 3011751208 74444 76541 11845 1242547 
1789437697.694603114	456000000	66	0 41793524 86070936 170287853 1071675501 3012112567 74444 76541 11845 1242547 
1789437698.250709784	456000000	66	0 41793524 86070936 170287853 1071675501 3012476933 74444 76541 11845 1242547 
1789437698.796723848	456000000	65	0 41793524 86070936 170287853 1071675501 3012840394 74444 76541 11845 1242547 
1789437699.349671299	456000000	65	0 41793524 86070936 170287853 1071675501 3013203889 74444 76541 11845 1242547 
1789437699.894756041	456000000	66	0 41793524 86070936 170287853 1071675501 3013568544 74444 76541 11845 1242547 
1789437700.446732398	456000000	66	0 41793524 86070936 170287853 1071675501 3013934885 74444 76541 11845 1242547 
1789437700.997222818	456000000	66	0 41793524 86070936 170287853 1071675501 3014299031 74444 76541 11845 1242547 
1789437701.543390528	456000000	67	0 41793524 86070936 170287853 1071675501 3014671908 74444 76541 11845 1242547 
1789437702.099261000	456000000	67	0 41793524 86070936 170287853 1071675501 3015042077 74444 76541 11845 1242547 
1789437702.649955066	456000000	66	0 41793524 86070936 170287853 1071675501 3015407584 74444 76541 11845 1242547 
1789437703.195726110	456000000	66	0 41793524 86070936 170287853 1071675501 3015770771 74444 76541 11845 1242547 
1789437703.744472362	456000000	66	0 41793524 86070936 170287853 1071675501 3016130388 74444 76541 11845 1242547 
1789437704.292449760	456000000	66	0 41793524 86070936 170287853 1071675501 3016495688 74444 76541 11845 1242547 
1789437704.841532367	456000000	66	0 41793524 86070936 170287853 1071675501 3016859059 74444 76541 11845 1242547 
1789437705.388473411	456000000	66	0 41793524 86070936 170287853 1071675501 3017220608 74444 76541 11845 1242547 
1789437705.932870028	456000000	66	0 41793524 86070936 170287853 1071675501 3017584960 74444 76541 11845 1242547 
1789437706.484823156	456000000	66	0 41793524 86070936 170287853 1071675501 3017947775 74444 76541 11845 1242547 
1789437707.029281856	456000000	66	0 41793524 86070936 170287853 1071675501 3018309382 74444 76541 11845 1242547 
1789437707.578887275	456000000	66	0 41793524 86070936 170287853 1071675501 3018670372 74444 76541 11845 1242547 
1789437708.122869413	456000000	66	0 41793524 86070936 170287853 1071675501 3019034028 74444 76541 11845 1242547 
1789437708.670960717	456000000	66	0 41793524 86070936 170287853 1071675501 3019399365 74444 76541 11845 1242547 
1789437709.219007595	456000000	66	0 41793524 86070936 170287853 1071675501 3019762606 74444 76541 11845 1242547 
1789437709.772674733	456000000	66	0 41793524 86070936 170287853 1071675501 3020128556 74444 76541 11845 1242547 
1789437710.320699632	456000000	66	0 41793524 86070936 170287853 1071675501 3020491678 74444 76541 11845 1242547 
1789437710.871350885	456000000	66	0 41793524 86070936 170287853 1071675501 3020858595 74444 76541 11845 1242547 
1789437711.422438752	456000000	66	0 41793524 86070936 170287853 1071675501 3021221592 74444 76541 11845 1242547 
1789437711.973066099	456000000	66	0 41793524 86070936 170287853 1071675501 3021587133 74444 76541 11845 1242547 
1789437712.519590684	456000000	66	0 41793524 86070936 170287853 1071675501 3021950623 74444 76541 11845 1242547 
1789437713.066122041	456000000	66	0 41793524 86070936 170287853 1071675501 3022313186 74444 76541 11845 1242547 
1789437713.613788970	456000000	66	0 41793524 86070936 170287853 1071675501 3022678691 74444 76541 11845 1242547 
1789437714.162418400	456000000	66	0 41793524 86070936 170287853 1071675501 3023041571 74444 76541 11845 1242547 
1789437714.710306684	456000000	66	0 41793524 86070936 170287853 1071675501 3023403669 74444 76541 11845 1242547 
1789437715.255747207	456000000	66	0 41793524 86070936 170287853 1071675501 3023767542 74444 76541 11845 1242547 
1789437715.806765907	456000000	66	0 41793524 86070936 170287853 1071675501 3024133866 74444 76541 11845 1242547 
1789437716.354008983	456000000	66	0 41793524 86070936 170287853 1071675501 3024497241 74444 76541 11845 1242547 
1789437716.905568361	456000000	66	0 41793524 86070936 170287853 1071675501 3024858773 74444 76541 11845 1242547 
1789437717.450629405	456000000	66	0 41793524 86070936 170287853 1071675501 3025220420 74444 76541 11845 1242547 
1789437717.991641229	456000000	66	0 41793524 86070936 170287853 1071675501 3025581911 74444 76541 11845 1242547 
1789437718.538230242	456000000	66	0 41793524 86070936 170287853 1071675501 3025943308 74444 76541 11845 1242547 
1789437719.085839880	456000000	66	0 41793524 86070936 170287853 1071675501 3026308273 74444 76541 11845 1242547 
1789437719.633801237	456000000	66	0 41793524 86070936 170287853 1071675501 3026671399 74444 76541 11845 1242547 
1789437720.181425354	456000000	66	0 41793524 86070936 170287853 1071675501 3027033512 74444 76541 11845 1242547 
1789437720.729015669	456000000	66	0 41793524 86070936 170287853 1071675501 3027396864 74444 76541 11845 1242547 
1789437721.272757442	456000000	66	0 41793524 86070936 170287853 1071675501 3027762321 74444 76541 11845 1242547 
1789437721.821528694	456000000	66	0 41793524 86070936 170287853 1071675501 3028121658 74444 76541 11845 1242547 
1789437722.371390364	456000000	66	0 41793524 86070936 170287853 1071675501 3028490144 74444 76541 11845 1242547 
1789437722.919579949	456000000	66	0 41793524 86070936 170287853 1071675501 3028860151 74444 76541 11845 1242547 
1789437723.473614119	456000000	67	0 41793524 86070936 170287853 1071675501 3029235829 74444 76541 11845 1242547 
1789437724.022483913	456000000	67	0 41793524 86070936 170287853 1071675501 3029606430 74444 76541 11845 1242547 
1789437724.570490895	456000000	67	0 41793524 86070936 170287853 1071675501 3029981198 74444 76541 11845 1242547 
1789437725.118416887	456000000	67	0 41793524 86070936 170287853 1071675501 3030346370 74444 76541 11845 1242547 
1789437725.665091056	456000000	66	0 41793524 86070936 170287853 1071675501 3030710585 74444 76541 11845 1242547 
1789437726.212495955	456000000	66	0 41793524 86070936 170287853 1071675501 3031077815 74444 76541 11845 1242547 
1789437726.763266530	456000000	66	0 41793524 86070936 170287853 1071675501 3031438849 74444 76541 11845 1242547 
1789437727.310018564	456000000	66	0 41793524 86070936 170287853 1071675501 3031799814 74444 76541 11845 1242547 
1789437727.857201379	456000000	66	0 41793524 86070936 170287853 1071675501 3032165546 74444 76541 11845 1242547 
1789437728.408236330	456000000	66	0 41793524 86070936 170287853 1071675501 3032528440 74444 76541 11845 1242547 
1789437728.955841280	456000000	66	0 41793524 86070936 170287853 1071675501 3032891054 74444 76541 11845 1242547 
1789437729.499956699	456000000	66	0 41793524 86070936 170287853 1071675501 3033256519 74444 76541 11845 1242547 
1789437730.054031702	456000000	66	0 41793524 86070936 170287853 1071675501 3033618184 74444 76541 11845 1242547 
1789437730.601283006	456000000	66	0 41793524 86070936 170287853 1071675501 3033978637 74444 76541 11845 1242547 
1789437731.147536498	456000000	66	0 41793524 86070936 170287853 1071675501 3034346744 74444 76541 11845 1242547 
1789437731.699843480	456000000	66	0 41793524 86070936 170287853 1071675501 3034710101 74444 76541 11845 1242547 
1789437732.252237806	456000000	66	0 41793524 86070936 170287853 1071675501 3035074573 74444 76541 11845 1242547 
1789437732.801251038	456000000	66	0 41793524 86070936 170287853 1071675501 3035440140 74444 76541 11845 1242547 
1789437733.351749166	456000000	66	0 41793524 86070936 170287853 1071675501 3035802749 74444 76541 11845 1242547 
1789437733.897022762	456000000	66	0 41793524 86070936 170287853 1071675501 3036163442 74444 76541 11845 1242547 
1789437734.442685993	456000000	66	0 41793524 86070936 170287853 1071675501 3036522174 74444 76541 11845 1242547 
1789437734.986838912	456000000	66	0 41793524 86070936 170287853 1071675501 3036883601 74444 76541 11845 1242547 
1789437735.535818185	456000000	66	0 41793524 86070936 170287853 1071675501 3037243521 74444 76541 11845 1242547 
1789437736.082525375	456000000	66	0 41793524 86070936 170287853 1071675501 3037607986 74444 76541 11845 1242547 
1789437736.631119701	456000000	66	0 41793524 86070936 170287853 1071675501 3037970363 74444 76541 11845 1242547 
1789437737.178000380	456000000	66	0 41793524 86070936 170287853 1071675501 3038332769 74444 76541 11845 1242547 
1789437737.724582935	456000000	66	0 41793524 86070936 170287853 1071675501 3038695229 74444 76541 11845 1242547 
1789437738.277283979	456000000	66	0 41793524 86070936 170287853 1071675501 3039061478 74444 76541 11845 1242547 
1789437738.830437420	456000000	66	0 41793524 86070936 170287853 1071675501 3039431071 74444 76541 11845 1242547 
1789437739.378793985	456000000	66	0 41793524 86070936 170287853 1071675501 3039791318 74444 76541 11845 1242547 
1789437739.924295393	456000000	66	0 41793524 86070936 170287853 1071675501 3040153063 74444 76541 11845 1242547 
1789437740.470830604	456000000	66	0 41793524 86070936 170287853 1071675501 3040517516 74444 76541 11845 1242547 
1789437741.022841909	456000000	66	0 41793524 86070936 170287853 1071675501 3040881887 74444 76541 11845 1242547 
1789437741.573038735	456000000	66	0 41793524 86070936 170287853 1071675501 3041247153 74444 76541 11845 1242547 
1789437742.121941966	456000000	66	0 41793524 86070936 170287853 1071675501 3041610678 74444 76541 11845 1242547 
1789437742.670798948	456000000	66	0 41793524 86070936 170287853 1071675501 3041976384 74444 76541 11845 1242547 
1789437743.223816868	456000000	66	0 41793524 86070936 170287853 1071675501 3042338894 74444 76541 11845 1242547 
1789437743.768350099	456000000	66	0 41793524 86070936 170287853 1071675501 3042705217 74444 76541 11845 1242547 
1789437744.320951561	456000000	66	0 41793524 86070936 170287853 1071675501 3043075002 74444 76541 11845 1242547 
1789437744.869458334	456000000	67	0 41793524 86070936 170287853 1071675501 3043447284 74444 76541 11845 1242547 
1789437745.416759586	456000000	67	0 41793524 86070936 170287853 1071675501 3043820929 74444 76541 11845 1242547 
1789437745.965051412	456000000	68	0 41793524 86070936 170287853 1071675501 3044194384 74444 76541 11845 1242547 
1789437746.515877456	456000000	67	0 41793524 86070936 170287853 1071675501 3044562771 74444 76541 11845 1242547 
1789437747.062966990	456000000	67	0 41793524 86070936 170287853 1071675501 3044927987 74444 76541 11845 1242547 
1789437747.615260743	456000000	66	0 41793524 86070936 170287853 1071675501 3045291376 74444 76541 11845 1242547 
1789437748.166253975	456000000	66	0 41793524 86070936 170287853 1071675501 3045656498 74444 76541 11845 1242547 
1789437748.710446321	456000000	66	0 41793524 86070936 170287853 1071675501 3046018219 74444 76541 11845 1242547 
1789437749.261548980	456000000	66	0 41793524 86070936 170287853 1071675501 3046383506 74444 76541 11845 1242547 
1789437749.809498201	456000000	66	0 41793524 86070936 170287853 1071675501 3046748944 74444 76541 11845 1242547 
1789437750.357418829	456000000	66	0 41793524 86070936 170287853 1071675501 3047109320 74444 76541 11845 1242547 
1789437750.904350341	456000000	66	0 41793524 86070936 170287853 1071675501 3047472829 74444 76541 11845 1242547 
1789437751.452617948	456000000	66	0 41793524 86070936 170287853 1071675501 3047836972 74444 76541 11845 1242547 
1789437752.004475295	456000000	66	0 41793524 86070936 170287853 1071675501 3048198793 74444 76541 11845 1242547 
1789437752.552053735	456000000	66	0 41793524 86070936 170287853 1071675501 3048568743 74444 76541 11845 1242547 
1789437753.100661237	456000000	66	0 41793524 86070936 170287853 1071675501 3048930894 74444 76541 11845 1242547 
1789437753.650744417	456000000	66	0 41793524 86070936 170287853 1071675501 3049294161 74444 76541 11845 1242547 
1789437754.198943013	456000000	66	0 41793524 86070936 170287853 1071675501 3049662295 74444 76541 11845 1242547 
1789437754.745034214	456000000	66	0 41793524 86070936 170287853 1071675501 3050025958 74444 76541 11845 1242547 
1789437755.293921352	456000000	66	0 41793524 86070936 170287853 1071675501 3050392201 74444 76541 11845 1242547 
1789437755.843088125	456000000	66	0 41793524 86070936 170287853 1071675501 3050755286 74444 76541 11845 1242547 
1789437756.390725002	456000000	66	0 41793524 86070936 170287853 1071675501 3051117070 74444 76541 11845 1242547 
1789437756.933368077	456000000	66	0 41793524 86070936 170287853 1071675501 3051476685 74444 76541 11845 1242547 
1789437757.477944486	456000000	66	0 41793524 86070936 170287853 1071675501 3051838709 74444 76541 11845 1242547 
1789437758.023027926	456000000	66	0 41793524 86070936 170287853 1071675501 3052199074 74444 76541 11845 1242547 
1789437758.568995636	456000000	66	0 41793524 86070936 170287853 1071675501 3052562038 74444 76541 11845 1242547 
1789437759.121719962	456000000	66	0 41793524 86070936 170287853 1071675501 3052932479 74444 76541 11845 1242547 
1789437759.670504965	456000000	66	0 41793524 86070936 170287853 1071675501 3053300920 74444 76541 11845 1242547 
1789437760.222001217	456000000	66	0 41793524 86070936 170287853 1071675501 3053663014 74444 76541 11845 1242547 
1789437760.769622470	456000000	66	0 41793524 86070936 170287853 1071675501 3054027056 74444 76541 11845 1242547 
1789437761.323358983	456000000	66	0 41793524 86070936 170287853 1071675501 3054394454 74444 76541 11845 1242547 
1789437761.870778621	456000000	66	0 41793524 86070936 170287853 1071675501 3054760902 74444 76541 11845 1242547 
1789437762.419727530	456000000	66	0 41793524 86070936 170287853 1071675501 3055128929 74444 76541 11845 1242547 
1789437762.973639408	456000000	66	0 41793524 86070936 170287853 1071675501 3055495366 74444 76541 11845 1242547 
1789437763.520905557	456000000	66	0 41793524 86070936 170287853 1071675501 3055860627 74444 76541 11845 1242547 
1789437764.064399621	456000000	66	0 41793524 86070936 170287853 1071675501 3056224599 74444 76541 11845 1242547 
1789437764.615338999	456000000	66	0 41793524 86070936 170287853 1071675501 3056590434 74444 76541 11845 1242547 
1789437765.167395252	456000000	66	0 41793524 86070936 170287853 1071675501 3056964849 74444 76541 11845 1242547 
1789437765.719722442	456000000	67	0 41793524 86070936 170287853 1071675501 3057342688 74444 76541 11845 1242547 
1789437766.271174372	456000000	67	0 41793524 86070936 170287853 1071675501 3057716635 74444 76541 11845 1242547 
1789437766.819673698	456000000	68	0 41793524 86070936 170287853 1071675501 3058095970 74444 76541 11845 1242547 
1789437767.369765107	456000000	68	0 41793524 86070936 170287853 1071675501 3058468108 74444 76541 11845 1242547 
1789437767.917923703	456000000	68	0 41793524 86070936 170287853 1071675501 3058842007 74444 76541 11845 1242547 
1789437768.468816831	456000000	66	0 41793524 86070936 170287853 1071675501 3059204650 74444 76541 11845 1242547 
1789437769.016721417	456000000	66	0 41793524 86070936 170287853 1071675501 3059570062 74444 76541 11845 1242547 
1789437769.568253815	456000000	66	0 41793524 86070936 170287853 1071675501 3059937408 74444 76541 11845 1242547 
1789437770.122165381	456000000	66	0 41793524 86070936 170287853 1071675501 3060305045 74444 76541 11845 1242547 
1789437770.669036685	456000000	66	0 41793524 86070936 170287853 1071675501 3060664948 74444 76541 11845 1242547 
1789437771.221545647	456000000	66	0 41793524 86070936 170287853 1071675501 3061031121 74444 76541 11845 1242547 
1789437771.772869243	456000000	66	0 41793524 86070936 170287853 1071675501 3061403887 74444 76541 11845 1242547 
1789437772.325224559	456000000	66	0 41793524 86070936 170287853 1071675501 3061766531 74444 76541 11845 1242547 
1789437772.877684509	456000000	66	0 41793524 86070936 170287853 1071675501 3062134477 74444 76541 11845 1242547 
1789437773.424142533	456000000	66	0 41793524 86070936 170287853 1071675501 3062496708 74444 76541 11845 1242547 
1789437773.971823316	456000000	66	0 41793524 86070936 170287853 1071675501 3062863542 74444 76541 11845 1242547 
1789437774.525198007	456000000	66	0 41793524 86070936 170287853 1071675501 3063230791 74444 76541 11845 1242547 
1789437775.076505354	456000000	66	0 41793524 86070936 170287853 1071675501 3063598181 74444 76541 11845 1242547 
1789437775.624275096	456000000	66	0 41793524 86070936 170287853 1071675501 3063960467 74444 76541 11845 1242547 
1789437776.172631244	456000000	66	0 41793524 86070936 170287853 1071675501 3064326527 74444 76541 11845 1242547 
1789437776.729792966	456000000	66	0 41793524 86070936 170287853 1071675501 3064694473 74444 76541 11845 1242547 
1789437777.279856771	456000000	66	0 41793524 86070936 170287853 1071675501 3065060020 74444 76541 11845 1242547 
1789437777.827621357	456000000	66	0 41793524 86070936 170287853 1071675501 3065419675 74444 76541 11845 1242547 
1789437778.373595890	456000000	66	0 41793524 86070936 170287853 1071675501 3065783427 74444 76541 11845 1242547 
1789437778.921229851	456000000	66	0 41793524 86070936 170287853 1071675501 3066148628 74444 76541 11845 1242547 
1789437779.473714177	456000000	66	0 41793524 86070936 170287853 1071675501 3066513419 74444 76541 11845 1242547 
1789437780.023426940	456000000	66	0 41793524 86070936 170287853 1071675501 3066876315 74444 76541 11845 1242547 
1789437780.572181891	456000000	66	0 41793524 86070936 170287853 1071675501 3067241909 74444 76541 11845 1242547 
1789437781.121334289	456000000	66	0 41793524 86070936 170287853 1071675501 3067604793 74444 76541 11845 1242547 
1789437781.672837781	456000000	66	0 41793524 86070936 170287853 1071675501 3067969377 74444 76541 11845 1242547 
1789437782.226741430	456000000	66	0 41793524 86070936 170287853 1071675501 3068337182 74444 76541 11845 1242547 
1789437782.772712526	456000000	66	0 41793524 86070936 170287853 1071675501 3068697600 74444 76541 11845 1242547 
1789437783.321416123	456000000	66	0 41793524 86070936 170287853 1071675501 3069062504 74444 76541 11845 1242547 
1789437783.866246542	456000000	66	0 41793524 86070936 170287853 1071675501 3069425071 74444 76541 11845 1242547 
1789437784.416868992	456000000	66	0 41793524 86070936 170287853 1071675501 3069787890 74444 76541 11845 1242547 
1789437784.966555089	456000000	65	0 41793524 86070936 170287853 1071675501 3070149096 74444 76541 11845 1242547 
1789437785.513375924	456000000	66	0 41793524 86070936 170287853 1071675501 3070510798 74444 76541 11845 1242547 
1789437786.062073271	456000000	66	0 41793524 86070936 170287853 1071675501 3070876581 74444 76541 11845 1242547 
1789437786.611354055	456000000	66	0 41793524 86070936 170287853 1071675501 3071248306 74444 76541 11845 1242547 
1789437787.160740880	456000000	66	0 41793524 86070936 170287853 1071675501 3071616127 74444 76541 11845 1242547 
1789437787.710491300	456000000	67	0 41793524 86070936 170287853 1071675501 3071987115 74444 76541 11845 1242547 
1789437788.260025625	456000000	67	0 41793524 86070936 170287853 1071675501 3072350467 74444 76541 11845 1242547 
1789437788.812662920	456000000	65	0 41793524 86070936 170287853 1071675501 3072712362 74444 76541 11845 1242547 
1789437789.365045787	456000000	65	0 41793524 86070936 170287853 1071675501 3073078279 74444 76541 11845 1242547 
1789437789.916026363	456000000	66	0 41793524 86070936 170287853 1071675501 3073440596 74444 76541 11845 1242547 
1789437790.462094334	456000000	65	0 41793524 86070936 170287853 1071675501 3073799454 74444 76541 11845 1242547 
1789437791.008008503	456000000	65	0 41793524 86070936 170287853 1071675501 3074159893 74444 76541 11845 1242547 
1789437791.554675745	456000000	66	0 41793524 86070936 170287853 1071675501 3074525572 74444 76541 11845 1242547 
1789437792.103741216	456000000	66	0 41793524 86070936 170287853 1071675501 3074887615 74444 76541 11845 1242547 
1789437792.653522365	456000000	65	0 41793524 86070936 170287853 1071675501 3075246806 74444 76541 11845 1242547 
1789437793.200522211	456000000	65	0 41793524 86070936 170287853 1071675501 3075615308 74444 76541 11845 1242547 
1789437793.748317161	456000000	66	0 41793524 86070936 170287853 1071675501 3075976294 74444 76541 11845 1242547 
1789437794.294516903	456000000	66	0 41793524 86070936 170287853 1071675501 3076339454 74444 76541 11845 1242547 
1789437794.846736698	456000000	66	0 41793524 86070936 170287853 1071675501 3076706505 74444 76541 11845 1242547 
1789437795.398474722	456000000	66	0 41793524 86070936 170287853 1071675501 3077075439 74444 76541 11845 1242547 
1789437795.952658110	456000000	66	0 41793524 86070936 170287853 1071675501 3077437144 74444 76541 11845 1242547 
1789437796.499471602	456000000	66	0 41793524 86070936 170287853 1071675501 3077801925 74444 76541 11845 1242547 
1789437797.045910771	456000000	66	0 41793524 86070936 170287853 1071675501 3078162794 74444 76541 11845 1242547 
1789437797.587421294	456000000	66	0 41793524 86070936 170287853 1071675501 3078525070 74444 76541 11845 1242547 
1789437798.133172650	456000000	66	0 41793524 86070936 170287853 1071675501 3078888540 74444 76541 11845 1242547 
1789437798.685564007	456000000	66	0 41793524 86070936 170287853 1071675501 3079254794 74444 76541 11845 1242547 
1789437799.236969010	456000000	66	0 41793524 86070936 170287853 1071675501 3079619545 74444 76541 11845 1242547 
1789437799.783786200	456000000	66	0 41793524 86070936 170287853 1071675501 3079985187 74444 76541 11845 1242547 
1789437800.334258495	456000000	66	0 41793524 86070936 170287853 1071675501 3080348219 74444 76541 11845 1242547 
1789437800.881232247	456000000	66	0 41793524 86070936 170287853 1071675501 3080709963 74444 76541 11845 1242547 
1789437801.426697145	456000000	66	0 41793524 86070936 170287853 1071675501 3081072481 74444 76541 11845 1242547 
1789437801.983484180	456000000	66	0 41793524 86070936 170287853 1071675501 3081443067 74444 76541 11845 1242547 
1789437802.535447308	456000000	66	0 41793524 86070936 170287853 1071675501 3081810037 74444 76541 11845 1242547 
1789437803.088736582	456000000	66	0 41793524 86070936 170287853 1071675501 3082181319 74444 76541 11845 1242547 
1789437803.641288251	456000000	66	0 41793524 86070936 170287853 1071675501 3082544133 74444 76541 11845 1242547 
1789437804.190845910	456000000	66	0 41793524 86070936 170287853 1071675501 3082909019 74444 76541 11845 1242547 
1789437804.737082423	456000000	66	0 41793524 86070936 170287853 1071675501 3083270177 74444 76541 11845 1242547 
1789437805.283574040	456000000	66	0 41793524 86070936 170287853 1071675501 3083632226 74444 76541 11845 1242547 
1789437805.832489042	456000000	66	0 41793524 86070936 170287853 1071675501 3083997975 74444 76541 11845 1242547 
1789437806.385402691	456000000	66	0 41793524 86070936 170287853 1071675501 3084364181 74444 76541 11845 1242547 
1789437806.932452694	456000000	66	0 41793524 86070936 170287853 1071675501 3084725689 74444 76541 11845 1242547 
1789437807.478692956	456000000	66	0 41793524 86070936 170287853 1071675501 3085095503 74444 76541 11845 1242547 
1789437808.029573272	456000000	66	0 41793524 86070936 170287853 1071675501 3085464120 74444 76541 11845 1242547 
1789437808.579667285	456000000	66	0 41793524 86070936 170287853 1071675501 3085833540 74444 76541 11845 1242547 
1789437809.128478746	456000000	66	0 41793524 86070936 170287853 1071675501 3086212485 74444 76541 11845 1242547 
1789437809.674405883	456000000	68	0 41793524 86070936 170287853 1071675501 3086583837 74444 76541 11845 1242547 
1789437810.227966407	456000000	68	0 41793524 86070936 170287853 1071675501 3086951967 74444 76541 11845 1242547 
1789437810.781065160	456000000	66	0 41793524 86070936 170287853 1071675501 3087318834 74444 76541 11845 1242547 
1789437811.327760840	456000000	66	0 41793524 86070936 170287853 1071675501 3087680779 74444 76541 11845 1242547 
1789437811.879058082	456000000	66	0 41793524 86070936 170287853 1071675501 3088046707 74444 76541 11845 1242547 
1789437812.428849647	456000000	66	0 41793524 86070936 170287853 1071675501 3088412156 74444 76541 11845 1242547 
1789437812.979028973	456000000	66	0 41793524 86070936 170287853 1071675501 3088776632 74444 76541 11845 1242547 
1789437813.528228455	456000000	66	0 41793524 86070936 170287853 1071675501 3089139181 74444 76541 11845 1242547 
1789437814.073886843	456000000	66	0 41793524 86070936 170287853 1071675501 3089504057 74444 76541 11845 1242547 
1789437814.624205022	456000000	66	0 41793524 86070936 170287853 1071675501 3089864351 74444 76541 11845 1242547 
1789437815.168303514	456000000	66	0 41793524 86070936 170287853 1071675501 3090227507 74444 76541 11845 1242547 
1789437815.722140028	456000000	66	0 41793524 86070936 170287853 1071675501 3090594682 74444 76541 11845 1242547 
1789437816.269373936	456000000	66	0 41793524 86070936 170287853 1071675501 3090959241 74444 76541 11845 1242547 
1789437816.816963522	456000000	66	0 41793524 86070936 170287853 1071675501 3091321334 74444 76541 11845 1242547 
1789437817.363232899	456000000	66	0 41793524 86070936 170287853 1071675501 3091683347 74444 76541 11845 1242547 
1789437817.915506756	456000000	66	0 41793524 86070936 170287853 1071675501 3092049547 74444 76541 11845 1242547 
1789437818.469259260	456000000	66	0 41793524 86070936 170287853 1071675501 3092415574 74444 76541 11845 1242547 
1789437819.017075408	456000000	66	0 41793524 86070936 170287853 1071675501 3092775900 74444 76541 11845 1242547 
1789437819.563281660	456000000	66	0 41793524 86070936 170287853 1071675501 3093139470 74444 76541 11845 1242547 
1789437820.112173746	456000000	66	0 41793524 86070936 170287853 1071675501 3093500465 74444 76541 11845 1242547 
1789437820.654186300	456000000	66	0 41793524 86070936 170287853 1071675501 3093864682 74444 76541 11845 1242547 
1789437821.202978646	456000000	66	0 41793524 86070936 170287853 1071675501 3094230390 74444 76541 11845 1242547 
1789437821.752089795	456000000	66	0 41793524 86070936 170287853 1071675501 3094591228 74444 76541 11845 1242547 
1789437822.298065266	456000000	66	0 41793524 86070936 170287853 1071675501 3094953863 74444 76541 11845 1242547 
1789437822.841542351	456000000	66	0 41793524 86070936 170287853 1071675501 3095312614 74444 76541 11845 1242547 
1789437823.388539489	456000000	66	0 41793524 86070936 170287853 1071675501 3095682018 74444 76541 11845 1242547 
1789437823.940900846	456000000	66	0 41793524 86070936 170287853 1071675501 3096047663 74444 76541 11845 1242547 
1789437824.488475901	456000000	66	0 41793524 86070936 170287853 1071675501 3096409995 74444 76541 11845 1242547 
1789437825.032560018	456000000	66	0 41793524 86070936 170287853 1071675501 3096778478 74444 76541 11845 1242547 
1789437825.582147468	456000000	66	0 41793524 86070936 170287853 1071675501 3097141458 74444 76541 11845 1242547 
1789437826.131614710	456000000	66	0 41793524 86070936 170287853 1071675501 3097506882 74444 76541 11845 1242547 
1789437826.678601640	456000000	66	0 41793524 86070936 170287853 1071675501 3097870638 74444 76541 11845 1242547 
1789437827.221638934	456000000	66	0 41793524 86070936 170287853 1071675501 3098232558 74444 76541 11845 1242547 
1789437827.772656905	456000000	66	0 41793524 86070936 170287853 1071675501 3098596934 74444 76541 11845 1242547 
1789437828.319868522	456000000	66	0 41793524 86070936 170287853 1071675501 3098962135 74444 76541 11845 1242547 
1789437828.870698942	456000000	66	0 41793524 86070936 170287853 1071675501 3099334253 74444 76541 11845 1242547 
1789437829.421678892	456000000	66	0 41793524 86070936 170287853 1071675501 3099704909 74444 76541 11845 1242547 
1789437829.971381812	456000000	67	0 41793524 86070936 170287853 1071675501 3100072664 74444 76541 11845 1242547 
1789437830.514977230	456000000	67	0 41793524 86070936 170287853 1071675501 3100442357 74444 76541 11845 1242547 
1789437831.059400358	456000000	67	0 41793524 86070936 170287853 1071675501 3100808518 74444 76541 11845 1242547 
1789437831.609052496	456000000	66	0 41793524 86070936 170287853 1071675501 3101175498 74444 76541 11845 1242547 
1789437832.157292498	456000000	66	0 41793524 86070936 170287853 1071675501 3101537961 74444 76541 11845 1242547 
1789437832.704719480	456000000	66	0 41793524 86070936 170287853 1071675501 3101901276 74444 76541 11845 1242547 
1789437833.252825784	456000000	66	0 41793524 86070936 170287853 1071675501 3102261650 74444 76541 11845 1242547 
1789437833.798041047	456000000	66	0 41793524 86070936 170287853 1071675501 3102625320 74444 76541 11845 1242547 
1789437834.348755269	456000000	66	0 41793524 86070936 170287853 1071675501 3102990579 74444 76541 11845 1242547 
1789437834.896917198	456000000	66	0 41793524 86070936 170287853 1071675501 3103353620 74444 76541 11845 1242547 
1789437835.449196576	456000000	66	0 41793524 86070936 170287853 1071675501 3103721357 74444 76541 11845 1242547 
1789437835.999154183	456000000	66	0 41793524 86070936 170287853 1071675501 3104082998 74444 76541 11845 1242547 
1789437836.542792154	456000000	66	0 41793524 86070936 170287853 1071675501 3104444557 74444 76541 11845 1242547 
1789437837.092088563	456000000	66	0 41793524 86070936 170287853 1071675501 3104811041 74444 76541 11845 1242547 
1789437837.637425596	456000000	66	0 41793524 86070936 170287853 1071675501 3105173573 74444 76541 11845 1242547 
1789437838.181620702	456000000	66	0 41793524 86070936 170287853 1071675501 3105535248 74444 76541 11845 1242547 
1789437838.728597632	456000000	66	0 41793524 86070936 170287853 1071675501 3105900013 74444 76541 11845 1242547 
1789437839.281712791	456000000	66	0 41793524 86070936 170287853 1071675501 3106264792 74444 76541 11845 1242547 
1789437839.826626804	456000000	66	0 41793524 86070936 170287853 1071675501 3106632404 74444 76541 11845 1242547 
1789437840.374878213	456000000	66	0 41793524 86070936 170287853 1071675501 3106996251 74444 76541 11845 1242547 
1789437840.926950924	456000000	66	0 41793524 86070936 170287853 1071675501 3107365477 74444 76541 11845 1242547 
1789437841.477143479	456000000	67	0 41793524 86070936 170287853 1071675501 3107741235 74444 76541 11845 1242547 
1789437842.026956086	456000000	67	0 41793524 86070936 170287853 1071675501 3108099078 74444 76541 11845 1242547 
1789437842.571345723	456000000	66	0 41793524 86070936 170287853 1071675501 3108465316 74444 76541 11845 1242547 
1789437843.121881768	456000000	66	0 41793524 86070936 170287853 1071675501 3108827542 74444 76541 11845 1242547 
1789437843.664843176	456000000	66	0 41793524 86070936 170287853 1071675501 3109190891 74444 76541 11845 1242547 
1789437844.214357918	456000000	66	0 41793524 86070936 170287853 1071675501 3109556582 74444 76541 11845 1242547 
1789437844.762405941	456000000	66	0 41793524 86070936 170287853 1071675501 3109920276 74444 76541 11845 1242547 
1789437845.306336204	456000000	66	0 41793524 86070936 170287853 1071675501 3110283098 74444 76541 11845 1242547 
1789437845.856504436	456000000	66	0 41793524 86070936 170287853 1071675501 3110649864 74444 76541 11845 1242547 
1789437846.409038189	456000000	66	0 41793524 86070936 170287853 1071675501 3111015867 74444 76541 11845 1242547 
1789437846.957489077	456000000	66	0 41793524 86070936 170287853 1071675501 3111380917 74444 76541 11845 1242547 
1789437847.508253819	456000000	66	0 41793524 86070936 170287853 1071675501 3111745621 74444 76541 11845 1242547 
1789437848.058381270	456000000	66	0 41793524 86070936 170287853 1071675501 3112112853 74444 76541 11845 1242547 
1789437848.610804971	456000000	66	0 41793524 86070936 170287853 1071675501 3112475771 74444 76541 11845 1242547 
1789437849.161757994	456000000	66	0 41793524 86070936 170287853 1071675501 3112842617 74444 76541 11845 1242547 
1789437849.709546695	456000000	66	0 41793524 86070936 170287853 1071675501 3113208029 74444 76541 11845 1242547 
1789437850.259253364	456000000	66	0 41793524 86070936 170287853 1071675501 3113577067 74444 76541 11845 1242547 
1789437850.808201127	456000000	66	0 41793524 86070936 170287853 1071675501 3113942995 74444 76541 11845 1242547 
1789437851.358847640	456000000	66	0 41793524 86070936 170287853 1071675501 3114313348 74444 76541 11845 1242547 
1789437851.907111549	456000000	66	0 41793524 86070936 170287853 1071675501 3114672964 74444 76541 11845 1242547 
1789437852.451132280	456000000	66	0 41793524 86070936 170287853 1071675501 3115033804 74444 76541 11845 1242547 
1789437852.999303012	456000000	65	0 41793524 86070936 170287853 1071675501 3115397723 74444 76541 11845 1242547 
1789437853.548024317	456000000	66	0 41793524 86070936 170287853 1071675501 3115763337 74444 76541 11845 1242547 
1789437854.094691454	456000000	66	0 41793524 86070936 170287853 1071675501 3116128007 74444 76541 11845 1242547 
1789437854.643678176	456000000	66	0 41793524 86070936 170287853 1071675501 3116492018 74444 76541 11845 1242547 
1789437855.195763387	456000000	66	0 41793524 86070936 170287853 1071675501 3116857065 74444 76541 11845 1242547 
1789437855.740859118	456000000	66	0 41793524 86070936 170287853 1071675501 3117218916 74444 76541 11845 1242547 
1789437856.285787350	456000000	66	0 41793524 86070936 170287853 1071675501 3117582426 74444 76541 11845 1242547 
1789437856.834874852	456000000	66	0 41793524 86070936 170287853 1071675501 3117943848 74444 76541 11845 1242547 
1789437857.380800636	456000000	66	0 41793524 86070936 170287853 1071675501 3118308461 74444 76541 11845 1242547 
1789437857.928171993	456000000	66	0 41793524 86070936 170287853 1071675501 3118670575 74444 76541 11845 1242547 
1789437858.477421162	456000000	66	0 41793524 86070936 170287853 1071675501 3119036271 74444 76541 11845 1242547 
1789437859.032052571	456000000	66	0 41793524 86070936 170287853 1071675501 3119406191 74444 76541 11845 1242547 
1789437859.579613251	456000000	66	0 41793524 86070936 170287853 1071675501 3119772525 74444 76541 11845 1242547 
1789437860.131563462	456000000	66	0 41793524 86070936 170287853 1071675501 3120136592 74444 76541 11845 1242547 
1789437860.677816433	456000000	66	0 41793524 86070936 170287853 1071675501 3120497691 74444 76541 11845 1242547 
1789437861.227627269	456000000	66	0 41793524 86070936 170287853 1071675501 3120863675 74444 76541 11845 1242547 
1789437861.775360188	456000000	66	0 41793524 86070936 170287853 1071675501 3121223588 74444 76541 11845 1242547 
1789437862.321368524	456000000	66	0 41793524 86070936 170287853 1071675501 3121586199 74444 76541 11845 1242547 
1789437862.873001443	456000000	65	0 41793524 86070936 170287853 1071675501 3121949316 74444 76541 11845 1242547 
1789437863.416872175	456000000	65	0 41793524 86070936 170287853 1071675501 3122315760 74444 76541 11845 1242547 
1789437863.965623948	456000000	66	0 41793524 86070936 170287853 1071675501 3122679040 74444 76541 11845 1242547 
1789437864.512683638	456000000	66	0 41793524 86070936 170287853 1071675501 3123045481 74444 76541 11845 1242547 
1789437865.061191245	456000000	66	0 41793524 86070936 170287853 1071675501 3123406224 74444 76541 11845 1242547 
1789437865.609845674	456000000	66	0 41793524 86070936 170287853 1071675501 3123773339 74444 76541 11845 1242547 
1789437866.162928855	456000000	66	0 41793524 86070936 170287853 1071675501 3124138301 74444 76541 11845 1242547 
1789437866.708440680	456000000	66	0 41793524 86070936 170287853 1071675501 3124498734 74444 76541 11845 1242547 
1789437867.256648807	456000000	66	0 41793524 86070936 170287853 1071675501 3124866987 74444 76541 11845 1242547 
1789437867.807989383	456000000	66	0 41793524 86070936 170287853 1071675501 3125230550 74444 76541 11845 1242547 
1789437868.359494282	456000000	66	0 41793524 86070936 170287853 1071675501 3125598514 74444 76541 11845 1242547 
1789437868.908541836	456000000	66	0 41793524 86070936 170287853 1071675501 3125961475 74444 76541 11845 1242547 
1789437869.452904443	456000000	66	0 41793524 86070936 170287853 1071675501 3126322974 74444 76541 11845 1242547 
1789437870.001302726	456000000	66	0 41793524 86070936 170287853 1071675501 3126686537 74444 76541 11845 1242547 
1789437870.550416635	456000000	66	0 41793524 86070936 170287853 1071675501 3127053376 74444 76541 11845 1242547 
1789437871.100765284	456000000	66	0 41793524 86070936 170287853 1071675501 3127419542 74444 76541 11845 1242547 
1789437871.654147266	456000000	66	0 41793524 86070936 170287853 1071675501 3127795556 74444 76541 11845 1242547 
1789437872.209178780	456000000	66	0 41793524 86070936 170287853 1071675501 3128165444 74444 76541 11845 1242547 
1789437872.760076543	456000000	67	0 41793524 86070936 170287853 1071675501 3128539516 74444 76541 11845 1242547 
1789437873.303869097	456000000	67	0 41793524 86070936 170287853 1071675501 3128911492 74444 76541 11845 1242547 
1789437873.853942694	456000000	67	0 41793524 86070936 170287853 1071675501 3129277528 74444 76541 11845 1242547 
1789437874.401624415	456000000	67	0 41793524 86070936 170287853 1071675501 3129640922 74444 76541 11845 1242547 
1789437874.948263636	456000000	66	0 41793524 86070936 170287853 1071675501 3130005583 74444 76541 11845 1242547 
1789437875.495342440	456000000	66	0 41793524 86070936 170287853 1071675501 3130372344 74444 76541 11845 1242547 
1789437876.044116558	456000000	66	0 41793524 86070936 170287853 1071675501 3130738858 74444 76541 11845 1242547 
1789437876.595179529	456000000	66	0 41793524 86070936 170287853 1071675501 3131100832 74444 76541 11845 1242547 
1789437877.143606928	456000000	66	0 41793524 86070936 170287853 1071675501 3131466323 74444 76541 11845 1242547 
1789437877.691070003	456000000	66	0 41793524 86070936 170287853 1071675501 3131832111 74444 76541 11845 1242547 
1789437878.246332454	456000000	66	0 41793524 86070936 170287853 1071675501 3132200369 74444 76541 11845 1242547 
1789437878.799701624	456000000	66	0 41793524 86070936 170287853 1071675501 3132565537 74444 76541 11845 1242547 
1789437879.344413866	456000000	66	0 41793524 86070936 170287853 1071675501 3132926941 74444 76541 11845 1242547 
1789437879.892397358	456000000	66	0 41793524 86070936 170287853 1071675501 3133287725 74444 76541 11845 1242547 
1789437880.433621891	456000000	66	0 41793524 86070936 170287853 1071675501 3133649794 74444 76541 11845 1242547 
1789437880.985366477	456000000	66	0 41793524 86070936 170287853 1071675501 3134013127 74444 76541 11845 1242547 
1789437881.531327313	456000000	66	0 41793524 86070936 170287853 1071675501 3134372824 74444 76541 11845 1242547 
1789437882.076572836	456000000	66	0 41793524 86070936 170287853 1071675501 3134736201 74444 76541 11845 1242547 
1789437882.625961849	456000000	66	0 41793524 86070936 170287853 1071675501 3135102984 74444 76541 11845 1242547 
1789437883.177885654	456000000	66	0 41793524 86070936 170287853 1071675501 3135465541 74444 76541 11845 1242547 
1789437883.726363156	456000000	66	0 41793524 86070936 170287853 1071675501 3135829861 74444 76541 11845 1242547 
1789437884.273696909	456000000	66	0 41793524 86070936 170287853 1071675501 3136194146 74444 76541 11845 1242547 
1789437884.822351026	456000000	66	0 41793524 86070936 170287853 1071675501 3136555916 74444 76541 11845 1242547 
1789437885.367626497	456000000	66	0 41793524 86070936 170287853 1071675501 3136919664 74444 76541 11845 1242547 
1789437885.920273479	456000000	66	0 41793524 86070936 170287853 1071675501 3137285097 74444 76541 11845 1242547 
1789437886.466684940	456000000	66	0 41793524 86070936 170287853 1071675501 3137646847 74444 76541 11845 1242547 
1789437887.013602807	456000000	66	0 41793524 86070936 170287853 1071675501 3138009884 74444 76541 11845 1242547 
1789437887.558503694	456000000	66	0 41793524 86070936 170287853 1071675501 3138375140 74444 76541 11845 1242547 
1789437888.107695364	456000000	66	0 41793524 86070936 170287853 1071675501 3138740322 74444 76541 11845 1242547 
1789437888.654354741	456000000	66	0 41793524 86070936 170287853 1071675501 3139105052 74444 76541 11845 1242547 
1789437889.201934223	456000000	66	0 41793524 86070936 170287853 1071675501 3139467522 74444 76541 11845 1242547 
1789437889.750305371	456000000	66	0 41793524 86070936 170287853 1071675501 3139831811 74444 76541 11845 1242547 
1789437890.293102717	456000000	66	0 41793524 86070936 170287853 1071675501 3140189975 74444 76541 11845 1242547 
1789437890.837948708	456000000	66	0 41793524 86070936 170287853 1071675501 3140552709 74444 76541 11845 1242547 
1789437891.384989700	456000000	66	0 41793524 86070936 170287853 1071675501 3140917033 74444 76541 11845 1242547 
1789437891.931381005	456000000	66	0 41793524 86070936 170287853 1071675501 3141278826 74444 76541 11845 1242547 
1789437892.481157414	456000000	66	0 41793524 86070936 170287853 1071675501 3141642298 74444 76541 11845 1242547 
1789437893.030055333	456000000	66	0 41793524 86070936 170287853 1071675501 3142013282 74444 76541 11845 1242547 
1789437893.578220856	456000000	67	0 41793524 86070936 170287853 1071675501 3142380867 74444 76541 11845 1242547 
1789437894.126676380	456000000	67	0 41793524 86070936 170287853 1071675501 3142746864 74444 76541 11845 1242547 
1789437894.678864508	456000000	66	0 41793524 86070936 170287853 1071675501 3143110715 74444 76541 11845 1242547 
1789437895.225168937	456000000	66	0 41793524 86070936 170287853 1071675501 3143473326 74444 76541 11845 1242547 
1789437895.774969617	456000000	66	0 41793524 86070936 170287853 1071675501 3143833843 74444 76541 11845 1242547 
1789437896.320944307	456000000	66	0 41793524 86070936 170287853 1071675501 3144196866 74444 76541 11845 1242547 
1789437896.865899621	456000000	66	0 41793524 86070936 170287853 1071675501 3144559463 74444 76541 11845 1242547 
1789437897.412886186	456000000	66	0 41793524 86070936 170287853 1071675501 3144925796 74444 76541 11845 1242547 
1789437897.964107335	456000000	66	0 41793524 86070936 170287853 1071675501 3145292023 74444 76541 11845 1242547 
1789437898.513320775	456000000	66	0 41793524 86070936 170287853 1071675501 3145653843 74444 76541 11845 1242547 
1789437899.064980570	456000000	66	0 41793524 86070936 170287853 1071675501 3146019628 74444 76541 11845 1242547 
1789437899.613945937	456000000	66	0 41793524 86070936 170287853 1071675501 3146383383 74444 76541 11845 1242547 
1789437900.163870367	456000000	66	0 41793524 86070936 170287853 1071675501 3146748485 74444 76541 11845 1242547 
1789437900.708177660	456000000	66	0 41793524 86070936 170287853 1071675501 3147113415 74444 76541 11845 1242547 
1789437901.255314486	456000000	66	0 41793524 86070936 170287853 1071675501 3147480464 74444 76541 11845 1242547 
1789437901.803669280	456000000	66	0 41793524 86070936 170287853 1071675501 3147843980 74444 76541 11845 1242547 
1789437902.354484022	456000000	66	0 41793524 86070936 170287853 1071675501 3148211048 74444 76541 11845 1242547 
1789437902.898830170	456000000	66	0 41793524 86070936 170287853 1071675501 3148572526 74444 76541 11845 1242547 
1789437903.445226162	456000000	66	0 41793524 86070936 170287853 1071675501 3148934681 74444 76541 11845 1242547 
1789437903.988529602	456000000	66	0 41793524 86070936 170287853 1071675501 3149296979 74444 76541 11845 1242547 
1789437904.539021219	456000000	66	0 41793524 86070936 170287853 1071675501 3149657655 74444 76541 11845 1242547 
1789437905.083913201	456000000	66	0 41793524 86070936 170287853 1071675501 3150024627 74444 76541 11845 1242547 
1789437905.635728828	456000000	66	0 41793524 86070936 170287853 1071675501 3150390183 74444 76541 11845 1242547 
1789437906.181827737	456000000	66	0 41793524 86070936 170287853 1071675501 3150748225 74444 76541 11845 1242547 
1789437906.727145135	456000000	66	0 41793524 86070936 170287853 1071675501 3151108663 74444 76541 11845 1242547 
1789437907.275815658	456000000	66	0 41793524 86070936 170287853 1071675501 3151473880 74444 76541 11845 1242547 
1789437907.823462432	456000000	66	0 41793524 86070936 170287853 1071675501 3151837940 74444 76541 11845 1242547 
1789437908.371928580	456000000	66	0 41793524 86070936 170287853 1071675501 3152203893 74444 76541 11845 1242547 
1789437908.924855354	456000000	66	0 41793524 86070936 170287853 1071675501 3152567441 74444 76541 11845 1242547 
1789437909.474135565	456000000	66	0 41793524 86070936 170287853 1071675501 3152930671 74444 76541 11845 1242547 
1789437910.020434421	456000000	66	0 41793524 86070936 170287853 1071675501 3153295509 74444 76541 11845 1242547 
1789437910.570281820	456000000	66	0 41793524 86070936 170287853 1071675501 3153663442 74444 76541 11845 1242547 
1789437911.116638124	456000000	66	0 41793524 86070936 170287853 1071675501 3154029126 74444 76541 11845 1242547 
1789437911.669099429	456000000	66	0 41793524 86070936 170287853 1071675501 3154394865 74444 76541 11845 1242547 
1789437912.218319380	456000000	66	0 41793524 86070936 170287853 1071675501 3154759229 74444 76541 11845 1242547 
1789437912.767428601	456000000	66	0 41793524 86070936 170287853 1071675501 3155124166 74444 76541 11845 1242547 
1789437913.314855010	456000000	66	0 41793524 86070936 170287853 1071675501 3155486685 74444 76541 11845 1242547 
1789437913.864061159	456000000	66	0 41793524 86070936 170287853 1071675501 3155856499 74444 76541 11845 1242547 
1789437914.417280484	456000000	66	0 41793524 86070936 170287853 1071675501 3156230945 74444 76541 11845 1242547 
1789437914.972826790	456000000	67	0 41793524 86070936 170287853 1071675501 3156618242 74444 76541 11845 1242547 
1789437915.532240700	456000000	68	0 41793524 86070936 170287853 1071675501 3156994687 74444 76541 11845 1242547 
1789437916.081147942	456000000	68	0 41793524 86070936 170287853 1071675501 3157356786 74444 76541 11845 1242547 
1789437916.625009038	456000000	66	0 41793524 86070936 170287853 1071675501 3157717920 74444 76541 11845 1242547 
1789437917.170310238	456000000	66	0 41793524 86070936 170287853 1071675501 3158081183 74444 76541 11845 1242547 
1789437917.721693209	456000000	66	0 41793524 86070936 170287853 1071675501 3158444021 74444 76541 11845 1242547 
1789437918.264927378	456000000	66	0 41793524 86070936 170287853 1071675501 3158810362 74444 76541 11845 1242547 
1789437918.813239620	456000000	66	0 41793524 86070936 170287853 1071675501 3159172500 74444 76541 11845 1242547 
1789437919.363881863	456000000	66	0 41793524 86070936 170287853 1071675501 3159534862 74444 76541 11845 1242547 
1789437919.907862125	456000000	66	0 41793524 86070936 170287853 1071675501 3159895457 74444 76541 11845 1242547 
1789437920.456586242	456000000	66	0 41793524 86070936 170287853 1071675501 3160261382 74444 76541 11845 1242547 
1789437921.007247026	456000000	66	0 41793524 86070936 170287853 1071675501 3160624072 74444 76541 11845 1242547 
1789437921.557343227	456000000	66	0 41793524 86070936 170287853 1071675501 3160991238 74444 76541 11845 1242547 
1789437922.103753386	456000000	66	0 41793524 86070936 170287853 1071675501 3161353676 74444 76541 11845 1242547 
1789437922.649413700	456000000	66	0 41793524 86070936 170287853 1071675501 3161720783 74444 76541 11845 1242547 
1789437923.201206932	456000000	66	0 41793524 86070936 170287853 1071675501 3162085536 74444 76541 11845 1242547 
1789437923.746351101	456000000	66	0 41793524 86070936 170287853 1071675501 3162445884 74444 76541 11845 1242547 
1789437924.294989229	456000000	66	0 41793524 86070936 170287853 1071675501 3162808103 74444 76541 11845 1242547 
1789437924.843564440	456000000	66	0 41793524 86070936 170287853 1071675501 3163171973 74444 76541 11845 1242547 
1789437925.391479390	456000000	66	0 41793524 86070936 170287853 1071675501 3163538012 74444 76541 11845 1242547 
1789437925.944372154	456000000	66	0 41793524 86070936 170287853 1071675501 3163903317 74444 76541 11845 1242547 
1789437926.497339917	456000000	66	0 41793524 86070936 170287853 1071675501 3164272364 74444 76541 11845 1242547 
1789437927.048858357	456000000	66	0 41793524 86070936 170287853 1071675501 3164638043 74444 76541 11845 1242547 
1789437927.605010184	456000000	66	0 41793524 86070936 170287853 1071675501 3165003220 74444 76541 11845 1242547 
1789437928.157073312	456000000	66	0 41793524 86070936 170287853 1071675501 3165370029 74444 76541 11845 1242547 
1789437928.706450450	456000000	66	0 41793524 86070936 170287853 1071675501 3165730720 74444 76541 11845 1242547 
1789437929.252247848	456000000	66	0 41793524 86070936 170287853 1071675501 3166095824 74444 76541 11845 1242547 
1789437929.805354413	456000000	66	0 41793524 86070936 170287853 1071675501 3166461959 74444 76541 11845 1242547 
1789437930.361401552	456000000	66	0 41793524 86070936 170287853 1071675501 3166829738 74444 76541 11845 1242547 
1789437930.912232388	456000000	66	0 41793524 86070936 170287853 1071675501 3167195146 74444 76541 11845 1242547 
1789437931.462707078	456000000	66	0 41793524 86070936 170287853 1071675501 3167559769 74444 76541 11845 1242547 
1789437932.011344945	456000000	66	0 41793524 86070936 170287853 1071675501 3167922894 74444 76541 11845 1242547 
1789437932.559115000	456000000	66	0 41793524 86070936 170287853 1071675501 3168285718 74444 76541 11845 1242547 
1789437933.108625471	456000000	66	0 41793524 86070936 170287853 1071675501 3168646299 74444 76541 11845 1242547 
1789437933.652830942	456000000	66	0 41793524 86070936 170287853 1071675501 3169008238 74444 76541 11845 1242547 
1789437934.197983080	456000000	66	0 41793524 86070936 170287853 1071675501 3169371756 74444 76541 11845 1242547 
1789437934.745784749	456000000	66	0 41793524 86070936 170287853 1071675501 3169736320 74444 76541 11845 1242547 
1789437935.295621887	456000000	66	0 41793524 86070936 170287853 1071675501 3170101455 74444 76541 11845 1242547 
1789437935.845407046	456000000	66	0 41793524 86070936 170287853 1071675501 3170475015 74444 76541 11845 1242547 
1789437936.395635330	456000000	66	0 41793524 86070936 170287853 1071675501 3170849693 74444 76541 11845 1242547 
1789437936.942513093	456000000	68	0 41793524 86070936 170287853 1071675501 3171227570 74444 76541 11845 1242547 
1789437937.490230231	456000000	68	0 41793524 86070936 170287853 1071675501 3171603011 74444 76541 11845 1242547 
1789437938.039033619	456000000	68	0 41793524 86070936 170287853 1071675501 3171968693 74444 76541 11845 1242547 
1789437938.590855393	456000000	66	0 41793524 86070936 170287853 1071675501 3172336249 74444 76541 11845 1242547 
1789437939.138234666	456000000	66	0 41793524 86070936 170287853 1071675501 3172697760 74444 76541 11845 1242547 
1789437939.693286804	456000000	66	0 41793524 86070936 170287853 1071675501 3173065706 74444 76541 11845 1242547 
1789437940.242682745	456000000	66	0 41793524 86070936 170287853 1071675501 3173432150 74444 76541 11845 1242547 
1789437940.795320560	456000000	66	0 41793524 86070936 170287853 1071675501 3173793662 74444 76541 11845 1242547 
1789437941.339920614	456000000	66	0 41793524 86070936 170287853 1071675501 3174154168 74444 76541 11845 1242547 
1789437941.892696867	456000000	66	0 41793524 86070936 170287853 1071675501 3174522726 74444 76541 11845 1242547 
1789437942.447587548	456000000	66	0 41793524 86070936 170287853 1071675501 3174890805 74444 76541 11845 1242547 
1789437942.995175675	456000000	66	0 41793524 86070936 170287853 1071675501 3175253465 74444 76541 11845 1242547 
1789437943.548768022	456000000	66	0 41793524 86070936 170287853 1071675501 3175619106 74444 76541 11845 1242547 
1789437944.096532347	456000000	66	0 41793524 86070936 170287853 1071675501 3175984965 74444 76541 11845 1242547 
1789437944.645173912	456000000	66	0 41793524 86070936 170287853 1071675501 3176354017 74444 76541 11845 1242547 
1789437945.198009488	456000000	66	0 41793524 86070936 170287853 1071675501 3176718765 74444 76541 11845 1242547 
1789437945.746004335	456000000	66	0 41793524 86070936 170287853 1071675501 3177085242 74444 76541 11845 1242547 
1789437946.299981161	456000000	66	0 41793524 86070936 170287853 1071675501 3177448959 74444 76541 11845 1242547 
1789437946.847527778	456000000	66	0 41793524 86070936 170287853 1071675501 3177812636 74444 76541 11845 1242547 
1789437947.394809134	456000000	66	0 41793524 86070936 170287853 1071675501 3178175346 74444 76541 11845 1242547 
1789437947.940698355	456000000	66	0 41793524 86070936 170287853 1071675501 3178545866 74444 76541 11845 1242547 
1789437948.497068150	456000000	66	0 41793524 86070936 170287853 1071675501 3178909152 74444 76541 11845 1242547 
1789437949.048464559	456000000	66	0 41793524 86070936 170287853 1071675501 3179274399 74444 76541 11845 1242547 
1789437949.596000239	456000000	66	0 41793524 86070936 170287853 1071675501 3179639272 74444 76541 11845 1242547 
1789437950.146302742	456000000	66	0 41793524 86070936 170287853 1071675501 3180003944 74444 76541 11845 1242547 
1789437950.694602067	456000000	66	0 41793524 86070936 170287853 1071675501 3180364751 74444 76541 11845 1242547 
1789437951.244715664	456000000	66	0 41793524 86070936 170287853 1071675501 3180731742 74444 76541 11845 1242547 
1789437951.797261083	456000000	66	0 41793524 86070936 170287853 1071675501 3181099054 74444 76541 11845 1242547 
1789437952.347629107	456000000	66	0 41793524 86070936 170287853 1071675501 3181463179 74444 76541 11845 1242547 
1789437952.902132495	456000000	66	0 41793524 86070936 170287853 1071675501 3181827138 74444 76541 11845 1242547 
1789437953.447578591	456000000	66	0 41793524 86070936 170287853 1071675501 3182191492 74444 76541 11845 1242547 
1789437953.996440729	456000000	66	0 41793524 86070936 170287853 1071675501 3182552417 74444 76541 11845 1242547 
1789437954.542115680	456000000	66	0 41793524 86070936 170287853 1071675501 3182915562 74444 76541 11845 1242547 
1789437955.090018599	456000000	66	0 41793524 86070936 170287853 1071675501 3183281101 74444 76541 11845 1242547 
1789437955.641010320	456000000	66	0 41793524 86070936 170287853 1071675501 3183646224 74444 76541 11845 1242547 
1789437956.190705219	456000000	66	0 41793524 86070936 170287853 1071675501 3184010660 74444 76541 11845 1242547 
1789437956.740650065	456000000	66	0 41793524 86070936 170287853 1071675501 3184382562 74444 76541 11845 1242547 
1789437957.292465954	456000000	66	0 41793524 86070936 170287853 1071675501 3184766981 74444 76541 11845 1242547 
1789437957.843077102	456000000	68	0 41793524 86070936 170287853 1071675501 3185130004 74444 76541 11845 1242547 
1789437958.391729396	456000000	68	0 41793524 86070936 170287853 1071675501 3185497981 74444 76541 11845 1242547 
1789437958.941508618	456000000	66	0 41793524 86070936 170287853 1071675501 3185861529 74444 76541 11845 1242547 
1789437959.491234610	456000000	66	0 41793524 86070936 170287853 1071675501 3186228839 74444 76541 11845 1242547 
1789437960.042183832	456000000	66	0 41793524 86070936 170287853 1071675501 3186592415 74444 76541 11845 1242547 
1789437960.594901751	456000000	66	0 41793524 86070936 170287853 1071675501 3186959146 74444 76541 11845 1242547 
1789437961.143486077	456000000	66	0 41793524 86070936 170287853 1071675501 3187322864 74444 76541 11845 1242547 
1789437961.693410350	456000000	66	0 41793524 86070936 170287853 1071675501 3187688545 74444 76541 11845 1242547 
1789437962.241637436	456000000	66	0 41793524 86070936 170287853 1071675501 3188051015 74444 76541 11845 1242547 
1789437962.791491137	456000000	66	0 41793524 86070936 170287853 1071675501 3188416544 74444 76541 11845 1242547 
1789437963.339017337	456000000	66	0 41793524 86070936 170287853 1071675501 3188783761 74444 76541 11845 1242547 
1789437963.887736038	456000000	66	0 41793524 86070936 170287853 1071675501 3189146484 74444 76541 11845 1242547 
1789437964.435363540	456000000	66	0 41793524 86070936 170287853 1071675501 3189513161 74444 76541 11845 1242547 
1789437964.982643907	456000000	66	0 41793524 86070936 170287853 1071675501 3189875689 74444 76541 11845 1242547 
1789437965.530029430	456000000	66	0 41793524 86070936 170287853 1071675501 3190237727 74444 76541 11845 1242547 
1789437966.081113652	456000000	66	0 41793524 86070936 170287853 1071675501 3190606572 74444 76541 11845 1242547 
1789437966.627772040	456000000	66	0 41793524 86070936 170287853 1071675501 3190967930 74444 76541 11845 1242547 
1789437967.175181417	456000000	66	0 41793524 86070936 170287853 1071675501 3191331130 74444 76541 11845 1242547 
1789437967.729917983	456000000	66	0 41793524 86070936 170287853 1071675501 3191697175 74444 76541 11845 1242547 
1789437968.278519444	456000000	66	0 41793524 86070936 170287853 1071675501 3192064438 74444 76541 11845 1242547 
1789437968.831660905	456000000	65	0 41793524 86070936 170287853 1071675501 3192425387 74444 76541 11845 1242547 
1789437969.379035855	456000000	65	0 41793524 86070936 170287853 1071675501 3192793955 74444 76541 11845 1242547 
1789437969.928422629	456000000	66	0 41793524 86070936 170287853 1071675501 3193154774 74444 76541 11845 1242547 
1789437970.476066173	456000000	66	0 41793524 86070936 170287853 1071675501 3193517780 74444 76541 11845 1242547 
1789437971.020312217	456000000	66	0 41793524 86070936 170287853 1071675501 3193877758 74444 76541 11845 1242547 
1789437971.567887063	456000000	66	0 41793524 86070936 170287853 1071675501 3194245143 74444 76541 11845 1242547 
1789437972.117832847	456000000	66	0 41793524 86070936 170287853 1071675501 3194609026 74444 76541 11845 1242547 
1789437972.667995089	456000000	66	0 41793524 86070936 170287853 1071675501 3194971567 74444 76541 11845 1242547 
1789437973.215099467	456000000	66	0 41793524 86070936 170287853 1071675501 3195335307 74444 76541 11845 1242547 
1789437973.761663219	456000000	66	0 41793524 86070936 170287853 1071675501 3195697665 74444 76541 11845 1242547 
1789437974.307577388	456000000	66	0 41793524 86070936 170287853 1071675501 3196057744 74444 76541 11845 1242547 
1789437974.856664526	456000000	66	0 41793524 86070936 170287853 1071675501 3196421753 74444 76541 11845 1242547 
1789437975.404826977	456000000	66	0 41793524 86070936 170287853 1071675501 3196787111 74444 76541 11845 1242547 
1789437975.953035885	456000000	66	0 41793524 86070936 170287853 1071675501 3197148662 74444 76541 11845 1242547 
1789437976.500950263	456000000	66	0 41793524 86070936 170287853 1071675501 3197516072 74444 76541 11845 1242547 
1789437977.049735786	456000000	66	0 41793524 86070936 170287853 1071675501 3197878854 74444 76541 11845 1242547 
1789437977.593738184	456000000	66	0 41793524 86070936 170287853 1071675501 3198240902 74444 76541 11845 1242547 
1789437978.142013499	456000000	66	0 41793524 86070936 170287853 1071675501 3198607219 74444 76541 11845 1242547 
1789437978.694527617	456000000	67	0 41793524 86070936 170287853 1071675501 3198983741 74444 76541 11845 1242547 
1789437979.242007151	456000000	67	0 41793524 86070936 170287853 1071675501 3199357127 74444 76541 11845 1242547 
1789437979.792286997	456000000	68	0 41793524 86070936 170287853 1071675501 3199740269 74444 76541 11845 1242547 
1789437980.338947676	456000000	68	0 41793524 86070936 170287853 1071675501 3200109046 74444 76541 11845 1242547 
1789437980.883024866	456000000	68	0 41793524 86070936 170287853 1071675501 3200472737 74444 76541 11845 1242547 
1789437981.431182733	456000000	68	0 41793524 86070936 170287853 1071675501 3200842304 74444 76541 11845 1242547 
1789437981.988061903	456000000	66	0 41793524 86070936 170287853 1071675501 3201203227 74444 76541 11845 1242547 
1789437982.536162427	456000000	66	0 41793524 86070936 170287853 1071675501 3201566211 74444 76541 11845 1242547 
1789437983.084891492	456000000	66	0 41793524 86070936 170287853 1071675501 3201933562 74444 76541 11845 1242547 
1789437983.632361494	456000000	66	0 41793524 86070936 170287853 1071675501 3202295536 74444 76541 11845 1242547 
1789437984.181966757	456000000	66	0 41793524 86070936 170287853 1071675501 3202659870 74444 76541 11845 1242547 
1789437984.727677437	456000000	66	0 41793524 86070936 170287853 1071675501 3203024019 74444 76541 11845 1242547 
1789437985.284411711	456000000	66	0 41793524 86070936 170287853 1071675501 3203396797 74444 76541 11845 1242547 
1789437985.828437807	456000000	66	0 41793524 86070936 170287853 1071675501 3203761006 74444 76541 11845 1242547 
1789437986.377735309	456000000	66	0 41793524 86070936 170287853 1071675501 3204127306 74444 76541 11845 1242547 
1789437986.928129010	456000000	66	0 41793524 86070936 170287853 1071675501 3204492121 74444 76541 11845 1242547 
1789437987.476355210	456000000	66	0 41793524 86070936 170287853 1071675501 3204853580 74444 76541 11845 1242547 
1789437988.021569952	456000000	66	0 41793524 86070936 170287853 1071675501 3205216213 74444 76541 11845 1242547 
1789437988.571899382	456000000	66	0 41793524 86070936 170287853 1071675501 3205582054 74444 76541 11845 1242547 
1789437989.117827093	456000000	66	0 41793524 86070936 170287853 1071675501 3205947230 74444 76541 11845 1242547 
1789437989.662943137	456000000	66	0 41793524 86070936 170287853 1071675501 3206309433 74444 76541 11845 1242547 
1789437990.205644649	456000000	66	0 41793524 86070936 170287853 1071675501 3206670642 74444 76541 11845 1242547 
1789437990.752952412	456000000	66	0 41793524 86070936 170287853 1071675501 3207033574 74444 76541 11845 1242547 
1789437991.298804029	456000000	66	0 41793524 86070936 170287853 1071675501 3207395311 74444 76541 11845 1242547 
1789437991.849215125	456000000	66	0 41793524 86070936 170287853 1071675501 3207762542 74444 76541 11845 1242547 
1789437992.397916846	456000000	66	0 41793524 86070936 170287853 1071675501 3208130999 74444 76541 11845 1242547 
1789437992.943893359	456000000	66	0 41793524 86070936 170287853 1071675501 3208494805 74444 76541 11845 1242547 
1789437993.497041071	456000000	66	0 41793524 86070936 170287853 1071675501 3208862295 74444 76541 11845 1242547 
1789437994.041839562	456000000	66	0 41793524 86070936 170287853 1071675501 3209226721 74444 76541 11845 1242547 
1789437994.592089096	456000000	66	0 41793524 86070936 170287853 1071675501 3209595162 74444 76541 11845 1242547 
1789437995.141608161	456000000	66	0 41793524 86070936 170287853 1071675501 3209956771 74444 76541 11845 1242547 
1789437995.689530039	456000000	66	0 41793524 86070936 170287853 1071675501 3210321972 74444 76541 11845 1242547 
1789437996.238010042	456000000	66	0 41793524 86070936 170287853 1071675501 3210683561 74444 76541 11845 1242547 
1789437996.781926398	456000000	66	0 41793524 86070936 170287853 1071675501 3211047687 74444 76541 11845 1242547 
1789437997.332148588	456000000	66	0 41793524 86070936 170287853 1071675501 3211414783 74444 76541 11845 1242547 
1789437997.884791247	456000000	66	0 41793524 86070936 170287853 1071675501 3211778989 74444 76541 11845 1242547 
1789437998.436113698	456000000	66	0 41793524 86070936 170287853 1071675501 3212143505 74444 76541 11845 1242547 
1789437998.984126305	456000000	66	0 41793524 86070936 170287853 1071675501 3212506782 74444 76541 11845 1242547 
1789437999.534040162	456000000	66	0 41793524 86070936 170287853 1071675501 3212881330 74444 76541 11845 1242547 
1789438000.090940530	456000000	66	0 41793524 86070936 170287853 1071675501 3213259845 74444 76541 11845 1242547 
1789438000.641473189	456000000	67	0 41793524 86070936 170287853 1071675501 3213621264 74444 76541 11845 1242547 
1789438001.184959753	456000000	67	0 41793524 86070936 170287853 1071675501 3213981618 74444 76541 11845 1242547 
1789438001.735102100	456000000	66	0 41793524 86070936 170287853 1071675501 3214342713 74444 76541 11845 1242547 
1789438002.281803821	456000000	66	0 41793524 86070936 170287853 1071675501 3214709503 74444 76541 11845 1242547 
1789438002.833528824	456000000	66	0 41793524 86070936 170287853 1071675501 3215070278 74444 76541 11845 1242547 
1789438003.380629555	456000000	66	0 41793524 86070936 170287853 1071675501 3215433218 74444 76541 11845 1242547 
1789438003.928450495	456000000	66	0 41793524 86070936 170287853 1071675501 3215799914 74444 76541 11845 1242547 
1789438004.480063519	456000000	66	0 41793524 86070936 170287853 1071675501 3216167847 74444 76541 11845 1242547 
1789438005.034930866	456000000	66	0 41793524 86070936 170287853 1071675501 3216529343 74444 76541 11845 1242547 
1789438005.587143421	456000000	66	0 41793524 86070936 170287853 1071675501 3216896228 74444 76541 11845 1242547 
1789438006.132132433	456000000	66	0 41793524 86070936 170287853 1071675501 3217258855 74444 76541 11845 1242547 
1789438006.676578998	456000000	66	0 41793524 86070936 170287853 1071675501 3217620121 74444 76541 11845 1242547 
1789438007.221401969	456000000	66	0 41793524 86070936 170287853 1071675501 3217981171 74444 76541 11845 1242547 
1789438007.765769836	456000000	66	0 41793524 86070936 170287853 1071675501 3218342567 74444 76541 11845 1242547 
1789438008.306641713	456000000	66	0 41793524 86070936 170287853 1071675501 3218703480 74444 76541 11845 1242547 
1789438008.858694580	456000000	66	0 41793524 86070936 170287853 1071675501 3219070271 74444 76541 11845 1242547 
1789438009.410890312	456000000	66	0 41793524 86070936 170287853 1071675501 3219433476 74444 76541 11845 1242547 
1789438009.951118178	456000000	66	0 41793524 86070936 170287853 1071675501 3219791510 74444 76541 11845 1242547 
1789438010.496314274	456000000	66	0 41793524 86070936 170287853 1071675501 3220155615 74444 76541 11845 1242547 
1789438011.043467610	456000000	66	0 41793524 86070936 170287853 1071675501 3220521323 74444 76541 11845 1242547 
1789438011.599282770	456000000	66	0 41793524 86070936 170287853 1071675501 3220885062 74444 76541 11845 1242547 
1789438012.149025116	456000000	66	0 41793524 86070936 170287853 1071675501 3221249152 74444 76541 11845 1242547 
1789438012.696391629	456000000	66	0 41793524 86070936 170287853 1071675501 3221614255 74444 76541 11845 1242547 
1789438013.245172830	456000000	66	0 41793524 86070936 170287853 1071675501 3221977599 74444 76541 11845 1242547 
1789438013.796728509	456000000	66	0 41793524 86070936 170287853 1071675501 3222341532 74444 76541 11845 1242547 
1789438014.340478095	456000000	66	0 41793524 86070936 170287853 1071675501 3222702951 74444 76541 11845 1242547 
1789438014.888019295	456000000	66	0 41793524 86070936 170287853 1071675501 3223065805 74444 76541 11845 1242547 
1789438015.438752111	456000000	66	0 41793524 86070936 170287853 1071675501 3223432004 74444 76541 11845 1242547 
1789438015.982444196	456000000	66	0 41793524 86070936 170287853 1071675501 3223797059 74444 76541 11845 1242547 
1789438016.532058105	456000000	66	0 41793524 86070936 170287853 1071675501 3224157350 74444 76541 11845 1242547 
1789438017.076679670	456000000	66	0 41793524 86070936 170287853 1071675501 3224522620 74444 76541 11845 1242547 
1789438017.627738058	456000000	66	0 41793524 86070936 170287853 1071675501 3224889804 74444 76541 11845 1242547 
1789438018.178831081	456000000	66	0 41793524 86070936 170287853 1071675501 3225252495 74444 76541 11845 1242547 
1789438018.726126448	456000000	66	0 41793524 86070936 170287853 1071675501 3225620902 74444 76541 11845 1242547 
1789438019.278237024	456000000	66	0 41793524 86070936 170287853 1071675501 3225980405 74444 76541 11845 1242547 
1789438019.824482131	456000000	66	0 41793524 86070936 170287853 1071675501 3226344190 74444 76541 11845 1242547 
1789438020.374302811	456000000	66	0 41793524 86070936 170287853 1071675501 3226709672 74444 76541 11845 1242547 
1789438020.922609532	456000000	66	0 41793524 86070936 170287853 1071675501 3227078026 74444 76541 11845 1242547 
1789438021.471857243	456000000	66	0 41793524 86070936 170287853 1071675501 3227450773 74444 76541 11845 1242547 
1789438022.021143704	456000000	67	0 41793524 86070936 170287853 1071675501 3227812139 74444 76541 11845 1242547 
1789438022.574464905	456000000	65	0 41793524 86070936 170287853 1071675501 3228179074 74444 76541 11845 1242547 
1789438023.120657407	456000000	65	0 41793524 86070936 170287853 1071675501 3228539052 74444 76541 11845 1242547 
1789438023.668714962	456000000	66	0 41793524 86070936 170287853 1071675501 3228901680 74444 76541 11845 1242547 
1789438024.218136058	456000000	66	0 41793524 86070936 170287853 1071675501 3229271605 74444 76541 11845 1242547 
1789438024.767584915	456000000	66	0 41793524 86070936 170287853 1071675501 3229632956 74444 76541 11845 1242547 
1789438025.314859240	456000000	66	0 41793524 86070936 170287853 1071675501 3229999745 74444 76541 11845 1242547 
1789438025.865309399	456000000	66	0 41793524 86070936 170287853 1071675501 3230363636 74444 76541 11845 1242547 
1789438026.414538881	456000000	66	0 41793524 86070936 170287853 1071675501 3230725818 74444 76541 11845 1242547 
1789438026.960972165	456000000	66	0 41793524 86070936 170287853 1071675501 3231091090 74444 76541 11845 1242547 
1789438027.509166178	456000000	66	0 41793524 86070936 170287853 1071675501 3231455264 74444 76541 11845 1242547 
1789438028.061422274	456000000	66	0 41793524 86070936 170287853 1071675501 3231822780 74444 76541 11845 1242547 
1789438028.609574048	456000000	66	0 41793524 86070936 170287853 1071675501 3232187415 74444 76541 11845 1242547 
1789438029.158099831	456000000	66	0 41793524 86070936 170287853 1071675501 3232554141 74444 76541 11845 1242547 
1789438029.705993480	456000000	66	0 41793524 86070936 170287853 1071675501 3232913190 74444 76541 11845 1242547 
1789438030.253100722	456000000	66	0 41793524 86070936 170287853 1071675501 3233276425 74444 76541 11845 1242547 
1789438030.802051141	456000000	66	0 41793524 86070936 170287853 1071675501 3233641176 74444 76541 11845 1242547 
1789438031.355196352	456000000	66	0 41793524 86070936 170287853 1071675501 3234009976 74444 76541 11845 1242547 
1789438031.908987970	456000000	66	0 41793524 86070936 170287853 1071675501 3234377973 74444 76541 11845 1242547 
1789438032.458782400	456000000	66	0 41793524 86070936 170287853 1071675501 3234741532 74444 76541 11845 1242547 
1789438033.003959329	456000000	66	0 41793524 86070936 170287853 1071675501 3235105372 74444 76541 11845 1242547 
1789438033.552063082	456000000	66	0 41793524 86070936 170287853 1071675501 3235471763 74444 76541 11845 1242547 
1789438034.103136105	456000000	66	0 41793524 86070936 170287853 1071675501 3235832341 74444 76541 11845 1242547 
1789438034.652005379	456000000	66	0 41793524 86070936 170287853 1071675501 3236198054 74444 76541 11845 1242547 
1789438035.197954548	456000000	66	0 41793524 86070936 170287853 1071675501 3236560652 74444 76541 11845 1242547 
1789438035.746353248	456000000	66	0 41793524 86070936 170287853 1071675501 3236924261 74444 76541 11845 1242547 
1789438036.288589135	456000000	66	0 41793524 86070936 170287853 1071675501 3237284267 74444 76541 11845 1242547 
1789438036.834963721	456000000	66	0 41793524 86070936 170287853 1071675501 3237648301 74444 76541 11845 1242547 
1789438037.385845495	456000000	66	0 41793524 86070936 170287853 1071675501 3238010682 74444 76541 11845 1242547 
1789438037.931333518	456000000	66	0 41793524 86070936 170287853 1071675501 3238375120 74444 76541 11845 1242547 
1789438038.479263000	456000000	66	0 41793524 86070936 170287853 1071675501 3238737284 74444 76541 11845 1242547 
1789438039.028089044	456000000	66	0 41793524 86070936 170287853 1071675501 3239099032 74444 76541 11845 1242547 
1789438039.574216963	456000000	66	0 41793524 86070936 170287853 1071675501 3239464596 74444 76541 11845 1242547 
1789438040.125009726	456000000	66	0 41793524 86070936 170287853 1071675501 3239831184 74444 76541 11845 1242547 
1789438040.676513843	456000000	66	0 41793524 86070936 170287853 1071675501 3240195149 74444 76541 11845 1242547 
1789438041.224401971	456000000	66	0 41793524 86070936 170287853 1071675501 3240557965 74444 76541 11845 1242547 
1789438041.773792755	456000000	66	0 41793524 86070936 170287853 1071675501 3240924296 74444 76541 11845 1242547 
1789438042.324805570	456000000	66	0 41793524 86070936 170287853 1071675501 3241298936 74444 76541 11845 1242547 
1789438042.882822917	456000000	66	0 41793524 86070936 170287853 1071675501 3241673925 74444 76541 11845 1242547 
1789438043.430039326	456000000	66	0 41793524 86070936 170287853 1071675501 3242050761 74444 76541 11845 1242547 
1789438043.978085214	456000000	68	0 41793524 86070936 170287853 1071675501 3242413152 74444 76541 11845 1242547 
1789438044.523545112	456000000	66	0 41793524 86070936 170287853 1071675501 3242776792 74444 76541 11845 1242547 
1789438045.073021677	456000000	66	0 41793524 86070936 170287853 1071675501 3243141558 74444 76541 11845 1242547 
1789438045.620983711	456000000	66	0 41793524 86070936 170287853 1071675501 3243506644 74444 76541 11845 1242547 
1789438046.169022151	456000000	66	0 41793524 86070936 170287853 1071675501 3243866682 74444 76541 11845 1242547 
1789438046.715949080	456000000	66	0 41793524 86070936 170287853 1071675501 3244228641 74444 76541 11845 1242547 
1789438047.264636427	456000000	66	0 41793524 86070936 170287853 1071675501 3244596499 74444 76541 11845 1242547 
1789438047.815953096	456000000	66	0 41793524 86070936 170287853 1071675501 3244964357 74444 76541 11845 1242547 
1789438048.368077214	456000000	66	0 41793524 86070936 170287853 1071675501 3245327783 74444 76541 11845 1242547 
1789438048.921018467	456000000	66	0 41793524 86070936 170287853 1071675501 3245694559 74444 76541 11845 1242547 
1789438049.468681907	456000000	66	0 41793524 86070936 170287853 1071675501 3246056836 74444 76541 11845 1242547 
1789438050.014692274	456000000	66	0 41793524 86070936 170287853 1071675501 3246417049 74444 76541 11845 1242547 
1789438050.560487797	456000000	66	0 41793524 86070936 170287853 1071675501 3246778527 74444 76541 11845 1242547 
1789438051.106286393	456000000	66	0 41793524 86070936 170287853 1071675501 3247141039 74444 76541 11845 1242547 
1789438051.652646447	456000000	66	0 41793524 86070936 170287853 1071675501 3247507117 74444 76541 11845 1242547 
1789438052.196935095	456000000	66	0 41793524 86070936 170287853 1071675501 3247867784 74444 76541 11845 1242547 
1789438052.741890462	456000000	66	0 41793524 86070936 170287853 1071675501 3248233938 74444 76541 11845 1242547 
1789438053.289724631	456000000	66	0 41793524 86070936 170287853 1071675501 3248597827 74444 76541 11845 1242547 
1789438053.838146925	456000000	66	0 41793524 86070936 170287853 1071675501 3248959819 74444 76541 11845 1242547 
1789438054.382293803	456000000	66	0 41793524 86070936 170287853 1071675501 3249322948 74444 76541 11845 1242547 
1789438054.933246253	456000000	66	0 41793524 86070936 170287853 1071675501 3249687590 74444 76541 11845 1242547 
1789438055.482347923	456000000	66	0 41793524 86070936 170287853 1071675501 3250047342 74444 76541 11845 1242547 
1789438056.027129852	456000000	66	0 41793524 86070936 170287853 1071675501 3250412360 74444 76541 11845 1242547 
1789438056.580864855	456000000	66	0 41793524 86070936 170287853 1071675501 3250777016 74444 76541 11845 1242547 
1789438057.133593816	456000000	66	0 41793524 86070936 170287853 1071675501 3251144240 74444 76541 11845 1242547 
1789438057.681000694	456000000	66	0 41793524 86070936 170287853 1071675501 3251506441 74444 76541 11845 1242547 
1789438058.226131113	456000000	66	0 41793524 86070936 170287853 1071675501 3251872493 74444 76541 11845 1242547 
1789438058.775492990	456000000	66	0 41793524 86070936 170287853 1071675501 3252235417 74444 76541 11845 1242547 
1789438059.323217628	456000000	66	0 41793524 86070936 170287853 1071675501 3252598991 74444 76541 11845 1242547 
1789438059.871536276	456000000	66	0 41793524 86070936 170287853 1071675501 3252960431 74444 76541 11845 1242547 
1789438060.421367946	456000000	66	0 41793524 86070936 170287853 1071675501 3253329628 74444 76541 11845 1242547 
1789438060.968291073	456000000	66	0 41793524 86070936 170287853 1071675501 3253693254 74444 76541 11845 1242547 
1789438061.519058524	456000000	66	0 41793524 86070936 170287853 1071675501 3254059786 74444 76541 11845 1242547 
1789438062.066290037	456000000	66	0 41793524 86070936 170287853 1071675501 3254420643 74444 76541 11845 1242547 
1789438062.610567174	456000000	66	0 41793524 86070936 170287853 1071675501 3254791860 74444 76541 11845 1242547 
1789438063.160732802	456000000	66	0 41793524 86070936 170287853 1071675501 3255175254 74444 76541 11845 1242547 
1789438063.711383742	456000000	69	0 41793524 86070936 170287853 1071675501 3255556655 74444 76541 11845 1242547 
1789438064.260158849	456000000	69	0 41793524 86070936 170287853 1071675501 3255932542 74444 76541 11845 1242547 
1789438064.804929164	456000000	68	0 41793524 86070936 170287853 1071675501 3256294487 74444 76541 11845 1242547 
1789438065.352480833	456000000	68	0 41793524 86070936 170287853 1071675501 3256659145 74444 76541 11845 1242547 
1789438065.898326096	456000000	66	0 41793524 86070936 170287853 1071675501 3257024652 74444 76541 11845 1242547 
1789438066.446801463	456000000	66	0 41793524 86070936 170287853 1071675501 3257388189 74444 76541 11845 1242547 
1789438066.994676726	456000000	66	0 41793524 86070936 170287853 1071675501 3257752762 74444 76541 11845 1242547 
1789438067.544212353	456000000	66	0 41793524 86070936 170287853 1071675501 3258118143 74444 76541 11845 1242547 
1789438068.089703397	456000000	66	0 41793524 86070936 170287853 1071675501 3258482719 74444 76541 11845 1242547 
1789438068.637836004	456000000	66	0 41793524 86070936 170287853 1071675501 3258845338 74444 76541 11845 1242547 
1789438069.185191423	456000000	66	0 41793524 86070936 170287853 1071675501 3259209494 74444 76541 11845 1242547 
1789438069.734818509	456000000	66	0 41793524 86070936 170287853 1071675501 3259577268 74444 76541 11845 1242547 
1789438070.286140908	456000000	66	0 41793524 86070936 170287853 1071675501 3259946018 74444 76541 11845 1242547 
1789438070.839424817	456000000	66	0 41793524 86070936 170287853 1071675501 3260311582 74444 76541 11845 1242547 
1789438071.392020497	456000000	66	0 41793524 86070936 170287853 1071675501 3260675330 74444 76541 11845 1242547 
1789438071.942907739	456000000	66	0 41793524 86070936 170287853 1071675501 3261043468 74444 76541 11845 1242547 
1789438072.489284044	456000000	66	0 41793524 86070936 170287853 1071675501 3261409057 74444 76541 11845 1242547 
1789438073.041379151	456000000	66	0 41793524 86070936 170287853 1071675501 3261774086 74444 76541 11845 1242547 
1789438073.594765873	456000000	66	0 41793524 86070936 170287853 1071675501 3262143953 74444 76541 11845 1242547 
1789438074.148556970	456000000	66	0 41793524 86070936 170287853 1071675501 3262510547 74444 76541 11845 1242547 
1789438074.695654420	456000000	66	0 41793524 86070936 170287853 1071675501 3262874972 74444 76541 11845 1242547 
1789438075.248011506	456000000	66	0 41793524 86070936 170287853 1071675501 3263237956 74444 76541 11845 1242547 
1789438075.791572446	456000000	66	0 41793524 86070936 170287853 1071675501 3263600474 74444 76541 11845 1242547 
1789438076.339388386	456000000	66	0 41793524 86070936 170287853 1071675501 3263959156 74444 76541 11845 1242547 
1789438076.884992971	456000000	65	0 41793524 86070936 170287853 1071675501 3264320129 74444 76541 11845 1242547 
1789438077.437425995	456000000	65	0 41793524 86070936 170287853 1071675501 3264688462 74444 76541 11845 1242547 
1789438077.985709123	456000000	66	0 41793524 86070936 170287853 1071675501 3265052608 74444 76541 11845 1242547 
1789438078.533892823	456000000	66	0 41793524 86070936 170287853 1071675501 3265416267 74444 76541 11845 1242547 
1789438079.077581002	456000000	66	0 41793524 86070936 170287853 1071675501 3265773786 74444 76541 11845 1242547 
1789438079.624232932	456000000	66	0 41793524 86070936 170287853 1071675501 3266138472 74444 76541 11845 1242547 
1789438080.176620070	456000000	66	0 41793524 86070936 170287853 1071675501 3266503062 74444 76541 11845 1242547 
1789438080.724456948	456000000	66	0 41793524 86070936 170287853 1071675501 3266869586 74444 76541 11845 1242547 
1789438081.271847992	456000000	66	0 41793524 86070936 170287853 1071675501 3267231477 74444 76541 11845 1242547 
1789438081.822029401	456000000	66	0 41793524 86070936 170287853 1071675501 3267595721 74444 76541 11845 1242547 
1789438082.367767267	456000000	66	0 41793524 86070936 170287853 1071675501 3267959212 74444 76541 11845 1242547 
1789438082.919690604	456000000	66	0 41793524 86070936 170287853 1071675501 3268321636 74444 76541 11845 1242547 
1789438083.468725763	456000000	66	0 41793524 86070936 170287853 1071675501 3268688906 74444 76541 11845 1242547 
1789438084.023863162	456000000	66	0 41793524 86070936 170287853 1071675501 3269055032 74444 76541 11845 1242547 
1789438084.571692383	456000000	66	0 41793524 86070936 170287853 1071675501 3269421037 74444 76541 11845 1242547 
1789438085.117831604	456000000	66	0 41793524 86070936 170287853 1071675501 3269789178 74444 76541 11845 1242547 
1789438085.669092961	456000000	67	0 41793524 86070936 170287853 1071675501 3270163371 74444 76541 11845 1242547 
1789438086.217674526	456000000	67	0 41793524 86070936 170287853 1071675501 3270527189 74444 76541 11845 1242547 
1789438086.767562185	456000000	66	0 41793524 86070936 170287853 1071675501 3270889573 74444 76541 11845 1242547 
1789438087.314163333	456000000	66	0 41793524 86070936 170287853 1071675501 3271251349 74444 76541 11845 1242547 
1789438087.859677450	456000000	66	0 41793524 86070936 170287853 1071675501 3271614869 74444 76541 11845 1242547 
1789438088.410060682	456000000	66	0 41793524 86070936 170287853 1071675501 3271983563 74444 76541 11845 1242547 
1789438088.960583706	456000000	66	0 41793524 86070936 170287853 1071675501 3272346176 74444 76541 11845 1242547 
1789438089.507728968	456000000	66	0 41793524 86070936 170287853 1071675501 3272706066 74444 76541 11845 1242547 
1789438090.055033919	456000000	66	0 41793524 86070936 170287853 1071675501 3273068189 74444 76541 11845 1242547 
1789438090.602284286	456000000	66	0 41793524 86070936 170287853 1071675501 3273432627 74444 76541 11845 1242547 
1789438091.151950851	456000000	66	0 41793524 86070936 170287853 1071675501 3273795749 74444 76541 11845 1242547 
1789438091.698821582	456000000	66	0 41793524 86070936 170287853 1071675501 3274163339 74444 76541 11845 1242547 
1789438092.248724137	456000000	66	0 41793524 86070936 170287853 1071675501 3274523068 74444 76541 11845 1242547 
1789438092.796621900	456000000	65	0 41793524 86070936 170287853 1071675501 3274884750 74444 76541 11845 1242547 
1789438093.347727111	456000000	65	0 41793524 86070936 170287853 1071675501 3275251074 74444 76541 11845 1242547 
1789438093.901256698	456000000	66	0 41793524 86070936 170287853 1071675501 3275615840 74444 76541 11845 1242547 
1789438094.448020763	456000000	66	0 41793524 86070936 170287853 1071675501 3275978479 74444 76541 11845 1242547 
1789438094.994764619	456000000	66	0 41793524 86070936 170287853 1071675501 3276340075 74444 76541 11845 1242547 
1789438095.541641601	456000000	66	0 41793524 86070936 170287853 1071675501 3276700093 74444 76541 11845 1242547 
1789438096.091334312	456000000	66	0 41793524 86070936 170287853 1071675501 3277070108 74444 76541 11845 1242547 
1789438096.636304262	456000000	66	0 41793524 86070936 170287853 1071675501 3277432383 74444 76541 11845 1242547 
1789438097.187818588	456000000	66	0 41793524 86070936 170287853 1071675501 3277798231 74444 76541 11845 1242547 
1789438097.736428278	456000000	66	0 41793524 86070936 170287853 1071675501 3278161365 74444 76541 11845 1242547 
1789438098.281888905	456000000	66	0 41793524 86070936 170287853 1071675501 3278523258 74444 76541 11845 1242547 
1789438098.828244324	456000000	66	0 41793524 86070936 170287853 1071675501 3278888390 74444 76541 11845 1242547 
1789438099.382108442	456000000	66	0 41793524 86070936 170287853 1071675501 3279253792 74444 76541 11845 1242547 
1789438099.934359434	456000000	66	0 41793524 86070936 170287853 1071675501 3279617856 74444 76541 11845 1242547 
1789438100.482754749	456000000	66	0 41793524 86070936 170287853 1071675501 3279982989 74444 76541 11845 1242547 
1789438101.031818033	456000000	66	0 41793524 86070936 170287853 1071675501 3280349867 74444 76541 11845 1242547 
1789438101.581780379	456000000	66	0 41793524 86070936 170287853 1071675501 3280712356 74444 76541 11845 1242547 
1789438102.127207778	456000000	66	0 41793524 86070936 170287853 1071675501 3281078476 74444 76541 11845 1242547 
1789438102.680053770	456000000	66	0 41793524 86070936 170287853 1071675501 3281445049 74444 76541 11845 1242547 
1789438103.228812679	456000000	66	0 41793524 86070936 170287853 1071675501 3281806055 74444 76541 11845 1242547 
1789438103.777307213	456000000	66	0 41793524 86070936 170287853 1071675501 3282173244 74444 76541 11845 1242547 
1789438104.329628414	456000000	66	0 41793524 86070936 170287853 1071675501 3282537061 74444 76541 11845 1242547 
1789438104.873772739	456000000	66	0 41793524 86070936 170287853 1071675501 3282899592 74444 76541 11845 1242547 
1789438105.421367116	456000000	66	0 41793524 86070936 170287853 1071675501 3283259581 74444 76541 11845 1242547 
1789438105.965301233	456000000	66	0 41793524 86070936 170287853 1071675501 3283635137 74444 76541 11845 1242547 
1789438106.516598788	456000000	68	0 41793524 86070936 170287853 1071675501 3284010756 74444 76541 11845 1242547 
1789438107.065509311	456000000	68	0 41793524 86070936 170287853 1071675501 3284394573 74444 76541 11845 1242547 
1789438107.615809991	456000000	68	0 41793524 86070936 170287853 1071675501 3284765107 74444 76541 11845 1242547 
1789438108.167065098	456000000	68	0 41793524 86070936 170287853 1071675501 3285132253 74444 76541 11845 1242547 
1789438108.712220204	456000000	66	0 41793524 86070936 170287853 1071675501 3285496290 74444 76541 11845 1242547 
1789438109.256494269	456000000	66	0 41793524 86070936 170287853 1071675501 3285856727 74444 76541 11845 1242547 
1789438109.807101407	456000000	66	0 41793524 86070936 170287853 1071675501 3286221280 74444 76541 11845 1242547 
1789438110.351603545	456000000	66	0 41793524 86070936 170287853 1071675501 3286582584 74444 76541 11845 1242547 
1789438110.901739329	456000000	66	0 41793524 86070936 170287853 1071675501 3286951999 74444 76541 11845 1242547 
1789438111.451700738	456000000	66	0 41793524 86070936 170287853 1071675501 3287313738 74444 76541 11845 1242547 
1789438112.002708761	456000000	66	0 41793524 86070936 170287853 1071675501 3287682987 74444 76541 11845 1242547 
1789438112.552437618	456000000	66	0 41793524 86070936 170287853 1071675501 3288043160 74444 76541 11845 1242547 
1789438113.103195121	456000000	66	0 41793524 86070936 170287853 1071675501 3288409485 74444 76541 11845 1242547 
1789438113.651820176	456000000	66	0 41793524 86070936 170287853 1071675501 3288774556 74444 76541 11845 1242547 
1789438114.205085908	456000000	66	0 41793524 86070936 170287853 1071675501 3289139655 74444 76541 11845 1242547 
1789438114.752578619	456000000	66	0 41793524 86070936 170287853 1071675501 3289502601 74444 76541 11845 1242547 
1789438115.300865027	456000000	66	0 41793524 86070936 170287853 1071675501 3289869142 74444 76541 11845 1242547 
1789438115.852113364	456000000	66	0 41793524 86070936 170287853 1071675501 3290232520 74444 76541 11845 1242547 
1789438116.404421856	456000000	66	0 41793524 86070936 170287853 1071675501 3290599178 74444 76541 11845 1242547 
1789438116.953895817	456000000	66	0 41793524 86070936 170287853 1071675501 3290967999 74444 76541 11845 1242547 
1789438117.506331966	456000000	66	0 41793524 86070936 170287853 1071675501 3291331435 74444 76541 11845 1242547 
1789438118.052499885	456000000	66	0 41793524 86070936 170287853 1071675501 3291693487 74444 76541 11845 1242547 
1789438118.607658378	456000000	66	0 41793524 86070936 170287853 1071675501 3292061311 74444 76541 11845 1242547 
1789438119.161775412	456000000	66	0 41793524 86070936 170287853 1071675501 3292430179 74444 76541 11845 1242547 
1789438119.712510154	456000000	66	0 41793524 86070936 170287853 1071675501 3292796127 74444 76541 11845 1242547 
1789438120.261652917	456000000	66	0 41793524 86070936 170287853 1071675501 3293159741 74444 76541 11845 1242547 
1789438120.814910681	456000000	66	0 41793524 86070936 170287853 1071675501 3293528745 74444 76541 11845 1242547 
1789438121.361530423	456000000	66	0 41793524 86070936 170287853 1071675501 3293891398 74444 76541 11845 1242547 
1789438121.908369852	456000000	66	0 41793524 86070936 170287853 1071675501 3294252836 74444 76541 11845 1242547 
1789438122.461235584	456000000	66	0 41793524 86070936 170287853 1071675501 3294620339 74444 76541 11845 1242547 
1789438123.013294494	456000000	66	0 41793524 86070936 170287853 1071675501 3294980748 74444 76541 11845 1242547 
1789438123.563891996	456000000	66	0 41793524 86070936 170287853 1071675501 3295346759 74444 76541 11845 1242547 
1789438124.113644291	456000000	66	0 41793524 86070936 170287853 1071675501 3295711489 74444 76541 11845 1242547 
1789438124.658400908	456000000	66	0 41793524 86070936 170287853 1071675501 3296075953 74444 76541 11845 1242547 
1789438125.207315025	456000000	66	0 41793524 86070936 170287853 1071675501 3296440099 74444 76541 11845 1242547 
1789438125.754234558	456000000	66	0 41793524 86070936 170287853 1071675501 3296804713 74444 76541 11845 1242547 
1789438126.304197790	456000000	66	0 41793524 86070936 170287853 1071675501 3297169700 74444 76541 11845 1242547 
1789438126.855332741	456000000	66	0 41793524 86070936 170287853 1071675501 3297539593 74444 76541 11845 1242547 
1789438127.406032952	456000000	66	0 41793524 86070936 170287853 1071675501 3297909112 74444 76541 11845 1242547 
1789438127.955092434	456000000	67	0 41793524 86070936 170287853 1071675501 3298280371 74444 76541 11845 1242547 
1789438128.509909677	456000000	67	0 41793524 86070936 170287853 1071675501 3298650229 74444 76541 11845 1242547 
1789438129.054083637	456000000	67	0 41793524 86070936 170287853 1071675501 3299014829 74444 76541 11845 1242547 
1789438129.600947025	456000000	66	0 41793524 86070936 170287853 1071675501 3299378513 74444 76541 11845 1242547 
1789438130.149029892	456000000	66	0 41793524 86070936 170287853 1071675501 3299744202 74444 76541 11845 1242547 
1789438130.697779478	456000000	66	0 41793524 86070936 170287853 1071675501 3300106090 74444 76541 11845 1242547 
1789438131.244285001	456000000	66	0 41793524 86070936 170287853 1071675501 3300465965 74444 76541 11845 1242547 
1789438131.788460003	456000000	66	0 41793524 86070936 170287853 1071675501 3300832036 74444 76541 11845 1242547 
1789438132.341401725	456000000	66	0 41793524 86070936 170287853 1071675501 3301195381 74444 76541 11845 1242547 
1789438132.886597561	456000000	66	0 41793524 86070936 170287853 1071675501 3301556264 74444 76541 11845 1242547 
1789438133.438593032	456000000	66	0 41793524 86070936 170287853 1071675501 3301922782 74444 76541 11845 1242547 
1789438133.983434701	456000000	66	0 41793524 86070936 170287853 1071675501 3302282887 74444 76541 11845 1242547 
1789438134.528493610	456000000	66	0 41793524 86070936 170287853 1071675501 3302646461 74444 76541 11845 1242547 
1789438135.075560018	456000000	66	0 41793524 86070936 170287853 1071675501 3303007377 74444 76541 11845 1242547 
1789438135.621215906	456000000	66	0 41793524 86070936 170287853 1071675501 3303370271 74444 76541 11845 1242547 
1789438136.173065700	456000000	66	0 41793524 86070936 170287853 1071675501 3303737761 74444 76541 11845 1242547 
1789438136.721933255	456000000	66	0 41793524 86070936 170287853 1071675501 3304101375 74444 76541 11845 1242547 
1789438137.272801175	456000000	66	0 41793524 86070936 170287853 1071675501 3304464499 74444 76541 11845 1242547 
1789438137.820418781	456000000	66	0 41793524 86070936 170287853 1071675501 3304826351 74444 76541 11845 1242547 
1789438138.374820243	456000000	66	0 41793524 86070936 170287853 1071675501 3305193191 74444 76541 11845 1242547 
1789438138.926635766	456000000	65	0 41793524 86070936 170287853 1071675501 3305560616 74444 76541 11845 1242547 
1789438139.475011967	456000000	65	0 41793524 86070936 170287853 1071675501 3305923263 74444 76541 11845 1242547 
1789438140.022628844	456000000	66	0 41793524 86070936 170287853 1071675501 3306284673 74444 76541 11845 1242547 
1789438140.571900930	456000000	66	0 41793524 86070936 170287853 1071675501 3306655606 74444 76541 11845 1242547 
1789438141.121823745	456000000	66	0 41793524 86070936 170287853 1071675501 3307017272 74444 76541 11845 1242547 
1789438141.670690675	456000000	66	0 41793524 86070936 170287853 1071675501 3307382660 74444 76541 11845 1242547 
1789438142.217180157	456000000	66	0 41793524 86070936 170287853 1071675501 3307742722 74444 76541 11845 1242547 
1789438142.765535888	456000000	66	0 41793524 86070936 170287853 1071675501 3308105649 74444 76541 11845 1242547 
1789438143.312870110	456000000	66	0 41793524 86070936 170287853 1071675501 3308472259 74444 76541 11845 1242547 
1789438143.861715529	456000000	66	0 41793524 86070936 170287853 1071675501 3308834950 74444 76541 11845 1242547 
1789438144.410155063	456000000	66	0 41793524 86070936 170287853 1071675501 3309197887 74444 76541 11845 1242547 
1789438144.954444023	456000000	66	0 41793524 86070936 170287853 1071675501 3309563471 74444 76541 11845 1242547 
1789438145.506126838	456000000	66	0 41793524 86070936 170287853 1071675501 3309926899 74444 76541 11845 1242547 
1789438146.053877362	456000000	66	0 41793524 86070936 170287853 1071675501 3310289457 74444 76541 11845 1242547 
1789438146.598361218	456000000	66	0 41793524 86070936 170287853 1071675501 3310650752 74444 76541 11845 1242547 
1789438147.147785075	456000000	66	0 41793524 86070936 170287853 1071675501 3311015448 74444 76541 11845 1242547 
1789438147.692113358	456000000	66	0 41793524 86070936 170287853 1071675501 3311379968 74444 76541 11845 1242547 
1789438148.246015393	456000000	66	0 41793524 86070936 170287853 1071675501 3311745814 74444 76541 11845 1242547 
1789438148.792411124	456000000	66	0 41793524 86070936 170287853 1071675501 3312116931 74444 76541 11845 1242547 
1789438149.346932065	456000000	66	0 41793524 86070936 170287853 1071675501 3312488777 74444 76541 11845 1242547 
1789438149.896967693	456000000	67	0 41793524 86070936 170287853 1071675501 3312854392 74444 76541 11845 1242547 
1789438150.443456080	456000000	67	0 41793524 86070936 170287853 1071675501 3313216911 74444 76541 11845 1242547 
1789438150.992565354	456000000	66	0 41793524 86070936 170287853 1071675501 3313578455 74444 76541 11845 1242547 
1789438151.541783221	456000000	66	0 41793524 86070936 170287853 1071675501 3313943506 74444 76541 11845 1242547 
1789438152.092537859	456000000	66	0 41793524 86070936 170287853 1071675501 3314310981 74444 76541 11845 1242547 
1789438152.641375101	456000000	66	0 41793524 86070936 170287853 1071675501 3314672526 74444 76541 11845 1242547 
1789438153.191128958	456000000	66	0 41793524 86070936 170287853 1071675501 3315038904 74444 76541 11845 1242547 
1789438153.741634013	456000000	66	0 41793524 86070936 170287853 1071675501 3315406120 74444 76541 11845 1242547 
1789438154.289738651	456000000	66	0 41793524 86070936 170287853 1071675501 3315766040 74444 76541 11845 1242547 
1789438154.836618445	456000000	66	0 41793524 86070936 170287853 1071675501 3316128528 74444 76541 11845 1242547 
1789438155.383862666	456000000	66	0 41793524 86070936 170287853 1071675501 3316488251 74444 76541 11845 1242547 
1789438155.935333555	456000000	66	0 41793524 86070936 170287853 1071675501 3316855794 74444 76541 11845 1242547 
1789438156.485218818	456000000	66	0 41793524 86070936 170287853 1071675501 3317221204 74444 76541 11845 1242547 
1789438157.034647414	456000000	66	0 41793524 86070936 170287853 1071675501 3317584692 74444 76541 11845 1242547 
1789438157.579559708	456000000	66	0 41793524 86070936 170287853 1071675501 3317945156 74444 76541 11845 1242547 
1789438158.124076220	456000000	66	0 41793524 86070936 170287853 1071675501 3318308257 74444 76541 11845 1242547 
1789438158.669702473	456000000	66	0 41793524 86070936 170287853 1071675501 3318673118 74444 76541 11845 1242547 
1789438159.219966538	456000000	66	0 41793524 86070936 170287853 1071675501 3319038950 74444 76541 11845 1242547 
1789438159.768296176	456000000	66	0 41793524 86070936 170287853 1071675501 3319404958 74444 76541 11845 1242547 
1789438160.322095242	456000000	66	0 41793524 86070936 170287853 1071675501 3319769247 74444 76541 11845 1242547 
1789438160.872125557	456000000	66	0 41793524 86070936 170287853 1071675501 3320133163 74444 76541 11845 1242547 
1789438161.417867538	456000000	66	0 41793524 86070936 170287853 1071675501 3320498545 74444 76541 11845 1242547 
1789438161.967611395	456000000	66	0 41793524 86070936 170287853 1071675501 3320861973 74444 76541 11845 1242547 
1789438162.519252804	456000000	66	0 41793524 86070936 170287853 1071675501 3321226913 74444 76541 11845 1242547 
1789438163.065737442	456000000	66	0 41793524 86070936 170287853 1071675501 3321590766 74444 76541 11845 1242547 
1789438163.618553487	456000000	66	0 41793524 86070936 170287853 1071675501 3321957138 74444 76541 11845 1242547 
1789438164.167355833	456000000	66	0 41793524 86070936 170287853 1071675501 3322321921 74444 76541 11845 1242547 
1789438164.720818232	456000000	66	0 41793524 86070936 170287853 1071675501 3322686303 74444 76541 11845 1242547 
1789438165.268721932	456000000	66	0 41793524 86070936 170287853 1071675501 3323047929 74444 76541 11845 1242547 
1789438165.821038914	456000000	66	0 41793524 86070936 170287853 1071675501 3323416253 74444 76541 11845 1242547 
1789438166.373006626	456000000	66	0 41793524 86070936 170287853 1071675501 3323780607 74444 76541 11845 1242547 
1789438166.917726940	456000000	66	0 41793524 86070936 170287853 1071675501 3324141985 74444 76541 11845 1242547 
1789438167.465090328	456000000	66	0 41793524 86070936 170287853 1071675501 3324502267 74444 76541 11845 1242547 
1789438168.015141945	456000000	65	0 41793524 86070936 170287853 1071675501 3324865690 74444 76541 11845 1242547 
1789438168.564985802	456000000	66	0 41793524 86070936 170287853 1071675501 3325229732 74444 76541 11845 1242547 
1789438169.113297940	456000000	66	0 41793524 86070936 170287853 1071675501 3325596751 74444 76541 11845 1242547 
1789438169.664092995	456000000	66	0 41793524 86070936 170287853 1071675501 3325965712 74444 76541 11845 1242547 
1789438170.215309300	456000000	66	0 41793524 86070936 170287853 1071675501 3326337197 74444 76541 11845 1242547 
1789438170.766213469	456000000	67	0 41793524 86070936 170287853 1071675501 3326710382 74444 76541 11845 1242547 
1789438171.313330295	456000000	67	0 41793524 86070936 170287853 1071675501 3327080445 74444 76541 11845 1242547 
1789438171.862729672	456000000	67	0 41793524 86070936 170287853 1071675501 3327445103 74444 76541 11845 1242547 
1789438172.412158008	456000000	67	0 41793524 86070936 170287853 1071675501 3327808736 74444 76541 11845 1242547 
1789438172.961726605	456000000	66	0 41793524 86070936 170287853 1071675501 3328174920 74444 76541 11845 1242547 
1789438173.512099368	456000000	66	0 41793524 86070936 170287853 1071675501 3328537666 74444 76541 11845 1242547 
1789438174.063669371	456000000	66	0 41793524 86070936 170287853 1071675501 3328903273 74444 76541 11845 1242547 
1789438174.611240102	456000000	66	0 41793524 86070936 170287853 1071675501 3329265182 74444 76541 11845 1242547 
1789438175.158026772	456000000	66	0 41793524 86070936 170287853 1071675501 3329632986 74444 76541 11845 1242547 
1789438175.711307035	456000000	66	0 41793524 86070936 170287853 1071675501 3329995033 74444 76541 11845 1242547 
1789438176.255591620	456000000	66	0 41793524 86070936 170287853 1071675501 3330355725 74444 76541 11845 1242547 
1789438176.799792873	456000000	66	0 41793524 86070936 170287853 1071675501 3330715319 74444 76541 11845 1242547 
1789438177.343060114	456000000	66	0 41793524 86070936 170287853 1071675501 3331076549 74444 76541 11845 1242547 
1789438177.891499440	456000000	66	0 41793524 86070936 170287853 1071675501 3331442353 74444 76541 11845 1242547 
1789438178.441403922	456000000	66	0 41793524 86070936 170287853 1071675501 3331802629 74444 76541 11845 1242547 
1789438178.987939184	456000000	66	0 41793524 86070936 170287853 1071675501 3332168892 74444 76541 11845 1242547 
1789438179.536363874	456000000	66	0 41793524 86070936 170287853 1071675501 3332531663 74444 76541 11845 1242547 
1789438180.081316220	456000000	66	0 41793524 86070936 170287853 1071675501 3332893974 74444 76541 11845 1242547 
1789438180.625725441	456000000	66	0 41793524 86070936 170287853 1071675501 3333256390 74444 76541 11845 1242547 
1789438181.176130652	456000000	66	0 41793524 86070936 170287853 1071675501 3333620763 74444 76541 11845 1242547 
1789438181.721101123	456000000	66	0 41793524 86070936 170287853 1071675501 3333982651 74444 76541 11845 1242547 
1789438182.270454824	456000000	66	0 41793524 86070936 170287853 1071675501 3334349768 74444 76541 11845 1242547 
1789438182.825388681	456000000	66	0 41793524 86070936 170287853 1071675501 3334715409 74444 76541 11845 1242547 
1789438183.381209778	456000000	66	0 41793524 86070936 170287853 1071675501 3335081495 74444 76541 11845 1242547 
1789438183.931794260	456000000	66	0 41793524 86070936 170287853 1071675501 3335446063 74444 76541 11845 1242547 
1789438184.480826294	456000000	66	0 41793524 86070936 170287853 1071675501 3335808917 74444 76541 11845 1242547 
1789438185.032222443	456000000	66	0 41793524 86070936 170287853 1071675501 3336177704 74444 76541 11845 1242547 
1789438185.578234632	456000000	66	0 41793524 86070936 170287853 1071675501 3336540568 74444 76541 11845 1242547 
1789438186.121983176	456000000	66	0 41793524 86070936 170287853 1071675501 3336901680 74444 76541 11845 1242547 
1789438186.672329481	456000000	66	0 41793524 86070936 170287853 1071675501 3337263148 74444 76541 11845 1242547 
1789438187.218629692	456000000	66	0 41793524 86070936 170287853 1071675501 3337628977 74444 76541 11845 1242547 
1789438187.767278392	456000000	66	0 41793524 86070936 170287853 1071675501 3337996315 74444 76541 11845 1242547 
1789438188.313481884	456000000	66	0 41793524 86070936 170287853 1071675501 3338356776 74444 76541 11845 1242547 
1789438188.854974438	456000000	66	0 41793524 86070936 170287853 1071675501 3338717963 74444 76541 11845 1242547 
1789438189.403832722	456000000	66	0 41793524 86070936 170287853 1071675501 3339081756 74444 76541 11845 1242547 
1789438189.949947047	456000000	66	0 41793524 86070936 170287853 1071675501 3339445833 74444 76541 11845 1242547 
1789438190.501441738	456000000	66	0 41793524 86070936 170287853 1071675501 3339811527 74444 76541 11845 1242547 
1789438191.048630386	456000000	66	0 41793524 86070936 170287853 1071675501 3340186669 74444 76541 11845 1242547 
1789438191.598658461	456000000	67	0 41793524 86070936 170287853 1071675501 3340556454 74444 76541 11845 1242547 
1789438192.145541433	456000000	67	0 41793524 86070936 170287853 1071675501 3340926794 74444 76541 11845 1242547 
1789438192.691151018	456000000	67	0 41793524 86070936 170287853 1071675501 3341289043 74444 76541 11845 1242547 
1789438193.245407271	456000000	67	0 41793524 86070936 170287853 1071675501 3341658348 74444 76541 11845 1242547 
1789438193.798605816	456000000	66	0 41793524 86070936 170287853 1071675501 3342020678 74444 76541 11845 1242547 
1789438194.342499308	456000000	66	0 41793524 86070936 170287853 1071675501 3342385353 74444 76541 11845 1242547 
1789438194.889136445	456000000	66	0 41793524 86070936 170287853 1071675501 3342749426 74444 76541 11845 1242547 
1789438195.435392073	456000000	66	0 41793524 86070936 170287853 1071675501 3343111359 74444 76541 11845 1242547 
1789438195.981393898	456000000	66	0 41793524 86070936 170287853 1071675501 3343472333 74444 76541 11845 1242547 
1789438196.527060202	456000000	66	0 41793524 86070936 170287853 1071675501 3343834249 74444 76541 11845 1242547 
1789438197.074170934	456000000	66	0 41793524 86070936 170287853 1071675501 3344201367 74444 76541 11845 1242547 
1789438197.623790624	456000000	66	0 41793524 86070936 170287853 1071675501 3344566348 74444 76541 11845 1242547 
1789438198.177081513	456000000	66	0 41793524 86070936 170287853 1071675501 3344936256 74444 76541 11845 1242547 
1789438198.726325578	456000000	66	0 41793524 86070936 170287853 1071675501 3345303337 74444 76541 11845 1242547 
1789438199.280100425	456000000	66	0 41793524 86070936 170287853 1071675501 3345665379 74444 76541 11845 1242547 
1789438199.828404750	456000000	66	0 41793524 86070936 170287853 1071675501 3346027119 74444 76541 11845 1242547 
1789438200.382023295	456000000	66	0 41793524 86070936 170287853 1071675501 3346393378 74444 76541 11845 1242547 
1789438200.925830068	456000000	66	0 41793524 86070936 170287853 1071675501 3346754750 74444 76541 11845 1242547 
1789438201.471526476	456000000	66	0 41793524 86070936 170287853 1071675501 3347117261 74444 76541 11845 1242547 
1789438202.020853198	456000000	66	0 41793524 86070936 170287853 1071675501 3347481639 74444 76541 11845 1242547 
1789438202.569247054	456000000	66	0 41793524 86070936 170287853 1071675501 3347844976 74444 76541 11845 1242547 
1789438203.122588880	456000000	66	0 41793524 86070936 170287853 1071675501 3348212212 74444 76541 11845 1242547 
1789438203.675800862	456000000	66	0 41793524 86070936 170287853 1071675501 3348574123 74444 76541 11845 1242547 
1789438204.222920396	456000000	66	0 41793524 86070936 170287853 1071675501 3348939026 74444 76541 11845 1242547 
1789438204.767429305	456000000	66	0 41793524 86070936 170287853 1071675501 3349302559 74444 76541 11845 1242547 
1789438205.317672328	456000000	66	0 41793524 86070936 170287853 1071675501 3349667264 74444 76541 11845 1242547 
1789438205.867412747	456000000	66	0 41793524 86070936 170287853 1071675501 3350034077 74444 76541 11845 1242547 
1789438206.422395563	456000000	66	0 41793524 86070936 170287853 1071675501 3350405117 74444 76541 11845 1242547 
1789438206.970349107	456000000	66	0 41793524 86070936 170287853 1071675501 3350769089 74444 76541 11845 1242547 
1789438207.517149266	456000000	66	0 41793524 86070936 170287853 1071675501 3351134376 74444 76541 11845 1242547 
1789438208.070183123	456000000	66	0 41793524 86070936 170287853 1071675501 3351499618 74444 76541 11845 1242547 
1789438208.621155418	456000000	66	0 41793524 86070936 170287853 1071675501 3351865962 74444 76541 11845 1242547 
1789438209.170746879	456000000	66	0 41793524 86070936 170287853 1071675501 3352229376 74444 76541 11845 1242547 
1789438209.722704954	456000000	66	0 41793524 86070936 170287853 1071675501 3352596269 74444 76541 11845 1242547 
1789438210.269464957	456000000	66	0 41793524 86070936 170287853 1071675501 3352958670 74444 76541 11845 1242547 
1789438210.822987408	456000000	66	0 41793524 86070936 170287853 1071675501 3353327700 74444 76541 11845 1242547 
1789438211.371117202	456000000	66	0 41793524 86070936 170287853 1071675501 3353693130 74444 76541 11845 1242547 
1789438211.920358142	456000000	66	0 41793524 86070936 170287853 1071675501 3354054973 74444 76541 11845 1242547 
1789438212.470158718	456000000	66	0 41793524 86070936 170287853 1071675501 3354425708 74444 76541 11845 1242547 
1789438213.016692678	456000000	66	0 41793524 86070936 170287853 1071675501 3354795389 74444 76541 11845 1242547 
1789438213.565301171	456000000	67	0 41793524 86070936 170287853 1071675501 3355161347 74444 76541 11845 1242547 
1789438214.111861902	456000000	67	0 41793524 86070936 170287853 1071675501 3355524084 74444 76541 11845 1242547 
1789438214.656768831	456000000	66	0 41793524 86070936 170287853 1071675501 3355883559 74444 76541 11845 1242547 
1789438215.200531750	456000000	66	0 41793524 86070936 170287853 1071675501 3356248169 74444 76541 11845 1242547 
1789438215.747015138	456000000	66	0 41793524 86070936 170287853 1071675501 3356609980 74444 76541 11845 1242547 
1789438216.293052744	456000000	66	0 41793524 86070936 170287853 1071675501 3356976239 74444 76541 11845 1242547 
1789438216.848170820	456000000	66	0 41793524 86070936 170287853 1071675501 3357338685 74444 76541 11845 1242547 
1789438217.391241031	456000000	66	0 41793524 86070936 170287853 1071675501 3357700088 74444 76541 11845 1242547 
1789438217.939820929	456000000	66	0 41793524 86070936 170287853 1071675501 3358061303 74444 76541 11845 1242547 
1789438218.489012182	456000000	66	0 41793524 86070936 170287853 1071675501 3358430281 74444 76541 11845 1242547 
1789438219.038680310	456000000	66	0 41793524 86070936 170287853 1071675501 3358793002 74444 76541 11845 1242547 
1789438219.591862865	456000000	66	0 41793524 86070936 170287853 1071675501 3359158487 74444 76541 11845 1242547 
1789438220.142033284	456000000	66	0 41793524 86070936 170287853 1071675501 3359521982 74444 76541 11845 1242547 
1789438220.684139119	456000000	66	0 41793524 86070936 170287853 1071675501 3359887455 74444 76541 11845 1242547 
1789438221.238055320	456000000	66	0 41793524 86070936 170287853 1071675501 3360252335 74444 76541 11845 1242547 
1789438221.787441625	456000000	66	0 41793524 86070936 170287853 1071675501 3360617299 74444 76541 11845 1242547 
1789438222.336282096	456000000	66	0 41793524 86070936 170287853 1071675501 3360979463 74444 76541 11845 1242547 
1789438222.889474183	456000000	66	0 41793524 86070936 170287853 1071675501 3361344682 74444 76541 11845 1242547 
1789438223.431489914	456000000	66	0 41793524 86070936 170287853 1071675501 3361708760 74444 76541 11845 1242547 
1789438223.981189344	456000000	66	0 41793524 86070936 170287853 1071675501 3362073741 74444 76541 11845 1242547 
1789438224.529129190	456000000	66	0 41793524 86070936 170287853 1071675501 3362434713 74444 76541 11845 1242547 
1789438225.079028568	456000000	66	0 41793524 86070936 170287853 1071675501 3362804721 74444 76541 11845 1242547 
1789438225.632822998	456000000	66	0 41793524 86070936 170287853 1071675501 3363167521 74444 76541 11845 1242547 
1789438226.180273313	456000000	66	0 41793524 86070936 170287853 1071675501 3363531105 74444 76541 11845 1242547 
1789438226.726809721	456000000	66	0 41793524 86070936 170287853 1071675501 3363891069 74444 76541 11845 1242547 
1789438227.276805245	456000000	66	0 41793524 86070936 170287853 1071675501 3364253311 74444 76541 11845 1242547 
1789438227.823249622	456000000	66	0 41793524 86070936 170287853 1071675501 3364618925 74444 76541 11845 1242547 
1789438228.379686709	456000000	66	0 41793524 86070936 170287853 1071675501 3364989018 74444 76541 11845 1242547 
1789438228.932215149	456000000	66	0 41793524 86070936 170287853 1071675501 3365358828 74444 76541 11845 1242547 
1789438229.487063850	456000000	66	0 41793524 86070936 170287853 1071675501 3365723955 74444 76541 11845 1242547 
1789438230.033698280	456000000	66	0 41793524 86070936 170287853 1071675501 3366083793 74444 76541 11845 1242547 
1789438230.579125834	456000000	66	0 41793524 86070936 170287853 1071675501 3366446544 74444 76541 11845 1242547 
1789438231.123140628	456000000	66	0 41793524 86070936 170287853 1071675501 3366809962 74444 76541 11845 1242547 
1789438231.668537089	456000000	66	0 41793524 86070936 170287853 1071675501 3367173121 74444 76541 11845 1242547 
1789438232.218775425	456000000	66	0 41793524 86070936 170287853 1071675501 3367533831 74444 76541 11845 1242547 
1789438232.762462302	456000000	66	0 41793524 86070936 170287853 1071675501 3367895890 74444 76541 11845 1242547 
1789438233.314018502	456000000	66	0 41793524 86070936 170287853 1071675501 3368265074 74444 76541 11845 1242547 
1789438233.861832151	456000000	66	0 41793524 86070936 170287853 1071675501 3368632043 74444 76541 11845 1242547 
1789438234.411269862	456000000	66	0 41793524 86070936 170287853 1071675501 3369004217 74444 76541 11845 1242547 
1789438234.968201115	456000000	67	0 41793524 86070936 170287853 1071675501 3369381712 74444 76541 11845 1242547 
1789438235.514616951	456000000	67	0 41793524 86070936 170287853 1071675501 3369748867 74444 76541 11845 1242547 
1789438236.068729662	456000000	67	0 41793524 86070936 170287853 1071675501 3370122702 74444 76541 11845 1242547 
1789438236.626843468	456000000	66	0 41793524 86070936 170287853 1071675501 3370489555 74444 76541 11845 1242547 
1789438237.174425033	456000000	66	0 41793524 86070936 170287853 1071675501 3370857088 74444 76541 11845 1242547 
1789438237.727605505	456000000	66	0 41793524 86070936 170287853 1071675501 3371219038 74444 76541 11845 1242547 
1789438238.272079413	456000000	66	0 41793524 86070936 170287853 1071675501 3371581935 74444 76541 11845 1242547 
1789438238.817397280	456000000	66	0 41793524 86070936 170287853 1071675501 3371945529 74444 76541 11845 1242547 
1789438239.365632751	456000000	66	0 41793524 86070936 170287853 1071675501 3372308579 74444 76541 11845 1242547 
1789438239.914340775	456000000	66	0 41793524 86070936 170287853 1071675501 3372670410 74444 76541 11845 1242547 
1789438240.457527339	456000000	66	0 41793524 86070936 170287853 1071675501 3373033536 74444 76541 11845 1242547 
1789438241.008007706	456000000	66	0 41793524 86070936 170287853 1071675501 3373396392 74444 76541 11845 1242547 
1789438241.560837657	456000000	66	0 41793524 86070936 170287853 1071675501 3373764039 74444 76541 11845 1242547 
1789438242.113840889	456000000	66	0 41793524 86070936 170287853 1071675501 3374127915 74444 76541 11845 1242547 
1789438242.659056517	456000000	66	0 41793524 86070936 170287853 1071675501 3374490466 74444 76541 11845 1242547 
1789438243.208255113	456000000	66	0 41793524 86070936 170287853 1071675501 3374851549 74444 76541 11845 1242547 
1789438243.755466938	456000000	66	0 41793524 86070936 170287853 1071675501 3375218026 74444 76541 11845 1242547 
1789438244.303142722	456000000	66	0 41793524 86070936 170287853 1071675501 3375585812 74444 76541 11845 1242547 
1789438244.851138766	456000000	66	0 41793524 86070936 170287853 1071675501 3375946134 74444 76541 11845 1242547 
1789438245.397274289	456000000	66	0 41793524 86070936 170287853 1071675501 3376312354 74444 76541 11845 1242547 
1789438245.946252105	456000000	66	0 41793524 86070936 170287853 1071675501 3376678066 74444 76541 11845 1242547 
1789438246.494917524	456000000	66	0 41793524 86070936 170287853 1071675501 3377040101 74444 76541 11845 1242547 
1789438247.047455235	456000000	66	0 41793524 86070936 170287853 1071675501 3377407300 74444 76541 11845 1242547 
1789438247.594903258	456000000	66	0 41793524 86070936 170287853 1071675501 3377768880 74444 76541 11845 1242547 
1789438248.141877271	456000000	66	0 41793524 86070936 170287853 1071675501 3378135128 74444 76541 11845 1242547 
1789438248.691797170	456000000	66	0 41793524 86070936 170287853 1071675501 3378501562 74444 76541 11845 1242547 
1789438249.239516131	456000000	66	0 41793524 86070936 170287853 1071675501 3378863100 74444 76541 11845 1242547 
1789438249.790823581	456000000	66	0 41793524 86070936 170287853 1071675501 3379229762 74444 76541 11845 1242547 
1789438250.338246084	456000000	66	0 41793524 86070936 170287853 1071675501 3379593894 74444 76541 11845 1242547 
1789438250.885055982	456000000	66	0 41793524 86070936 170287853 1071675501 3379955523 74444 76541 11845 1242547 
1789438251.429556088	456000000	66	0 41793524 86070936 170287853 1071675501 3380322188 74444 76541 11845 1242547 
1789438251.981437654	456000000	66	0 41793524 86070936 170287853 1071675501 3380683826 74444 76541 11845 1242547 
1789438252.525763593	456000000	66	0 41793524 86070936 170287853 1071675501 3381046130 74444 76541 11845 1242547 
1789438253.075973596	456000000	66	0 41793524 86070936 170287853 1071675501 3381408323 74444 76541 11845 1242547 
1789438253.621563755	456000000	66	0 41793524 86070936 170287853 1071675501 3381773370 74444 76541 11845 1242547 
1789438254.170904695	456000000	66	0 41793524 86070936 170287853 1071675501 3382136624 74444 76541 11845 1242547 
1789438254.722503708	456000000	66	0 41793524 86070936 170287853 1071675501 3382500254 74444 76541 11845 1242547 
1789438255.271604127	456000000	66	0 41793524 86070936 170287853 1071675501 3382871447 74444 76541 11845 1242547 
1789438255.822312151	456000000	67	0 41793524 86070936 170287853 1071675501 3383243871 74444 76541 11845 1242547 
1789438256.372905591	456000000	67	0 41793524 86070936 170287853 1071675501 3383623995 74444 76541 11845 1242547 
1789438256.920386844	456000000	70	0 41793524 86070936 170287853 1071675501 3384067048 74444 76541 11845 1242547 
1789438257.469270753	456000000	70	0 41793524 86070936 170287853 1071675501 3384503674 74444 76541 11845 1242547 
1789438258.014533359	456000000	80	0 41793524 86070936 170287853 1071675501 3384943243 74444 76541 11845 1242547 
1789438258.562449507	456000000	79	0 41793524 86070936 170287853 1071675501 3385373085 74444 76541 11845 1242547 
1789438259.111420604	456000000	79	0 41793524 86070936 170287853 1071675501 3385797600 74444 76541 11845 1242547 
1789438259.659327169	456000000	77	0 41793524 86070936 170287853 1071675501 3386223038 74444 76541 11845 1242547 
1789438260.208497223	456000000	77	0 41793524 86070936 170287853 1071675501 3386649419 74444 76541 11845 1242547 
1789438260.755729465	456000000	77	0 41793524 86070936 170287853 1071675501 3387073424 74444 76541 11845 1242547 
1789438261.304295978	456000000	77	0 41793524 86070936 170287853 1071675501 3387510123 74444 76541 11845 1242547 
1789438261.859667700	456000000	78	0 41793524 86070936 170287853 1071675501 3387935602 74444 76541 11845 1242547 
1789438262.408170047	456000000	78	0 41793524 86070936 170287853 1071675501 3388354756 74444 76541 11845 1242547 
1789438262.955147028	456000000	76	0 41793524 86070936 170287853 1071675501 3388773930 74444 76541 11845 1242547 
1789438263.507810677	456000000	76	0 41793524 86070936 170287853 1071675501 3389196102 74444 76541 11845 1242547 
1789438264.061089534	456000000	76	0 41793524 86070936 170287853 1071675501 3389620017 74444 76541 11845 1242547 
1789438264.613500110	456000000	76	0 41793524 86070936 170287853 1071675501 3390042596 74444 76541 11845 1242547 
1789438265.162009748	456000000	76	0 41793524 86070936 170287853 1071675501 3390462663 74444 76541 11845 1242547 
1789438265.714441366	456000000	76	0 41793524 86070936 170287853 1071675501 3390881579 74444 76541 11845 1242547 
1789438266.261121472	456000000	76	0 41793524 86070936 170287853 1071675501 3391303532 74444 76541 11845 1242547 
1789438266.811687881	456000000	76	0 41793524 86070936 170287853 1071675501 3391693722 74444 76541 11845 1242547 
1789438267.359532832	456000000	76	0 41793524 86070936 170287853 1071675501 3392065166 74444 76541 11845 1242547 
1789438267.904156011	456000000	67	0 41793524 86070936 170287853 1071675501 3392430175 74444 76541 11845 1242547 
1789438268.454186586	456000000	67	0 41793524 86070936 170287853 1071675501 3392795033 74444 76541 11845 1242547 
1789438269.003469141	456000000	66	0 41793524 86070936 170287853 1071675501 3393161776 74444 76541 11845 1242547 
1789438269.555518832	456000000	66	0 41793524 86070936 170287853 1071675501 3393523838 74444 76541 11845 1242547 
1789438270.107873105	456000000	66	0 41793524 86070936 170287853 1071675501 3393892948 74444 76541 11845 1242547 
1789438270.661257223	456000000	66	0 41793524 86070936 170287853 1071675501 3394261638 74444 76541 11845 1242547 
1789438271.210634153	456000000	66	0 41793524 86070936 170287853 1071675501 3394629635 74444 76541 11845 1242547 
1789438271.766601656	456000000	66	0 41793524 86070936 170287853 1071675501 3394995491 74444 76541 11845 1242547 
1789438272.317598430	456000000	66	0 41793524 86070936 170287853 1071675501 3395361631 74444 76541 11845 1242547 
1789438272.866164995	456000000	66	0 41793524 86070936 170287853 1071675501 3395726538 74444 76541 11845 1242547 
1789438273.414839841	456000000	66	0 41793524 86070936 170287853 1071675501 3396090299 74444 76541 11845 1242547 
1789438273.960962343	456000000	66	0 41793524 86070936 170287853 1071675501 3396457804 74444 76541 11845 1242547 
1789438274.510113440	456000000	66	0 41793524 86070936 170287853 1071675501 3396825207 74444 76541 11845 1242547 
1789438275.062042297	456000000	66	0 41793524 86070936 170287853 1071675501 3397187467 74444 76541 11845 1242547 
1789438275.611508549	456000000	66	0 41793524 86070936 170287853 1071675501 3397553452 74444 76541 11845 1242547 
1789438276.162105219	456000000	66	0 41793524 86070936 170287853 1071675501 3397927137 74444 76541 11845 1242547 
1789438276.716233087	456000000	67	0 41793524 86070936 170287853 1071675501 3398300524 74444 76541 11845 1242547 
1789438277.266313454	456000000	67	0 41793524 86070936 170287853 1071675501 3398664136 74444 76541 11845 1242547 
1789438277.813820279	456000000	67	0 41793524 86070936 170287853 1071675501 3399034662 74444 76541 11845 1242547 
1789438278.364727001	456000000	67	0 41793524 86070936 170287853 1071675501 3399395473 74444 76541 11845 1242547 
1789438278.916150233	456000000	66	0 41793524 86070936 170287853 1071675501 3399760486 74444 76541 11845 1242547 
1789438279.464235496	456000000	66	0 41793524 86070936 170287853 1071675501 3400123488 74444 76541 11845 1242547 
1789438280.010420758	456000000	66	0 41793524 86070936 170287853 1071675501 3400486877 74444 76541 11845 1242547 
1789438280.554285761	456000000	66	0 41793524 86070936 170287853 1071675501 3400849261 74444 76541 11845 1242547 
1789438281.101740034	456000000	66	0 41793524 86070936 170287853 1071675501 3401216175 74444 76541 11845 1242547 
1789438281.652558578	456000000	66	0 41793524 86070936 170287853 1071675501 3401581672 74444 76541 11845 1242547 
1789438282.206383425	456000000	66	0 41793524 86070936 170287853 1071675501 3401946816 74444 76541 11845 1242547 
1789438282.752007490	456000000	66	0 41793524 86070936 170287853 1071675501 3402311575 74444 76541 11845 1242547 
1789438283.300086190	456000000	66	0 41793524 86070936 170287853 1071675501 3402678258 74444 76541 11845 1242547 
1789438283.854952652	456000000	66	0 41793524 86070936 170287853 1071675501 3403046234 74444 76541 11845 1242547 
1789438284.405883540	456000000	66	0 41793524 86070936 170287853 1071675501 3403408666 74444 76541 11845 1242547 
1789438284.953108282	456000000	66	0 41793524 86070936 170287853 1071675501 3403769393 74444 76541 11845 1242547 
1789438285.501587399	456000000	66	0 41793524 86070936 170287853 1071675501 3404133024 74444 76541 11845 1242547 
1789438286.050798027	456000000	66	0 41793524 86070936 170287853 1071675501 3404499298 74444 76541 11845 1242547 
1789438286.592925216	456000000	66	0 41793524 86070936 170287853 1071675501 3404865060 74444 76541 11845 1242547 
1789438287.146152251	456000000	66	0 41793524 86070936 170287853 1071675501 3405229112 74444 76541 11845 1242547 
1789438287.694176784	456000000	66	0 41793524 86070936 170287853 1071675501 3405591371 74444 76541 11845 1242547 
1789438288.244616058	456000000	66	0 41793524 86070936 170287853 1071675501 3405957474 74444 76541 11845 1242547 
1789438288.795869394	456000000	66	0 41793524 86070936 170287853 1071675501 3406326190 74444 76541 11845 1242547 
1789438289.342747730	456000000	66	0 41793524 86070936 170287853 1071675501 3406687492 74444 76541 11845 1242547 
1789438289.887427940	456000000	66	0 41793524 86070936 170287853 1071675501 3407053348 74444 76541 11845 1242547 
1789438290.439011068	456000000	66	0 41793524 86070936 170287853 1071675501 3407421889 74444 76541 11845 1242547 
1789438290.984529091	456000000	67	0 41793524 86070936 170287853 1071675501 3407789118 74444 76541 11845 1242547 
1789438291.540116803	456000000	66	0 41793524 86070936 170287853 1071675501 3408155705 74444 76541 11845 1242547 
1789438292.089074826	456000000	66	0 41793524 86070936 170287853 1071675501 3408519461 74444 76541 11845 1242547 
1789438292.637756704	456000000	66	0 41793524 86070936 170287853 1071675501 3408883764 74444 76541 11845 1242547 
1789438293.180364154	456000000	66	0 41793524 86070936 170287853 1071675501 3409243222 74444 76541 11845 1242547 
1789438293.726126552	456000000	66	0 41793524 86070936 170287853 1071675501 3409608372 74444 76541 11845 1242547 
1789438294.270760252	456000000	66	0 41793524 86070936 170287853 1071675501 3409971663 74444 76541 11845 1242547 
1789438294.818868744	456000000	66	0 41793524 86070936 170287853 1071675501 3410333483 74444 76541 11845 1242547 
1789438295.363099475	456000000	66	0 41793524 86070936 170287853 1071675501 3410692717 74444 76541 11845 1242547 
1789438295.910818592	456000000	66	0 41793524 86070936 170287853 1071675501 3411061764 74444 76541 11845 1242547 
1789438296.463054741	456000000	66	0 41793524 86070936 170287853 1071675501 3411431664 74444 76541 11845 1242547 
1789438297.013552088	456000000	66	0 41793524 86070936 170287853 1071675501 3411797850 74444 76541 11845 1242547 
1789438297.565869018	456000000	66	0 41793524 86070936 170287853 1071675501 3412167138 74444 76541 11845 1242547 
1789438298.119535844	456000000	66	0 41793524 86070936 170287853 1071675501 3412540051 74444 76541 11845 1242547 
1789438298.667480846	456000000	67	0 41793524 86070936 170287853 1071675501 3412902983 74444 76541 11845 1242547 
1789438299.211115848	456000000	67	0 41793524 86070936 170287853 1071675501 3413267825 74444 76541 11845 1242547 
1789438299.761570955	456000000	66	0 41793524 86070936 170287853 1071675501 3413637604 74444 76541 11845 1242547 
1789438300.311748093	456000000	66	0 41793524 86070936 170287853 1071675501 3413998580 74444 76541 11845 1242547 
1789438300.858082783	456000000	66	0 41793524 86070936 170287853 1071675501 3414361539 74444 76541 11845 1242547 
1789438301.403609869	456000000	66	0 41793524 86070936 170287853 1071675501 3414727223 74444 76541 11845 1242547 
1789438301.950627371	456000000	66	0 41793524 86070936 170287853 1071675501 3415088813 74444 76541 11845 1242547 
1789438302.498660603	456000000	66	0 41793524 86070936 170287853 1071675501 3415453299 74444 76541 11845 1242547 
1789438303.047999408	456000000	66	0 41793524 86070936 170287853 1071675501 3415819630 74444 76541 11845 1242547 
1789438303.597530921	456000000	66	0 41793524 86070936 170287853 1071675501 3416184279 74444 76541 11845 1242547 
1789438304.145500715	456000000	66	0 41793524 86070936 170287853 1071675501 3416550669 74444 76541 11845 1242547 
1789438304.698286655	456000000	66	0 41793524 86070936 170287853 1071675501 3416913681 74444 76541 11845 1242547 
1789438305.248949054	456000000	66	0 41793524 86070936 170287853 1071675501 3417277666 74444 76541 11845 1242547 
1789438305.797423640	456000000	66	0 41793524 86070936 170287853 1071675501 3417640394 74444 76541 11845 1242547 
1789438306.343438642	456000000	66	0 41793524 86070936 170287853 1071675501 3418003559 74444 76541 11845 1242547 
1789438306.893479999	456000000	66	0 41793524 86070936 170287853 1071675501 3418365697 74444 76541 11845 1242547 
1789438307.439752658	456000000	66	0 41793524 86070936 170287853 1071675501 3418728064 74444 76541 11845 1242547 
1789438307.991089275	456000000	66	0 41793524 86070936 170287853 1071675501 3419098196 74444 76541 11845 1242547 
1789438308.542623392	456000000	66	0 41793524 86070936 170287853 1071675501 3419460951 74444 76541 11845 1242547 
1789438309.092176468	456000000	66	0 41793524 86070936 170287853 1071675501 3419829157 74444 76541 11845 1242547 
1789438309.642163658	456000000	66	0 41793524 86070936 170287853 1071675501 3420191919 74444 76541 11845 1242547 
1789438310.185009754	456000000	66	0 41793524 86070936 170287853 1071675501 3420556086 74444 76541 11845 1242547 
1789438310.737158507	456000000	66	0 41793524 86070936 170287853 1071675501 3420919151 74444 76541 11845 1242547 
1789438311.285999551	456000000	66	0 41793524 86070936 170287853 1071675501 3421285477 74444 76541 11845 1242547 
1789438311.839225492	456000000	66	0 41793524 86070936 170287853 1071675501 3421650654 74444 76541 11845 1242547 
1789438312.389126276	456000000	66	0 41793524 86070936 170287853 1071675501 3422016679 74444 76541 11845 1242547 
1789438312.935590653	456000000	66	0 41793524 86070936 170287853 1071675501 3422379790 74444 76541 11845 1242547 
1789438313.485054354	456000000	66	0 41793524 86070936 170287853 1071675501 3422738202 74444 76541 11845 1242547 
1789438314.030870762	456000000	65	0 41793524 86070936 170287853 1071675501 3423101678 74444 76541 11845 1242547 
1789438314.579627119	456000000	66	0 41793524 86070936 170287853 1071675501 3423463575 74444 76541 11845 1242547 
1789438315.121961027	456000000	66	0 41793524 86070936 170287853 1071675501 3423823980 74444 76541 11845 1242547 
1789438315.670324155	456000000	66	0 41793524 86070936 170287853 1071675501 3424188164 74444 76541 11845 1242547 
1789438316.217585199	456000000	66	0 41793524 86070936 170287853 1071675501 3424555929 74444 76541 11845 1242547 
1789438316.766469941	456000000	66	0 41793524 86070936 170287853 1071675501 3424919063 74444 76541 11845 1242547 
1789438317.314107339	456000000	66	0 41793524 86070936 170287853 1071675501 3425280744 74444 76541 11845 1242547 
1789438317.864515831	456000000	66	0 41793524 86070936 170287853 1071675501 3425646622 74444 76541 11845 1242547 
1789438318.411816094	456000000	66	0 41793524 86070936 170287853 1071675501 3426011550 74444 76541 11845 1242547 
1789438318.958330107	456000000	66	0 41793524 86070936 170287853 1071675501 3426382010 74444 76541 11845 1242547 
1789438319.509821464	456000000	66	0 41793524 86070936 170287853 1071675501 3426752009 74444 76541 11845 1242547 
1789438320.058635790	456000000	67	0 41793524 86070936 170287853 1071675501 3427114332 74444 76541 11845 1242547 
1789438320.605418552	456000000	66	0 41793524 86070936 170287853 1071675501 3427475257 74444 76541 11845 1242547 
1789438321.148915482	456000000	66	0 41793524 86070936 170287853 1071675501 3427841716 74444 76541 11845 1242547 
1789438321.702619808	456000000	66	0 41793524 86070936 170287853 1071675501 3428209092 74444 76541 11845 1242547 
1789438322.253346685	456000000	66	0 41793524 86070936 170287853 1071675501 3428574317 74444 76541 11845 1242547 
1789438322.808208043	456000000	66	0 41793524 86070936 170287853 1071675501 3428941674 74444 76541 11845 1242547 
1789438323.351127316	456000000	66	0 41793524 86070936 170287853 1071675501 3429309108 74444 76541 11845 1242547 
1789438323.897711485	456000000	66	0 41793524 86070936 170287853 1071675501 3429671548 74444 76541 11845 1242547 
1789438324.447472060	456000000	66	0 41793524 86070936 170287853 1071675501 3430034966 74444 76541 11845 1242547 
1789438324.992550031	456000000	66	0 41793524 86070936 170287853 1071675501 3430401394 74444 76541 11845 1242547 
1789438325.541698315	456000000	66	0 41793524 86070936 170287853 1071675501 3430765264 74444 76541 11845 1242547 
1789438326.087082432	456000000	66	0 41793524 86070936 170287853 1071675501 3431130224 74444 76541 11845 1242547 
1789438326.632128528	456000000	66	0 41793524 86070936 170287853 1071675501 3431492474 74444 76541 11845 1242547 
1789438327.178241082	456000000	66	0 41793524 86070936 170287853 1071675501 3431853114 74444 76541 11845 1242547 
1789438327.723878845	456000000	66	0 41793524 86070936 170287853 1071675501 3432216030 74444 76541 11845 1242547 
1789438328.270507545	456000000	66	0 41793524 86070936 170287853 1071675501 3432577372 74444 76541 11845 1242547 
1789438328.812109318	456000000	66	0 41793524 86070936 170287853 1071675501 3432938931 74444 76541 11845 1242547 
1789438329.361512237	456000000	66	0 41793524 86070936 170287853 1071675501 3433306541 74444 76541 11845 1242547 
1789438329.907968906	456000000	66	0 41793524 86070936 170287853 1071675501 3433672042 74444 76541 11845 1242547 
1789438330.457303961	456000000	66	0 41793524 86070936 170287853 1071675501 3434037098 74444 76541 11845 1242547 
1789438331.005325109	456000000	66	0 41793524 86070936 170287853 1071675501 3434404517 74444 76541 11845 1242547 
1789438331.554343341	456000000	67	0 41793524 86070936 170287853 1071675501 3434774432 74444 76541 11845 1242547 
1789438332.102548604	456000000	67	0 41793524 86070936 170287853 1071675501 3435140540 74444 76541 11845 1242547 
1789438332.650909336	456000000	66	0 41793524 86070936 170287853 1071675501 3435501499 74444 76541 11845 1242547 
1789438333.197922151	456000000	66	0 41793524 86070936 170287853 1071675501 3435868759 74444 76541 11845 1242547 
1789438333.744709341	456000000	66	0 41793524 86070936 170287853 1071675501 3436231338 74444 76541 11845 1242547 
1789438334.293514083	456000000	66	0 41793524 86070936 170287853 1071675501 3436598181 74444 76541 11845 1242547 
1789438334.845057731	456000000	66	0 41793524 86070936 170287853 1071675501 3436960867 74444 76541 11845 1242547 
1789438335.398178099	456000000	66	0 41793524 86070936 170287853 1071675501 3437329100 74444 76541 11845 1242547 
1789438335.947382893	456000000	66	0 41793524 86070936 170287853 1071675501 3437693453 74444 76541 11845 1242547 
1789438336.493470396	456000000	66	0 41793524 86070936 170287853 1071675501 3438054333 74444 76541 11845 1242547 
1789438337.038569617	456000000	66	0 41793524 86070936 170287853 1071675501 3438417687 74444 76541 11845 1242547 
1789438337.590499515	456000000	66	0 41793524 86070936 170287853 1071675501 3438780899 74444 76541 11845 1242547 
1789438338.136929257	456000000	66	0 41793524 86070936 170287853 1071675501 3439143184 74444 76541 11845 1242547 
1789438338.682477957	456000000	66	0 41793524 86070936 170287853 1071675501 3439506670 74444 76541 11845 1242547 
1789438339.232607543	456000000	66	0 41793524 86070936 170287853 1071675501 3439872057 74444 76541 11845 1242547 
1789438339.779900150	456000000	66	0 41793524 86070936 170287853 1071675501 3440236432 74444 76541 11845 1242547 
1789438340.332240570	456000000	66	0 41793524 86070936 170287853 1071675501 3440608282 74444 76541 11845 1242547 
1789438340.876384843	456000000	67	0 41793524 86070936 170287853 1071675501 3440978734 74444 76541 11845 1242547 
1789438341.424726824	456000000	67	0 41793524 86070936 170287853 1071675501 3441347427 74444 76541 11845 1242547 
1789438341.970727295	456000000	67	0 41793524 86070936 170287853 1071675501 3441712927 74444 76541 11845 1242547 
1789438342.516420475	456000000	67	0 41793524 86070936 170287853 1071675501 3442078152 74444 76541 11845 1242547 
1789438343.064727665	456000000	66	0 41793524 86070936 170287853 1071675501 3442440843 74444 76541 11845 1242547 
1789438343.611168969	456000000	66	0 41793524 86070936 170287853 1071675501 3442805267 74444 76541 11845 1242547 
1789438344.157202044	456000000	66	0 41793524 86070936 170287853 1071675501 3443167254 74444 76541 11845 1242547 
1789438344.706431630	456000000	66	0 41793524 86070936 170287853 1071675501 3443529957 74444 76541 11845 1242547 
1789438345.250831112	456000000	66	0 41793524 86070936 170287853 1071675501 3443896395 74444 76541 11845 1242547 
1789438345.800787260	456000000	66	0 41793524 86070936 170287853 1071675501 3444261997 74444 76541 11845 1242547 
1789438346.347835752	456000000	66	0 41793524 86070936 170287853 1071675501 3444622143 74444 76541 11845 1242547 
1789438346.900601849	456000000	66	0 41793524 86070936 170287853 1071675501 3444988340 74444 76541 11845 1242547 
1789438347.442941174	456000000	66	0 41793524 86070936 170287853 1071675501 3445349693 74444 76541 11845 1242547 
1789438347.988986332	456000000	66	0 41793524 86070936 170287853 1071675501 3445712484 74444 76541 11845 1242547 
1789438348.534288001	456000000	66	0 41793524 86070936 170287853 1071675501 3446078663 74444 76541 11845 1242547 
1789438349.083061806	456000000	66	0 41793524 86070936 170287853 1071675501 3446447013 74444 76541 11845 1242547 
1789438349.634786913	456000000	66	0 41793524 86070936 170287853 1071675501 3446807227 74444 76541 11845 1242547 
1789438350.183487332	456000000	66	0 41793524 86070936 170287853 1071675501 3447169971 74444 76541 11845 1242547 
1789438350.730710564	456000000	66	0 41793524 86070936 170287853 1071675501 3447536469 74444 76541 11845 1242547 
1789438351.280000514	456000000	66	0 41793524 86070936 170287853 1071675501 3447901925 74444 76541 11845 1242547 
1789438351.829898850	456000000	66	0 41793524 86070936 170287853 1071675501 3448266485 74444 76541 11845 1242547 
1789438352.382315103	456000000	66	0 41793524 86070936 170287853 1071675501 3448634951 74444 76541 11845 1242547 
1789438352.931685783	456000000	66	0 41793524 86070936 170287853 1071675501 3448995402 74444 76541 11845 1242547 
1789438353.479142452	456000000	66	0 41793524 86070936 170287853 1071675501 3449359977 74444 76541 11845 1242547 
1789438354.026666830	456000000	66	0 41793524 86070936 170287853 1071675501 3449724046 74444 76541 11845 1242547 
1789438354.568957196	456000000	66	0 41793524 86070936 170287853 1071675501 3450083173 74444 76541 11845 1242547 
1789438355.115117511	456000000	66	0 41793524 86070936 170287853 1071675501 3450447944 74444 76541 11845 1242547 
1789438355.661407409	456000000	67	0 41793524 86070936 170287853 1071675501 3450813523 74444 76541 11845 1242547 
1789438356.212160850	456000000	67	0 41793524 86070936 170287853 1071675501 3451182393 74444 76541 11845 1242547 
1789438356.759980748	456000000	66	0 41793524 86070936 170287853 1071675501 3451543815 74444 76541 11845 1242547 
1789438357.307979969	456000000	66	0 41793524 86070936 170287853 1071675501 3451911196 74444 76541 11845 1242547 
1789438357.861174972	456000000	66	0 41793524 86070936 170287853 1071675501 3452273393 74444 76541 11845 1242547 
1789438358.406860495	456000000	66	0 41793524 86070936 170287853 1071675501 3452636260 74444 76541 11845 1242547 
1789438358.954803571	456000000	66	0 41793524 86070936 170287853 1071675501 3453001404 74444 76541 11845 1242547 
1789438359.500368000	456000000	66	0 41793524 86070936 170287853 1071675501 3453364231 74444 76541 11845 1242547 
1789438360.049450867	456000000	66	0 41793524 86070936 170287853 1071675501 3453727602 74444 76541 11845 1242547 
1789438360.599717328	456000000	66	0 41793524 86070936 170287853 1071675501 3454089632 74444 76541 11845 1242547 
1789438361.144158945	456000000	66	0 41793524 86070936 170287853 1071675501 3454456774 74444 76541 11845 1242547 
1789438361.689375353	456000000	67	0 41793524 86070936 170287853 1071675501 3454824689 74444 76541 11845 1242547 
1789438362.237784575	456000000	67	0 41793524 86070936 170287853 1071675501 3455195852 74444 76541 11845 1242547 
1789438362.791434734	456000000	67	0 41793524 86070936 170287853 1071675501 3455564183 74444 76541 11845 1242547 
1789438363.337809320	456000000	67	0 41793524 86070936 170287853 1071675501 3455928854 74444 76541 11845 1242547 
1789438363.889839375	456000000	66	0 41793524 86070936 170287853 1071675501 3456292044 74444 76541 11845 1242547 
1789438364.434845314	456000000	66	0 41793524 86070936 170287853 1071675501 3456656283 74444 76541 11845 1242547 
1789438364.981192556	456000000	66	0 41793524 86070936 170287853 1071675501 3457018096 74444 76541 11845 1242547 
1789438365.527529903	456000000	66	0 41793524 86070936 170287853 1071675501 3457381285 74444 76541 11845 1242547 
1789438366.076022509	456000000	66	0 41793524 86070936 170287853 1071675501 3457744246 74444 76541 11845 1242547 
1789438366.622933970	456000000	66	0 41793524 86070936 170287853 1071675501 3458106375 74444 76541 11845 1242547 
1789438367.171202566	456000000	66	0 41793524 86070936 170287853 1071675501 3458473834 74444 76541 11845 1242547 
1789438367.723889861	456000000	66	0 41793524 86070936 170287853 1071675501 3458837433 74444 76541 11845 1242547 
1789438368.271974707	456000000	66	0 41793524 86070936 170287853 1071675501 3459203991 74444 76541 11845 1242547 
1789438368.817777366	456000000	66	0 41793524 86070936 170287853 1071675501 3459571230 74444 76541 11845 1242547 
1789438369.368772004	456000000	66	0 41793524 86070936 170287853 1071675501 3459935863 74444 76541 11845 1242547 
1789438369.920029559	456000000	66	0 41793524 86070936 170287853 1071675501 3460299589 74444 76541 11845 1242547 
1789438370.467354509	456000000	66	0 41793524 86070936 170287853 1071675501 3460665323 74444 76541 11845 1242547 
1789438371.013538470	456000000	66	0 41793524 86070936 170287853 1071675501 3461028223 74444 76541 11845 1242547 
1789438371.557283524	456000000	66	0 41793524 86070936 170287853 1071675501 3461393070 74444 76541 11845 1242547 
1789438372.105815141	456000000	66	0 41793524 86070936 170287853 1071675501 3461759723 74444 76541 11845 1242547 
1789438372.657638634	456000000	66	0 41793524 86070936 170287853 1071675501 3462123792 74444 76541 11845 1242547 
1789438373.206298845	492000000	66	0 41793524 86070936 170287853 1071700184 3462234952 74444 76541 11845 1242547 
1789438373.752890461	492000000	26	0 41793524 86070936 170287853 1071792105 3462234952 74444 76541 11845 1242547 
1789438374.314244424	492000000	26	0 41793524 86070936 170287853 1071906014 3462234952 74444 76541 11845 1242547 
1789438374.864581874	492000000	19	0 41793524 86070936 170287853 1072004130 3462234952 74444 76541 11845 1242547 
1789438375.409093751	492000000	19	0 41793524 86070936 170287853 1072097672 3462234952 74444 76541 11845 1242547 
1789438375.956306202	492000000	17	0 41793524 86070936 170287853 1072192188 3462234952 74444 76541 11845 1242547 
1789438376.502845371	492000000	17	0 41793524 86070936 170287853 1072286991 3462234952 74444 76541 11845 1242547 
1789438377.048114123	492000000	17	0 41793524 86070936 170287853 1072381201 3462234952 74444 76541 11845 1242547 
1789438377.591797459	492000000	17	0 41793524 86070936 170287853 1072474413 3462234952 74444 76541 11845 1242547 
1789438378.136533398	492000000	17	0 41793524 86070936 170287853 1072567520 3462234952 74444 76541 11845 1242547 
1789438378.682324546	492000000	17	0 41793524 86070936 170287853 1072661649 3462234952 74444 76541 11845 1242547 
1789438379.228575538	492000000	17	0 41793524 86070936 170287853 1072755785 3462234952 74444 76541 11845 1242547 
1789438379.776520072	492000000	17	0 41793524 86070936 170287853 1072849864 3462234952 74444 76541 11845 1242547 
1789438380.322427158	492000000	17	0 41793524 86070936 170287853 1072942634 3462234952 74444 76541 11845 1242547 
1789438380.871299921	492000000	17	0 41793524 86070936 170287853 1073036163 3462234952 74444 76541 11845 1242547 
1789438381.417020027	492000000	17	0 41793524 86070936 170287853 1073129780 3462234952 74444 76541 11845 1242547 
1789438381.960820967	492000000	17	0 41793524 86070936 170287853 1073224463 3462234952 74444 76541 11845 1242547 
1789438382.511503730	492000000	17	0 41793524 86070936 170287853 1073318554 3462234952 74444 76541 11845 1242547 
1789438383.055281336	492000000	17	0 41793524 86070936 170287853 1073411728 3462234952 74444 76541 11845 1242547 
1789438383.599261755	492000000	17	0 41793524 86070936 170287853 1073504797 3462234952 74444 76541 11845 1242547 
1789438384.145064413	492000000	17	0 41793524 86070936 170287853 1073598074 3462234952 74444 76541 11845 1242547 
1789438384.686207332	492000000	17	0 41793524 86070936 170287853 1073691709 3462234952 74444 76541 11845 1242547 
1789438385.237867856	492000000	17	0 41793524 86070936 170287853 1073791217 3462234952 74444 76541 11845 1242547 
1789438385.797432703	545000000	17	0 41793524 86070936 170345334 1073818115 3462234952 74444 76541 11845 1242547 
1789438386.347012133	545000000	17	0 41793524 86070936 170421404 1073818115 3462234952 74444 76541 11845 1242547 
1789438386.897907136	545000000	13	0 41793524 86070936 170495941 1073818115 3462234952 74444 76541 11845 1242547 
1789438387.448381097	545000000	13	0 41793524 86070936 170571654 1073818115 3462234952 74444 76541 11845 1242547 
1789438387.997886360	545000000	13	0 41793524 86070936 170645623 1073818115 3462234952 74444 76541 11845 1242547 
1789438388.548257717	545000000	13	0 41793524 86070936 170719918 1073818115 3462234952 74444 76541 11845 1242547 
1789438389.092953135	545000000	13	0 41793524 86070936 170795035 1073818115 3462234952 74444 76541 11845 1242547 
1789438389.645077826	545000000	13	0 41793524 86070936 170871460 1073818115 3462234952 74444 76541 11845 1242547 
1789438390.189416422	545000000	13	0 41793524 86070936 170945070 1073818115 3462234952 74444 76541 11845 1242547 
1789438390.739463300	545000000	13	0 41793524 86070936 171018968 1073818115 3462234952 74444 76541 11845 1242547 
1789438391.293712313	545000000	13	0 41793524 86070936 171093412 1073818115 3462234952 74444 76541 11845 1242547 
1789438391.844067160	545000000	13	0 41793524 86070936 171167973 1073818115 3462234952 74444 76541 11845 1242547 
1789438392.392674506	545000000	13	0 41793524 86070936 171242370 1073818115 3462234952 74444 76541 11845 1242547 
1789438392.943048467	545000000	13	0 41793524 86070936 171318488 1073818115 3462234952 74444 76541 11845 1242547 
1789438393.493830813	545000000	13	0 41793524 86070936 171395295 1073818115 3462234952 74444 76541 11845 1242547 
1789438394.045913056	545000000	13	0 41793524 86070936 171469590 1073818115 3462234952 74444 76541 11845 1242547 
1789438394.596505975	545000000	13	0 41793524 86070936 171545075 1073818115 3462234952 74444 76541 11845 1242547 
1789438395.142617436	545000000	13	0 41793524 86070936 171620087 1073818115 3462234952 74444 76541 11845 1242547 
1789438395.689924261	545000000	13	0 41793524 86070936 171696250 1073818115 3462234952 74444 76541 11845 1242547 
1789438396.242576244	545000000	13	0 41793524 86070936 171771674 1073818115 3462234952 74444 76541 11845 1242547 
1789438396.788871767	545000000	13	0 41793524 86070936 171846737 1073818115 3462234952 74444 76541 11845 1242547 
1789438397.336088592	545000000	13	0 41793524 86070936 171922379 1073818115 3462234952 74444 76541 11845 1242547 
1789438397.882752969	545000000	13	0 41793524 86070936 171998385 1073818115 3462234952 74444 76541 11845 1242547 
1789438398.430966774	545000000	13	0 41793524 86070936 172071847 1073818115 3462234952 74444 76541 11845 1242547 
1789438398.973468130	545000000	13	0 41793524 86070936 172145859 1073818115 3462234952 74444 76541 11845 1242547 
1789438399.521882299	545000000	13	0 41793524 86070936 172219158 1073818115 3462234952 74444 76541 11845 1242547 
1789438400.070580219	545000000	13	0 41793524 86070936 172295002 1073818115 3462234952 74444 76541 11845 1242547 
1789438400.616771054	545000000	13	0 41793524 86070936 172330681 1073818115 3462234952 74444 76541 11845 1242547 
1789438401.157404962	545000000	9	0 41793524 86070936 172330681 1073818115 3462234952 74444 76541 11845 1242547 
1789438401.698490485	545000000	0	0 41793524 86070936 172330681 1073818115 3462234952 74444 76541 11845 1242547 
1789438402.239915851	545000000	0	0 41793524 86070936 172330681 1073818115 3462234952 74444 76541 11845 1242547 
1789438402.789854292	545000000	0	0 41793524 86070936 172330681 1073818115 3462234952 74444 76541 11845 1242547 
1789438403.334771065	545000000	0	0 41793524 86070936 172330681 1073818115 3462234952 74444 76541 11845 1242547 
1789438403.884867474	545000000	0	0 41793524 86070936 172330681 1073818115 3462234952 74444 76541 11845 1242547 
1789438404.432566955	545000000	0	0 41793524 86070936 172330681 1073818115 3462234952 74444 76541 11845 1242547 
1789438404.974950759	545000000	0	0 41793524 86070936 172330681 1073818115 3462234952 74444 76541 11845 1242547 
1789438405.519859668	545000000	0	0 41793524 86070936 172330681 1073818115 3462234952 74444 76541 11845 1242547 
1789438406.068520712	545000000	0	0 41793524 86070936 172330681 1073818115 3462234952 74444 76541 11845 1242547 
1789438406.616670662	545000000	0	0 41793524 86070936 172330681 1073818115 3462234952 74444 76541 11845 1242547 
1789438407.160620196	545000000	0	0 41793524 86070936 172330681 1073818115 3462234952 74444 76541 11845 1242547 
1789438407.703416917	545000000	0	0 41793524 86070936 172330681 1073818115 3462234952 74444 76541 11845 1242547 
1789438408.246684627	545000000	0	0 41793524 86070936 172330681 1073818115 3462234952 74444 76541 11845 1242547 
1789438408.786538587	545000000	0	0 41793524 86070936 172330681 1073818115 3462234952 74444 76541 11845 1242547 
1789438409.328292391	545000000	0	0 41793524 86070936 172330681 1073818115 3462234952 74444 76541 11845 1242547 
1789438409.872494320	545000000	0	0 41793524 86070936 172330681 1073818115 3462234952 74444 76541 11845 1242547 
1789438410.422199948	545000000	0	0 41793524 86070936 172330681 1073818115 3462234952 74444 76541 11845 1242547 
1789438410.973143596	545000000	0	0 41793524 86070936 172330681 1073818115 3462234952 74444 76541 11845 1242547 
1789438411.524316047	545000000	0	0 41793524 86070936 172330681 1073818115 3462234952 74444 76541 11845 1242547 
1789438412.067392143	545000000	0	0 41793524 86070936 172330681 1073818115 3462234952 74444 76541 11845 1242547 
1789438412.608375582	545000000	0	0 41793524 86070936 172330681 1073818115 3462234952 74444 76541 11845 1242547 
1789438413.153778762	545000000	0	0 41793524 86070936 172330681 1073818115 3462234952 74444 76541 11845 1242547 
1789438413.695841107	545000000	0	0 41793524 86070936 172330681 1073818115 3462234952 74444 76541 11845 1242547 
1789438414.238276526	545000000	0	0 41793524 86070936 172330681 1073818115 3462234952 74444 76541 11845 1242547 
1789438414.781843247	545000000	0	0 41793524 86070936 172330681 1073818115 3462234952 74444 76541 11845 1242547 
1789438415.329178926	545000000	0	0 41793524 86070936 172330681 1073818115 3462234952 74444 76541 11845 1242547 
1789438415.872800855	545000000	0	0 41793524 86070936 172330681 1073818115 3462234952 74444 76541 11845 1242547 
1789438416.421755598	545000000	0	0 41793524 86070936 172330681 1073818115 3462234952 74444 76541 11845 1242547 
1789438416.968827058	545000000	0	0 41793524 86070936 172330681 1073818115 3462234952 74444 76541 11845 1242547 
1789438417.514215915	545000000	0	0 41793524 86070936 172330681 1073818115 3462234952 74444 76541 11845 1242547 
1789438418.064067063	545000000	0	0 41793524 86070936 172330681 1073818115 3462234952 74444 76541 11845 1242547 
1789438418.607249305	545000000	0	0 41793524 86070936 172330681 1073818115 3462234952 74444 76541 11845 1242547 
1789438419.148716286	545000000	0	0 41793524 86070936 172330681 1073818115 3462234952 74444 76541 11845 1242547 
1789438419.690669829	545000000	0	0 41793524 86070936 172330681 1073818115 3462234952 74444 76541 11845 1242547 
1789438420.233654154	545000000	0	0 41793524 86070936 172330681 1073818115 3462234952 74444 76541 11845 1242547 
1789438420.778712959	545000000	0	0 41793524 86070936 172330681 1073818115 3462234952 74444 76541 11845 1242547 
1789438421.327104263	545000000	0	0 41793524 86070936 172330681 1073818115 3462234952 74444 76541 11845 1242547 
1789438421.877365464	545000000	0	0 41793524 86070936 172330681 1073818115 3462234952 74444 76541 11845 1242547 
1789438422.423697133	545000000	0	0 41793524 86070936 172330681 1073818115 3462234952 74444 76541 11845 1242547 
1789438422.967365416	545000000	0	0 41793524 86070936 172330681 1073818115 3462234952 74444 76541 11845 1242547 
1789438423.511946773	545000000	0	0 41793524 86070936 172330681 1073818115 3462234952 74444 76541 11845 1242547 
1789438424.058828962	545000000	0	0 41793524 86070936 172330681 1073818115 3462234952 74444 76541 11845 1242547 
1789438424.611520528	545000000	0	0 41793524 86070936 172330681 1073818115 3462234952 74444 76541 11845 1242547 
1789438425.157875166	545000000	0	0 41793524 86070936 172330681 1073818115 3462234952 74444 76541 11845 1242547 
1789438425.708358866	545000000	0	0 41793524 86070936 172330681 1073818115 3462234952 74444 76541 11845 1242547 
1789438426.253173504	545000000	0	0 41793524 86070936 172330681 1073818115 3462234952 74444 76541 11845 1242547 
1789438426.794468975	545000000	0	0 41793524 86070936 172330681 1073818115 3462234952 74444 76541 11845 1242547 
1789438427.333772570	545000000	0	0 41793524 86070936 172330681 1073818115 3462234952 74444 76541 11845 1242547 
1789438427.878474603	545000000	0	0 41793524 86070936 172330681 1073818115 3462234952 74444 76541 11845 1242547 
1789438428.427236533	545000000	0	0 41793524 86070936 172330681 1073818115 3462234952 74444 76541 11845 1242547 
1789438428.971992629	545000000	0	0 41793524 86070936 172330681 1073818115 3462234952 74444 76541 11845 1242547 
1789438429.514899350	545000000	0	0 41793524 86070936 172330681 1073818115 3462234952 74444 76541 11845 1242547 
1789438430.059026435	545000000	0	0 41793524 86070936 172330681 1073818115 3462234952 74444 76541 11845 1242547 
1789438430.601282375	545000000	0	0 41793524 86070936 172330681 1073818115 3462234952 74444 76541 11845 1242547 
1789438431.142559460	545000000	0	0 41793524 86070936 172330681 1073818115 3462234952 74444 76541 11845 1242547 
1789438431.687502222	545000000	0	0 41793524 86070936 172330681 1073818115 3462234952 74444 76541 11845 1242547 
1789438432.232779152	545000000	0	0 41793524 86070936 172330681 1073818115 3462234952 74444 76541 11845 1242547 
1789438432.775747695	545000000	0	0 41793524 86070936 172330681 1073818115 3462234952 74444 76541 11845 1242547 
1789438433.319485406	545000000	0	0 41793524 86070936 172330681 1073818115 3462234952 74444 76541 11845 1242547 
1789438433.862628481	545000000	0	0 41793524 86070936 172330681 1073818115 3462234952 74444 76541 11845 1242547 
1789438434.404979316	545000000	0	0 41793524 86070936 172330681 1073818115 3462234952 74444 76541 11845 1242547 
1789438434.953265464	545000000	0	0 41793524 86070936 172330681 1073818115 3462234952 74444 76541 11845 1242547 
1789438435.497276821	545000000	0	0 41793524 86070936 172330681 1073818115 3462234952 74444 76541 11845 1242547 
1789438436.042183073	545000000	0	0 41793524 86070936 172330681 1073818115 3462234952 74444 76541 11845 1242547 
1789438436.585477346	545000000	0	0 41793524 86070936 172330681 1073818115 3462234952 74444 76541 11845 1242547 
1789438437.130930056	545000000	0	0 41793524 86070936 172330681 1073818115 3462234952 74444 76541 11845 1242547 
1789438437.671580527	545000000	0	0 41793524 86070936 172330681 1073818115 3462234952 74444 76541 11845 1242547 
1789438438.208000685	545000000	0	0 41793524 86070936 172330681 1073818115 3462234952 74444 76541 11845 1242547 
1789438438.752978395	545000000	0	0 41793524 86070936 172330681 1073818115 3462234952 74444 76541 11845 1242547 
1789438439.297660793	545000000	0	0 41793524 86070936 172330681 1073818115 3462234952 74444 76541 11845 1242547 
1789438439.839652982	545000000	0	0 41793524 86070936 172330681 1073818115 3462234952 74444 76541 11845 1242547 
1789438440.384337672	545000000	0	0 41793524 86070936 172330681 1073818115 3462234952 74444 76541 11845 1242547 
1789438440.924531736	545000000	0	0 41793524 86070936 172330681 1073818115 3462234952 74444 76541 11845 1242547 
1789438441.468299447	545000000	0	0 41793524 86070936 172330681 1073818115 3462234952 74444 76541 11845 1242547 
1789438442.009397886	545000000	0	0 41793524 86070936 172330681 1073818115 3462234952 74444 76541 11845 1242547 
1789438442.552734659	545000000	0	0 41793524 86070936 172330681 1073818115 3462234952 74444 76541 11845 1242547 
1789438443.095244869	545000000	0	0 41793524 86070936 172330681 1073818115 3462234952 74444 76541 11845 1242547 
1789438443.641516434	545000000	0	0 41793524 86070936 172330681 1073818115 3462234952 74444 76541 11845 1242547 
1789438444.187781801	545000000	0	0 41793524 86070936 172330681 1073818115 3462234952 74444 76541 11845 1242547 
1789438444.729868574	545000000	0	0 41793524 86070936 172330681 1073818115 3462234952 74444 76541 11845 1242547 
1789438445.279530451	545000000	0	0 41793524 86070936 172330681 1073818115 3462234952 74444 76541 11845 1242547 
1789438445.826024308	545000000	0	0 41793524 86070936 172330681 1073818115 3462234952 74444 76541 11845 1242547 
1789438446.371585821	545000000	0	0 41793524 86070936 172330681 1073818115 3462234952 74444 76541 11845 1242547 
1789438446.917626656	545000000	0	0 41793524 86070936 172330681 1073818115 3462234952 74444 76541 11845 1242547 
1789438447.457983793	545000000	0	0 41793524 86070936 172330681 1073818115 3462234952 74444 76541 11845 1242547 
1789438447.999542233	545000000	0	0 41793524 86070936 172330681 1073818115 3462234952 74444 76541 11845 1242547 
1789438448.542609266	545000000	0	0 41793524 86070936 172330681 1073818115 3462234952 74444 76541 11845 1242547 
1789438449.091016560	545000000	0	0 41793524 86070936 172330681 1073818115 3462234952 74444 76541 11845 1242547 
1789438449.635886875	545000000	0	0 41793524 86070936 172330681 1073818115 3462234952 74444 76541 11845 1242547 
1789438450.180031669	545000000	0	0 41793524 86070936 172330681 1073818115 3462234952 74444 76541 11845 1242547 
1789438450.726529848	545000000	0	0 41793524 86070936 172330681 1073818115 3462234952 74444 76541 11845 1242547 
1789438451.270361621	545000000	0	0 41793524 86070936 172330681 1073818115 3462234952 74444 76541 11845 1242547 
1789438451.811090060	545000000	0	0 41793524 86070936 172330681 1073818115 3462234952 74444 76541 11845 1242547 
1789438452.355642511	545000000	0	0 41793524 86070936 172330681 1073818115 3462234952 74444 76541 11845 1242547 
1789438452.899906523	545000000	0	0 41793524 86070936 172330681 1073818115 3462234952 74444 76541 11845 1242547 
1789438453.445589338	545000000	0	0 41793524 86070936 172330681 1073818115 3462234952 74444 76541 11845 1242547 
1789438453.988154809	545000000	0	0 41793524 86070936 172330681 1073818115 3462234952 74444 76541 11845 1242547 
1789438454.534298925	545000000	0	0 41793524 86070936 172330681 1073818115 3462234952 74444 76541 11845 1242547 
1789438455.081809657	545000000	0	0 41793524 86070936 172330681 1073818115 3462234952 74444 76541 11845 1242547 
1789438455.622366013	545000000	0	0 41793524 86070936 172330681 1073818115 3462234952 74444 76541 11845 1242547 
1789438456.169905547	545000000	0	0 41793524 86070936 172330681 1073818115 3462234952 74444 76541 11845 1242547 
1789438456.713266903	545000000	0	0 41793524 86070936 172330681 1073818115 3462234952 74444 76541 11845 1242547 
1789438457.261845239	545000000	0	0 41793524 86070936 172330681 1073818115 3462234952 74444 76541 11845 1242547 
1789438457.809014148	545000000	0	0 41793524 86070936 172330681 1073818115 3462234952 74444 76541 11845 1242547 
1789438458.351823316	545000000	0	0 41793524 86070936 172330681 1073818115 3462234952 74444 76541 11845 1242547 
1789438458.897790089	545000000	0	0 41793524 86070936 172330681 1073818115 3462234952 74444 76541 11845 1242547 
1789438459.441342748	545000000	0	0 41793524 86070936 172330681 1073818115 3462234952 74444 76541 11845 1242547 
1789438459.988556448	545000000	0	0 41793524 86070936 172330681 1073818115 3462234952 74444 76541 11845 1242547 
1789438460.533862492	545000000	0	0 41793524 86070936 172330681 1073818115 3462234952 74444 76541 11845 1242547 
1789438461.079447286	545000000	0	0 41793524 86070936 172330681 1073818115 3462234952 74444 76541 11845 1242547 
1789438461.626172757	545000000	0	0 41793524 86070936 172330681 1073818115 3462234952 74444 76541 11845 1242547 
1789438462.166055779	545000000	0	0 41793524 86070936 172330681 1073818115 3462234952 74444 76541 11845 1242547 
1789438462.710015365	545000000	0	0 41793524 86070936 172330681 1073818115 3462234952 74444 76541 11845 1242547 
1789438463.257492034	545000000	0	0 41793524 86070936 172330681 1073818115 3462234952 74444 76541 11845 1242547 
1789438463.801165526	545000000	0	0 41793524 86070936 172330681 1073818115 3462234952 74444 76541 11845 1242547 
1789438464.343155007	545000000	0	0 41793524 86070936 172330681 1073818115 3462234952 74444 76541 11845 1242547 
1789438464.888028551	545000000	0	0 41793524 86070936 172330681 1073818115 3462234952 74444 76541 11845 1242547 
1789438465.430134125	545000000	0	0 41793524 86070936 172330681 1073818115 3462234952 74444 76541 11845 1242547 
1789438465.974982149	545000000	0	0 41793524 86070936 172330681 1073818115 3462234952 74444 76541 11845 1242547 
1789438466.517279286	545000000	0	0 41793524 86070936 172330681 1073818115 3462234952 74444 76541 11845 1242547 
1789438467.062262257	545000000	0	0 41793524 86070936 172330681 1073818115 3462234952 74444 76541 11845 1242547 
1789438467.604787988	545000000	0	0 41793524 86070936 172330681 1073818115 3462234952 74444 76541 11845 1242547 
1789438468.148816219	545000000	0	0 41793524 86070936 172330681 1073818115 3462234952 74444 76541 11845 1242547 
1789438468.691612992	545000000	0	0 41793524 86070936 172330681 1073818115 3462234952 74444 76541 11845 1242547 
1789438469.230988827	545000000	0	0 41793524 86070936 172330681 1073818115 3462234952 74444 76541 11845 1242547 
1789438469.772807058	545000000	0	0 41793524 86070936 172330681 1073818115 3462234952 74444 76541 11845 1242547 
1789438470.319566123	545000000	0	0 41793524 86070936 172330681 1073818115 3462234952 74444 76541 11845 1242547 
1789438470.870551230	545000000	0	0 41793524 86070936 172330681 1073818115 3462234952 74444 76541 11845 1242547 
1789438471.415495243	545000000	0	0 41793524 86070936 172330681 1073818115 3462234952 74444 76541 11845 1242547 
1789438471.959251495	545000000	0	0 41793524 86070936 172330681 1073818115 3462234952 74444 76541 11845 1242547 
1789438472.507528372	545000000	0	0 41793524 86070936 172330681 1073818115 3462234952 74444 76541 11845 1242547 
1789438473.048120041	545000000	0	0 41793524 86070936 172330681 1073818115 3462234952 74444 76541 11845 1242547 
1789438473.590889261	545000000	0	0 41793524 86070936 172330681 1073818115 3462234952 74444 76541 11845 1242547 
1789438474.135884211	545000000	0	0 41793524 86070936 172330681 1073818115 3462234952 74444 76541 11845 1242547 
1789438474.682156766	545000000	0	0 41793524 86070936 172330681 1073818115 3462234952 74444 76541 11845 1242547 
1789438475.228617237	545000000	0	0 41793524 86070936 172330681 1073818115 3462234952 74444 76541 11845 1242547 
1789438475.773670000	545000000	0	0 41793524 86070936 172330681 1073818115 3462234952 74444 76541 11845 1242547 
1789438476.320623596	545000000	0	0 41793524 86070936 172330681 1073818115 3462234952 74444 76541 11845 1242547 
1789438476.859819743	545000000	0	0 41793524 86070936 172330681 1073818115 3462234952 74444 76541 11845 1242547 
1789438477.402201308	545000000	0	0 41793524 86070936 172330681 1073818115 3462234952 74444 76541 11845 1242547 
1789438477.955781207	545000000	0	0 41793524 86070936 172330681 1073818115 3462234952 74444 76541 11845 1242547 
1789438478.499354334	545000000	0	0 41793524 86070936 172330681 1073818115 3462234952 74444 76541 11845 1242547 
1789438479.044122878	545000000	0	0 41793524 86070936 172330681 1073818115 3462234952 74444 76541 11845 1242547 
1789438479.588380432	545000000	0	0 41793524 86070936 172330681 1073818115 3462234952 74444 76541 11845 1242547 
1789438480.130596111	545000000	0	0 41793524 86070936 172330681 1073818115 3462234952 74444 76541 11845 1242547 
1789438480.672360123	545000000	0	0 41793524 86070936 172330681 1073818115 3462234952 74444 76541 11845 1242547 
1789438481.215681896	545000000	0	0 41793524 86070936 172330681 1073818115 3462234952 74444 76541 11845 1242547 
1789438481.762669294	545000000	0	0 41793524 86070936 172330681 1073818115 3462234952 74444 76541 11845 1242547 
1789438482.304802213	545000000	0	0 41793524 86070936 172330681 1073818115 3462234952 74444 76541 11845 1242547 
1789438482.847653725	545000000	0	0 41793524 86070936 172330681 1073818115 3462234952 74444 76541 11845 1242547 
1789438483.390746592	545000000	0	0 41793524 86070936 172330681 1073818115 3462234952 74444 76541 11845 1242547 
1789438483.931548000	545000000	0	0 41793524 86070936 172330681 1073818115 3462234952 74444 76541 11845 1242547 
1789438484.480661648	545000000	0	0 41793524 86070936 172330681 1073818115 3462234952 74444 76541 11845 1242547 
1789438485.023589671	545000000	0	0 41793524 86070936 172330681 1073818115 3462234952 74444 76541 11845 1242547 
1789438485.569807903	545000000	0	0 41793524 86070936 172330681 1073818115 3462234952 74444 76541 11845 1242547 
1789438486.114787853	545000000	0	0 41793524 86070936 172330681 1073818115 3462234952 74444 76541 11845 1242547 
1789438486.662144626	545000000	0	0 41793524 86070936 172330681 1073818115 3462234952 74444 76541 11845 1242547 
1789438487.203022753	545000000	0	0 41793524 86070936 172330681 1073818115 3462234952 74444 76541 11845 1242547 
1789438487.743524109	545000000	0	0 41793524 86070936 172330681 1073818115 3462234952 74444 76541 11845 1242547 
1789438488.287793955	545000000	0	0 41793524 86070936 172330681 1073818115 3462234952 74444 76541 11845 1242547 
1789438488.833537446	545000000	0	0 41793524 86070936 172330681 1073818115 3462234952 74444 76541 11845 1242547 
