# сэмплер частоты GPU, период 0.25 с
# лестница: 690000000 640000000 599000000 545000000 492000000 456000000 421000000 350000000 317000000 285000000 
# unix_время	клок_Гц	загрузка_%	резиденция_по_ступеням
1789436838.237280777	456000000	43	0 34949586 80768937 155718538 1059607942 2690257475 74444 76541 11845 1226164 
1789436838.529654764	456000000	43	0 34949586 80768937 155718538 1059607942 2690361590 74444 76541 11845 1226164 
1789436838.824937970	456000000	43	0 34949586 80768937 155718538 1059607942 2690466736 74444 76541 11845 1226164 
1789436839.125582948	456000000	35	0 34949586 80768937 155718538 1059607942 2690557628 74444 76541 11845 1226164 
1789436839.421745269	456000000	35	0 34949586 80768937 155718538 1059607942 2690672456 74444 76541 11845 1226164 
1789436839.716277955	456000000	35	0 34949586 80768937 155718538 1059607942 2690792929 74444 76541 11845 1226164 
1789436840.022418923	456000000	37	0 34949586 80768937 155718538 1059607942 2690917589 74444 76541 11845 1226164 
1789436840.320426244	456000000	37	0 34949586 80768937 155718538 1059607942 2691039552 74444 76541 11845 1226164 
1789436840.624124608	456000000	37	0 34949586 80768937 155718538 1059607942 2691162851 74444 76541 11845 1226164 
1789436840.921053596	456000000	37	0 34949586 80768937 155718538 1059607942 2691283011 74444 76541 11845 1226164 
1789436841.222075918	456000000	40	0 34949586 80768937 155718538 1059607942 2691409702 74444 76541 11845 1226164 
1789436841.520943031	456000000	40	0 34949586 80768937 155718538 1059607942 2691530038 74444 76541 11845 1226164 
1789436841.819683008	456000000	40	0 34949586 80768937 155718538 1059607942 2691653173 74444 76541 11845 1226164 
1789436842.116086840	456000000	40	0 34949586 80768937 155718538 1059607942 2691767043 74444 76541 11845 1226164 
1789436842.415925568	456000000	40	0 34949586 80768937 155718538 1059607942 2691873580 74444 76541 11845 1226164 
1789436842.713597993	456000000	40	0 34949586 80768937 155718538 1059607942 2691979157 74444 76541 11845 1226164 
1789436843.014276877	456000000	35	0 34949586 80768937 155718538 1059607942 2692089925 74444 76541 11845 1226164 
1789436843.317996647	456000000	35	0 34949586 80768937 155718538 1059607942 2692208629 74444 76541 11845 1226164 
1789436843.621513605	456000000	35	0 34949586 80768937 155718538 1059607942 2692331166 74444 76541 11845 1226164 
1789436843.920764884	456000000	35	0 34949586 80768937 155718538 1059607942 2692451051 74444 76541 11845 1226164 
1789436844.220729654	456000000	39	0 34949586 80768937 155718538 1059607942 2692571067 74444 76541 11845 1226164 
1789436844.523971142	456000000	39	0 34949586 80768937 155718538 1059607942 2692689862 74444 76541 11845 1226164 
1789436844.821700235	456000000	39	0 34949586 80768937 155718538 1059607942 2692809533 74444 76541 11845 1226164 
1789436845.117635420	456000000	40	0 34949586 80768937 155718538 1059607942 2692927794 74444 76541 11845 1226164 
1789436845.414383054	456000000	40	0 34949586 80768937 155718538 1059607942 2693048913 74444 76541 11845 1226164 
1789436845.720434387	456000000	40	0 34949586 80768937 155718538 1059607942 2693170150 74444 76541 11845 1226164 
1789436846.017974312	456000000	39	0 34949586 80768937 155718538 1059607942 2693280593 74444 76541 11845 1226164 
1789436846.315352727	456000000	39	0 34949586 80768937 155718538 1059607942 2693386265 74444 76541 11845 1226164 
1789436846.614474788	456000000	39	0 34949586 80768937 155718538 1059607942 2693493504 74444 76541 11845 1226164 
1789436846.914119766	456000000	39	0 34949586 80768937 155718538 1059607942 2693580476 74444 76541 11845 1226164 
1789436847.214511410	456000000	34	0 34949586 80768937 155718538 1059607942 2693733447 74444 76541 11845 1226164 
1789436847.523697431	456000000	34	0 34949586 80768937 155718538 1059607942 2693889696 74444 76541 11845 1226164 
1789436847.837333191	456000000	34	0 34949586 80768937 155718538 1059607942 2694061574 74444 76541 11845 1226164 
1789436848.143812961	456000000	52	0 34949586 80768937 155718538 1059607942 2694230789 74444 76541 11845 1226164 
1789436848.457533618	456000000	52	0 34949586 80768937 155718538 1059607942 2694400050 74444 76541 11845 1226164 
1789436848.772265888	456000000	52	0 34949586 80768937 155718538 1059607942 2694568985 74444 76541 11845 1226164 
1789436849.080671596	456000000	54	0 34949586 80768937 155718538 1059607942 2694734286 74444 76541 11845 1226164 
1789436849.393366836	456000000	54	0 34949586 80768937 155718538 1059607942 2694901076 74444 76541 11845 1226164 
1789436849.703253117	456000000	54	0 34949586 80768937 155718538 1059607942 2695070162 74444 76541 11845 1226164 
1789436850.014615127	456000000	52	0 34949586 80768937 155718538 1059607942 2695221791 74444 76541 11845 1226164 
1789436850.319662293	456000000	52	0 34949586 80768937 155718538 1059607942 2695363223 74444 76541 11845 1226164 
1789436850.628043000	456000000	52	0 34949586 80768937 155718538 1059607942 2695504028 74444 76541 11845 1226164 
1789436850.937604646	456000000	52	0 34949586 80768937 155718538 1059607942 2695650670 74444 76541 11845 1226164 
1789436851.254021448	456000000	46	0 34949586 80768937 155718538 1059607942 2695792223 74444 76541 11845 1226164 
1789436851.563283771	456000000	46	0 34949586 80768937 155718538 1059607942 2695935753 74444 76541 11845 1226164 
1789436851.869446510	456000000	46	0 34949586 80768937 155718538 1059607942 2696077569 74444 76541 11845 1226164 
1789436852.172438206	456000000	46	0 34949586 80768937 155718538 1059607942 2696220342 74444 76541 11845 1226164 
1789436852.481111831	456000000	46	0 34949586 80768937 155718538 1059607942 2696363726 74444 76541 11845 1226164 
1789436852.790938112	456000000	46	0 34949586 80768937 155718538 1059607942 2696506365 74444 76541 11845 1226164 
1789436853.094799184	456000000	46	0 34949586 80768937 155718538 1059607942 2696647652 74444 76541 11845 1226164 
1789436853.404160048	456000000	46	0 34949586 80768937 155718538 1059607942 2696786752 74444 76541 11845 1226164 
1789436853.710834610	456000000	46	0 34949586 80768937 155718538 1059607942 2696926492 74444 76541 11845 1226164 
1789436854.016679328	456000000	45	0 34949586 80768937 155718538 1059607942 2697072994 74444 76541 11845 1226164 
1789436854.326003317	456000000	45	0 34949586 80768937 155718538 1059607942 2697218196 74444 76541 11845 1226164 
1789436854.636439441	456000000	45	0 34949586 80768937 155718538 1059607942 2697362940 74444 76541 11845 1226164 
1789436854.938833013	456000000	45	0 34949586 80768937 155718538 1059607942 2697437399 74444 76541 11845 1226164 
1789436855.233196532	640000000	39	0 35028375 80780142 155729611 1059618387 2697509209 74444 76541 11845 1226164 
1789436855.532412864	492000000	39	0 35149799 80818365 155768919 1059637432 2697509209 74444 76541 11845 1226164 
1789436855.833666332	545000000	39	0 35149799 80818365 156004061 1059660410 2697509209 74444 76541 11845 1226164 
1789436856.131994486	545000000	76	0 35149799 80818365 156261775 1059660410 2697509209 74444 76541 11845 1226164 
1789436856.436504464	545000000	76	0 35149799 80818365 156521683 1059660410 2697509209 74444 76541 11845 1226164 
1789436856.738462255	545000000	76	0 35149799 80818365 156781022 1059660410 2697509209 74444 76541 11845 1226164 
1789436857.042758223	545000000	85	0 35149799 80818365 157034175 1059660410 2697509209 74444 76541 11845 1226164 
1789436857.341508773	545000000	85	0 35149799 80818365 157290071 1059660410 2697509209 74444 76541 11845 1226164 
1789436857.638435730	545000000	85	0 35149799 80818365 157546102 1059660410 2697509209 74444 76541 11845 1226164 
1789436857.946357636	545000000	85	0 35149799 80818365 157807394 1059660410 2697509209 74444 76541 11845 1226164 
1789436858.252076625	545000000	84	0 35149799 80818365 157934963 1059660410 2697509209 74444 76541 11845 1226164 
1789436858.548972383	492000000	84	0 35149799 80818365 157947584 1059766971 2697509209 74444 76541 11845 1226164 
1789436858.849211580	492000000	84	0 35149799 80818365 157947584 1059906189 2697509209 74444 76541 11845 1226164 
1789436859.149394891	492000000	41	0 35149799 80818365 157947584 1060028083 2697509209 74444 76541 11845 1226164 
1789436859.449322473	456000000	41	0 35149799 80818365 157947584 1060058362 2697598322 74444 76541 11845 1226164 
1789436859.750566149	456000000	41	0 35149799 80818365 157947584 1060058362 2697718418 74444 76541 11845 1226164 
1789436860.054377689	456000000	39	0 35149799 80818365 157947584 1060058362 2697838424 74444 76541 11845 1226164 
1789436860.355591522	456000000	39	0 35149799 80818365 157947584 1060058362 2697958645 74444 76541 11845 1226164 
1789436860.657262437	456000000	39	0 35149799 80818365 157947584 1060058362 2698079360 74444 76541 11845 1226164 
1789436860.954862779	456000000	39	0 35149799 80818365 157947584 1060058362 2698199180 74444 76541 11845 1226164 
1789436861.254266924	456000000	40	0 35149799 80818365 157947584 1060058362 2698317257 74444 76541 11845 1226164 
1789436861.551236380	456000000	40	0 35149799 80818365 157947584 1060058362 2698436383 74444 76541 11845 1226164 
1789436861.854268077	456000000	40	0 35149799 80818365 157947584 1060058362 2698560623 74444 76541 11845 1226164 
1789436862.156305138	456000000	40	0 35149799 80818365 157947584 1060058362 2698681252 74444 76541 11845 1226164 
1789436862.456567720	456000000	40	0 35149799 80818365 157947584 1060058362 2698802295 74444 76541 11845 1226164 
1789436862.756208896	456000000	40	0 35149799 80818365 157947584 1060058362 2698922164 74444 76541 11845 1226164 
1789436863.056052416	456000000	40	0 35149799 80818365 157947584 1060058362 2699043605 74444 76541 11845 1226164 
1789436863.358415102	456000000	40	0 35149799 80818365 157947584 1060069082 2699139035 74444 76541 11845 1226164 
1789436863.658859715	640000000	40	0 35416343 80830260 157958325 1060069271 2699139035 74444 76541 11845 1226164 
1789436863.955189432	640000000	40	0 35713088 80830260 157958325 1060069271 2699139035 74444 76541 11845 1226164 
1789436864.256702119	640000000	75	0 36013213 80830260 157958325 1060069271 2699139035 74444 76541 11845 1226164 
1789436864.558302930	640000000	75	0 36307856 80830260 157958325 1060069271 2699139035 74444 76541 11845 1226164 
1789436864.854757074	640000000	75	0 36603756 80830260 157958325 1060069271 2699139035 74444 76541 11845 1226164 
1789436865.150075697	640000000	99	0 36897463 80830260 157958325 1060069271 2699139035 74444 76541 11845 1226164 
1789436865.445638904	640000000	99	0 37191724 80830260 157958325 1060069271 2699139035 74444 76541 11845 1226164 
1789436865.741402214	640000000	99	0 37493231 80830260 157958325 1060069271 2699139035 74444 76541 11845 1226164 
1789436866.043372869	640000000	99	0 37793684 80830260 157958325 1060069271 2699139035 74444 76541 11845 1226164 
1789436866.344876910	640000000	99	0 38017304 80830260 157958325 1060069271 2699139035 74444 76541 11845 1226164 
1789436866.639060116	599000000	99	0 38053710 80857327 157958325 1060069271 2699139035 74444 76541 11845 1226164 
1789436866.940678792	599000000	99	0 38053710 80932896 157958325 1060069271 2699139035 74444 76541 11845 1226164 
1789436867.238836426	599000000	42	0 38053710 81004954 157958325 1060069271 2699139035 74444 76541 11845 1226164 
1789436867.536798070	545000000	42	0 38053710 81020794 158017638 1060069271 2699139035 74444 76541 11845 1226164 
1789436867.833474819	545000000	42	0 38053710 81020794 158096680 1060069271 2699139035 74444 76541 11845 1226164 
1789436868.129404588	545000000	25	0 38053710 81020794 158173372 1060069271 2699139035 74444 76541 11845 1226164 
1789436868.429990451	545000000	25	0 38053710 81020794 158247091 1060072650 2699139035 74444 76541 11845 1226164 
1789436868.726730324	492000000	25	0 38053710 81020794 158247091 1060154991 2699139035 74444 76541 11845 1226164 
1789436869.027011240	492000000	26	0 38053710 81020794 158247091 1060238118 2699139035 74444 76541 11845 1226164 
1789436869.326323353	492000000	26	0 38053710 81020794 158247091 1060318517 2699139035 74444 76541 11845 1226164 
1789436869.623394320	456000000	26	0 38053710 81020794 158247091 1060343325 2699200023 74444 76541 11845 1226164 
1789436869.927107267	456000000	26	0 38053710 81020794 158247091 1060343325 2699286157 74444 76541 11845 1226164 
1789436870.224648859	456000000	28	0 38053710 81020794 158247091 1060343325 2699372600 74444 76541 11845 1226164 
1789436870.527563577	456000000	28	0 38053710 81020794 158247091 1060343325 2699460554 74444 76541 11845 1226164 
1789436870.828618607	456000000	28	0 38053710 81020794 158247091 1060343325 2699546193 74444 76541 11845 1226164 
1789436871.128053845	456000000	28	0 38053710 81020794 158247091 1060343325 2699633751 74444 76541 11845 1226164 
1789436871.429107416	456000000	28	0 38053710 81020794 158247091 1060343325 2699711835 74444 76541 11845 1226164 
1789436871.728140675	599000000	28	0 38064898 81031220 158260839 1060353849 2699809702 74444 76541 11845 1226164 
1789436872.024814819	640000000	44	0 38258423 81031220 158260839 1060353849 2699809702 74444 76541 11845 1226164 
1789436872.319969328	545000000	44	0 38258438 81064875 158435456 1060353849 2699809702 74444 76541 11845 1226164 
1789436872.616042170	545000000	44	0 38258438 81064875 158646334 1060353849 2699809702 74444 76541 11845 1226164 
1789436872.915433502	545000000	44	0 38258438 81064875 158866970 1060353849 2699809702 74444 76541 11845 1226164 
1789436873.214075042	545000000	71	0 38258438 81064875 159080897 1060353849 2699809702 74444 76541 11845 1226164 
1789436873.514746739	492000000	71	0 38258438 81064875 159135349 1060531783 2699809702 74444 76541 11845 1226164 
1789436873.812359893	492000000	71	0 38258438 81064875 159135349 1060764676 2699809702 74444 76541 11845 1226164 
1789436874.105848725	492000000	77	0 38258438 81064875 159135349 1061004350 2699809702 74444 76541 11845 1226164 
1789436874.410136099	492000000	77	0 38258438 81064875 159135349 1061241994 2699809702 74444 76541 11845 1226164 
1789436874.712384202	492000000	77	0 38258438 81064875 159135349 1061414722 2699809702 74444 76541 11845 1226164 
1789436875.017341159	456000000	77	0 38258438 81064875 159135349 1061470408 2699839547 74444 76541 11845 1226164 
1789436875.313209626	456000000	56	0 38258438 81064875 159135349 1061470408 2699928698 74444 76541 11845 1226164 
1789436875.616002052	456000000	56	0 38258438 81064875 159135349 1061470408 2700015665 74444 76541 11845 1226164 
1789436875.916154270	456000000	56	0 38258438 81064875 159135349 1061470408 2700106244 74444 76541 11845 1226164 
1789436876.216373779	456000000	29	0 38258438 81064875 159135349 1061470408 2700194702 74444 76541 11845 1226164 
1789436876.514582871	456000000	29	0 38258438 81064875 159135349 1061470408 2700278660 74444 76541 11845 1226164 
1789436876.814370557	456000000	29	0 38258438 81064875 159135349 1061470408 2700366316 74444 76541 11845 1226164 
1789436877.112875951	456000000	28	0 38258438 81064875 159135349 1061470408 2700450640 74444 76541 11845 1226164 
1789436877.408459262	456000000	28	0 38258438 81064875 159135349 1061470408 2700538886 74444 76541 11845 1226164 
1789436877.711596792	456000000	28	0 38258438 81064875 159135349 1061470408 2700624127 74444 76541 11845 1226164 
1789436878.007127603	456000000	28	0 38258438 81064875 159135349 1061470408 2700708096 74444 76541 11845 1226164 
1789436878.304961695	456000000	28	0 38258438 81064875 159135349 1061470408 2700795234 74444 76541 11845 1226164 
1789436878.601098964	456000000	28	0 38258438 81064875 159135349 1061470408 2700881184 74444 76541 11845 1226164 
1789436878.900679723	456000000	28	0 38258438 81064875 159135349 1061470408 2700969396 74444 76541 11845 1226164 
1789436879.196821992	456000000	28	0 38258438 81064875 159135349 1061470408 2701053963 74444 76541 11845 1226164 
1789436879.496099262	456000000	28	0 38258438 81064875 159135349 1061470408 2701142195 74444 76541 11845 1226164 
1789436879.795620021	456000000	28	0 38258438 81064875 159135349 1061470408 2701213804 74444 76541 11845 1226164 
1789436880.104264947	640000000	30	0 38295074 81075779 159148502 1061481272 2701304642 74444 76541 11845 1226164 
1789436880.398965758	599000000	30	0 38450716 81108890 159148502 1061481272 2701304642 74444 76541 11845 1226164 
1789436880.696799538	545000000	30	0 38450716 81113432 159359140 1061481272 2701304642 74444 76541 11845 1226164 
1789436880.996471078	545000000	30	0 38450716 81113432 159567245 1061481272 2701304642 74444 76541 11845 1226164 
1789436881.297201316	545000000	70	0 38450716 81113432 159787440 1061481272 2701304642 74444 76541 11845 1226164 
1789436881.595752335	492000000	70	0 38450716 81113432 159943417 1061540099 2701304642 74444 76541 11845 1226164 
1789436881.892163615	492000000	70	0 38450716 81113432 159943417 1061785995 2701304642 74444 76541 11845 1226164 
1789436882.192085468	492000000	75	0 38450716 81113432 159943417 1062016797 2701304642 74444 76541 11845 1226164 
1789436882.489097685	492000000	75	0 38450716 81113432 159943417 1062256106 2701304642 74444 76541 11845 1226164 
1789436882.793037767	492000000	75	0 38450716 81113432 159943417 1062492186 2701304642 74444 76541 11845 1226164 
1789436883.090345401	492000000	74	0 38450716 81113432 159943417 1062664467 2701304642 74444 76541 11845 1226164 
1789436883.392000171	456000000	74	0 38450716 81113432 159943417 1062693008 2701387875 74444 76541 11845 1226164 
1789436883.693638221	456000000	74	0 38450716 81113432 159943417 1062693008 2701517674 74444 76541 11845 1226164 
1789436883.990308511	456000000	74	0 38450716 81113432 159943417 1062693008 2701638559 74444 76541 11845 1226164 
1789436884.284569010	456000000	40	0 38450716 81113432 159943417 1062693008 2701761134 74444 76541 11845 1226164 
1789436884.584919925	456000000	40	0 38450716 81113432 159943417 1062693008 2701882291 74444 76541 11845 1226164 
1789436884.884791830	456000000	40	0 38450716 81113432 159943417 1062693008 2702003417 74444 76541 11845 1226164 
1789436885.181652849	456000000	40	0 38450716 81113432 159943417 1062693008 2702124750 74444 76541 11845 1226164 
1789436885.484780483	456000000	40	0 38450716 81113432 159943417 1062693008 2702245518 74444 76541 11845 1226164 
1789436885.783465409	456000000	40	0 38450716 81113432 159943417 1062693008 2702367003 74444 76541 11845 1226164 
1789436886.083709553	456000000	40	0 38450716 81113432 159943417 1062693008 2702487881 74444 76541 11845 1226164 
1789436886.383666719	456000000	40	0 38450716 81113432 159943417 1062693008 2702607768 74444 76541 11845 1226164 
1789436886.679093883	456000000	40	0 38450716 81113432 159943417 1062693008 2702729196 74444 76541 11845 1226164 
1789436886.979729070	456000000	40	0 38450716 81113432 159943417 1062693008 2702850179 74444 76541 11845 1226164 
1789436887.277752329	456000000	40	0 38450716 81113432 159943417 1062693008 2702970776 74444 76541 11845 1226164 
1789436887.580104338	456000000	40	0 38450716 81113432 159943417 1062693008 2703091401 74444 76541 11845 1226164 
1789436887.879518430	456000000	40	0 38450716 81113432 159943417 1062693008 2703211994 74444 76541 11845 1226164 
1789436888.188909503	456000000	39	0 38450716 81113432 159943417 1062693008 2703284295 74444 76541 11845 1226164 
1789436888.482416667	640000000	39	0 38605608 81123455 159953275 1062703099 2703341919 74444 76541 11845 1226164 
1789436888.780796853	640000000	39	0 38907185 81123455 159953275 1062703099 2703341919 74444 76541 11845 1226164 
1789436889.082530685	640000000	82	0 39203444 81123455 159953275 1062703099 2703341919 74444 76541 11845 1226164 
1789436889.378731079	640000000	82	0 39497717 81123455 159953275 1062703099 2703341919 74444 76541 11845 1226164 
1789436889.677212099	640000000	82	0 39796907 81123455 159953275 1062703099 2703341919 74444 76541 11845 1226164 
1789436889.976518014	640000000	82	0 40091551 81123455 159953275 1062703099 2703341919 74444 76541 11845 1226164 
1789436890.271976168	640000000	99	0 40386055 81123455 159953275 1062703099 2703341919 74444 76541 11845 1226164 
1789436890.566545260	640000000	99	0 40681773 81123455 159953275 1062703099 2703341919 74444 76541 11845 1226164 
1789436890.870930499	640000000	99	0 40981698 81123455 159953275 1062703099 2703341919 74444 76541 11845 1226164 
1789436891.170804331	640000000	99	0 41284795 81123455 159953275 1062703099 2703341919 74444 76541 11845 1226164 
1789436891.471478580	640000000	99	0 41379951 81123455 159953275 1062703099 2703341919 74444 76541 11845 1226164 
1789436891.765135223	599000000	99	0 41383336 81198691 159953275 1062703099 2703341919 74444 76541 11845 1226164 
1789436892.060104940	599000000	99	0 41383336 81288144 159953275 1062703099 2703341919 74444 76541 11845 1226164 
1789436892.352487313	599000000	37	0 41383336 81376814 159953275 1062703099 2703341919 74444 76541 11845 1226164 
1789436892.649376666	545000000	37	0 41383336 81419369 159997667 1062703099 2703341919 74444 76541 11845 1226164 
1789436892.940668205	545000000	37	0 41383336 81419369 160087050 1062703099 2703341919 74444 76541 11845 1226164 
1789436893.241018079	545000000	29	0 41383336 81419369 160176086 1062703099 2703341919 74444 76541 11845 1226164 
1789436893.540516234	545000000	29	0 41383336 81419369 160267156 1062703099 2703341919 74444 76541 11845 1226164 
1789436893.836085742	492000000	29	0 41383336 81419369 160283921 1062784708 2703341919 74444 76541 11845 1226164 
1789436894.133099366	492000000	31	0 41383336 81419369 160283921 1062884187 2703341919 74444 76541 11845 1226164 
1789436894.431154031	492000000	31	0 41383336 81419369 160283921 1062984666 2703341919 74444 76541 11845 1226164 
1789436894.729322446	456000000	31	0 41383336 81419369 160283921 1063074382 2703354622 74444 76541 11845 1226164 
1789436895.029104090	456000000	31	0 41383336 81419369 160283921 1063074382 2703461010 74444 76541 11845 1226164 
1789436895.325935057	456000000	34	0 41383336 81419369 160283921 1063074382 2703565653 74444 76541 11845 1226164 
1789436895.623351077	456000000	34	0 41383336 81419369 160283921 1063074382 2703670836 74444 76541 11845 1226164 
1789436895.921168606	456000000	34	0 41383336 81419369 160283921 1063074382 2703777072 74444 76541 11845 1226164 
1789436896.223454782	456000000	35	0 41383336 81419369 160283921 1063074382 2703888854 74444 76541 11845 1226164 
1789436896.524608823	456000000	35	0 41383336 81419369 160283921 1063074382 2703956537 74444 76541 11845 1226164 
1789436896.821156717	640000000	35	0 41544183 81430692 160294607 1063085614 2704005518 74444 76541 11845 1226164 
1789436897.120554767	545000000	56	0 41594637 81474637 160437531 1063085614 2704005518 74444 76541 11845 1226164 
1789436897.418200839	599000000	56	0 41594637 81693325 160465128 1063085614 2704005518 74444 76541 11845 1226164 
1789436897.717453994	599000000	56	0 41594637 81934736 160465128 1063085614 2704005518 74444 76541 11845 1226164 
1789436898.016301471	599000000	56	0 41594637 82174237 160465128 1063085614 2704005518 74444 76541 11845 1226164 
1789436898.312966813	599000000	81	0 41594637 82413615 160465128 1063085614 2704005518 74444 76541 11845 1226164 
1789436898.613579604	599000000	81	0 41594637 82655648 160465128 1063085614 2704005518 74444 76541 11845 1226164 
1789436898.913079165	599000000	81	0 41594637 82895227 160465128 1063085614 2704005518 74444 76541 11845 1226164 
1789436899.218288726	599000000	80	0 41594637 83142103 160465128 1063085614 2704005518 74444 76541 11845 1226164 
1789436899.515558600	599000000	80	0 41594637 83341764 160465128 1063085614 2704005518 74444 76541 11845 1226164 
1789436899.815293421	599000000	80	0 41594637 83371861 160465128 1063085614 2704005518 74444 76541 11845 1226164 
1789436900.119494754	599000000	39	0 41594637 83429937 160465128 1063085614 2704005518 74444 76541 11845 1226164 
1789436900.425163951	599000000	39	0 41594637 83528515 160465128 1063085614 2704005518 74444 76541 11845 1226164 
1789436900.727263616	545000000	39	0 41594637 83598700 160485907 1063085614 2704005518 74444 76541 11845 1226164 
1789436901.022076458	545000000	39	0 41594637 83598700 160563697 1063085614 2704005518 74444 76541 11845 1226164 
1789436901.319403571	545000000	29	0 41594637 83598700 160640878 1063085614 2704005518 74444 76541 11845 1226164 
1789436901.616318340	545000000	29	0 41594637 83598700 160722204 1063085614 2704005518 74444 76541 11845 1226164 
1789436901.919686704	492000000	29	0 41594637 83598700 160722818 1063166339 2704005518 74444 76541 11845 1226164 
1789436902.215208035	492000000	27	0 41594637 83598700 160722818 1063252067 2704005518 74444 76541 11845 1226164 
1789436902.508174575	492000000	27	0 41594637 83598700 160722818 1063334426 2704005518 74444 76541 11845 1226164 
1789436902.806412105	456000000	27	0 41594637 83598700 160722818 1063383291 2704040516 74444 76541 11845 1226164 
1789436903.103254686	456000000	27	0 41594637 83598700 160722818 1063383291 2704130217 74444 76541 11845 1226164 
1789436903.401138206	456000000	28	0 41594637 83598700 160722818 1063383291 2704217825 74444 76541 11845 1226164 
1789436903.697657506	456000000	28	0 41594637 83598700 160722818 1063383291 2704306740 74444 76541 11845 1226164 
1789436903.998089932	456000000	28	0 41594637 83598700 160722818 1063383291 2704395353 74444 76541 11845 1226164 
1789436904.297168607	456000000	29	0 41594637 83598700 160722818 1063383291 2704482853 74444 76541 11845 1226164 
1789436904.596107491	456000000	29	0 41594637 83598700 160722818 1063383291 2704574655 74444 76541 11845 1226164 
1789436904.893724135	456000000	29	0 41594637 83598700 160722818 1063383291 2704681613 74444 76541 11845 1226164 
1789436905.191050936	456000000	33	0 41594637 83598700 160722818 1063383291 2704788495 74444 76541 11845 1226164 
1789436905.488053674	456000000	33	0 41594637 83598700 160722818 1063383291 2704897787 74444 76541 11845 1226164 
1789436905.787424068	456000000	33	0 41594637 83598700 160722818 1063383291 2705006279 74444 76541 11845 1226164 
1789436906.082834046	456000000	33	0 41594637 83598700 160722818 1063383291 2705113986 74444 76541 11845 1226164 
1789436906.381218242	456000000	36	0 41594637 83598700 160722818 1063383291 2705222738 74444 76541 11845 1226164 
1789436906.678032594	456000000	36	0 41594637 83598700 160722818 1063383291 2705329517 74444 76541 11845 1226164 
1789436906.976177260	456000000	36	0 41594637 83598700 160722818 1063383291 2705438608 74444 76541 11845 1226164 
1789436907.274498071	456000000	36	0 41594637 83598700 160722818 1063383291 2705546478 74444 76541 11845 1226164 
1789436907.575711121	456000000	36	0 41594637 83598700 160722818 1063383291 2705655997 74444 76541 11845 1226164 
1789436907.874965474	456000000	36	0 41594637 83598700 160722818 1063383291 2705762098 74444 76541 11845 1226164 
1789436908.169588264	456000000	36	0 41594637 83598700 160722818 1063383291 2705870044 74444 76541 11845 1226164 
1789436908.468553346	456000000	36	0 41594637 83598700 160722818 1063383291 2705977144 74444 76541 11845 1226164 
1789436908.765364625	456000000	36	0 41594637 83598700 160722818 1063383291 2706083826 74444 76541 11845 1226164 
1789436909.061379863	456000000	36	0 41594637 83598700 160722818 1063383291 2706192913 74444 76541 11845 1226164 
1789436909.364614425	456000000	36	0 41594637 83598700 160722818 1063383291 2706301239 74444 76541 11845 1226164 
1789436909.663922684	456000000	36	0 41594637 83598700 160722818 1063383291 2706406312 74444 76541 11845 1226164 
1789436909.959273078	456000000	36	0 41594637 83598700 160722818 1063383291 2706493915 74444 76541 11845 1226164 
1789436910.257315607	456000000	32	0 41594637 83598700 160722818 1063383291 2706584876 74444 76541 11845 1226164 
1789436910.555349752	456000000	32	0 41594637 83598700 160722818 1063383291 2706671031 74444 76541 11845 1226164 
1789436910.853875771	456000000	32	0 41594637 83598700 160722818 1063383291 2706763124 74444 76541 11845 1226164 
1789436911.152670071	456000000	29	0 41594637 83598700 160722818 1063383291 2706848299 74444 76541 11845 1226164 
1789436911.448104215	456000000	29	0 41594637 83598700 160722818 1063383291 2706935493 74444 76541 11845 1226164 
1789436911.749586537	456000000	29	0 41594637 83598700 160722818 1063383291 2707025448 74444 76541 11845 1226164 
1789436912.055199172	456000000	29	0 41594637 83598700 160722818 1063383291 2707113090 74444 76541 11845 1226164 
1789436912.351443003	456000000	29	0 41594637 83598700 160722818 1063383291 2707202956 74444 76541 11845 1226164 
1789436912.648655846	456000000	29	0 41594637 83598700 160722818 1063383291 2707290448 74444 76541 11845 1226164 
1789436912.949594053	456000000	29	0 41594637 83598700 160722818 1063383291 2707380279 74444 76541 11845 1226164 
1789436913.244361478	456000000	29	0 41594637 83598700 160722818 1063383291 2707466319 74444 76541 11845 1226164 
1789436913.539424163	456000000	29	0 41594637 83598700 160722818 1063383291 2707553219 74444 76541 11845 1226164 
1789436913.838092162	456000000	29	0 41594637 83598700 160722818 1063383291 2707643839 74444 76541 11845 1226164 
1789436914.140942661	456000000	29	0 41594637 83598700 160722818 1063383291 2707731049 74444 76541 11845 1226164 
1789436914.440984774	456000000	29	0 41594637 83598700 160722818 1063383291 2707821279 74444 76541 11845 1226164 
1789436914.745738242	456000000	29	0 41594637 83598700 160722818 1063383291 2707923921 74444 76541 11845 1226164 
1789436915.044553532	456000000	29	0 41594637 83598700 160722818 1063383291 2708031251 74444 76541 11845 1226164 
1789436915.342618249	456000000	33	0 41594637 83598700 160722818 1063383291 2708139184 74444 76541 11845 1226164 
1789436915.641890727	456000000	33	0 41594637 83598700 160722818 1063383291 2708247746 74444 76541 11845 1226164 
1789436915.939512632	456000000	33	0 41594637 83598700 160722818 1063383291 2708357024 74444 76541 11845 1226164 
1789436916.241979433	456000000	36	0 41594637 83598700 160722818 1063383291 2708474969 74444 76541 11845 1226164 
1789436916.536648472	456000000	36	0 41594637 83598700 160722818 1063383291 2708612096 74444 76541 11845 1226164 
1789436916.838217773	456000000	36	0 41594637 83598700 160722818 1063383291 2708744635 74444 76541 11845 1226164 
1789436917.135422542	456000000	44	0 41594637 83598700 160722818 1063383291 2708870821 74444 76541 11845 1226164 
1789436917.430664082	456000000	44	0 41594637 83598700 160722818 1063383291 2709003177 74444 76541 11845 1226164 
1789436917.728990987	456000000	44	0 41594637 83598700 160722818 1063383291 2709139439 74444 76541 11845 1226164 
1789436918.030070600	456000000	44	0 41594637 83598700 160722818 1063383291 2709275436 74444 76541 11845 1226164 
1789436918.330677714	456000000	45	0 41594637 83598700 160722818 1063383291 2709412291 74444 76541 11845 1226164 
1789436918.628517847	456000000	45	0 41594637 83598700 160722818 1063383291 2709544566 74444 76541 11845 1226164 
1789436918.927913450	456000000	45	0 41594637 83598700 160722818 1063383291 2709671109 74444 76541 11845 1226164 
1789436919.222288896	456000000	43	0 41594637 83598700 160722818 1063383291 2709799269 74444 76541 11845 1226164 
1789436919.522341270	456000000	43	0 41594637 83598700 160722818 1063383291 2709929625 74444 76541 11845 1226164 
1789436919.821509216	456000000	43	0 41594637 83598700 160722818 1063383291 2710049707 74444 76541 11845 1226164 
1789436920.121014298	456000000	43	0 41594637 83598700 160722818 1063383291 2710165781 74444 76541 11845 1226164 
1789436920.418043390	456000000	41	0 41594637 83598700 160722818 1063383291 2710284805 74444 76541 11845 1226164 
1789436920.715991805	456000000	41	0 41594637 83598700 160722818 1063383291 2710402611 74444 76541 11845 1226164 
1789436921.014408293	456000000	41	0 41594637 83598700 160722818 1063383291 2710523987 74444 76541 11845 1226164 
1789436921.309481292	456000000	39	0 41594637 83598700 160722818 1063383291 2710623401 74444 76541 11845 1226164 
1789436921.608174551	456000000	39	0 41594637 83598700 160722818 1063383291 2710710600 74444 76541 11845 1226164 
1789436921.902221819	456000000	39	0 41594637 83598700 160722818 1063383291 2710798511 74444 76541 11845 1226164 
1789436922.201475391	456000000	29	0 41594637 83598700 160722818 1063383291 2710888078 74444 76541 11845 1226164 
1789436922.497781097	456000000	29	0 41594637 83598700 160722818 1063383291 2710973975 74444 76541 11845 1226164 
1789436922.795033471	456000000	29	0 41594637 83598700 160722818 1063383291 2711064537 74444 76541 11845 1226164 
1789436923.093864907	456000000	29	0 41594637 83598700 160722818 1063383291 2711151561 74444 76541 11845 1226164 
1789436923.392709416	456000000	29	0 41594637 83598700 160722818 1063383291 2711241500 74444 76541 11845 1226164 
1789436923.694097363	456000000	29	0 41594637 83598700 160722818 1063383291 2711328584 74444 76541 11845 1226164 
1789436923.993565049	456000000	29	0 41594637 83598700 160722818 1063383291 2711418755 74444 76541 11845 1226164 
1789436924.291281172	456000000	29	0 41594637 83598700 160722818 1063383291 2711505851 74444 76541 11845 1226164 
1789436924.589189639	456000000	29	0 41594637 83598700 160722818 1063383291 2711595679 74444 76541 11845 1226164 
1789436924.887877377	456000000	29	0 41594637 83598700 160722818 1063383291 2711703984 74444 76541 11845 1226164 
1789436925.192677147	456000000	33	0 41594637 83598700 160722818 1063383291 2711816196 74444 76541 11845 1226164 
1789436925.493930198	456000000	33	0 41594637 83598700 160722818 1063383291 2711924555 74444 76541 11845 1226164 
1789436925.796931947	456000000	33	0 41594637 83598700 160722818 1063383291 2712032115 74444 76541 11845 1226164 
1789436926.093771143	456000000	33	0 41594637 83598700 160722818 1063383291 2712138878 74444 76541 11845 1226164 
1789436926.389321693	456000000	36	0 41594637 83598700 160722818 1063383291 2712247317 74444 76541 11845 1226164 
1789436926.686879015	456000000	36	0 41594637 83598700 160722818 1063383291 2712356020 74444 76541 11845 1226164 
1789436926.988733420	456000000	36	0 41594637 83598700 160722818 1063383291 2712465107 74444 76541 11845 1226164 
1789436927.290548710	456000000	36	0 41594637 83598700 160722818 1063383291 2712572447 74444 76541 11845 1226164 
1789436927.584208323	456000000	36	0 41594637 83598700 160722818 1063383291 2712679216 74444 76541 11845 1226164 
1789436927.880075540	456000000	36	0 41594637 83598700 160722818 1063383291 2712786449 74444 76541 11845 1226164 
1789436928.182651403	456000000	36	0 41594637 83598700 160722818 1063383291 2712894897 74444 76541 11845 1226164 
1789436928.478143204	456000000	36	0 41594637 83598700 160722818 1063383291 2713002863 74444 76541 11845 1226164 
1789436928.779011567	456000000	36	0 41594637 83598700 160722818 1063383291 2713110576 74444 76541 11845 1226164 
1789436929.073647430	456000000	36	0 41594637 83598700 160722818 1063383291 2713219155 74444 76541 11845 1226164 
1789436929.370174699	456000000	36	0 41594637 83598700 160722818 1063383291 2713324371 74444 76541 11845 1226164 
1789436929.667151187	456000000	36	0 41594637 83598700 160722818 1063383291 2713429094 74444 76541 11845 1226164 
1789436929.967000071	456000000	36	0 41594637 83598700 160722818 1063383291 2713515720 74444 76541 11845 1226164 
1789436930.267076403	456000000	32	0 41594637 83598700 160722818 1063383291 2713605532 74444 76541 11845 1226164 
1789436930.562384193	456000000	32	0 41594637 83598700 160722818 1063383291 2713692432 74444 76541 11845 1226164 
1789436930.863149848	456000000	32	0 41594637 83598700 160722818 1063383291 2713783197 74444 76541 11845 1226164 
1789436931.156817793	456000000	32	0 41594637 83598700 160722818 1063383291 2713869359 74444 76541 11845 1226164 
1789436931.454612406	456000000	29	0 41594637 83598700 160722818 1063383291 2713958431 74444 76541 11845 1226164 
1789436931.751840249	456000000	29	0 41594637 83598700 160722818 1063383291 2714046218 74444 76541 11845 1226164 
1789436932.043024809	456000000	29	0 41594637 83598700 160722818 1063383291 2714133155 74444 76541 11845 1226164 
1789436932.345551297	456000000	29	0 41594637 83598700 160722818 1063383291 2714220994 74444 76541 11845 1226164 
1789436932.644232369	456000000	29	0 41594637 83598700 160722818 1063383291 2714309862 74444 76541 11845 1226164 
1789436932.941571982	456000000	29	0 41594637 83598700 160722818 1063383291 2714398234 74444 76541 11845 1226164 
1789436933.242783210	456000000	29	0 41594637 83598700 160722818 1063383291 2714487401 74444 76541 11845 1226164 
1789436933.538299593	456000000	29	0 41594637 83598700 160722818 1063383291 2714574399 74444 76541 11845 1226164 
1789436933.835342227	456000000	29	0 41594637 83598700 160722818 1063383291 2714659660 74444 76541 11845 1226164 
1789436934.132360121	456000000	29	0 41594637 83598700 160722818 1063383291 2714751144 74444 76541 11845 1226164 
1789436934.431120880	456000000	29	0 41594637 83598700 160722818 1063383291 2714837640 74444 76541 11845 1226164 
1789436934.728510858	456000000	29	0 41594637 83598700 160722818 1063383291 2714936822 74444 76541 11845 1226164 
1789436935.026229221	456000000	29	0 41594637 83598700 160722818 1063383291 2715044144 74444 76541 11845 1226164 
1789436935.321001542	456000000	33	0 41594637 83598700 160722818 1063383291 2715151140 74444 76541 11845 1226164 
1789436935.619519384	456000000	33	0 41594637 83598700 160722818 1063383291 2715259673 74444 76541 11845 1226164 
1789436935.918594101	456000000	33	0 41594637 83598700 160722818 1063383291 2715368276 74444 76541 11845 1226164 
1789436936.216785433	456000000	36	0 41594637 83598700 160722818 1063383291 2715475452 74444 76541 11845 1226164 
1789436936.514214733	456000000	36	0 41594637 83598700 160722818 1063383291 2715583784 74444 76541 11845 1226164 
1789436936.815467420	456000000	36	0 41594637 83598700 160722818 1063383291 2715692155 74444 76541 11845 1226164 
1789436937.111024480	456000000	36	0 41594637 83598700 160722818 1063383291 2715799864 74444 76541 11845 1226164 
1789436937.411814875	456000000	36	0 41594637 83598700 160722818 1063383291 2715908658 74444 76541 11845 1226164 
1789436937.712664905	456000000	36	0 41594637 83598700 160722818 1063383291 2716017187 74444 76541 11845 1226164 
1789436938.011300664	456000000	36	0 41594637 83598700 160722818 1063383291 2716125978 74444 76541 11845 1226164 
1789436938.312426579	456000000	36	0 41594637 83598700 160722818 1063383291 2716233380 74444 76541 11845 1226164 
1789436938.605619525	456000000	36	0 41594637 83598700 160722818 1063383291 2716339744 74444 76541 11845 1226164 
1789436938.906053774	456000000	36	0 41594637 83598700 160722818 1063383291 2716454531 74444 76541 11845 1226164 
1789436939.206538647	456000000	36	0 41594637 83598700 160722818 1063383291 2716568277 74444 76541 11845 1226164 
1789436939.506136177	456000000	36	0 41594637 83598700 160722818 1063383291 2716681970 74444 76541 11845 1226164 
1789436939.804685061	492000000	36	0 41594637 83598700 160722818 1063400069 2716697303 74444 76541 11845 1226164 
1789436940.142045511	492000000	36	0 41594637 83598700 160722818 1063443003 2716697303 74444 76541 11845 1226164 
1789436940.453978928	492000000	21	0 41594637 83598700 160722818 1063507903 2716697303 74444 76541 11845 1226164 
1789436940.767225938	492000000	21	0 41594637 83598700 160722818 1063569400 2716697303 74444 76541 11845 1226164 
1789436941.074332740	492000000	21	0 41594637 83598700 160722818 1063624238 2716697303 74444 76541 11845 1226164 
1789436941.372739176	492000000	19	0 41594637 83598700 160722818 1063675866 2716697303 74444 76541 11845 1226164 
1789436941.674168477	492000000	19	0 41594637 83598700 160722818 1063729233 2716697303 74444 76541 11845 1226164 
1789436941.970468767	492000000	19	0 41594637 83598700 160722818 1063779097 2716697303 74444 76541 11845 1226164 
1789436942.268188015	492000000	17	0 41594637 83598700 160722818 1063830849 2716697303 74444 76541 11845 1226164 
1789436942.565896274	492000000	17	0 41594637 83598700 160722818 1063880935 2716697303 74444 76541 11845 1226164 
1789436942.860223438	492000000	17	0 41594637 83598700 160722818 1063932230 2716697303 74444 76541 11845 1226164 
1789436943.157291437	492000000	17	0 41594637 83598700 160722818 1063982559 2716697303 74444 76541 11845 1226164 
1789436943.454111466	492000000	17	0 41594637 83598700 160722818 1064034274 2716697303 74444 76541 11845 1226164 
1789436943.755145246	492000000	17	0 41594637 83598700 160722818 1064093064 2716697303 74444 76541 11845 1226164 
1789436944.051078609	492000000	17	0 41594637 83598700 160722818 1064294176 2716697303 74444 76541 11845 1226164 
1789436944.350334889	492000000	38	0 41594637 83598700 160722818 1064513642 2716697303 74444 76541 11845 1226164 
1789436944.651177836	492000000	38	0 41594637 83598700 160722818 1064729650 2716697303 74444 76541 11845 1226164 
1789436944.949815990	492000000	38	0 41594637 83598700 160722818 1064953834 2716697303 74444 76541 11845 1226164 
1789436945.250239614	492000000	76	0 41594637 83598700 160722818 1065200716 2716697303 74444 76541 11845 1226164 
1789436945.549894956	545000000	76	0 41594637 83598700 160766538 1065355694 2716697303 74444 76541 11845 1226164 
1789436945.851206184	545000000	76	0 41594637 83598700 160956173 1065355694 2716697303 74444 76541 11845 1226164 
1789436946.148191787	545000000	76	0 41594637 83598700 161145148 1065355694 2716697303 74444 76541 11845 1226164 
1789436946.445738066	545000000	65	0 41594637 83598700 161331609 1065355694 2716697303 74444 76541 11845 1226164 
1789436946.743213669	545000000	65	0 41594637 83598700 161517363 1065355694 2716697303 74444 76541 11845 1226164 
1789436947.043015470	545000000	65	0 41594637 83598700 161705720 1065355694 2716697303 74444 76541 11845 1226164 
1789436947.345200917	545000000	62	0 41594637 83598700 161901223 1065355694 2716697303 74444 76541 11845 1226164 
1789436947.645228290	545000000	62	0 41594637 83598700 162092319 1065355694 2716697303 74444 76541 11845 1226164 
1789436947.941300611	545000000	62	0 41594637 83598700 162291211 1065355694 2716697303 74444 76541 11845 1226164 
1789436948.243484391	545000000	65	0 41594637 83598700 162491655 1065355694 2716697303 74444 76541 11845 1226164 
1789436948.541311921	545000000	65	0 41594637 83598700 162686856 1065355694 2716697303 74444 76541 11845 1226164 
1789436948.838479503	545000000	65	0 41594637 83598700 162876292 1065355694 2716697303 74444 76541 11845 1226164 
1789436949.134258907	545000000	65	0 41594637 83598700 163060825 1065355694 2716697303 74444 76541 11845 1226164 
1789436949.431294614	545000000	63	0 41594637 83598700 163233757 1065355694 2716697303 74444 76541 11845 1226164 
1789436949.730216310	545000000	63	0 41594637 83598700 163423838 1065355694 2716697303 74444 76541 11845 1226164 
1789436950.032083111	545000000	63	0 41594637 83598700 163612325 1065355694 2716697303 74444 76541 11845 1226164 
1789436950.330991891	545000000	61	0 41594637 83598700 163797127 1065355694 2716697303 74444 76541 11845 1226164 
1789436950.628604837	545000000	61	0 41594637 83598700 163988246 1065355694 2716697303 74444 76541 11845 1226164 
1789436950.926951690	545000000	61	0 41594637 83598700 164178210 1065355694 2716697303 74444 76541 11845 1226164 
1789436951.229700210	545000000	63	0 41594637 83598700 164368533 1065355694 2716697303 74444 76541 11845 1226164 
1789436951.531309198	545000000	63	0 41594637 83598700 164555574 1065355694 2716697303 74444 76541 11845 1226164 
1789436951.830357249	545000000	63	0 41594637 83598700 164731604 1065355694 2716697303 74444 76541 11845 1226164 
1789436952.132862123	545000000	63	0 41594637 83598700 164908768 1065355694 2716697303 74444 76541 11845 1226164 
1789436952.438013247	545000000	59	0 41594637 83598700 165082576 1065355694 2716697303 74444 76541 11845 1226164 
1789436952.734787964	545000000	59	0 41594637 83598700 165252878 1065355694 2716697303 74444 76541 11845 1226164 
1789436953.037434348	545000000	59	0 41594637 83598700 165425608 1065355694 2716697303 74444 76541 11845 1226164 
1789436953.343097920	545000000	57	0 41594637 83598700 165597407 1065355694 2716697303 74444 76541 11845 1226164 
1789436953.645510971	545000000	57	0 41594637 83598700 165768824 1065355694 2716697303 74444 76541 11845 1226164 
1789436953.942720272	545000000	57	0 41594637 83598700 165940450 1065355694 2716697303 74444 76541 11845 1226164 
1789436954.239092957	545000000	56	0 41594637 83598700 166109667 1065355694 2716697303 74444 76541 11845 1226164 
1789436954.538624289	545000000	56	0 41594637 83598700 166279914 1065355694 2716697303 74444 76541 11845 1226164 
1789436954.839522601	545000000	56	0 41594637 83598700 166449685 1065355694 2716697303 74444 76541 11845 1226164 
1789436955.137400130	545000000	56	0 41594637 83598700 166619396 1065355694 2716697303 74444 76541 11845 1226164 
1789436955.435254275	545000000	56	0 41594637 83598700 166781390 1065355694 2716697303 74444 76541 11845 1226164 
1789436955.731811544	545000000	56	0 41594637 83598700 166933173 1065355694 2716697303 74444 76541 11845 1226164 
1789436956.029765323	492000000	56	0 41594637 83598700 166933187 1065531459 2716697303 74444 76541 11845 1226164 
1789436956.328197436	492000000	55	0 41594637 83598700 166933187 1065703499 2716697303 74444 76541 11845 1226164 
1789436956.622941476	492000000	55	0 41594637 83598700 166933187 1065873267 2716697303 74444 76541 11845 1226164 
1789436956.931106299	492000000	55	0 41594637 83598700 166933187 1066053699 2716697303 74444 76541 11845 1226164 
1789436957.233858933	492000000	53	0 41594637 83598700 166933187 1066164869 2716697303 74444 76541 11845 1226164 
1789436957.529886879	492000000	53	0 41594637 83598700 166933187 1066215200 2716697303 74444 76541 11845 1226164 
1789436957.828024148	492000000	53	0 41594637 83598700 166933187 1066264829 2716697303 74444 76541 11845 1226164 
1789436958.127035272	492000000	53	0 41594637 83598700 166933187 1066315058 2716697303 74444 76541 11845 1226164 
1789436958.425304260	492000000	16	0 41594637 83598700 166933187 1066366592 2716697303 74444 76541 11845 1226164 
1789436958.723663508	492000000	16	0 41594637 83598700 166933187 1066417032 2716697303 74444 76541 11845 1226164 
1789436959.021969632	492000000	16	0 41594637 83598700 166933187 1066467399 2716697303 74444 76541 11845 1226164 
1789436959.320889401	492000000	16	0 41594637 83598700 166933187 1066517111 2716697303 74444 76541 11845 1226164 
1789436959.617635681	492000000	16	0 41594637 83598700 166933187 1066569174 2716697303 74444 76541 11845 1226164 
1789436959.912747950	492000000	16	0 41594637 83598700 166933187 1066621953 2716697303 74444 76541 11845 1226164 
1789436960.211376052	492000000	16	0 41594637 83598700 166933187 1066673438 2716697303 74444 76541 11845 1226164 
1789436960.509248478	492000000	17	0 41594637 83598700 166933187 1066725119 2716697303 74444 76541 11845 1226164 
1789436960.810056372	492000000	17	0 41594637 83598700 166933187 1066779457 2716697303 74444 76541 11845 1226164 
1789436961.109446402	492000000	17	0 41594637 83598700 166933187 1066831899 2716697303 74444 76541 11845 1226164 
1789436961.408897213	492000000	17	0 41594637 83598700 166933187 1066883971 2716697303 74444 76541 11845 1226164 
1789436961.704510628	492000000	17	0 41594637 83598700 166933187 1066938069 2716697303 74444 76541 11845 1226164 
1789436961.998435032	492000000	17	0 41594637 83598700 166933187 1066989932 2716697303 74444 76541 11845 1226164 
1789436962.298713656	492000000	17	0 41594637 83598700 166933187 1067043482 2716697303 74444 76541 11845 1226164 
1789436962.594200144	492000000	17	0 41594637 83598700 166933187 1067095209 2716697303 74444 76541 11845 1226164 
1789436962.889055850	492000000	17	0 41594637 83598700 166933187 1067146707 2716697303 74444 76541 11845 1226164 
1789436963.184816661	492000000	17	0 41594637 83598700 166933187 1067199914 2716697303 74444 76541 11845 1226164 
1789436963.484048358	492000000	17	0 41594637 83598700 166933187 1067250787 2716697303 74444 76541 11845 1226164 
1789436963.779606095	492000000	17	0 41594637 83598700 166933187 1067306302 2716697303 74444 76541 11845 1226164 
1789436964.088998210	492000000	17	0 41594637 83598700 166933187 1067360199 2716697303 74444 76541 11845 1226164 
1789436964.387892771	492000000	17	0 41594637 83598700 166933187 1067406316 2716697303 74444 76541 11845 1226164 
1789436964.687282540	492000000	17	0 41594637 83598700 166934293 1067449648 2716697303 74444 76541 11845 1226164 
1789436964.984485070	545000000	17	0 41594637 83598700 166974729 1067449648 2716697303 74444 76541 11845 1226164 
1789436965.282199214	545000000	14	0 41594637 83598700 167015403 1067449648 2716697303 74444 76541 11845 1226164 
1789436965.578471014	545000000	14	0 41594637 83598700 167055530 1067449648 2716697303 74444 76541 11845 1226164 
1789436965.874543023	545000000	14	0 41594637 83598700 167097312 1067449648 2716697303 74444 76541 11845 1226164 
1789436966.170141542	545000000	14	0 41594637 83598700 167140576 1067449648 2716697303 74444 76541 11845 1226164 
1789436966.475521051	545000000	14	0 41594637 83598700 167183611 1067449648 2716697303 74444 76541 11845 1226164 
1789436966.775873008	545000000	14	0 41594637 83598700 167226935 1067449648 2716697303 74444 76541 11845 1226164 
1789436967.071188559	545000000	14	0 41594637 83598700 167269358 1067449648 2716697303 74444 76541 11845 1226164 
1789436967.373436349	545000000	14	0 41594637 83598700 167312458 1067449648 2716697303 74444 76541 11845 1226164 
1789436967.675830025	545000000	14	0 41594637 83598700 167354782 1067449648 2716697303 74444 76541 11845 1226164 
1789436967.976953597	545000000	14	0 41594637 83598700 167398403 1067449648 2716697303 74444 76541 11845 1226164 
1789436968.281453315	545000000	14	0 41594637 83598700 167441299 1067449648 2716697303 74444 76541 11845 1226164 
1789436968.579825167	545000000	14	0 41594637 83598700 167483075 1067449648 2716697303 74444 76541 11845 1226164 
1789436968.876111082	545000000	14	0 41594637 83598700 167525991 1067449648 2716697303 74444 76541 11845 1226164 
1789436969.173685799	545000000	14	0 41594637 83598700 167567140 1067449648 2716697303 74444 76541 11845 1226164 
1789436969.475700517	545000000	14	0 41594637 83598700 167608703 1067449648 2716697303 74444 76541 11845 1226164 
1789436969.775606588	545000000	14	0 41594637 83598700 167650400 1067449648 2716697303 74444 76541 11845 1226164 
1789436970.076710941	545000000	14	0 41594637 83598700 167691800 1067449648 2716697303 74444 76541 11845 1226164 
1789436970.376911909	545000000	13	0 41594637 83598700 167733743 1067449648 2716697303 74444 76541 11845 1226164 
1789436970.679435949	545000000	13	0 41594637 83598700 167774808 1067449648 2716697303 74444 76541 11845 1226164 
1789436970.976136969	545000000	13	0 41594637 83598700 167817035 1067449648 2716697303 74444 76541 11845 1226164 
1789436971.276581582	545000000	13	0 41594637 83598700 167858098 1067449648 2716697303 74444 76541 11845 1226164 
1789436971.573946716	545000000	13	0 41594637 83598700 167899690 1067449648 2716697303 74444 76541 11845 1226164 
1789436971.874332735	545000000	13	0 41594637 83598700 167940306 1067449648 2716697303 74444 76541 11845 1226164 
1789436972.173085213	545000000	13	0 41594637 83598700 167980867 1067449648 2716697303 74444 76541 11845 1226164 
1789436972.468351648	545000000	13	0 41594637 83598700 168022378 1067449648 2716697303 74444 76541 11845 1226164 
1789436972.766288866	545000000	13	0 41594637 83598700 168063062 1067449648 2716697303 74444 76541 11845 1226164 
1789436973.067389989	545000000	13	0 41594637 83598700 168103990 1067449648 2716697303 74444 76541 11845 1226164 
1789436973.364061790	545000000	13	0 41594637 83598700 168146442 1067449648 2716697303 74444 76541 11845 1226164 
1789436973.673456039	545000000	13	0 41594637 83598700 168188882 1067449648 2716697303 74444 76541 11845 1226164 
1789436973.977171122	545000000	13	0 41594637 83598700 168231309 1067449648 2716697303 74444 76541 11845 1226164 
1789436974.278454641	545000000	13	0 41594637 83598700 168272496 1067449648 2716697303 74444 76541 11845 1226164 
1789436974.579571234	545000000	13	0 41594637 83598700 168314405 1067449648 2716697303 74444 76541 11845 1226164 
1789436974.877057513	545000000	13	0 41594637 83598700 168354225 1067449648 2716697303 74444 76541 11845 1226164 
1789436975.172639366	545000000	13	0 41594637 83598700 168395164 1067449648 2716697303 74444 76541 11845 1226164 
1789436975.475361688	545000000	13	0 41594637 83598700 168437422 1067449648 2716697303 74444 76541 11845 1226164 
1789436975.777109218	545000000	13	0 41594637 83598700 168477959 1067449648 2716697303 74444 76541 11845 1226164 
1789436976.074165549	545000000	13	0 41594637 83598700 168518505 1067449648 2716697303 74444 76541 11845 1226164 
1789436976.371666048	545000000	13	0 41594637 83598700 168559360 1067449648 2716697303 74444 76541 11845 1226164 
1789436976.670181650	545000000	13	0 41594637 83598700 168601248 1067449648 2716697303 74444 76541 11845 1226164 
1789436976.968788711	545000000	13	0 41594637 83598700 168642649 1067449648 2716697303 74444 76541 11845 1226164 
1789436977.266841501	545000000	13	0 41594637 83598700 168684741 1067449648 2716697303 74444 76541 11845 1226164 
1789436977.567900802	545000000	13	0 41594637 83598700 168725960 1067449648 2716697303 74444 76541 11845 1226164 
1789436977.868688228	545000000	13	0 41594637 83598700 168768080 1067449648 2716697303 74444 76541 11845 1226164 
1789436978.170127529	545000000	13	0 41594637 83598700 168809966 1067449648 2716697303 74444 76541 11845 1226164 
1789436978.467651934	545000000	13	0 41594637 83598700 168851246 1067449648 2716697303 74444 76541 11845 1226164 
1789436978.770716912	545000000	13	0 41594637 83598700 168891708 1067449648 2716697303 74444 76541 11845 1226164 
1789436979.066442045	545000000	13	0 41594637 83598700 168907729 1067449648 2716697303 74444 76541 11845 1226164 
1789436979.355481605	492000000	8	0 41594637 83598700 168907729 1067449648 2716697303 74444 76541 11845 1226164 
1789436979.645084655	492000000	8	0 41594637 83598700 168907729 1067449648 2716697303 74444 76541 11845 1226164 
1789436979.939731143	492000000	8	0 41594637 83598700 168907729 1067449648 2716697303 74444 76541 11845 1226164 
1789436980.225991067	492000000	8	0 41594637 83598700 168907729 1067449648 2716697303 74444 76541 11845 1226164 
1789436980.523941045	492000000	0	0 41594637 83598700 168907729 1067449648 2716697303 74444 76541 11845 1226164 
1789436980.818000136	492000000	0	0 41594637 83598700 168907729 1067449648 2716697303 74444 76541 11845 1226164 
1789436981.116312822	492000000	0	0 41594637 83598700 168907729 1067449648 2716697303 74444 76541 11845 1226164 
1789436981.409918216	492000000	0	0 41594637 83598700 168907729 1067449648 2716697303 74444 76541 11845 1226164 
1789436981.708812621	492000000	0	0 41594637 83598700 168907729 1067449648 2716697303 74444 76541 11845 1226164 
1789436982.006770151	492000000	0	0 41594637 83598700 168907729 1067449648 2716697303 74444 76541 11845 1226164 
1789436982.308244920	492000000	0	0 41594637 83598700 168907729 1067449648 2716697303 74444 76541 11845 1226164 
1789436982.608533856	492000000	0	0 41594637 83598700 168907729 1067449648 2716697303 74444 76541 11845 1226164 
1789436982.906998626	492000000	0	0 41594637 83598700 168907729 1067449648 2716697303 74444 76541 11845 1226164 
1789436983.200412874	492000000	0	0 41594637 83598700 168907729 1067449648 2716697303 74444 76541 11845 1226164 
1789436983.492237799	492000000	0	0 41594637 83598700 168907729 1067449648 2716697303 74444 76541 11845 1226164 
1789436983.783407776	492000000	0	0 41594637 83598700 168907729 1067449648 2716697303 74444 76541 11845 1226164 
1789436984.075415044	492000000	0	0 41594637 83598700 168907729 1067449648 2716697303 74444 76541 11845 1226164 
1789436984.369953667	492000000	0	0 41594637 83598700 168907729 1067449648 2716697303 74444 76541 11845 1226164 
1789436984.668661353	492000000	0	0 41594637 83598700 168907729 1067449648 2716697303 74444 76541 11845 1226164 
1789436984.962407164	492000000	0	0 41594637 83598700 168907729 1067449648 2716697303 74444 76541 11845 1226164 
1789436985.259509277	492000000	0	0 41594637 83598700 168907729 1067449648 2716697303 74444 76541 11845 1226164 
1789436985.557806077	492000000	0	0 41594637 83598700 168907729 1067449648 2716697303 74444 76541 11845 1226164 
1789436985.855187357	492000000	0	0 41594637 83598700 168907729 1067449648 2716697303 74444 76541 11845 1226164 
1789436986.151285407	492000000	0	0 41594637 83598700 168907729 1067449648 2716697303 74444 76541 11845 1226164 
1789436986.446793041	492000000	0	0 41594637 83598700 168907729 1067449648 2716697303 74444 76541 11845 1226164 
1789436986.745738331	492000000	0	0 41594637 83598700 168907729 1067449648 2716697303 74444 76541 11845 1226164 
1789436987.041162683	492000000	0	0 41594637 83598700 168907729 1067449648 2716697303 74444 76541 11845 1226164 
1789436987.336079952	492000000	0	0 41594637 83598700 168907729 1067449648 2716697303 74444 76541 11845 1226164 
1789436987.635430711	492000000	0	0 41594637 83598700 168907729 1067449648 2716697303 74444 76541 11845 1226164 
1789436987.933790637	492000000	0	0 41594637 83598700 168907729 1067449648 2716697303 74444 76541 11845 1226164 
1789436988.228157698	492000000	0	0 41594637 83598700 168907729 1067449648 2716697303 74444 76541 11845 1226164 
1789436988.522965539	492000000	0	0 41594637 83598700 168907729 1067449648 2716697303 74444 76541 11845 1226164 
1789436988.817493902	492000000	0	0 41594637 83598700 168907729 1067449648 2716697303 74444 76541 11845 1226164 
1789436989.112997890	492000000	0	0 41594637 83598700 168907729 1067449648 2716697303 74444 76541 11845 1226164 
1789436989.405876200	492000000	0	0 41594637 83598700 168907729 1067449648 2716697303 74444 76541 11845 1226164 
1789436989.699615917	492000000	0	0 41594637 83598700 168907729 1067449648 2716697303 74444 76541 11845 1226164 
1789436990.001461208	492000000	0	0 41594637 83598700 168907729 1067449648 2716697303 74444 76541 11845 1226164 
1789436990.292640716	492000000	0	0 41594637 83598700 168907729 1067449648 2716697303 74444 76541 11845 1226164 
1789436990.588251370	492000000	0	0 41594637 83598700 168907729 1067449648 2716697303 74444 76541 11845 1226164 
1789436990.885731816	492000000	0	0 41594637 83598700 168907729 1067449648 2716697303 74444 76541 11845 1226164 
1789436991.183018669	492000000	0	0 41594637 83598700 168907729 1067449648 2716697303 74444 76541 11845 1226164 
1789436991.476727969	492000000	0	0 41594637 83598700 168907729 1067449648 2716697303 74444 76541 11845 1226164 
1789436991.768625394	492000000	0	0 41594637 83598700 168907729 1067449648 2716697303 74444 76541 11845 1226164 
1789436992.060634850	492000000	0	0 41594637 83598700 168907729 1067449648 2716697303 74444 76541 11845 1226164 
1789436992.354580504	492000000	0	0 41594637 83598700 168907729 1067449648 2716697303 74444 76541 11845 1226164 
1789436992.650538190	492000000	0	0 41594637 83598700 168907729 1067449648 2716697303 74444 76541 11845 1226164 
1789436992.946205355	492000000	0	0 41594637 83598700 168907729 1067449648 2716697303 74444 76541 11845 1226164 
1789436993.240318249	492000000	0	0 41594637 83598700 168907729 1067449648 2716697303 74444 76541 11845 1226164 
1789436993.533313851	492000000	0	0 41594637 83598700 168907729 1067449648 2716697303 74444 76541 11845 1226164 
1789436993.828802162	492000000	0	0 41594637 83598700 168907729 1067449648 2716697303 74444 76541 11845 1226164 
1789436994.122703233	492000000	0	0 41594637 83598700 168907729 1067449648 2716697303 74444 76541 11845 1226164 
1789436994.414137064	492000000	0	0 41594637 83598700 168907729 1067449648 2716697303 74444 76541 11845 1226164 
1789436994.711804125	492000000	0	0 41594637 83598700 168907729 1067449648 2716697303 74444 76541 11845 1226164 
1789436995.006282331	492000000	0	0 41594637 83598700 168907729 1067449648 2716697303 74444 76541 11845 1226164 
1789436995.300344392	492000000	0	0 41594637 83598700 168907729 1067449648 2716697303 74444 76541 11845 1226164 
1789436995.592062025	492000000	0	0 41594637 83598700 168907729 1067449648 2716697303 74444 76541 11845 1226164 
1789436995.886002002	492000000	0	0 41594637 83598700 168907729 1067449648 2716697303 74444 76541 11845 1226164 
1789436996.181649584	492000000	0	0 41594637 83598700 168907729 1067449648 2716697303 74444 76541 11845 1226164 
1789436996.477051488	492000000	0	0 41594637 83598700 168907729 1067449648 2716697303 74444 76541 11845 1226164 
1789436996.768628861	492000000	0	0 41594637 83598700 168907729 1067449648 2716697303 74444 76541 11845 1226164 
1789436997.062246911	492000000	0	0 41594637 83598700 168907729 1067449648 2716697303 74444 76541 11845 1226164 
1789436997.355380378	492000000	0	0 41594637 83598700 168907729 1067449648 2716697303 74444 76541 11845 1226164 
1789436997.653276761	492000000	0	0 41594637 83598700 168907729 1067449648 2716697303 74444 76541 11845 1226164 
1789436997.947899343	492000000	0	0 41594637 83598700 168907729 1067449648 2716697303 74444 76541 11845 1226164 
1789436998.244370206	492000000	0	0 41594637 83598700 168907729 1067449648 2716697303 74444 76541 11845 1226164 
1789436998.539852891	492000000	0	0 41594637 83598700 168907729 1067449648 2716697303 74444 76541 11845 1226164 
1789436998.834820160	492000000	0	0 41594637 83598700 168907729 1067449648 2716697303 74444 76541 11845 1226164 
1789436999.131275086	492000000	0	0 41594637 83598700 168907729 1067449648 2716697303 74444 76541 11845 1226164 
1789436999.425354594	492000000	0	0 41594637 83598700 168907729 1067449648 2716697303 74444 76541 11845 1226164 
1789436999.722127488	492000000	0	0 41594637 83598700 168907729 1067449648 2716697303 74444 76541 11845 1226164 
1789437000.021386424	492000000	0	0 41594637 83598700 168907729 1067449648 2716697303 74444 76541 11845 1226164 
1789437000.313928745	492000000	0	0 41594637 83598700 168907729 1067449648 2716697303 74444 76541 11845 1226164 
1789437000.604931639	492000000	0	0 41594637 83598700 168907729 1067449648 2716697303 74444 76541 11845 1226164 
1789437000.898531668	492000000	0	0 41594637 83598700 168907729 1067449648 2716697303 74444 76541 11845 1226164 
1789437001.191873885	492000000	0	0 41594637 83598700 168907729 1067449648 2716697303 74444 76541 11845 1226164 
1789437001.486803341	492000000	0	0 41594637 83598700 168907729 1067449648 2716697303 74444 76541 11845 1226164 
1789437001.779440558	492000000	0	0 41594637 83598700 168907729 1067449648 2716697303 74444 76541 11845 1226164 
1789437002.072713348	492000000	0	0 41594637 83598700 168907729 1067449648 2716697303 74444 76541 11845 1226164 
1789437002.371563534	492000000	0	0 41594637 83598700 168907729 1067449648 2716697303 74444 76541 11845 1226164 
1789437002.667820542	492000000	0	0 41594637 83598700 168907729 1067449648 2716697303 74444 76541 11845 1226164 
1789437002.962397551	492000000	0	0 41594637 83598700 168907729 1067449648 2716697303 74444 76541 11845 1226164 
1789437003.257948153	492000000	0	0 41594637 83598700 168907729 1067449648 2716697303 74444 76541 11845 1226164 
1789437003.550005526	492000000	0	0 41594637 83598700 168907729 1067449648 2716697303 74444 76541 11845 1226164 
1789437003.842936805	492000000	0	0 41594637 83598700 168907729 1067449648 2716697303 74444 76541 11845 1226164 
1789437004.135399126	492000000	0	0 41594637 83598700 168907729 1067449648 2716697303 74444 76541 11845 1226164 
1789437004.432819520	492000000	0	0 41594637 83598700 168907729 1067449648 2716697303 74444 76541 11845 1226164 
1789437004.729401529	492000000	0	0 41594637 83598700 168907729 1067449648 2716697303 74444 76541 11845 1226164 
1789437005.025516402	492000000	0	0 41594637 83598700 168907729 1067449648 2716697303 74444 76541 11845 1226164 
1789437005.316151275	492000000	0	0 41594637 83598700 168907729 1067449648 2716697303 74444 76541 11845 1226164 
1789437005.610573387	492000000	0	0 41594637 83598700 168907729 1067449648 2716697303 74444 76541 11845 1226164 
1789437005.901822167	492000000	0	0 41594637 83598700 168907729 1067449648 2716697303 74444 76541 11845 1226164 
1789437006.199630061	492000000	0	0 41594637 83598700 168907729 1067449648 2716697303 74444 76541 11845 1226164 
1789437006.495334205	492000000	0	0 41594637 83598700 168907729 1067449648 2716697303 74444 76541 11845 1226164 
1789437006.794613349	492000000	0	0 41594637 83598700 168907729 1067449648 2716697303 74444 76541 11845 1226164 
1789437007.091074108	492000000	0	0 41594637 83598700 168907729 1067449648 2716697303 74444 76541 11845 1226164 
1789437007.385189502	492000000	0	0 41594637 83598700 168907729 1067449648 2716697303 74444 76541 11845 1226164 
1789437007.678196146	492000000	0	0 41594637 83598700 168907729 1067449648 2716697303 74444 76541 11845 1226164 
1789437007.971790550	492000000	0	0 41594637 83598700 168907729 1067449648 2716697303 74444 76541 11845 1226164 
1789437008.265314746	492000000	0	0 41594637 83598700 168907729 1067449648 2716697303 74444 76541 11845 1226164 
1789437008.559687952	492000000	0	0 41594637 83598700 168907729 1067449648 2716697303 74444 76541 11845 1226164 
1789437008.857284596	492000000	0	0 41594637 83598700 168907729 1067449648 2716697303 74444 76541 11845 1226164 
1789437009.147677021	492000000	0	0 41594637 83598700 168907729 1067449648 2716697303 74444 76541 11845 1226164 
1789437009.439133196	492000000	0	0 41594637 83598700 168907729 1067449648 2716697303 74444 76541 11845 1226164 
1789437009.735039996	492000000	0	0 41594637 83598700 168907729 1067449648 2716697303 74444 76541 11845 1226164 
1789437010.028412630	492000000	0	0 41594637 83598700 168907729 1067449648 2716697303 74444 76541 11845 1226164 
1789437010.318766044	492000000	0	0 41594637 83598700 168907729 1067449648 2716697303 74444 76541 11845 1226164 
1789437010.614389928	492000000	0	0 41594637 83598700 168907729 1067449648 2716697303 74444 76541 11845 1226164 
1789437010.911526416	492000000	0	0 41594637 83598700 168907729 1067449648 2716697303 74444 76541 11845 1226164 
1789437011.210590352	492000000	0	0 41594637 83598700 168907729 1067449648 2716697303 74444 76541 11845 1226164 
1789437011.502974183	492000000	0	0 41594637 83598700 168907729 1067449648 2716697303 74444 76541 11845 1226164 
1789437011.795141243	492000000	0	0 41594637 83598700 168907729 1067449648 2716697303 74444 76541 11845 1226164 
1789437012.088926272	492000000	0	0 41594637 83598700 168907729 1067449648 2716697303 74444 76541 11845 1226164 
1789437012.387475677	492000000	0	0 41594637 83598700 168907729 1067449648 2716697303 74444 76541 11845 1226164 
1789437012.681307790	492000000	0	0 41594637 83598700 168907729 1067449648 2716697303 74444 76541 11845 1226164 
1789437012.976334017	492000000	0	0 41594637 83598700 168907729 1067449648 2716697303 74444 76541 11845 1226164 
1789437013.277685505	492000000	0	0 41594637 83598700 168907729 1067449648 2716697303 74444 76541 11845 1226164 
1789437013.572479493	492000000	0	0 41594637 83598700 168907729 1067449648 2716697303 74444 76541 11845 1226164 
1789437013.870473742	492000000	0	0 41594637 83598700 168907729 1067449648 2716697303 74444 76541 11845 1226164 
1789437014.164280594	492000000	0	0 41594637 83598700 168907729 1067449648 2716697303 74444 76541 11845 1226164 
1789437014.456658696	492000000	0	0 41594637 83598700 168907729 1067449648 2716697303 74444 76541 11845 1226164 
1789437014.752016746	492000000	0	0 41594637 83598700 168907729 1067449648 2716697303 74444 76541 11845 1226164 
1789437015.056265631	492000000	0	0 41594637 83598700 168907729 1067449648 2716697303 74444 76541 11845 1226164 
1789437015.351934723	492000000	0	0 41594637 83598700 168907729 1067449648 2716697303 74444 76541 11845 1226164 
1789437015.640276939	492000000	0	0 41594637 83598700 168907729 1067449648 2716697303 74444 76541 11845 1226164 
1789437015.933654416	492000000	0	0 41594637 83598700 168907729 1067449648 2716697303 74444 76541 11845 1226164 
1789437016.229575122	492000000	0	0 41594637 83598700 168907729 1067449648 2716697303 74444 76541 11845 1226164 
1789437016.524863277	492000000	0	0 41594637 83598700 168907729 1067449648 2716697303 74444 76541 11845 1226164 
1789437016.828133724	492000000	0	0 41594637 83598700 168907729 1067449648 2716697303 74444 76541 11845 1226164 
1789437017.130478129	492000000	0	0 41594637 83598700 168907729 1067449648 2716697303 74444 76541 11845 1226164 
1789437017.427274096	492000000	0	0 41594637 83598700 168907729 1067449648 2716697303 74444 76541 11845 1226164 
1789437017.721039959	492000000	0	0 41594637 83598700 168907729 1067449648 2716697303 74444 76541 11845 1226164 
1789437018.017057280	492000000	0	0 41594637 83598700 168907729 1067449648 2716697303 74444 76541 11845 1226164 
1789437018.315418299	492000000	0	0 41594637 83598700 168907729 1067449648 2716697303 74444 76541 11845 1226164 
1789437018.620101506	492000000	0	0 41594637 83598700 168907729 1067449648 2716697303 74444 76541 11845 1226164 
1789437018.914888932	492000000	0	0 41594637 83598700 168907729 1067449648 2716697303 74444 76541 11845 1226164 
1789437019.214415628	492000000	0	0 41594637 83598700 168907729 1067449648 2716697303 74444 76541 11845 1226164 
1789437019.513319981	492000000	0	0 41594637 83598700 168907729 1067449648 2716697303 74444 76541 11845 1226164 
1789437019.808088344	492000000	0	0 41594637 83598700 168907729 1067449648 2716697303 74444 76541 11845 1226164 
1789437020.104708165	492000000	0	0 41594637 83598700 168907729 1067449648 2716697303 74444 76541 11845 1226164 
1789437020.400584548	492000000	0	0 41594637 83598700 168907729 1067449648 2716697303 74444 76541 11845 1226164 
1789437020.696263015	492000000	0	0 41594637 83598700 168907729 1067449648 2716697303 74444 76541 11845 1226164 
1789437020.994606170	492000000	0	0 41594637 83598700 168907729 1067449648 2716697303 74444 76541 11845 1226164 
1789437021.294631877	492000000	0	0 41594637 83598700 168907729 1067449648 2716697303 74444 76541 11845 1226164 
1789437021.594410501	492000000	0	0 41594637 83598700 168907729 1067449648 2716697303 74444 76541 11845 1226164 
1789437021.892822457	492000000	0	0 41594637 83598700 168907729 1067449648 2716697303 74444 76541 11845 1226164 
1789437022.188511914	492000000	0	0 41594637 83598700 168907729 1067449648 2716697303 74444 76541 11845 1226164 
1789437022.486970798	492000000	0	0 41594637 83598700 168907729 1067449648 2716697303 74444 76541 11845 1226164 
1789437022.781405931	492000000	0	0 41594637 83598700 168907729 1067449648 2716697303 74444 76541 11845 1226164 
1789437023.084952472	492000000	0	0 41594637 83598700 168907729 1067449648 2716697303 74444 76541 11845 1226164 
1789437023.382297866	492000000	0	0 41594637 83598700 168907729 1067449648 2716697303 74444 76541 11845 1226164 
1789437023.678381021	492000000	0	0 41594637 83598700 168907729 1067449648 2716697303 74444 76541 11845 1226164 
1789437023.974597196	492000000	0	0 41594637 83598700 168907729 1067449648 2716697303 74444 76541 11845 1226164 
1789437024.273987695	492000000	0	0 41594637 83598700 168907729 1067449648 2716697303 74444 76541 11845 1226164 
1789437024.569649912	492000000	0	0 41594637 83598700 168907729 1067449648 2716697303 74444 76541 11845 1226164 
1789437024.867380358	492000000	0	0 41594637 83598700 168907729 1067449648 2716697303 74444 76541 11845 1226164 
1789437025.164439658	492000000	0	0 41594637 83598700 168907729 1067449648 2716697303 74444 76541 11845 1226164 
1789437025.457177813	492000000	0	0 41594637 83598700 168907729 1067449648 2716697303 74444 76541 11845 1226164 
1789437025.747394873	492000000	0	0 41594637 83598700 168907729 1067449648 2716697303 74444 76541 11845 1226164 
1789437026.047374590	492000000	0	0 41594637 83598700 168907729 1067449648 2716697303 74444 76541 11845 1226164 
1789437026.344074359	492000000	0	0 41594637 83598700 168907729 1067449648 2716697303 74444 76541 11845 1226164 
1789437026.638787149	492000000	0	0 41594637 83598700 168907729 1067449648 2716697303 74444 76541 11845 1226164 
1789437026.932498532	492000000	0	0 41594637 83598700 168907729 1067449648 2716697303 74444 76541 11845 1226164 
1789437027.227032416	492000000	0	0 41594637 83598700 168907729 1067449648 2716697303 74444 76541 11845 1226164 
1789437027.519725883	492000000	0	0 41594637 83598700 168907729 1067449648 2716697303 74444 76541 11845 1226164 
1789437027.814015495	492000000	0	0 41594637 83598700 168907729 1067449648 2716697303 74444 76541 11845 1226164 
1789437028.106999326	492000000	0	0 41594637 83598700 168907729 1067449648 2716697303 74444 76541 11845 1226164 
1789437028.396367584	492000000	0	0 41594637 83598700 168907729 1067449648 2716697303 74444 76541 11845 1226164 
1789437028.688153864	492000000	0	0 41594637 83598700 168907729 1067449648 2716697303 74444 76541 11845 1226164 
1789437028.974840767	492000000	0	0 41594637 83598700 168907729 1067449648 2716697303 74444 76541 11845 1226164 
1789437029.264848556	492000000	0	0 41594637 83598700 168907729 1067449648 2716697303 74444 76541 11845 1226164 
1789437029.557654367	492000000	0	0 41594637 83598700 168907729 1067449648 2716697303 74444 76541 11845 1226164 
1789437029.854725855	492000000	0	0 41594637 83598700 168907729 1067449648 2716697303 74444 76541 11845 1226164 
1789437030.151143593	492000000	0	0 41594637 83598700 168907729 1067449648 2716697303 74444 76541 11845 1226164 
1789437030.436741590	492000000	0	0 41594637 83598700 168907729 1067449648 2716697303 74444 76541 11845 1226164 
1789437030.733298651	492000000	0	0 41594637 83598700 168907729 1067449648 2716697303 74444 76541 11845 1226164 
1789437031.028170607	492000000	0	0 41594637 83598700 168907729 1067449648 2716697303 74444 76541 11845 1226164 
1789437031.318340688	492000000	0	0 41594637 83598700 168907729 1067449648 2716697303 74444 76541 11845 1226164 
1789437031.610378113	492000000	0	0 41594637 83598700 168907729 1067449648 2716697303 74444 76541 11845 1226164 
1789437031.898522360	492000000	0	0 41594637 83598700 168907729 1067449648 2716697303 74444 76541 11845 1226164 
1789437032.185672702	492000000	0	0 41594637 83598700 168907729 1067449648 2716697303 74444 76541 11845 1226164 
1789437032.476170022	492000000	0	0 41594637 83598700 168907729 1067449648 2716697303 74444 76541 11845 1226164 
1789437032.765238749	492000000	0	0 41594637 83598700 168907729 1067449648 2716697303 74444 76541 11845 1226164 
1789437033.051338829	492000000	0	0 41594637 83598700 168907729 1067449648 2716697303 74444 76541 11845 1226164 
1789437033.342302556	492000000	0	0 41594637 83598700 168907729 1067449648 2716697303 74444 76541 11845 1226164 
1789437033.629863575	492000000	0	0 41594637 83598700 168907729 1067449648 2716697303 74444 76541 11845 1226164 
1789437033.914880686	492000000	0	0 41594637 83598700 168907729 1067449648 2716697303 74444 76541 11845 1226164 
1789437034.196693371	492000000	0	0 41594637 83598700 168907729 1067449648 2716697303 74444 76541 11845 1226164 
1789437034.484882306	492000000	0	0 41594637 83598700 168907729 1067449648 2716697303 74444 76541 11845 1226164 
1789437034.769629521	492000000	0	0 41594637 83598700 168907729 1067449648 2716697303 74444 76541 11845 1226164 
1789437035.057688092	492000000	0	0 41594637 83598700 168907729 1067449648 2716697303 74444 76541 11845 1226164 
1789437035.349895048	492000000	0	0 41594637 83598700 168907729 1067449648 2716697303 74444 76541 11845 1226164 
1789437035.639630285	492000000	0	0 41594637 83598700 168907729 1067449648 2716697303 74444 76541 11845 1226164 
1789437035.927820001	492000000	0	0 41594637 83598700 168907729 1067449648 2716697303 74444 76541 11845 1226164 
1789437036.219040187	492000000	0	0 41594637 83598700 168907729 1067449648 2716697303 74444 76541 11845 1226164 
1789437036.506960163	492000000	0	0 41594637 83598700 168907729 1067449648 2716697303 74444 76541 11845 1226164 
1789437036.800481078	492000000	0	0 41594637 83598700 168907729 1067449648 2716697303 74444 76541 11845 1226164 
1789437037.087448919	492000000	0	0 41594637 83598700 168907729 1067449648 2716697303 74444 76541 11845 1226164 
1789437037.381111084	492000000	0	0 41594637 83598700 168907729 1067449648 2716697303 74444 76541 11845 1226164 
1789437037.671532936	492000000	0	0 41594637 83598700 168907729 1067449648 2716697303 74444 76541 11845 1226164 
1789437037.957619683	492000000	0	0 41594637 83598700 168907729 1067449648 2716697303 74444 76541 11845 1226164 
1789437038.245540493	492000000	0	0 41594637 83598700 168907729 1067449648 2716697303 74444 76541 11845 1226164 
1789437038.534606511	492000000	0	0 41594637 83598700 168907729 1067449648 2716697303 74444 76541 11845 1226164 
1789437038.826446592	492000000	0	0 41594637 83598700 168907729 1067449648 2716697303 74444 76541 11845 1226164 
1789437039.119702871	492000000	0	0 41594637 83598700 168907729 1067449648 2716697303 74444 76541 11845 1226164 
1789437039.411008578	492000000	0	0 41594637 83598700 168907729 1067449648 2716697303 74444 76541 11845 1226164 
1789437039.696393033	492000000	0	0 41594637 83598700 168907729 1067449648 2716697303 74444 76541 11845 1226164 
1789437039.988566968	492000000	0	0 41594637 83598700 168907729 1067449648 2716697303 74444 76541 11845 1226164 
1789437040.281433039	492000000	0	0 41594637 83598700 168907729 1067449648 2716697303 74444 76541 11845 1226164 
1789437040.565192963	492000000	0	0 41594637 83598700 168907729 1067449648 2716697303 74444 76541 11845 1226164 
1789437040.849152679	492000000	0	0 41594637 83598700 168907729 1067449648 2716697303 74444 76541 11845 1226164 
1789437041.142808125	492000000	0	0 41594637 83598700 168907729 1067449648 2716697303 74444 76541 11845 1226164 
1789437041.425635080	492000000	0	0 41594637 83598700 168907729 1067449648 2716697303 74444 76541 11845 1226164 
1789437041.720808808	492000000	0	0 41594637 83598700 168907729 1067449648 2716697303 74444 76541 11845 1226164 
1789437042.008951753	492000000	0	0 41594637 83598700 168907729 1067449648 2716697303 74444 76541 11845 1226164 
1789437042.298614594	492000000	0	0 41594637 83598700 168907729 1067449648 2716697303 74444 76541 11845 1226164 
1789437042.583056602	492000000	0	0 41594637 83598700 168907729 1067449648 2716697303 74444 76541 11845 1226164 
1789437042.875402048	492000000	0	0 41594637 83598700 168907729 1067449648 2716697303 74444 76541 11845 1226164 
1789437043.162524108	492000000	0	0 41594637 83598700 168907729 1067449648 2716697303 74444 76541 11845 1226164 
1789437043.447094240	492000000	0	0 41594637 83598700 168907729 1067449648 2716697303 74444 76541 11845 1226164 
1789437043.741113332	492000000	0	0 41594637 83598700 168907729 1067449648 2716697303 74444 76541 11845 1226164 
1789437044.032713153	492000000	0	0 41594637 83598700 168907729 1067449648 2716697303 74444 76541 11845 1226164 
1789437044.321204483	492000000	0	0 41594637 83598700 168907729 1067449648 2716697303 74444 76541 11845 1226164 
1789437044.607453574	492000000	0	0 41594637 83598700 168907729 1067449648 2716697303 74444 76541 11845 1226164 
1789437044.898018291	492000000	0	0 41594637 83598700 168907729 1067449648 2716697303 74444 76541 11845 1226164 
1789437045.190855403	492000000	0	0 41594637 83598700 168907729 1067449648 2716697303 74444 76541 11845 1226164 
1789437045.484205641	492000000	0	0 41594637 83598700 168907729 1067449648 2716697303 74444 76541 11845 1226164 
1789437045.772503638	492000000	0	0 41594637 83598700 168907729 1067449648 2716697303 74444 76541 11845 1226164 
1789437046.055275542	492000000	0	0 41594637 83598700 168907729 1067449648 2716697303 74444 76541 11845 1226164 
1789437046.344104581	492000000	0	0 41594637 83598700 168907729 1067449648 2716697303 74444 76541 11845 1226164 
1789437046.634523776	492000000	0	0 41594637 83598700 168907729 1067449648 2716697303 74444 76541 11845 1226164 
1789437046.920866774	492000000	0	0 41594637 83598700 168907729 1067449648 2716697303 74444 76541 11845 1226164 
1789437047.204714250	492000000	0	0 41594637 83598700 168907729 1067449648 2716697303 74444 76541 11845 1226164 
1789437047.495402195	492000000	0	0 41594637 83598700 168907729 1067449648 2716697303 74444 76541 11845 1226164 
1789437047.792436392	492000000	0	0 41594637 83598700 168907729 1067449648 2716697303 74444 76541 11845 1226164 
1789437048.109612100	492000000	0	0 41594637 83598700 168907729 1067449648 2716697303 74444 76541 11845 1226164 
1789437048.403365567	492000000	0	0 41594637 83598700 168907729 1067449648 2716697303 74444 76541 11845 1226164 
1789437048.697397107	492000000	0	0 41594637 83598700 168907729 1067449648 2716697303 74444 76541 11845 1226164 
1789437048.990387396	492000000	0	0 41594637 83598700 168907729 1067449648 2716697303 74444 76541 11845 1226164 
1789437049.286777322	492000000	0	0 41594637 83598700 168907729 1067449648 2716697303 74444 76541 11845 1226164 
1789437049.581689903	492000000	0	0 41594637 83598700 168907729 1067449648 2716697303 74444 76541 11845 1226164 
1789437049.875905401	492000000	0	0 41594637 83598700 168907729 1067449648 2716697303 74444 76541 11845 1226164 
1789437050.176361421	492000000	0	0 41594637 83598700 168907729 1067449648 2716697303 74444 76541 11845 1226164 
1789437050.469993585	492000000	0	0 41594637 83598700 168907729 1067449648 2716697303 74444 76541 11845 1226164 
1789437050.767038667	492000000	0	0 41594637 83598700 168907729 1067449648 2716697303 74444 76541 11845 1226164 
1789437051.061877811	492000000	0	0 41594637 83598700 168907729 1067449648 2716697303 74444 76541 11845 1226164 
1789437051.356632945	492000000	0	0 41594637 83598700 168907729 1067449648 2716697303 74444 76541 11845 1226164 
1789437051.652788755	492000000	0	0 41594637 83598700 168907729 1067449648 2716697303 74444 76541 11845 1226164 
1789437051.947185712	492000000	0	0 41594637 83598700 168907729 1067449648 2716697303 74444 76541 11845 1226164 
1789437052.242909491	492000000	0	0 41594637 83598700 168907729 1067449648 2716697303 74444 76541 11845 1226164 
1789437052.535141708	492000000	0	0 41594637 83598700 168907729 1067449648 2716697303 74444 76541 11845 1226164 
1789437052.835000904	492000000	0	0 41594637 83598700 168907729 1067449648 2716697303 74444 76541 11845 1226164 
1789437053.127736975	492000000	0	0 41594637 83598700 168907729 1067449648 2716697303 74444 76541 11845 1226164 
1789437053.420344973	492000000	0	0 41594637 83598700 168907729 1067449648 2716697303 74444 76541 11845 1226164 
1789437053.718254430	492000000	0	0 41594637 83598700 168907729 1067449648 2716697303 74444 76541 11845 1226164 
1789437054.014584251	492000000	0	0 41594637 83598700 168907729 1067449648 2716697303 74444 76541 11845 1226164 
1789437054.309727249	492000000	0	0 41594637 83598700 168907729 1067449648 2716697303 74444 76541 11845 1226164 
1789437054.607028685	492000000	0	0 41594637 83598700 168907729 1067449648 2716697303 74444 76541 11845 1226164 
1789437054.904335433	492000000	0	0 41594637 83598700 168907729 1067449648 2716697303 74444 76541 11845 1226164 
1789437055.203136505	492000000	0	0 41594637 83598700 168907729 1067449648 2716697303 74444 76541 11845 1226164 
1789437055.501262003	492000000	0	0 41594637 83598700 168907729 1067449648 2716697303 74444 76541 11845 1226164 
1789437055.797454012	492000000	0	0 41594637 83598700 168907729 1067449648 2716697303 74444 76541 11845 1226164 
1789437056.099857480	492000000	0	0 41594637 83598700 168907729 1067449648 2716697303 74444 76541 11845 1226164 
1789437056.400364697	492000000	0	0 41594637 83598700 168907729 1067449648 2716697303 74444 76541 11845 1226164 
1789437056.699943946	492000000	0	0 41594637 83598700 168907729 1067449648 2716697303 74444 76541 11845 1226164 
1789437057.000369340	492000000	0	0 41594637 83598700 168907729 1067449648 2716697303 74444 76541 11845 1226164 
1789437057.304779527	492000000	0	0 41594637 83598700 168907729 1067449648 2716697303 74444 76541 11845 1226164 
1789437057.600367942	492000000	0	0 41594637 83598700 168907729 1067449648 2716697303 74444 76541 11845 1226164 
1789437057.898409794	492000000	0	0 41594637 83598700 168907729 1067449648 2716697303 74444 76541 11845 1226164 
1789437058.195090084	492000000	0	0 41594637 83598700 168907729 1067449648 2716697303 74444 76541 11845 1226164 
1789437058.486095738	492000000	0	0 41594637 83598700 168907729 1067449648 2716697303 74444 76541 11845 1226164 
1789437058.780667643	492000000	0	0 41594637 83598700 168907729 1067449648 2716697303 74444 76541 11845 1226164 
1789437059.074657672	492000000	0	0 41594637 83598700 168907729 1067449648 2716697303 74444 76541 11845 1226164 
1789437059.369089264	492000000	0	0 41594637 83598700 168907729 1067449648 2716697303 74444 76541 11845 1226164 
1789437059.664808929	492000000	0	0 41594637 83598700 168907729 1067449648 2716697303 74444 76541 11845 1226164 
1789437059.957227031	492000000	0	0 41594637 83598700 168907729 1067449648 2716697303 74444 76541 11845 1226164 
1789437060.252499143	492000000	0	0 41594637 83598700 168907729 1067449648 2716697303 74444 76541 11845 1226164 
1789437060.544782766	492000000	0	0 41594637 83598700 168907729 1067449648 2716697303 74444 76541 11845 1226164 
1789437060.840361754	492000000	0	0 41594637 83598700 168907729 1067449648 2716697303 74444 76541 11845 1226164 
1789437061.135070377	492000000	0	0 41594637 83598700 168907729 1067449648 2716697303 74444 76541 11845 1226164 
1789437061.428359677	492000000	0	0 41594637 83598700 168907729 1067449648 2716697303 74444 76541 11845 1226164 
1789437061.723347519	492000000	0	0 41594637 83598700 168907729 1067449648 2716697303 74444 76541 11845 1226164 
1789437062.010240881	492000000	0	0 41594637 83598700 168907729 1067449648 2716697303 74444 76541 11845 1226164 
1789437062.293428253	492000000	0	0 41594637 83598700 168907729 1067449648 2716697303 74444 76541 11845 1226164 
1789437062.585151563	492000000	0	0 41594637 83598700 168907729 1067449648 2716697303 74444 76541 11845 1226164 
1789437062.869916956	492000000	0	0 41594637 83598700 168907729 1067449648 2716697303 74444 76541 11845 1226164 
1789437063.160167923	492000000	0	0 41594637 83598700 168907729 1067449648 2716697303 74444 76541 11845 1226164 
1789437063.449409201	492000000	0	0 41594637 83598700 168907729 1067449648 2716697303 74444 76541 11845 1226164 
1789437063.734350063	492000000	0	0 41594637 83598700 168907729 1067449648 2716697303 74444 76541 11845 1226164 
1789437064.024627748	492000000	0	0 41594637 83598700 168907729 1067449648 2716697303 74444 76541 11845 1226164 
1789437064.305055849	492000000	0	0 41594637 83598700 168907729 1067449648 2716697303 74444 76541 11845 1226164 
1789437064.589377700	492000000	0	0 41594637 83598700 168907729 1067449648 2716697303 74444 76541 11845 1226164 
1789437064.879971479	492000000	0	0 41594637 83598700 168907729 1067449648 2716697303 74444 76541 11845 1226164 
1789437065.172778852	492000000	0	0 41594637 83598700 168907729 1067449648 2716697303 74444 76541 11845 1226164 
1789437065.468214298	492000000	0	0 41594637 83598700 168907729 1067449648 2716697303 74444 76541 11845 1226164 
1789437065.754702035	492000000	0	0 41594637 83598700 168907729 1067449648 2716697303 74444 76541 11845 1226164 
1789437066.047257012	492000000	0	0 41594637 83598700 168907729 1067449648 2716697303 74444 76541 11845 1226164 
1789437066.334493135	492000000	0	0 41594637 83598700 168907729 1067449648 2716697303 74444 76541 11845 1226164 
1789437066.625421028	492000000	0	0 41594637 83598700 168907729 1067449648 2716697303 74444 76541 11845 1226164 
1789437066.921642412	492000000	0	0 41594637 83598700 168907729 1067449648 2716697303 74444 76541 11845 1226164 
1789437067.212045774	492000000	0	0 41594637 83598700 168907729 1067449648 2716697303 74444 76541 11845 1226164 
1789437067.509742575	492000000	0	0 41594637 83598700 168907729 1067449648 2716697303 74444 76541 11845 1226164 
1789437067.795785311	492000000	0	0 41594637 83598700 168907729 1067449648 2716697303 74444 76541 11845 1226164 
1789437068.088026903	492000000	0	0 41594637 83598700 168907729 1067449648 2716697303 74444 76541 11845 1226164 
1789437068.382831985	492000000	0	0 41594637 83598700 168907729 1067449648 2716697303 74444 76541 11845 1226164 
1789437068.667090398	492000000	0	0 41594637 83598700 168907729 1067449648 2716697303 74444 76541 11845 1226164 
1789437068.959134438	492000000	0	0 41594637 83598700 168907729 1067449648 2716697303 74444 76541 11845 1226164 
1789437069.250036758	492000000	0	0 41594637 83598700 168907729 1067449648 2716697303 74444 76541 11845 1226164 
1789437069.541406162	492000000	0	0 41594637 83598700 168907729 1067449648 2716697303 74444 76541 11845 1226164 
1789437069.838891088	492000000	0	0 41594637 83598700 168907729 1067449648 2716697303 74444 76541 11845 1226164 
1789437070.129168356	492000000	0	0 41594637 83598700 168907729 1067449648 2716697303 74444 76541 11845 1226164 
1789437070.422657344	492000000	0	0 41594637 83598700 168907729 1067449648 2716697303 74444 76541 11845 1226164 
1789437070.716637842	492000000	0	0 41594637 83598700 168907729 1067449648 2716697303 74444 76541 11845 1226164 
1789437071.011627819	492000000	0	0 41594637 83598700 168907729 1067449648 2716697303 74444 76541 11845 1226164 
1789437071.305787380	492000000	0	0 41594637 83598700 168907729 1067449648 2716697303 74444 76541 11845 1226164 
1789437071.598147461	492000000	0	0 41594637 83598700 168907729 1067449648 2716697303 74444 76541 11845 1226164 
1789437071.894741814	492000000	0	0 41594637 83598700 168907729 1067449648 2716697303 74444 76541 11845 1226164 
1789437072.188394603	492000000	0	0 41594637 83598700 168907729 1067449648 2716697303 74444 76541 11845 1226164 
1789437072.488340102	492000000	0	0 41594637 83598700 168907729 1067449648 2716697303 74444 76541 11845 1226164 
1789437072.785454246	492000000	0	0 41594637 83598700 168907729 1067449648 2716697303 74444 76541 11845 1226164 
1789437073.081382661	492000000	0	0 41594637 83598700 168907729 1067449648 2716697303 74444 76541 11845 1226164 
1789437073.374337794	492000000	0	0 41594637 83598700 168907729 1067449648 2716697303 74444 76541 11845 1226164 
1789437073.670349855	492000000	0	0 41594637 83598700 168907729 1067449648 2716697303 74444 76541 11845 1226164 
1789437073.966200509	492000000	0	0 41594637 83598700 168907729 1067449648 2716697303 74444 76541 11845 1226164 
1789437074.259755330	492000000	0	0 41594637 83598700 168907729 1067449648 2716697303 74444 76541 11845 1226164 
1789437074.555409474	492000000	0	0 41594637 83598700 168907729 1067449648 2716697303 74444 76541 11845 1226164 
1789437074.846757941	492000000	0	0 41594637 83598700 168907729 1067449648 2716697303 74444 76541 11845 1226164 
1789437075.142795366	492000000	0	0 41594637 83598700 168907729 1067449648 2716697303 74444 76541 11845 1226164 
1789437075.436475239	492000000	0	0 41594637 83598700 168907729 1067449648 2716697303 74444 76541 11845 1226164 
1789437075.729495841	492000000	0	0 41594637 83598700 168907729 1067449648 2716697303 74444 76541 11845 1226164 
1789437076.030208632	492000000	0	0 41594637 83598700 168907729 1067449648 2716697303 74444 76541 11845 1226164 
1789437076.322674598	492000000	0	0 41594637 83598700 168907729 1067449648 2716697303 74444 76541 11845 1226164 
1789437076.617502544	492000000	0	0 41594637 83598700 168907729 1067449648 2716697303 74444 76541 11845 1226164 
1789437076.911524345	492000000	0	0 41594637 83598700 168907729 1067449648 2716697303 74444 76541 11845 1226164 
1789437077.202864061	492000000	0	0 41594637 83598700 168907729 1067449648 2716697303 74444 76541 11845 1226164 
1789437077.498656591	492000000	0	0 41594637 83598700 168907729 1067449648 2716697303 74444 76541 11845 1226164 
1789437077.796646829	492000000	0	0 41594637 83598700 168907729 1067449648 2716697303 74444 76541 11845 1226164 
1789437078.090733108	492000000	0	0 41594637 83598700 168907729 1067449648 2716697303 74444 76541 11845 1226164 
1789437078.386567929	492000000	0	0 41594637 83598700 168907729 1067449648 2716697303 74444 76541 11845 1226164 
1789437078.679000927	492000000	0	0 41594637 83598700 168907729 1067449648 2716697303 74444 76541 11845 1226164 
1789437078.976592832	492000000	0	0 41594637 83598700 168907729 1067449648 2716697303 74444 76541 11845 1226164 
1789437079.270828330	492000000	0	0 41594637 83598700 168907729 1067449648 2716697303 74444 76541 11845 1226164 
1789437079.563808567	492000000	0	0 41594637 83598700 168907729 1067449648 2716697303 74444 76541 11845 1226164 
1789437079.858666513	492000000	0	0 41594637 83598700 168907729 1067449648 2716697303 74444 76541 11845 1226164 
1789437080.156998522	492000000	0	0 41594637 83598700 168907729 1067449648 2716697303 74444 76541 11845 1226164 
1789437080.455577666	492000000	0	0 41594637 83598700 168907729 1067449648 2716697303 74444 76541 11845 1226164 
1789437080.753359936	492000000	0	0 41594637 83598700 168907729 1067449648 2716697303 74444 76541 11845 1226164 
1789437081.046362934	492000000	0	0 41594637 83598700 168907729 1067449648 2716697303 74444 76541 11845 1226164 
1789437081.336444785	492000000	0	0 41594637 83598700 168907729 1067449648 2716697303 74444 76541 11845 1226164 
1789437081.631585231	492000000	0	0 41594637 83598700 168907729 1067449648 2716697303 74444 76541 11845 1226164 
1789437081.924977969	492000000	0	0 41594637 83598700 168907729 1067449648 2716697303 74444 76541 11845 1226164 
1789437082.222693467	492000000	0	0 41594637 83598700 168907729 1067449648 2716697303 74444 76541 11845 1226164 
1789437082.518012559	492000000	0	0 41594637 83598700 168907729 1067449648 2716697303 74444 76541 11845 1226164 
1789437082.817309412	492000000	0	0 41594637 83598700 168907729 1067449648 2716697303 74444 76541 11845 1226164 
1789437083.111298139	492000000	0	0 41594637 83598700 168907729 1067449648 2716697303 74444 76541 11845 1226164 
1789437083.406684887	492000000	0	0 41594637 83598700 168907729 1067449648 2716697303 74444 76541 11845 1226164 
1789437083.706624449	492000000	0	0 41594637 83598700 168907729 1067449648 2716697303 74444 76541 11845 1226164 
1789437084.000538436	492000000	0	0 41594637 83598700 168907729 1067449648 2716697303 74444 76541 11845 1226164 
1789437084.302732320	492000000	0	0 41594637 83598700 168907729 1067449648 2716697303 74444 76541 11845 1226164 
1789437084.594466308	492000000	0	0 41594637 83598700 168907729 1067449648 2716697303 74444 76541 11845 1226164 
1789437084.891708056	492000000	0	0 41594637 83598700 168907729 1067449648 2716697303 74444 76541 11845 1226164 
1789437085.185460221	492000000	0	0 41594637 83598700 168907729 1067449648 2716697303 74444 76541 11845 1226164 
1789437085.481675511	492000000	0	0 41594637 83598700 168907729 1067449648 2716697303 74444 76541 11845 1226164 
1789437085.772182258	492000000	0	0 41594637 83598700 168907729 1067449648 2716697303 74444 76541 11845 1226164 
1789437086.065454267	492000000	0	0 41594637 83598700 168907729 1067449648 2716697303 74444 76541 11845 1226164 
1789437086.364272005	492000000	0	0 41594637 83598700 168907729 1067449648 2716697303 74444 76541 11845 1226164 
1789437086.658130159	492000000	0	0 41594637 83598700 168907729 1067449648 2716697303 74444 76541 11845 1226164 
1789437086.949922115	492000000	0	0 41594637 83598700 168907729 1067449648 2716697303 74444 76541 11845 1226164 
1789437087.242415113	492000000	0	0 41594637 83598700 168907729 1067449648 2716697303 74444 76541 11845 1226164 
1789437087.534711913	492000000	0	0 41594637 83598700 168907729 1067449648 2716697303 74444 76541 11845 1226164 
1789437087.826084286	492000000	0	0 41594637 83598700 168907729 1067449648 2716697303 74444 76541 11845 1226164 
1789437088.126788899	492000000	0	0 41594637 83598700 168907729 1067449648 2716697303 74444 76541 11845 1226164 
1789437088.422174502	492000000	0	0 41594637 83598700 168907729 1067449648 2716697303 74444 76541 11845 1226164 
1789437088.720637188	492000000	0	0 41594637 83598700 168907729 1067449648 2716697303 74444 76541 11845 1226164 
1789437089.016311800	492000000	0	0 41594637 83598700 168907729 1067449648 2716697303 74444 76541 11845 1226164 
1789437089.316554799	492000000	0	0 41594637 83598700 168907729 1067449648 2716697303 74444 76541 11845 1226164 
1789437089.610366912	492000000	0	0 41594637 83598700 168907729 1067449648 2716697303 74444 76541 11845 1226164 
1789437089.911104702	492000000	0	0 41594637 83598700 168907729 1067449648 2716697303 74444 76541 11845 1226164 
1789437090.203287127	492000000	0	0 41594637 83598700 168907729 1067449648 2716697303 74444 76541 11845 1226164 
1789437090.498531219	492000000	0	0 41594637 83598700 168907729 1067449648 2716697303 74444 76541 11845 1226164 
1789437090.793245311	492000000	0	0 41594637 83598700 168907729 1067449648 2716697303 74444 76541 11845 1226164 
1789437091.092863622	492000000	0	0 41594637 83598700 168907729 1067449648 2716697303 74444 76541 11845 1226164 
1789437091.385094901	492000000	0	0 41594637 83598700 168907729 1067449648 2716697303 74444 76541 11845 1226164 
1789437091.683281337	492000000	0	0 41594637 83598700 168907729 1067449648 2716697303 74444 76541 11845 1226164 
1789437091.977340637	492000000	0	0 41594637 83598700 168907729 1067449648 2716697303 74444 76541 11845 1226164 
1789437092.270669520	492000000	0	0 41594637 83598700 168907729 1067449648 2716697303 74444 76541 11845 1226164 
1789437092.562146164	492000000	0	0 41594637 83598700 168907729 1067449648 2716697303 74444 76541 11845 1226164 
1789437092.853293693	492000000	0	0 41594637 83598700 168907729 1067449648 2716697303 74444 76541 11845 1226164 
1789437093.147980077	492000000	0	0 41594637 83598700 168907729 1067449648 2716697303 74444 76541 11845 1226164 
1789437093.438805314	492000000	0	0 41594637 83598700 168907729 1067449648 2716697303 74444 76541 11845 1226164 
1789437093.732791385	492000000	0	0 41594637 83598700 168907729 1067449648 2716697303 74444 76541 11845 1226164 
1789437094.029105946	492000000	0	0 41594637 83598700 168907729 1067449648 2716697303 74444 76541 11845 1226164 
1789437094.326268423	492000000	0	0 41594637 83598700 168907729 1067449648 2716697303 74444 76541 11845 1226164 
1789437094.617730744	492000000	0	0 41594637 83598700 168907729 1067449648 2716697303 74444 76541 11845 1226164 
1789437094.911887231	492000000	0	0 41594637 83598700 168907729 1067449648 2716697303 74444 76541 11845 1226164 
1789437095.205076375	492000000	0	0 41594637 83598700 168907729 1067449648 2716697303 74444 76541 11845 1226164 
1789437095.501774530	492000000	0	0 41594637 83598700 168907729 1067449648 2716697303 74444 76541 11845 1226164 
1789437095.797467007	492000000	0	0 41594637 83598700 168907729 1067449648 2716697303 74444 76541 11845 1226164 
1789437096.095054381	492000000	0	0 41594637 83598700 168907729 1067449648 2716697303 74444 76541 11845 1226164 
1789437096.388762639	492000000	0	0 41594637 83598700 168907729 1067449648 2716697303 74444 76541 11845 1226164 
1789437096.683900273	492000000	0	0 41594637 83598700 168907729 1067449648 2716697303 74444 76541 11845 1226164 
1789437096.979293062	492000000	0	0 41594637 83598700 168907729 1067449648 2716697303 74444 76541 11845 1226164 
1789437097.274934706	492000000	0	0 41594637 83598700 168907729 1067449648 2716697303 74444 76541 11845 1226164 
1789437097.569754527	492000000	0	0 41594637 83598700 168907729 1067449648 2716697303 74444 76541 11845 1226164 
1789437097.862085546	492000000	0	0 41594637 83598700 168907729 1067449648 2716697303 74444 76541 11845 1226164 
1789437098.153964377	492000000	0	0 41594637 83598700 168907729 1067449648 2716697303 74444 76541 11845 1226164 
1789437098.444661125	492000000	0	0 41594637 83598700 168907729 1067449648 2716697303 74444 76541 11845 1226164 
1789437098.739663134	492000000	0	0 41594637 83598700 168907729 1067449648 2716697303 74444 76541 11845 1226164 
1789437099.032753111	492000000	0	0 41594637 83598700 168907729 1067449648 2716697303 74444 76541 11845 1226164 
1789437099.326730380	492000000	0	0 41594637 83598700 168907729 1067449648 2716697303 74444 76541 11845 1226164 
1789437099.620949315	492000000	0	0 41594637 83598700 168907729 1067449648 2716697303 74444 76541 11845 1226164 
1789437099.912012417	492000000	0	0 41594637 83598700 168907729 1067449648 2716697303 74444 76541 11845 1226164 
1789437100.209992343	492000000	0	0 41594637 83598700 168907729 1067449648 2716697303 74444 76541 11845 1226164 
1789437100.503274559	492000000	0	0 41594637 83598700 168907729 1067449648 2716697303 74444 76541 11845 1226164 
1789437100.795232140	492000000	0	0 41594637 83598700 168907729 1067449648 2716697303 74444 76541 11845 1226164 
1789437101.091799358	492000000	0	0 41594637 83598700 168907729 1067449648 2716697303 74444 76541 11845 1226164 
1789437101.383471835	492000000	0	0 41594637 83598700 168907729 1067449648 2716697303 74444 76541 11845 1226164 
1789437101.674998374	492000000	0	0 41594637 83598700 168907729 1067449648 2716697303 74444 76541 11845 1226164 
1789437101.964345226	492000000	0	0 41594637 83598700 168907729 1067449648 2716697303 74444 76541 11845 1226164 
1789437102.249111712	492000000	0	0 41594637 83598700 168907729 1067449648 2716697303 74444 76541 11845 1226164 
1789437102.540032575	492000000	0	0 41594637 83598700 168907729 1067449648 2716697303 74444 76541 11845 1226164 
1789437102.836948854	492000000	0	0 41594637 83598700 168907729 1067449648 2716697303 74444 76541 11845 1226164 
1789437103.126676956	492000000	0	0 41594637 83598700 168907729 1067449648 2716697303 74444 76541 11845 1226164 
1789437103.424469746	492000000	0	0 41594637 83598700 168907729 1067449648 2716697303 74444 76541 11845 1226164 
1789437103.723222797	492000000	0	0 41594637 83598700 168907729 1067449648 2716697303 74444 76541 11845 1226164 
1789437104.016944441	492000000	0	0 41594637 83598700 168907729 1067449648 2716697303 74444 76541 11845 1226164 
1789437104.311945355	492000000	0	0 41594637 83598700 168907729 1067449648 2716697303 74444 76541 11845 1226164 
1789437104.610906948	492000000	0	0 41594637 83598700 168907729 1067449648 2716697303 74444 76541 11845 1226164 
1789437104.905092602	492000000	0	0 41594637 83598700 168907729 1067449648 2716697303 74444 76541 11845 1226164 
1789437105.197532006	492000000	0	0 41594637 83598700 168907729 1067449648 2716697303 74444 76541 11845 1226164 
1789437105.496358703	492000000	0	0 41594637 83598700 168907729 1067449648 2716697303 74444 76541 11845 1226164 
1789437105.788126388	492000000	0	0 41594637 83598700 168907729 1067449648 2716697303 74444 76541 11845 1226164 
1789437106.080890375	492000000	0	0 41594637 83598700 168907729 1067449648 2716697303 74444 76541 11845 1226164 
1789437106.373586290	492000000	0	0 41594637 83598700 168907729 1067449648 2716697303 74444 76541 11845 1226164 
1789437106.664087256	492000000	0	0 41594637 83598700 168907729 1067449648 2716697303 74444 76541 11845 1226164 
1789437106.955970410	492000000	0	0 41594637 83598700 168907729 1067449648 2716697303 74444 76541 11845 1226164 
1789437107.252527055	492000000	0	0 41594637 83598700 168907729 1067449648 2716697303 74444 76541 11845 1226164 
1789437107.545416928	492000000	0	0 41594637 83598700 168907729 1067449648 2716697303 74444 76541 11845 1226164 
1789437107.837612425	492000000	0	0 41594637 83598700 168907729 1067449648 2716697303 74444 76541 11845 1226164 
1789437108.129508652	492000000	0	0 41594637 83598700 168907729 1067449648 2716697303 74444 76541 11845 1226164 
1789437108.423335765	492000000	0	0 41594637 83598700 168907729 1067449648 2716697303 74444 76541 11845 1226164 
1789437108.715406471	492000000	0	0 41594637 83598700 168907729 1067449648 2716697303 74444 76541 11845 1226164 
1789437109.007789052	492000000	0	0 41594637 83598700 168907729 1067449648 2716697303 74444 76541 11845 1226164 
1789437109.305107624	492000000	0	0 41594637 83598700 168907729 1067449648 2716697303 74444 76541 11845 1226164 
1789437109.597334476	492000000	0	0 41594637 83598700 168907729 1067449648 2716697303 74444 76541 11845 1226164 
1789437109.890114557	492000000	0	0 41594637 83598700 168907729 1067449648 2716697303 74444 76541 11845 1226164 
1789437110.181317555	492000000	0	0 41594637 83598700 168907729 1067449648 2716697303 74444 76541 11845 1226164 
1789437110.472381750	492000000	0	0 41594637 83598700 168907729 1067449648 2716697303 74444 76541 11845 1226164 
1789437110.766742509	492000000	0	0 41594637 83598700 168907729 1067449648 2716697303 74444 76541 11845 1226164 
1789437111.061171601	492000000	0	0 41594637 83598700 168907729 1067449648 2716697303 74444 76541 11845 1226164 
1789437111.354778297	492000000	0	0 41594637 83598700 168907729 1067449648 2716697303 74444 76541 11845 1226164 
1789437111.646087180	492000000	0	0 41594637 83598700 168907729 1067449648 2716697303 74444 76541 11845 1226164 
1789437111.942104866	492000000	0	0 41594637 83598700 168907729 1067449648 2716697303 74444 76541 11845 1226164 
1789437112.235148332	492000000	0	0 41594637 83598700 168907729 1067449648 2716697303 74444 76541 11845 1226164 
1789437112.525801486	492000000	0	0 41594637 83598700 168907729 1067449648 2716697303 74444 76541 11845 1226164 
1789437112.818860734	492000000	0	0 41594637 83598700 168907729 1067449648 2716697303 74444 76541 11845 1226164 
1789437113.114912222	492000000	0	0 41594637 83598700 168907729 1067449648 2716697303 74444 76541 11845 1226164 
1789437113.407875220	492000000	0	0 41594637 83598700 168907729 1067449648 2716697303 74444 76541 11845 1226164 
1789437113.699383686	492000000	0	0 41594637 83598700 168907729 1067449648 2716697303 74444 76541 11845 1226164 
1789437113.994377258	492000000	0	0 41594637 83598700 168907729 1067449648 2716697303 74444 76541 11845 1226164 
1789437114.288626297	492000000	0	0 41594637 83598700 168907729 1067449648 2716697303 74444 76541 11845 1226164 
1789437114.580949035	492000000	0	0 41594637 83598700 168907729 1067449648 2716697303 74444 76541 11845 1226164 
1789437114.873180053	492000000	0	0 41594637 83598700 168907729 1067449648 2716697303 74444 76541 11845 1226164 
1789437115.167142426	492000000	0	0 41594637 83598700 168907729 1067449648 2716697303 74444 76541 11845 1226164 
1789437115.457048497	492000000	0	0 41594637 83598700 168907729 1067449648 2716697303 74444 76541 11845 1226164 
1789437115.750699724	492000000	0	0 41594637 83598700 168907729 1067449648 2716697303 74444 76541 11845 1226164 
1789437116.043385847	492000000	0	0 41594637 83598700 168907729 1067449648 2716697303 74444 76541 11845 1226164 
1789437116.339753429	492000000	0	0 41594637 83598700 168907729 1067449648 2716697303 74444 76541 11845 1226164 
1789437116.631840020	492000000	0	0 41594637 83598700 168907729 1067449648 2716697303 74444 76541 11845 1226164 
1789437116.925114841	492000000	0	0 41594637 83598700 168907729 1067449648 2716697303 74444 76541 11845 1226164 
1789437117.218252214	492000000	0	0 41594637 83598700 168907729 1067449648 2716697303 74444 76541 11845 1226164 
1789437117.511945629	492000000	0	0 41594637 83598700 168907729 1067449648 2716697303 74444 76541 11845 1226164 
1789437117.801840866	492000000	0	0 41594637 83598700 168907729 1067449648 2716697303 74444 76541 11845 1226164 
1789437118.090822041	492000000	0	0 41594637 83598700 168907729 1067449648 2716697303 74444 76541 11845 1226164 
1789437118.387481289	492000000	0	0 41594637 83598700 168907729 1067449648 2716697303 74444 76541 11845 1226164 
1789437118.678270172	492000000	0	0 41594637 83598700 168907729 1067449648 2716697303 74444 76541 11845 1226164 
1789437118.968763222	492000000	0	0 41594637 83598700 168907729 1067449648 2716697303 74444 76541 11845 1226164 
1789437119.261697574	492000000	0	0 41594637 83598700 168907729 1067449648 2716697303 74444 76541 11845 1226164 
1789437119.553499061	492000000	0	0 41594637 83598700 168907729 1067449648 2716697303 74444 76541 11845 1226164 
1789437119.849319560	492000000	0	0 41594637 83598700 168907729 1067449648 2716697303 74444 76541 11845 1226164 
1789437120.141662870	492000000	0	0 41594637 83598700 168907729 1067449648 2716697303 74444 76541 11845 1226164 
1789437120.437520712	492000000	0	0 41594637 83598700 168907729 1067449648 2716697303 74444 76541 11845 1226164 
1789437120.730574908	492000000	0	0 41594637 83598700 168907729 1067449648 2716697303 74444 76541 11845 1226164 
1789437121.025110614	492000000	0	0 41594637 83598700 168907729 1067449648 2716697303 74444 76541 11845 1226164 
1789437121.318896998	492000000	0	0 41594637 83598700 168907729 1067449648 2716697303 74444 76541 11845 1226164 
1789437121.611883746	492000000	0	0 41594637 83598700 168907729 1067449648 2716697303 74444 76541 11845 1226164 
1789437121.905752994	492000000	0	0 41594637 83598700 168907729 1067449648 2716697303 74444 76541 11845 1226164 
1789437122.199401929	492000000	0	0 41594637 83598700 168907729 1067449648 2716697303 74444 76541 11845 1226164 
1789437122.495192375	492000000	0	0 41594637 83598700 168907729 1067449648 2716697303 74444 76541 11845 1226164 
1789437122.788425738	492000000	0	0 41594637 83598700 168907729 1067449648 2716697303 74444 76541 11845 1226164 
1789437123.081683007	492000000	0	0 41594637 83598700 168907729 1067449648 2716697303 74444 76541 11845 1226164 
1789437123.375168661	492000000	0	0 41594637 83598700 168907729 1067449648 2716697303 74444 76541 11845 1226164 
1789437123.674196555	492000000	0	0 41594637 83598700 168907729 1067449648 2716697303 74444 76541 11845 1226164 
1789437123.965097157	492000000	0	0 41594637 83598700 168907729 1067449648 2716697303 74444 76541 11845 1226164 
1789437124.258773957	492000000	0	0 41594637 83598700 168907729 1067449648 2716697303 74444 76541 11845 1226164 
1789437124.551323465	492000000	0	0 41594637 83598700 168907729 1067449648 2716697303 74444 76541 11845 1226164 
1789437124.842795838	492000000	0	0 41594637 83598700 168907729 1067449648 2716697303 74444 76541 11845 1226164 
1789437125.135276180	492000000	0	0 41594637 83598700 168907729 1067449648 2716697303 74444 76541 11845 1226164 
1789437125.431413657	492000000	0	0 41594637 83598700 168907729 1067449648 2716697303 74444 76541 11845 1226164 
1789437125.725453270	492000000	0	0 41594637 83598700 168907729 1067449648 2716697303 74444 76541 11845 1226164 
1789437126.018807258	492000000	0	0 41594637 83598700 168907729 1067449648 2716697303 74444 76541 11845 1226164 
1789437126.315720985	492000000	0	0 41594637 83598700 168907729 1067449648 2716697303 74444 76541 11845 1226164 
1789437126.611510650	492000000	0	0 41594637 83598700 168907729 1067449648 2716697303 74444 76541 11845 1226164 
1789437126.904790315	492000000	0	0 41594637 83598700 168907729 1067449648 2716697303 74444 76541 11845 1226164 
1789437127.198316385	492000000	0	0 41594637 83598700 168907729 1067449648 2716697303 74444 76541 11845 1226164 
1789437127.491896571	492000000	0	0 41594637 83598700 168907729 1067449648 2716697303 74444 76541 11845 1226164 
1789437127.782042850	492000000	0	0 41594637 83598700 168907729 1067449648 2716697303 74444 76541 11845 1226164 
1789437128.075814337	492000000	0	0 41594637 83598700 168907729 1067449648 2716697303 74444 76541 11845 1226164 
1789437128.368963846	492000000	0	0 41594637 83598700 168907729 1067449648 2716697303 74444 76541 11845 1226164 
1789437128.661145750	492000000	0	0 41594637 83598700 168907729 1067449648 2716697303 74444 76541 11845 1226164 
1789437128.954257081	492000000	0	0 41594637 83598700 168907729 1067449648 2716697303 74444 76541 11845 1226164 
1789437129.246526642	492000000	0	0 41594637 83598700 168907729 1067449648 2716697303 74444 76541 11845 1226164 
1789437129.538324691	492000000	0	0 41594637 83598700 168907729 1067449648 2716697303 74444 76541 11845 1226164 
1789437129.829480137	492000000	0	0 41594637 83598700 168907729 1067449648 2716697303 74444 76541 11845 1226164 
1789437130.120918291	492000000	0	0 41594637 83598700 168907729 1067449648 2716697303 74444 76541 11845 1226164 
1789437130.411311081	492000000	0	0 41594637 83598700 168907729 1067449648 2716697303 74444 76541 11845 1226164 
1789437130.707453089	492000000	0	0 41594637 83598700 168907729 1067449648 2716697303 74444 76541 11845 1226164 
1789437131.002223848	492000000	0	0 41594637 83598700 168907729 1067449648 2716697303 74444 76541 11845 1226164 
1789437131.295191377	492000000	0	0 41594637 83598700 168907729 1067449648 2716697303 74444 76541 11845 1226164 
1789437131.585731562	492000000	0	0 41594637 83598700 168907729 1067449648 2716697303 74444 76541 11845 1226164 
1789437131.879489768	492000000	0	0 41594637 83598700 168907729 1067449648 2716697303 74444 76541 11845 1226164 
1789437132.172089173	492000000	0	0 41594637 83598700 168907729 1067449648 2716697303 74444 76541 11845 1226164 
1789437132.469746181	492000000	0	0 41594637 83598700 168907729 1067449648 2716697303 74444 76541 11845 1226164 
1789437132.766117253	492000000	0	0 41594637 83598700 168907729 1067449648 2716697303 74444 76541 11845 1226164 
1789437133.061975511	492000000	0	0 41594637 83598700 168907729 1067449648 2716697303 74444 76541 11845 1226164 
1789437133.356409343	492000000	0	0 41594637 83598700 168907729 1067449648 2716697303 74444 76541 11845 1226164 
1789437133.650389893	492000000	0	0 41594637 83598700 168907729 1067449648 2716697303 74444 76541 11845 1226164 
1789437133.942830964	492000000	0	0 41594637 83598700 168907729 1067449648 2716697303 74444 76541 11845 1226164 
1789437134.234756930	492000000	0	0 41594637 83598700 168907729 1067449648 2716697303 74444 76541 11845 1226164 
1789437134.529779928	492000000	0	0 41594637 83598700 168907729 1067449648 2716697303 74444 76541 11845 1226164 
1789437134.821774020	492000000	0	0 41594637 83598700 168907729 1067449648 2716697303 74444 76541 11845 1226164 
1789437135.116639466	492000000	0	0 41594637 83598700 168907729 1067449648 2716697303 74444 76541 11845 1226164 
1789437135.408753714	492000000	0	0 41594637 83598700 168907729 1067449648 2716697303 74444 76541 11845 1226164 
1789437135.702014316	492000000	0	0 41594637 83598700 168907729 1067449648 2716697303 74444 76541 11845 1226164 
1789437135.992142418	492000000	0	0 41594637 83598700 168907729 1067449648 2716697303 74444 76541 11845 1226164 
1789437136.284758957	492000000	0	0 41594637 83598700 168907729 1067449648 2716697303 74444 76541 11845 1226164 
1789437136.572864038	492000000	0	0 41594637 83598700 168907729 1067449648 2716697303 74444 76541 11845 1226164 
1789437136.863183807	492000000	0	0 41594637 83598700 168907729 1067449648 2716697303 74444 76541 11845 1226164 
1789437137.153641961	492000000	0	0 41594637 83598700 168907729 1067449648 2716697303 74444 76541 11845 1226164 
1789437137.444008708	492000000	0	0 41594637 83598700 168907729 1067449648 2716697303 74444 76541 11845 1226164 
1789437137.738480821	492000000	0	0 41594637 83598700 168907729 1067449648 2716697303 74444 76541 11845 1226164 
1789437138.030527933	492000000	0	0 41594637 83598700 168907729 1067449648 2716697303 74444 76541 11845 1226164 
1789437138.322461296	492000000	0	0 41594637 83598700 168907729 1067449648 2716697303 74444 76541 11845 1226164 
1789437138.613888929	492000000	0	0 41594637 83598700 168907729 1067449648 2716697303 74444 76541 11845 1226164 
1789437138.905246718	492000000	0	0 41594637 83598700 168907729 1067449648 2716697303 74444 76541 11845 1226164 
1789437139.196654716	492000000	0	0 41594637 83598700 168907729 1067449648 2716697303 74444 76541 11845 1226164 
1789437139.488032141	492000000	0	0 41594637 83598700 168907729 1067449648 2716697303 74444 76541 11845 1226164 
1789437139.781610608	492000000	0	0 41594637 83598700 168907729 1067449648 2716697303 74444 76541 11845 1226164 
1789437140.074555012	492000000	0	0 41594637 83598700 168907729 1067449648 2716697303 74444 76541 11845 1226164 
1789437140.371633167	492000000	0	0 41594637 83598700 168907729 1067449648 2716697303 74444 76541 11845 1226164 
1789437140.661820123	492000000	0	0 41594637 83598700 168907729 1067449648 2716697303 74444 76541 11845 1226164 
1789437140.958304371	492000000	0	0 41594637 83598700 168907729 1067449648 2716697303 74444 76541 11845 1226164 
1789437141.250740962	492000000	0	0 41594637 83598700 168907729 1067449648 2716697303 74444 76541 11845 1226164 
1789437141.546127190	492000000	0	0 41594637 83598700 168907729 1067449648 2716697303 74444 76541 11845 1226164 
1789437141.840099094	492000000	0	0 41594637 83598700 168907729 1067449648 2716697303 74444 76541 11845 1226164 
1789437142.133215425	492000000	0	0 41594637 83598700 168907729 1067449648 2716697303 74444 76541 11845 1226164 
1789437142.427199153	492000000	0	0 41594637 83598700 168907729 1067449648 2716697303 74444 76541 11845 1226164 
1789437142.722977932	492000000	0	0 41594637 83598700 168907729 1067449648 2716697303 74444 76541 11845 1226164 
1789437143.014892857	492000000	0	0 41594637 83598700 168907729 1067449648 2716697303 74444 76541 11845 1226164 
1789437143.309101897	492000000	0	0 41594637 83598700 168907729 1067449648 2716697303 74444 76541 11845 1226164 
1789437143.600303072	492000000	0	0 41594637 83598700 168907729 1067449648 2716697303 74444 76541 11845 1226164 
1789437143.892331382	492000000	0	0 41594637 83598700 168907729 1067449648 2716697303 74444 76541 11845 1226164 
1789437144.188931724	492000000	0	0 41594637 83598700 168907729 1067449648 2716697303 74444 76541 11845 1226164 
1789437144.481086076	492000000	0	0 41594637 83598700 168907729 1067449648 2716697303 74444 76541 11845 1226164 
1789437144.772591626	492000000	0	0 41594637 83598700 168907729 1067449648 2716697303 74444 76541 11845 1226164 
1789437145.065233322	492000000	0	0 41594637 83598700 168907729 1067449648 2716697303 74444 76541 11845 1226164 
1789437145.356785538	492000000	0	0 41594637 83598700 168907729 1067449648 2716697303 74444 76541 11845 1226164 
1789437145.647488640	492000000	0	0 41594637 83598700 168907729 1067449648 2716697303 74444 76541 11845 1226164 
1789437145.938962419	492000000	0	0 41594637 83598700 168907729 1067449648 2716697303 74444 76541 11845 1226164 
1789437146.233963855	492000000	0	0 41594637 83598700 168907729 1067449648 2716697303 74444 76541 11845 1226164 
1789437146.525507373	492000000	0	0 41594637 83598700 168907729 1067449648 2716697303 74444 76541 11845 1226164 
1789437146.815968027	492000000	0	0 41594637 83598700 168907729 1067449648 2716697303 74444 76541 11845 1226164 
1789437147.108182744	492000000	0	0 41594637 83598700 168907729 1067449648 2716697303 74444 76541 11845 1226164 
1789437147.399894023	492000000	0	0 41594637 83598700 168907729 1067449648 2716697303 74444 76541 11845 1226164 
1789437147.693597490	492000000	0	0 41594637 83598700 168907729 1067449648 2716697303 74444 76541 11845 1226164 
1789437147.987023040	492000000	0	0 41594637 83598700 168907729 1067449648 2716697303 74444 76541 11845 1226164 
1789437148.281721507	492000000	0	0 41594637 83598700 168907729 1067449648 2716697303 74444 76541 11845 1226164 
1789437148.575174244	492000000	0	0 41594637 83598700 168907729 1067449648 2716697303 74444 76541 11845 1226164 
1789437148.866418857	492000000	0	0 41594637 83598700 168907729 1067449648 2716697303 74444 76541 11845 1226164 
1789437149.160339823	492000000	0	0 41594637 83598700 168907729 1067449648 2716697303 74444 76541 11845 1226164 
1789437149.454691259	492000000	0	0 41594637 83598700 168907729 1067449648 2716697303 74444 76541 11845 1226164 
1789437149.746996601	492000000	0	0 41594637 83598700 168907729 1067449648 2716697303 74444 76541 11845 1226164 
1789437150.040685484	492000000	0	0 41594637 83598700 168907729 1067449648 2716697303 74444 76541 11845 1226164 
1789437150.335372545	492000000	0	0 41594637 83598700 168907729 1067449648 2716697303 74444 76541 11845 1226164 
1789437150.629225126	492000000	0	0 41594637 83598700 168907729 1067449648 2716697303 74444 76541 11845 1226164 
1789437150.921566197	492000000	0	0 41594637 83598700 168907729 1067449648 2716697303 74444 76541 11845 1226164 
1789437151.218841331	492000000	0	0 41594637 83598700 168907729 1067449648 2716697303 74444 76541 11845 1226164 
1789437151.517627142	492000000	0	0 41594637 83598700 168907729 1067449648 2716697303 74444 76541 11845 1226164 
1789437151.813883734	492000000	0	0 41594637 83598700 168907729 1067449648 2716697303 74444 76541 11845 1226164 
1789437152.113821888	492000000	0	0 41594637 83598700 168907729 1067449648 2716697303 74444 76541 11845 1226164 
1789437152.410096449	492000000	0	0 41594637 83598700 168907729 1067449648 2716697303 74444 76541 11845 1226164 
1789437152.704101791	492000000	0	0 41594637 83598700 168907729 1067449648 2716697303 74444 76541 11845 1226164 
1789437152.997069372	492000000	0	0 41594637 83598700 168907729 1067449648 2716697303 74444 76541 11845 1226164 
1789437153.290250443	492000000	0	0 41594637 83598700 168907729 1067449648 2716697303 74444 76541 11845 1226164 
1789437153.579903545	492000000	0	0 41594637 83598700 168907729 1067449648 2716697303 74444 76541 11845 1226164 
1789437153.872634199	492000000	0	0 41594637 83598700 168907729 1067449648 2716697303 74444 76541 11845 1226164 
1789437154.163470009	492000000	0	0 41594637 83598700 168907729 1067449648 2716697303 74444 76541 11845 1226164 
1789437154.460051237	492000000	0	0 41594637 83598700 168907729 1067449648 2716697303 74444 76541 11845 1226164 
1789437154.752225016	492000000	0	0 41594637 83598700 168907729 1067449648 2716697303 74444 76541 11845 1226164 
1789437155.042005982	492000000	0	0 41594637 83598700 168907729 1067449648 2716697303 74444 76541 11845 1226164 
1789437155.336344866	492000000	0	0 41594637 83598700 168907729 1067449648 2716697303 74444 76541 11845 1226164 
1789437155.628149061	492000000	0	0 41594637 83598700 168907729 1067449648 2716697303 74444 76541 11845 1226164 
1789437155.921747372	492000000	0	0 41594637 83598700 168907729 1067449648 2716697303 74444 76541 11845 1226164 
1789437156.215007870	492000000	0	0 41594637 83598700 168907729 1067449648 2716697303 74444 76541 11845 1226164 
1789437156.508289462	492000000	0	0 41594637 83598700 168907729 1067449648 2716697303 74444 76541 11845 1226164 
1789437156.801420272	492000000	0	0 41594637 83598700 168907729 1067449648 2716697303 74444 76541 11845 1226164 
1789437157.092640509	492000000	0	0 41594637 83598700 168907729 1067449648 2716697303 74444 76541 11845 1226164 
1789437157.387559393	492000000	0	0 41594637 83598700 168907729 1067449648 2716697303 74444 76541 11845 1226164 
1789437157.679576714	492000000	0	0 41594637 83598700 168907729 1067449648 2716697303 74444 76541 11845 1226164 
1789437157.970879659	492000000	0	0 41594637 83598700 168907729 1067449648 2716697303 74444 76541 11845 1226164 
1789437158.265191668	492000000	0	0 41594637 83598700 168907729 1067449648 2716697303 74444 76541 11845 1226164 
1789437158.558652635	492000000	0	0 41594637 83598700 168907729 1067449648 2716697303 74444 76541 11845 1226164 
1789437158.851912247	492000000	0	0 41594637 83598700 168907729 1067449648 2716697303 74444 76541 11845 1226164 
1789437159.145141756	492000000	0	0 41594637 83598700 168907729 1067449648 2716697303 74444 76541 11845 1226164 
1789437159.439607149	492000000	0	0 41594637 83598700 168907729 1067449648 2716697303 74444 76541 11845 1226164 
1789437159.735168481	492000000	0	0 41594637 83598700 168907729 1067449648 2716697303 74444 76541 11845 1226164 
1789437160.028300073	492000000	0	0 41594637 83598700 168907729 1067449648 2716697303 74444 76541 11845 1226164 
1789437160.320097029	492000000	0	0 41594637 83598700 168907729 1067449648 2716697303 74444 76541 11845 1226164 
1789437160.613369923	492000000	0	0 41594637 83598700 168907729 1067449648 2716697303 74444 76541 11845 1226164 
1789437160.911161254	492000000	0	0 41594637 83598700 168907729 1067449648 2716697303 74444 76541 11845 1226164 
1789437161.201592742	492000000	0	0 41594637 83598700 168907729 1067449648 2716697303 74444 76541 11845 1226164 
1789437161.495648552	492000000	0	0 41594637 83598700 168907729 1067449648 2716697303 74444 76541 11845 1226164 
1789437161.792128842	492000000	0	0 41594637 83598700 168907729 1067449648 2716697303 74444 76541 11845 1226164 
1789437162.085300798	492000000	0	0 41594637 83598700 168907729 1067449648 2716697303 74444 76541 11845 1226164 
1789437162.379028484	492000000	0	0 41594637 83598700 168907729 1067449648 2716697303 74444 76541 11845 1226164 
1789437162.672036742	492000000	0	0 41594637 83598700 168907729 1067449648 2716697303 74444 76541 11845 1226164 
1789437162.965067397	492000000	0	0 41594637 83598700 168907729 1067449648 2716697303 74444 76541 11845 1226164 
1789437163.259179822	492000000	0	0 41594637 83598700 168907729 1067449648 2716697303 74444 76541 11845 1226164 
1789437163.554805476	492000000	0	0 41594637 83598700 168907729 1067449648 2716697303 74444 76541 11845 1226164 
1789437163.849171339	492000000	0	0 41594637 83598700 168907729 1067449648 2716697303 74444 76541 11845 1226164 
1789437164.139075743	492000000	0	0 41594637 83598700 168907729 1067449648 2716697303 74444 76541 11845 1226164 
1789437164.431242334	492000000	0	0 41594637 83598700 168907729 1067449648 2716697303 74444 76541 11845 1226164 
1789437164.725467780	492000000	0	0 41594637 83598700 168907729 1067449648 2716697303 74444 76541 11845 1226164 
1789437165.017194424	492000000	0	0 41594637 83598700 168907729 1067449648 2716697303 74444 76541 11845 1226164 
1789437165.308464088	492000000	0	0 41594637 83598700 168907729 1067449648 2716697303 74444 76541 11845 1226164 
1789437165.599976774	492000000	0	0 41594637 83598700 168907729 1067449648 2716697303 74444 76541 11845 1226164 
1789437165.893731334	492000000	0	0 41594637 83598700 168907729 1067449648 2716697303 74444 76541 11845 1226164 
1789437166.185195999	492000000	0	0 41594637 83598700 168907729 1067449648 2716697303 74444 76541 11845 1226164 
1789437166.480067122	492000000	0	0 41594637 83598700 168907729 1067449648 2716697303 74444 76541 11845 1226164 
1789437166.774682932	492000000	0	0 41594637 83598700 168907729 1067449648 2716697303 74444 76541 11845 1226164 
1789437167.068812232	492000000	0	0 41594637 83598700 168907729 1067449648 2716697303 74444 76541 11845 1226164 
1789437167.358651115	492000000	0	0 41594637 83598700 168907729 1067449648 2716697303 74444 76541 11845 1226164 
1789437167.650338957	492000000	0	0 41594637 83598700 168907729 1067449648 2716697303 74444 76541 11845 1226164 
1789437167.944982788	492000000	0	0 41594637 83598700 168907729 1067449648 2716697303 74444 76541 11845 1226164 
1789437168.238604797	492000000	0	0 41594637 83598700 168907729 1067449648 2716697303 74444 76541 11845 1226164 
1789437168.533539357	492000000	0	0 41594637 83598700 168907729 1067449648 2716697303 74444 76541 11845 1226164 
1789437168.825122303	492000000	0	0 41594637 83598700 168907729 1067449648 2716697303 74444 76541 11845 1226164 
1789437169.119088478	492000000	0	0 41594637 83598700 168907729 1067449648 2716697303 74444 76541 11845 1226164 
1789437169.414101216	492000000	0	0 41594637 83598700 168907729 1067449648 2716697303 74444 76541 11845 1226164 
1789437169.706466401	492000000	0	0 41594637 83598700 168907729 1067449648 2716697303 74444 76541 11845 1226164 
1789437169.997518045	492000000	0	0 41594637 83598700 168907729 1067449648 2716697303 74444 76541 11845 1226164 
1789437170.286519949	492000000	0	0 41594637 83598700 168907729 1067449648 2716697303 74444 76541 11845 1226164 
1789437170.578995759	492000000	0	0 41594637 83598700 168907729 1067449648 2716697303 74444 76541 11845 1226164 
1789437170.873388236	492000000	0	0 41594637 83598700 168907729 1067449648 2716697303 74444 76541 11845 1226164 
1789437171.165250661	492000000	0	0 41594637 83598700 168907729 1067449648 2716697303 74444 76541 11845 1226164 
1789437171.456176784	492000000	0	0 41594637 83598700 168907729 1067449648 2716697303 74444 76541 11845 1226164 
1789437171.754238272	492000000	0	0 41594637 83598700 168907729 1067449648 2716697303 74444 76541 11845 1226164 
1789437172.047162676	492000000	0	0 41594637 83598700 168907729 1067449648 2716697303 74444 76541 11845 1226164 
1789437172.334952288	492000000	0	0 41594637 83598700 168907729 1067449648 2716697303 74444 76541 11845 1226164 
1789437172.626389557	492000000	0	0 41594637 83598700 168907729 1067449648 2716697303 74444 76541 11845 1226164 
1789437172.919040055	492000000	0	0 41594637 83598700 168907729 1067449648 2716697303 74444 76541 11845 1226164 
1789437173.212040761	492000000	0	0 41594637 83598700 168907729 1067449648 2716697303 74444 76541 11845 1226164 
1789437173.505387717	492000000	0	0 41594637 83598700 168907729 1067449648 2716697303 74444 76541 11845 1226164 
1789437173.794546861	492000000	0	0 41594637 83598700 168907729 1067449648 2716697303 74444 76541 11845 1226164 
1789437174.089012880	492000000	0	0 41594637 83598700 168907729 1067449648 2716697303 74444 76541 11845 1226164 
1789437174.381545148	492000000	0	0 41594637 83598700 168907729 1067449648 2716697303 74444 76541 11845 1226164 
1789437174.674210803	492000000	0	0 41594637 83598700 168907729 1067449648 2716697303 74444 76541 11845 1226164 
1789437174.967500155	492000000	0	0 41594637 83598700 168907729 1067449648 2716697303 74444 76541 11845 1226164 
1789437175.259955653	492000000	0	0 41594637 83598700 168907729 1067449648 2716697303 74444 76541 11845 1226164 
1789437175.550366307	492000000	0	0 41594637 83598700 168907729 1067449648 2716697303 74444 76541 11845 1226164 
1789437175.842737273	492000000	0	0 41594637 83598700 168907729 1067449648 2716697303 74444 76541 11845 1226164 
1789437176.134301469	492000000	0	0 41594637 83598700 168907729 1067449648 2716697303 74444 76541 11845 1226164 
1789437176.424352852	492000000	0	0 41594637 83598700 168907729 1067449648 2716697303 74444 76541 11845 1226164 
1789437176.716152204	492000000	0	0 41594637 83598700 168907729 1067449648 2716697303 74444 76541 11845 1226164 
1789437177.011513588	492000000	0	0 41594637 83598700 168907729 1067449648 2716697303 74444 76541 11845 1226164 
1789437177.308594034	492000000	0	0 41594637 83598700 168907729 1067449648 2716697303 74444 76541 11845 1226164 
1789437177.599780313	492000000	0	0 41594637 83598700 168907729 1067449648 2716697303 74444 76541 11845 1226164 
1789437177.895396124	492000000	0	0 41594637 83598700 168907729 1067449648 2716697303 74444 76541 11845 1226164 
1789437178.188058080	492000000	0	0 41594637 83598700 168907729 1067449648 2716697303 74444 76541 11845 1226164 
1789437178.478391702	492000000	0	0 41594637 83598700 168907729 1067449648 2716697303 74444 76541 11845 1226164 
1789437178.768786888	492000000	0	0 41594637 83598700 168907729 1067449648 2716697303 74444 76541 11845 1226164 
1789437179.059820823	492000000	0	0 41594637 83598700 168907729 1067449648 2716697303 74444 76541 11845 1226164 
1789437179.352017102	492000000	0	0 41594637 83598700 168907729 1067449648 2716697303 74444 76541 11845 1226164 
1789437179.647559579	492000000	0	0 41594637 83598700 168907729 1067449648 2716697303 74444 76541 11845 1226164 
1789437179.937837473	492000000	0	0 41594637 83598700 168907729 1067449648 2716697303 74444 76541 11845 1226164 
1789437180.231302867	492000000	0	0 41594637 83598700 168907729 1067449648 2716697303 74444 76541 11845 1226164 
1789437180.522028833	492000000	0	0 41594637 83598700 168907729 1067449648 2716697303 74444 76541 11845 1226164 
1789437180.815931050	492000000	0	0 41594637 83598700 168907729 1067449648 2716697303 74444 76541 11845 1226164 
1789437181.113170246	492000000	0	0 41594637 83598700 168907729 1067449648 2716697303 74444 76541 11845 1226164 
1789437181.406261369	492000000	0	0 41594637 83598700 168907729 1067449648 2716697303 74444 76541 11845 1226164 
1789437181.698840461	492000000	0	0 41594637 83598700 168907729 1067449648 2716697303 74444 76541 11845 1226164 
1789437181.990656063	492000000	0	0 41594637 83598700 168907729 1067449648 2716697303 74444 76541 11845 1226164 
1789437182.282422758	492000000	0	0 41594637 83598700 168907729 1067449648 2716697303 74444 76541 11845 1226164 
1789437182.571054662	492000000	0	0 41594637 83598700 168907729 1067449648 2716697303 74444 76541 11845 1226164 
1789437182.863242868	492000000	0	0 41594637 83598700 168907729 1067449648 2716697303 74444 76541 11845 1226164 
1789437183.154864043	492000000	0	0 41594637 83598700 168907729 1067449648 2716697303 74444 76541 11845 1226164 
1789437183.449786156	492000000	0	0 41594637 83598700 168907729 1067449648 2716697303 74444 76541 11845 1226164 
1789437183.741370873	492000000	0	0 41594637 83598700 168907729 1067449648 2716697303 74444 76541 11845 1226164 
1789437184.034083714	492000000	0	0 41594637 83598700 168907729 1067449648 2716697303 74444 76541 11845 1226164 
1789437184.326174941	492000000	0	0 41594637 83598700 168907729 1067449648 2716697303 74444 76541 11845 1226164 
1789437184.617621585	492000000	0	0 41594637 83598700 168907729 1067449648 2716697303 74444 76541 11845 1226164 
1789437184.911466197	492000000	0	0 41594637 83598700 168907729 1067449648 2716697303 74444 76541 11845 1226164 
1789437185.205783987	492000000	0	0 41594637 83598700 168907729 1067449648 2716697303 74444 76541 11845 1226164 
1789437185.501269590	492000000	0	0 41594637 83598700 168907729 1067449648 2716697303 74444 76541 11845 1226164 
1789437185.793429462	492000000	0	0 41594637 83598700 168907729 1067449648 2716697303 74444 76541 11845 1226164 
1789437186.088207356	492000000	0	0 41594637 83598700 168907729 1067449648 2716697303 74444 76541 11845 1226164 
1789437186.382527125	492000000	0	0 41594637 83598700 168907729 1067449648 2716697303 74444 76541 11845 1226164 
1789437186.674246061	492000000	0	0 41594637 83598700 168907729 1067449648 2716697303 74444 76541 11845 1226164 
1789437186.969708642	492000000	0	0 41594637 83598700 168907729 1067449648 2716697303 74444 76541 11845 1226164 
1789437187.265337578	492000000	0	0 41594637 83598700 168907729 1067449648 2716697303 74444 76541 11845 1226164 
1789437187.559415732	492000000	0	0 41594637 83598700 168907729 1067449648 2716697303 74444 76541 11845 1226164 
1789437187.852578365	492000000	0	0 41594637 83598700 168907729 1067449648 2716697303 74444 76541 11845 1226164 
1789437188.145285009	492000000	0	0 41594637 83598700 168907729 1067449648 2716697303 74444 76541 11845 1226164 
1789437188.437403320	492000000	0	0 41594637 83598700 168907729 1067449648 2716697303 74444 76541 11845 1226164 
1789437188.728052099	492000000	0	0 41594637 83598700 168907729 1067449648 2716697303 74444 76541 11845 1226164 
1789437189.020067753	492000000	0	0 41594637 83598700 168907729 1067449648 2716697303 74444 76541 11845 1226164 
1789437189.312269188	492000000	0	0 41594637 83598700 168907729 1067449648 2716697303 74444 76541 11845 1226164 
1789437189.605404113	492000000	0	0 41594637 83598700 168907729 1067449648 2716697303 74444 76541 11845 1226164 
1789437189.898529663	492000000	0	0 41594637 83598700 168907729 1067449648 2716697303 74444 76541 11845 1226164 
1789437190.193421463	492000000	0	0 41594637 83598700 168907729 1067449648 2716697303 74444 76541 11845 1226164 
1789437190.489499357	492000000	0	0 41594637 83598700 168907729 1067449648 2716697303 74444 76541 11845 1226164 
1789437190.779302095	492000000	0	0 41594637 83598700 168907729 1067449648 2716697303 74444 76541 11845 1226164 
1789437191.070454988	492000000	0	0 41594637 83598700 168907729 1067449648 2716697303 74444 76541 11845 1226164 
1789437191.363633819	492000000	0	0 41594637 83598700 168907729 1067449648 2716697303 74444 76541 11845 1226164 
1789437191.657803328	492000000	0	0 41594637 83598700 168907729 1067449648 2716697303 74444 76541 11845 1226164 
1789437191.951723566	492000000	0	0 41594637 83598700 168907729 1067449648 2716697303 74444 76541 11845 1226164 
1789437192.252207189	492000000	0	0 41594637 83598700 168907729 1067449648 2716697303 74444 76541 11845 1226164 
1789437192.545276645	492000000	0	0 41594637 83598700 168907729 1067449648 2716697303 74444 76541 11845 1226164 
1789437192.837134643	492000000	0	0 41594637 83598700 168907729 1067449648 2716697303 74444 76541 11845 1226164 
1789437193.128824152	492000000	0	0 41594637 83598700 168907729 1067449648 2716697303 74444 76541 11845 1226164 
1789437193.420105535	492000000	0	0 41594637 83598700 168907729 1067449648 2716697303 74444 76541 11845 1226164 
1789437193.715929054	492000000	0	0 41594637 83598700 168907729 1067449648 2716697303 74444 76541 11845 1226164 
1789437194.010248198	492000000	0	0 41594637 83598700 168907729 1067449648 2716697303 74444 76541 11845 1226164 
1789437194.305641769	492000000	0	0 41594637 83598700 168907729 1067449648 2716697303 74444 76541 11845 1226164 
1789437194.600055131	492000000	0	0 41594637 83598700 168907729 1067449648 2716697303 74444 76541 11845 1226164 
1789437194.892039536	492000000	0	0 41594637 83598700 168907729 1067449648 2716697303 74444 76541 11845 1226164 
1789437195.188461440	492000000	0	0 41594637 83598700 168907729 1067449648 2716697303 74444 76541 11845 1226164 
1789437195.482192511	492000000	0	0 41594637 83598700 168907729 1067449648 2716697303 74444 76541 11845 1226164 
1789437195.776451759	492000000	0	0 41594637 83598700 168907729 1067449648 2716697303 74444 76541 11845 1226164 
1789437196.068872257	492000000	0	0 41594637 83598700 168907729 1067449648 2716697303 74444 76541 11845 1226164 
1789437196.359158067	492000000	0	0 41594637 83598700 168907729 1067449648 2716697303 74444 76541 11845 1226164 
1789437196.660593930	492000000	0	0 41594637 83598700 168907729 1067449648 2716697303 74444 76541 11845 1226164 
1789437196.955252501	492000000	0	0 41594637 83598700 168907729 1067449648 2716697303 74444 76541 11845 1226164 
1789437197.249022947	492000000	0	0 41594637 83598700 168907729 1067449648 2716697303 74444 76541 11845 1226164 
1789437197.542268706	492000000	0	0 41594637 83598700 168907729 1067449648 2716697303 74444 76541 11845 1226164 
1789437197.835792173	492000000	0	0 41594637 83598700 168907729 1067449648 2716697303 74444 76541 11845 1226164 
1789437198.128827410	492000000	0	0 41594637 83598700 168907729 1067449648 2716697303 74444 76541 11845 1226164 
1789437198.420645460	492000000	0	0 41594637 83598700 168907729 1067449648 2716697303 74444 76541 11845 1226164 
1789437198.713852052	492000000	0	0 41594637 83598700 168907729 1067449648 2716697303 74444 76541 11845 1226164 
1789437199.008539581	492000000	0	0 41594637 83598700 168907729 1067449648 2716697303 74444 76541 11845 1226164 
1789437199.303574767	492000000	0	0 41594637 83598700 168907729 1067449648 2716697303 74444 76541 11845 1226164 
1789437199.596931150	492000000	0	0 41594637 83598700 168907729 1067449648 2716697303 74444 76541 11845 1226164 
1789437199.891750242	492000000	0	0 41594637 83598700 168907729 1067449648 2716697303 74444 76541 11845 1226164 
1789437200.184391625	492000000	0	0 41594637 83598700 168907729 1067449648 2716697303 74444 76541 11845 1226164 
1789437200.476912904	492000000	0	0 41594637 83598700 168907729 1067449648 2716697303 74444 76541 11845 1226164 
1789437200.771007986	492000000	0	0 41594637 83598700 168907729 1067449648 2716697303 74444 76541 11845 1226164 
1789437201.068621661	492000000	0	0 41594637 83598700 168907729 1067449648 2716697303 74444 76541 11845 1226164 
1789437201.358987419	492000000	0	0 41594637 83598700 168907729 1067449648 2716697303 74444 76541 11845 1226164 
1789437201.649761823	492000000	0	0 41594637 83598700 168907729 1067449648 2716697303 74444 76541 11845 1226164 
1789437201.942065134	492000000	0	0 41594637 83598700 168907729 1067449648 2716697303 74444 76541 11845 1226164 
1789437202.235830528	492000000	0	0 41594637 83598700 168907729 1067449648 2716697303 74444 76541 11845 1226164 
1789437202.527411859	492000000	0	0 41594637 83598700 168907729 1067449648 2716697303 74444 76541 11845 1226164 
1789437202.820506627	492000000	0	0 41594637 83598700 168907729 1067449648 2716697303 74444 76541 11845 1226164 
1789437203.116136188	492000000	0	0 41594637 83598700 168907729 1067449648 2716697303 74444 76541 11845 1226164 
1789437203.406551530	492000000	0	0 41594637 83598700 168907729 1067449648 2716697303 74444 76541 11845 1226164 
1789437203.700057392	492000000	0	0 41594637 83598700 168907729 1067449648 2716697303 74444 76541 11845 1226164 
1789437203.992809973	492000000	0	0 41594637 83598700 168907729 1067449648 2716697303 74444 76541 11845 1226164 
1789437204.285036305	492000000	0	0 41594637 83598700 168907729 1067449648 2716697303 74444 76541 11845 1226164 
1789437204.576890032	492000000	0	0 41594637 83598700 168907729 1067449648 2716697303 74444 76541 11845 1226164 
1789437204.868706102	492000000	0	0 41594637 83598700 168907729 1067449648 2716697303 74444 76541 11845 1226164 
1789437205.161518423	492000000	0	0 41594637 83598700 168907729 1067449648 2716697303 74444 76541 11845 1226164 
1789437205.457027619	492000000	0	0 41594637 83598700 168907729 1067449648 2716697303 74444 76541 11845 1226164 
1789437205.751703326	492000000	0	0 41594637 83598700 168907729 1067449648 2716697303 74444 76541 11845 1226164 
1789437206.044884761	492000000	0	0 41594637 83598700 168907729 1067449648 2716697303 74444 76541 11845 1226164 
1789437206.338193176	492000000	0	0 41594637 83598700 168907729 1067449648 2716697303 74444 76541 11845 1226164 
1789437206.631846747	492000000	0	0 41594637 83598700 168907729 1067449648 2716697303 74444 76541 11845 1226164 
1789437206.924282349	492000000	0	0 41594637 83598700 168907729 1067449648 2716697303 74444 76541 11845 1226164 
1789437207.217942274	492000000	0	0 41594637 83598700 168907729 1067449648 2716697303 74444 76541 11845 1226164 
1789437207.513810116	492000000	0	0 41594637 83598700 168907729 1067449648 2716697303 74444 76541 11845 1226164 
1789437207.805595718	492000000	0	0 41594637 83598700 168907729 1067449648 2716697303 74444 76541 11845 1226164 
1789437208.098377205	492000000	0	0 41594637 83598700 168907729 1067449648 2716697303 74444 76541 11845 1226164 
1789437208.390871297	492000000	0	0 41594637 83598700 168907729 1067449648 2716697303 74444 76541 11845 1226164 
1789437208.685468566	492000000	0	0 41594637 83598700 168907729 1067449648 2716697303 74444 76541 11845 1226164 
1789437208.977415730	492000000	0	0 41594637 83598700 168907729 1067449648 2716697303 74444 76541 11845 1226164 
1789437209.272748260	492000000	0	0 41594637 83598700 168907729 1067449648 2716697303 74444 76541 11845 1226164 
1789437209.565925841	492000000	0	0 41594637 83598700 168907729 1067449648 2716697303 74444 76541 11845 1226164 
1789437209.858993006	492000000	0	0 41594637 83598700 168907729 1067449648 2716697303 74444 76541 11845 1226164 
1789437210.156821004	492000000	0	0 41594637 83598700 168907729 1067449648 2716697303 74444 76541 11845 1226164 
1789437210.450101138	492000000	0	0 41594637 83598700 168907729 1067449648 2716697303 74444 76541 11845 1226164 
1789437210.745108563	492000000	0	0 41594637 83598700 168907729 1067449648 2716697303 74444 76541 11845 1226164 
1789437211.037217706	492000000	0	0 41594637 83598700 168907729 1067449648 2716697303 74444 76541 11845 1226164 
1789437211.331920913	492000000	0	0 41594637 83598700 168907729 1067449648 2716697303 74444 76541 11845 1226164 
1789437211.627030838	492000000	0	0 41594637 83598700 168907729 1067449648 2716697303 74444 76541 11845 1226164 
1789437211.921625242	492000000	0	0 41594637 83598700 168907729 1067449648 2716697303 74444 76541 11845 1226164 
1789437212.211501938	492000000	0	0 41594637 83598700 168907729 1067449648 2716697303 74444 76541 11845 1226164 
1789437212.502499415	492000000	0	0 41594637 83598700 168907729 1067449648 2716697303 74444 76541 11845 1226164 
1789437212.794833194	492000000	0	0 41594637 83598700 168907729 1067449648 2716697303 74444 76541 11845 1226164 
1789437213.088737859	492000000	0	0 41594637 83598700 168907729 1067449648 2716697303 74444 76541 11845 1226164 
1789437213.385446638	492000000	0	0 41594637 83598700 168907729 1067449648 2716697303 74444 76541 11845 1226164 
1789437213.680674324	492000000	0	0 41594637 83598700 168907729 1067449648 2716697303 74444 76541 11845 1226164 
1789437213.974005447	492000000	0	0 41594637 83598700 168907729 1067449648 2716697303 74444 76541 11845 1226164 
1789437214.273767248	492000000	0	0 41594637 83598700 168907729 1067449648 2716697303 74444 76541 11845 1226164 
1789437214.566149412	492000000	0	0 41594637 83598700 168907729 1067449648 2716697303 74444 76541 11845 1226164 
1789437214.861180327	492000000	0	0 41594637 83598700 168907729 1067449648 2716697303 74444 76541 11845 1226164 
1789437215.154160929	492000000	0	0 41594637 83598700 168907729 1067449648 2716697303 74444 76541 11845 1226164 
1789437215.450953407	492000000	0	0 41594637 83598700 168907729 1067449648 2716697303 74444 76541 11845 1226164 
1789437215.747821665	492000000	0	0 41594637 83598700 168907729 1067449648 2716697303 74444 76541 11845 1226164 
1789437216.040533205	492000000	0	0 41594637 83598700 168907729 1067449648 2716697303 74444 76541 11845 1226164 
1789437216.329001775	492000000	0	0 41594637 83598700 168907729 1067449648 2716697303 74444 76541 11845 1226164 
1789437216.620091231	492000000	0	0 41594637 83598700 168907729 1067449648 2716697303 74444 76541 11845 1226164 
1789437216.911448500	492000000	0	0 41594637 83598700 168907729 1067449648 2716697303 74444 76541 11845 1226164 
1789437217.206063269	492000000	0	0 41594637 83598700 168907729 1067449648 2716697303 74444 76541 11845 1226164 
1789437217.501216684	492000000	0	0 41594637 83598700 168907729 1067449648 2716697303 74444 76541 11845 1226164 
1789437217.792711765	492000000	0	0 41594637 83598700 168907729 1067449648 2716697303 74444 76541 11845 1226164 
1789437218.088724034	492000000	0	0 41594637 83598700 168907729 1067449648 2716697303 74444 76541 11845 1226164 
1789437218.382454115	492000000	0	0 41594637 83598700 168907729 1067449648 2716697303 74444 76541 11845 1226164 
1789437218.675840238	492000000	0	0 41594637 83598700 168907729 1067449648 2716697303 74444 76541 11845 1226164 
1789437218.967384694	492000000	0	0 41594637 83598700 168907729 1067449648 2716697303 74444 76541 11845 1226164 
1789437219.261301703	492000000	0	0 41594637 83598700 168907729 1067449648 2716697303 74444 76541 11845 1226378 
1789437219.552512305	285000000	0	0 41594637 83598700 168907729 1067449648 2716697303 74444 76541 11845 1230424 
1789437219.841312490	492000000	0	0 41594637 83598700 168907729 1067464484 2716697303 74444 76541 11845 1242547 
1789437220.127995383	492000000	0	0 41594637 83598700 168907729 1067498735 2716697303 74444 76541 11845 1242547 
1789437220.417816401	492000000	8	0 41594637 83598700 168907729 1067553420 2716697303 74444 76541 11845 1242547 
1789437220.707798097	492000000	8	0 41594637 83598700 168907729 1067610958 2716697303 74444 76541 11845 1242547 
1789437220.997990990	492000000	8	0 41594637 83598700 168907729 1067669135 2716697303 74444 76541 11845 1242547 
1789437221.295379666	492000000	19	0 41594637 83598700 168907729 1067724574 2716697303 74444 76541 11845 1242547 
1789437221.585719434	492000000	19	0 41594637 83598700 168907729 1067775338 2716697303 74444 76541 11845 1242547 
1789437221.884458214	492000000	19	0 41594637 83598700 168907729 1067827377 2716697303 74444 76541 11845 1242547 
1789437222.180670275	492000000	19	0 41594637 83598700 168907729 1067879417 2716697303 74444 76541 11845 1242547 
1789437222.472607127	492000000	17	0 41594637 83598700 168907729 1067930420 2716697303 74444 76541 11845 1242547 
1789437222.763087677	492000000	17	0 41594637 83598700 168907729 1067982379 2716697303 74444 76541 11845 1242547 
1789437223.054803643	492000000	17	0 41594637 83598700 168907729 1068033733 2716697303 74444 76541 11845 1242547 
1789437223.346565026	492000000	17	0 41594637 83598700 168907729 1068085510 2716697303 74444 76541 11845 1242547 
1789437223.638583233	492000000	17	0 41594637 83598700 168907729 1068137169 2716697303 74444 76541 11845 1242547 
1789437223.932595085	492000000	17	0 41594637 83598700 168907729 1068187798 2716697303 74444 76541 11845 1242547 
1789437224.224981520	492000000	17	0 41594637 83598700 168907729 1068239609 2716697303 74444 76541 11845 1242547 
1789437224.516775143	492000000	17	0 41594637 83598700 168907729 1068295478 2716697303 74444 76541 11845 1242547 
1789437224.812835277	492000000	17	0 41594637 83598700 168907729 1068349260 2716697303 74444 76541 11845 1242547 
1789437225.109948223	492000000	17	0 41594637 83598700 168907729 1068401689 2716697303 74444 76541 11845 1242547 
1789437225.408915649	492000000	17	0 41594637 83598700 168907729 1068451993 2716697303 74444 76541 11845 1242547 
1789437225.706219949	492000000	17	0 41594637 83598700 168907729 1068503770 2716697303 74444 76541 11845 1242547 
1789437226.005540031	492000000	17	0 41594637 83598700 168907729 1068555567 2716697303 74444 76541 11845 1242547 
1789437226.303540061	492000000	17	0 41594637 83598700 168907729 1068607000 2716697303 74444 76541 11845 1242547 
1789437226.600049153	492000000	17	0 41594637 83598700 168907729 1068658414 2716697303 74444 76541 11845 1242547 
1789437226.899793245	492000000	17	0 41594637 83598700 168907729 1068710020 2716697303 74444 76541 11845 1242547 
1789437227.196612077	492000000	17	0 41594637 83598700 168907729 1068761801 2716697303 74444 76541 11845 1242547 
1789437227.494759711	492000000	17	0 41594637 83598700 168907729 1068812928 2716697303 74444 76541 11845 1242547 
1789437227.790569948	492000000	17	0 41594637 83598700 168907729 1068864373 2716697303 74444 76541 11845 1242547 
1789437228.087951280	492000000	17	0 41594637 83598700 168907729 1068916311 2716697303 74444 76541 11845 1242547 
1789437228.389074227	492000000	17	0 41594637 83598700 168907729 1068969589 2716697303 74444 76541 11845 1242547 
1789437228.689941080	492000000	17	0 41594637 83598700 168907729 1069020819 2716697303 74444 76541 11845 1242547 
1789437228.988776214	492000000	17	0 41594637 83598700 168907729 1069072395 2716697303 74444 76541 11845 1242547 
1789437229.286445149	492000000	17	0 41594637 83598700 168907729 1069123705 2716697303 74444 76541 11845 1242547 
1789437229.582246533	492000000	17	0 41594637 83598700 168907729 1069174819 2716697303 74444 76541 11845 1242547 
1789437229.882069219	492000000	17	0 41594637 83598700 168907729 1069226071 2716697303 74444 76541 11845 1242547 
1789437230.179314301	492000000	17	0 41594637 83598700 168907729 1069277473 2716697303 74444 76541 11845 1242547 
1789437230.478087039	492000000	17	0 41594637 83598700 168907729 1069329363 2716697303 74444 76541 11845 1242547 
1789437230.774369464	492000000	17	0 41594637 83598700 168907729 1069379959 2716697303 74444 76541 11845 1242547 
1789437231.071772723	492000000	17	0 41594637 83598700 168907729 1069431201 2716697303 74444 76541 11845 1242547 
1789437231.367911242	492000000	17	0 41594637 83598700 168907729 1069481284 2716697303 74444 76541 11845 1242547 
1789437231.665182991	492000000	17	0 41594637 83598700 168907729 1069534122 2716697303 74444 76541 11845 1242547 
1789437231.962592395	492000000	17	0 41594637 83598700 168907729 1069585063 2716697303 74444 76541 11845 1242547 
1789437232.260828675	492000000	17	0 41594637 83598700 168907729 1069636091 2716697303 74444 76541 11845 1242547 
1789437232.565760945	492000000	17	0 41594637 83598700 168907729 1069702589 2716697303 74444 76541 11845 1242547 
1789437232.935197857	492000000	17	0 41594637 83598700 168907729 1069834136 2716697303 74444 76541 11845 1242547 
1789437233.238437939	492000000	17	0 41594637 83598700 168907729 1069933385 2716697303 74444 76541 11845 1242547 
1789437233.534930625	599000000	30	0 41594637 83650162 168907729 1069970870 2716697303 74444 76541 11845 1242547 
1789437233.837137113	599000000	30	0 41594637 83737441 168907729 1069970870 2716697303 74444 76541 11845 1242547 
1789437234.133916101	599000000	30	0 41594637 83826863 168907729 1069970870 2716697303 74444 76541 11845 1242547 
1789437234.426489047	599000000	30	0 41594637 83924010 168907729 1069970870 2716697303 74444 76541 11845 1242547 
1789437234.727282514	599000000	30	0 41594637 84104305 168907729 1069970870 2716697303 74444 76541 11845 1242547 
1789437235.018435720	599000000	30	0 41594637 84280842 168907729 1069970870 2716697303 74444 76541 11845 1242547 
1789437235.316010333	599000000	30	0 41594637 84463552 168907729 1069970870 2716697303 74444 76541 11845 1242547 
1789437235.611231300	545000000	58	0 41594637 84556184 168957852 1069970870 2716697303 74444 76541 11845 1242547 
1789437235.903954090	545000000	58	0 41594637 84556184 169100760 1069970870 2716697303 74444 76541 11845 1242547 
1789437236.199321776	545000000	58	0 41594637 84556184 169249647 1069970870 2716697303 74444 76541 11845 1242547 
1789437236.500291649	545000000	49	0 41594637 84556184 169402327 1069970870 2716697303 74444 76541 11845 1242547 
1789437236.796068241	492000000	49	0 41594637 84556184 169461286 1070068255 2716697303 74444 76541 11845 1242547 
1789437237.095266604	492000000	49	0 41594637 84556184 169461286 1070233186 2716697303 74444 76541 11845 1242547 
1789437237.395131999	492000000	53	0 41594637 84556184 169461286 1070396593 2716697303 74444 76541 11845 1242547 
1789437237.694217237	492000000	53	0 41594637 84556184 169461286 1070540233 2716697303 74444 76541 11845 1242547 
1789437237.992334558	456000000	53	0 41594637 84556184 169461286 1070553529 2716805921 74444 76541 11845 1242547 
1789437238.293931463	456000000	53	0 41594637 84556184 169461286 1070553529 2716929643 74444 76541 11845 1242547 
1789437238.598384983	456000000	43	0 41594637 84556184 169461286 1070553529 2717041134 74444 76541 11845 1242547 
1789437238.895623919	456000000	43	0 41594637 84556184 169461286 1070553529 2717149289 74444 76541 11845 1242547 
1789437239.197314262	456000000	43	0 41594637 84556184 169461286 1070553529 2717255319 74444 76541 11845 1242547 
1789437239.495759552	456000000	35	0 41594637 84556184 169461286 1070553529 2717342994 74444 76541 11845 1242547 
1789437239.795469009	456000000	35	0 41594637 84556184 169461286 1070553529 2717467925 74444 76541 11845 1242547 
1789437240.095416070	456000000	35	0 41594637 84556184 169461286 1070553529 2717600670 74444 76541 11845 1242547 
1789437240.397188392	456000000	40	0 41594637 84556184 169461286 1070553529 2717742159 74444 76541 11845 1242547 
1789437240.704398006	456000000	40	0 41594637 84556184 169461286 1070553529 2717884256 74444 76541 11845 1242547 
1789437241.009430223	456000000	40	0 41594637 84556184 169461286 1070553529 2718026448 74444 76541 11845 1242547 
1789437241.301796763	456000000	40	0 41594637 84556184 169461286 1070553529 2718147907 74444 76541 11845 1242547 
1789437241.602926012	456000000	44	0 41594637 84556184 169461286 1070553529 2718286069 74444 76541 11845 1242547 
1789437241.904627813	456000000	44	0 41594637 84556184 169461286 1070553529 2718428138 74444 76541 11845 1242547 
1789437242.205497374	456000000	44	0 41594637 84556184 169461286 1070553529 2718567813 74444 76541 11845 1242547 
1789437242.509687821	456000000	45	0 41594637 84556184 169461286 1070553529 2718682626 74444 76541 11845 1242547 
1789437242.809310299	456000000	45	0 41594637 84556184 169461286 1070553529 2718788277 74444 76541 11845 1242547 
1789437243.110503193	456000000	45	0 41594637 84556184 169461286 1070553529 2718909192 74444 76541 11845 1242547 
1789437243.409948067	456000000	38	0 41594637 84556184 169461286 1070553529 2719040123 74444 76541 11845 1242547 
1789437243.717222472	456000000	38	0 41594637 84556184 169461286 1070553529 2719180325 74444 76541 11845 1242547 
1789437244.024482711	456000000	38	0 41594637 84556184 169461286 1070553529 2719326253 74444 76541 11845 1242547 
1789437244.337189253	456000000	38	0 41594637 84556184 169461286 1070553529 2719465698 74444 76541 11845 1242547 
1789437244.639027408	456000000	46	0 41594637 84556184 169461286 1070553529 2719602765 74444 76541 11845 1242547 
1789437244.941173792	456000000	46	0 41594637 84556184 169461286 1070553529 2719738434 74444 76541 11845 1242547 
1789437245.239184187	456000000	46	0 41594637 84556184 169461286 1070553529 2719872845 74444 76541 11845 1242547 
1789437245.544128540	456000000	45	0 41594637 84556184 169461286 1070553529 2720013659 74444 76541 11845 1242547 
1789437245.845833257	456000000	45	0 41594637 84556184 169461286 1070553529 2720147623 74444 76541 11845 1242547 
1789437246.149804486	456000000	45	0 41594637 84556184 169461286 1070553529 2720288259 74444 76541 11845 1242547 
1789437246.458333214	456000000	44	0 41594637 84556184 169461286 1070553529 2720416910 74444 76541 11845 1242547 
1789437246.766119599	456000000	44	0 41594637 84556184 169461286 1070553529 2720541788 74444 76541 11845 1242547 
1789437247.071406609	456000000	44	0 41594637 84556184 169461286 1070553529 2720668966 74444 76541 11845 1242547 
1789437247.374552524	456000000	38	0 41594637 84556184 169461286 1070553529 2720772648 74444 76541 11845 1242547 
1789437247.677875263	456000000	38	0 41594637 84556184 169461286 1070553529 2720911683 74444 76541 11845 1242547 
1789437247.984258991	456000000	38	0 41594637 84556184 169461286 1070553529 2721058068 74444 76541 11845 1242547 
1789437248.283570479	456000000	38	0 41594637 84556184 169461286 1070553529 2721184509 74444 76541 11845 1242547 
1789437248.576538425	456000000	45	0 41594637 84556184 169461286 1070553529 2721320321 74444 76541 11845 1242547 
1789437248.881973404	456000000	45	0 41594637 84556184 169461286 1070553529 2721467509 74444 76541 11845 1242547 
1789437249.183834527	456000000	45	0 41594637 84556184 169461286 1070553529 2721612836 74444 76541 11845 1242547 
1789437249.491118673	456000000	47	0 41594637 84556184 169461286 1070553529 2721760071 74444 76541 11845 1242547 
1789437249.797555943	456000000	47	0 41594637 84556184 169461286 1070553529 2721903577 74444 76541 11845 1242547 
1789437250.097656025	456000000	47	0 41594637 84556184 169461286 1070553529 2722051246 74444 76541 11845 1242547 
1789437250.406491212	456000000	46	0 41594637 84556184 169461286 1070553529 2722178567 74444 76541 11845 1242547 
1789437250.712379055	456000000	46	0 41594637 84556184 169461286 1070553529 2722306317 74444 76541 11845 1242547 
1789437251.019890908	456000000	46	0 41594637 84556184 169461286 1070553529 2722429936 74444 76541 11845 1242547 
1789437251.321925417	456000000	46	0 41594637 84556184 169461286 1070553529 2722554764 74444 76541 11845 1242547 
1789437251.622493000	456000000	41	0 41594637 84556184 169461286 1070553529 2722682020 74444 76541 11845 1242547 
1789437251.926636728	456000000	41	0 41594637 84556184 169461286 1070553529 2722806670 74444 76541 11845 1242547 
1789437252.232344310	456000000	41	0 41594637 84556184 169461286 1070553529 2722934463 74444 76541 11845 1242547 
1789437252.536818872	456000000	41	0 41594637 84556184 169461286 1070553529 2723060096 74444 76541 11845 1242547 
1789437252.837839631	456000000	41	0 41594637 84556184 169461286 1070553529 2723151713 74444 76541 11845 1242547 
1789437253.136071692	456000000	41	0 41594637 84556184 169461286 1070553529 2723264138 74444 76541 11845 1242547 
1789437253.435771513	456000000	37	0 41594637 84556184 169461286 1070553529 2723392770 74444 76541 11845 1242547 
1789437253.743735815	456000000	37	0 41594637 84556184 169461286 1070553529 2723521620 74444 76541 11845 1242547 
1789437254.045299074	456000000	37	0 41594637 84556184 169461286 1070553529 2723656229 74444 76541 11845 1242547 
1789437254.352608688	456000000	44	0 41594637 84556184 169461286 1070553529 2723798602 74444 76541 11845 1242547 
1789437254.656681062	456000000	44	0 41594637 84556184 169461286 1070553529 2723949904 74444 76541 11845 1242547 
1789437254.968826197	456000000	44	0 41594637 84556184 169461286 1070553529 2724100169 74444 76541 11845 1242547 
1789437255.274523728	456000000	44	0 41594637 84556184 169461286 1070553529 2724205880 74444 76541 11845 1242547 
1789437255.572397664	456000000	43	0 41594637 84556184 169461286 1070553529 2724329719 74444 76541 11845 1242547 
1789437255.883330559	456000000	43	0 41594637 84556184 169461286 1070553529 2724479044 74444 76541 11845 1242547 
1789437256.188560329	456000000	43	0 41594637 84556184 169461286 1070553529 2724621241 74444 76541 11845 1242547 
1789437256.499250829	456000000	46	0 41594637 84556184 169461286 1070553529 2724772017 74444 76541 11845 1242547 
1789437256.808171120	456000000	46	0 41594637 84556184 169461286 1070553529 2724922592 74444 76541 11845 1242547 
1789437257.111505994	456000000	46	0 41594637 84556184 169461286 1070553529 2725067961 74444 76541 11845 1242547 
1789437257.419317379	456000000	48	0 41594637 84556184 169461286 1070553529 2725215645 74444 76541 11845 1242547 
1789437257.720980274	456000000	48	0 41594637 84556184 169461286 1070553529 2725345119 74444 76541 11845 1242547 
1789437258.022149575	456000000	48	0 41594637 84556184 169461286 1070553529 2725450433 74444 76541 11845 1242547 
1789437258.320870333	456000000	48	0 41594637 84556184 169461286 1070553529 2725576720 74444 76541 11845 1242547 
1789437258.627515572	456000000	41	0 41594637 84556184 169461286 1070553529 2725738609 74444 76541 11845 1242547 
1789437258.933295603	456000000	41	0 41594637 84556184 169461286 1070553529 2725885877 74444 76541 11845 1242547 
1789437259.237858133	456000000	41	0 41594637 84556184 169461286 1070553529 2726033824 74444 76541 11845 1242547 
1789437259.539353997	456000000	49	0 41594637 84556184 169461286 1070553529 2726177028 74444 76541 11845 1242547 
1789437259.844055537	456000000	49	0 41594637 84556184 169461286 1070553529 2726333359 74444 76541 11845 1242547 
1789437260.149529318	456000000	49	0 41594637 84556184 169461286 1070553529 2726493425 74444 76541 11845 1242547 
1789437260.456702838	456000000	51	0 41594637 84556184 169461286 1070553529 2726648290 74444 76541 11845 1242547 
1789437260.761181045	456000000	51	0 41594637 84556184 169461286 1070553529 2726787919 74444 76541 11845 1242547 
1789437261.063291805	456000000	51	0 41594637 84556184 169461286 1070553529 2726955523 74444 76541 11845 1242547 
1789437261.364815897	492000000	49	0 41594637 84556184 169461286 1070692742 2726963317 74444 76541 11845 1242547 
1789437261.663927541	492000000	49	0 41594637 84556184 169461286 1070834060 2726963317 74444 76541 11845 1242547 
1789437261.960929134	492000000	49	0 41594637 84556184 169461286 1070974974 2726963317 74444 76541 11845 1242547 
1789437262.259967288	456000000	49	0 41594637 84556184 169461286 1071101178 2726977216 74444 76541 11845 1242547 
1789437262.559226589	456000000	47	0 41594637 84556184 169461286 1071101178 2727125560 74444 76541 11845 1242547 
1789437262.856096046	456000000	47	0 41594637 84556184 169461286 1071101178 2727277259 74444 76541 11845 1242547 
1789437263.154136440	456000000	47	0 41594637 84556184 169461286 1071101178 2727382590 74444 76541 11845 1242547 
1789437263.446666000	456000000	46	0 41594637 84556184 169461286 1071101178 2727546488 74444 76541 11845 1242547 
1789437263.742728894	456000000	46	0 41594637 84556184 169461286 1071101178 2727741193 74444 76541 11845 1242547 
1789437264.044680747	456000000	46	0 41594637 84556184 169461286 1071101178 2727946873 74444 76541 11845 1242547 
1789437264.344233329	456000000	46	0 41594637 84556184 169461286 1071101178 2728146063 74444 76541 11845 1242547 
1789437264.644846432	456000000	66	0 41594637 84556184 169461286 1071101178 2728353700 74444 76541 11845 1242547 
1789437264.945240004	456000000	66	0 41594637 84556184 169461286 1071101178 2728558723 74444 76541 11845 1242547 
1789437265.245341544	456000000	66	0 41594637 84556184 169461286 1071101178 2728763540 74444 76541 11845 1242547 
1789437265.543625324	456000000	68	0 41594637 84556184 169461286 1071101178 2728966917 74444 76541 11845 1242547 
1789437265.841953114	456000000	68	0 41594637 84556184 169461286 1071101178 2729091206 74444 76541 11845 1242547 
1789437266.135547102	640000000	68	0 41694077 84567970 169471547 1071112302 2729152247 74444 76541 11845 1242547 
1789437266.432487808	492000000	60	0 41793524 84606332 169519240 1071155879 2729152247 74444 76541 11845 1242547 
1789437266.732265026	545000000	60	0 41793524 84606332 169771399 1071155879 2729152247 74444 76541 11845 1242547 
1789437267.032167139	599000000	60	0 41793524 84650233 169986217 1071155879 2729152247 74444 76541 11845 1242547 
1789437267.331333575	599000000	60	0 41793524 84895689 169986217 1071155879 2729152247 74444 76541 11845 1242547 
1789437267.634868293	599000000	84	0 41793524 85135913 169986217 1071155879 2729152247 74444 76541 11845 1242547 
1789437267.934276083	599000000	84	0 41793524 85375744 169986217 1071155879 2729152247 74444 76541 11845 1242547 
1789437268.235579759	599000000	84	0 41793524 85620029 169986217 1071155879 2729152247 74444 76541 11845 1242547 
1789437268.538813435	599000000	80	0 41793524 85769702 169986217 1071155879 2729152247 74444 76541 11845 1242547 
1789437268.840896954	599000000	80	0 41793524 85852672 169986217 1071155879 2729152247 74444 76541 11845 1242547 
1789437269.137466463	599000000	80	0 41793524 85936168 169986217 1071155879 2729152247 74444 76541 11845 1242547 
1789437269.432187690	599000000	27	0 41793524 86019925 169986217 1071155879 2729152247 74444 76541 11845 1242547 
1789437269.725372563	545000000	27	0 41793524 86070936 170020692 1071155879 2729152247 74444 76541 11845 1242547 
1789437270.024668166	545000000	27	0 41793524 86070936 170111024 1071155879 2729152247 74444 76541 11845 1242547 
1789437270.322177102	545000000	27	0 41793524 86070936 170200925 1071155879 2729152247 74444 76541 11845 1242547 
1789437270.615666662	545000000	29	0 41793524 86070936 170287853 1071157149 2729152247 74444 76541 11845 1242547 
1789437270.910717108	492000000	29	0 41793524 86070936 170287853 1071258904 2729152247 74444 76541 11845 1242547 
1789437271.216420368	492000000	29	0 41793524 86070936 170287853 1071353722 2729152247 74444 76541 11845 1242547 
1789437271.518233731	492000000	33	0 41793524 86070936 170287853 1071474688 2729152247 74444 76541 11845 1242547 
1789437271.818589907	456000000	33	0 41793524 86070936 170287853 1071506246 2729233110 74444 76541 11845 1242547 
1789437272.120964104	456000000	33	0 41793524 86070936 170287853 1071506246 2729340589 74444 76541 11845 1242547 
1789437272.420693457	456000000	36	0 41793524 86070936 170287853 1071506246 2729448172 74444 76541 11845 1242547 
1789437272.720608174	456000000	36	0 41793524 86070936 170287853 1071506246 2729554748 74444 76541 11845 1242547 
1789437273.017311277	456000000	36	0 41793524 86070936 170287853 1071506246 2729662105 74444 76541 11845 1242547 
1789437273.313715108	456000000	36	0 41793524 86070936 170287853 1071506246 2729766046 74444 76541 11845 1242547 
1789437273.612014773	456000000	35	0 41793524 86070936 170287853 1071506246 2729856396 74444 76541 11845 1242547 
1789437273.907762459	456000000	35	0 41793524 86070936 170287853 1071506246 2729960104 74444 76541 11845 1242547 
1789437274.206705197	456000000	35	0 41793524 86070936 170287853 1071506246 2730080373 74444 76541 11845 1242547 
1789437274.511910801	456000000	36	0 41793524 86070936 170287853 1071506246 2730205048 74444 76541 11845 1242547 
1789437274.813648122	456000000	36	0 41793524 86070936 170287853 1071506246 2730330730 74444 76541 11845 1242547 
1789437275.116180027	456000000	36	0 41793524 86070936 170287853 1071506246 2730459556 74444 76541 11845 1242547 
1789437275.416291411	456000000	42	0 41793524 86070936 170287853 1071506246 2730600293 74444 76541 11845 1242547 
1789437275.723891494	456000000	42	0 41793524 86070936 170287853 1071506246 2730745811 74444 76541 11845 1242547 
1789437276.032114025	456000000	42	0 41793524 86070936 170287853 1071506246 2730889853 74444 76541 11845 1242547 
1789437276.335476816	456000000	42	0 41793524 86070936 170287853 1071506246 2731003780 74444 76541 11845 1242547 
1789437276.640027002	456000000	44	0 41793524 86070936 170287853 1071506246 2731111721 74444 76541 11845 1242547 
1789437276.937467761	456000000	44	0 41793524 86070936 170287853 1071506246 2731234397 74444 76541 11845 1242547 
1789437277.242869250	456000000	44	0 41793524 86070936 170287853 1071506246 2731359622 74444 76541 11845 1242547 
1789437277.542996102	456000000	39	0 41793524 86070936 170287853 1071506246 2731484372 74444 76541 11845 1242547 
1789437277.846773424	456000000	39	0 41793524 86070936 170287853 1071506246 2731611177 74444 76541 11845 1242547 
1789437278.150043194	456000000	39	0 41793524 86070936 170287853 1071506246 2731738653 74444 76541 11845 1242547 
1789437278.454723797	456000000	41	0 41793524 86070936 170287853 1071506246 2731865125 74444 76541 11845 1242547 
1789437278.761510182	456000000	41	0 41793524 86070936 170287853 1071506246 2731977165 74444 76541 11845 1242547 
1789437279.067095629	456000000	41	0 41793524 86070936 170287853 1071506246 2732091637 74444 76541 11845 1242547 
1789437279.370429670	456000000	41	0 41793524 86070936 170287853 1071506246 2732213817 74444 76541 11845 1242547 
1789437279.676623034	456000000	38	0 41793524 86070936 170287853 1071506246 2732340667 74444 76541 11845 1242547 
1789437279.979382960	456000000	38	0 41793524 86070936 170287853 1071506246 2732470645 74444 76541 11845 1242547 
1789437280.287294865	456000000	38	0 41793524 86070936 170287853 1071506246 2732596973 74444 76541 11845 1242547 
1789437280.590542500	456000000	41	0 41793524 86070936 170287853 1071506246 2732726714 74444 76541 11845 1242547 
1789437280.897716333	456000000	41	0 41793524 86070936 170287853 1071506246 2732855324 74444 76541 11845 1242547 
1789437281.202523446	456000000	41	0 41793524 86070936 170287853 1071506246 2732985225 74444 76541 11845 1242547 
1789437281.502789466	456000000	40	0 41793524 86070936 170287853 1071506246 2733086747 74444 76541 11845 1242547 
1789437281.804766892	456000000	40	0 41793524 86070936 170287853 1071506246 2733204648 74444 76541 11845 1242547 
1789437282.102758484	456000000	40	0 41793524 86070936 170287853 1071506246 2733314079 74444 76541 11845 1242547 
1789437282.409080181	456000000	38	0 41793524 86070936 170287853 1071506246 2733441814 74444 76541 11845 1242547 
1789437282.711288440	456000000	38	0 41793524 86070936 170287853 1071506246 2733568304 74444 76541 11845 1242547 
1789437283.015274877	456000000	38	0 41793524 86070936 170287853 1071506246 2733695731 74444 76541 11845 1242547 
1789437283.318141938	456000000	38	0 41793524 86070936 170287853 1071506246 2733823659 74444 76541 11845 1242547 
1789437283.622819469	456000000	42	0 41793524 86070936 170287853 1071506246 2733953131 74444 76541 11845 1242547 
1789437283.927265697	456000000	42	0 41793524 86070936 170287853 1071506246 2734072339 74444 76541 11845 1242547 
1789437284.227383018	456000000	42	0 41793524 86070936 170287853 1071506246 2734177170 74444 76541 11845 1242547 
1789437284.532424195	456000000	38	0 41793524 86070936 170287853 1071506246 2734298277 74444 76541 11845 1242547 
1789437284.836637350	456000000	38	0 41793524 86070936 170287853 1071506246 2734425300 74444 76541 11845 1242547 
1789437285.139161651	456000000	38	0 41793524 86070936 170287853 1071506246 2734548951 74444 76541 11845 1242547 
1789437285.439224597	456000000	41	0 41793524 86070936 170287853 1071506246 2734676814 74444 76541 11845 1242547 
1789437285.745643013	456000000	41	0 41793524 86070936 170287853 1071506246 2734805950 74444 76541 11845 1242547 
1789437286.047662314	456000000	41	0 41793524 86070936 170287853 1071506246 2734929814 74444 76541 11845 1242547 
1789437286.350812865	456000000	41	0 41793524 86070936 170287853 1071506246 2735058418 74444 76541 11845 1242547 
1789437286.652379666	456000000	41	0 41793524 86070936 170287853 1071506246 2735155029 74444 76541 11845 1242547 
1789437286.948782821	456000000	41	0 41793524 86070936 170287853 1071506246 2735270962 74444 76541 11845 1242547 
1789437287.243917069	456000000	41	0 41793524 86070936 170287853 1071506246 2735394252 74444 76541 11845 1242547 
1789437287.538917932	456000000	38	0 41793524 86070936 170287853 1071506246 2735526818 74444 76541 11845 1242547 
1789437287.842104003	456000000	38	0 41793524 86070936 170287853 1071506246 2735660893 74444 76541 11845 1242547 
1789437288.143349086	456000000	38	0 41793524 86070936 170287853 1071506246 2735794275 74444 76541 11845 1242547 
1789437288.448797241	456000000	44	0 41793524 86070936 170287853 1071506246 2735929014 74444 76541 11845 1242547 
1789437288.756393886	456000000	44	0 41793524 86070936 170287853 1071506246 2736062371 74444 76541 11845 1242547 
1789437289.065678136	456000000	44	0 41793524 86070936 170287853 1071506246 2736201398 74444 76541 11845 1242547 
1789437289.372090354	456000000	44	0 41793524 86070936 170287853 1071506246 2736307790 74444 76541 11845 1242547 
1789437289.678478197	456000000	41	0 41793524 86070936 170287853 1071506246 2736443416 74444 76541 11845 1242547 
1789437289.982578123	456000000	41	0 41793524 86070936 170287853 1071506246 2736576942 74444 76541 11845 1242547 
1789437290.284227163	456000000	41	0 41793524 86070936 170287853 1071506246 2736707790 74444 76541 11845 1242547 
1789437290.588309954	456000000	43	0 41793524 86070936 170287853 1071506246 2736846232 74444 76541 11845 1242547 
1789437290.897401756	456000000	43	0 41793524 86070936 170287853 1071506246 2736978797 74444 76541 11845 1242547 
1789437291.205219599	456000000	43	0 41793524 86070936 170287853 1071506246 2737117417 74444 76541 11845 1242547 
1789437291.506281348	456000000	44	0 41793524 86070936 170287853 1071506246 2737250594 74444 76541 11845 1242547 
1789437291.803728409	456000000	44	0 41793524 86070936 170287853 1071506246 2737357435 74444 76541 11845 1242547 
1789437292.101589011	492000000	44	0 41793524 86070936 170287853 1071642656 2737411522 74444 76541 11845 1242547 
1789437292.400918312	456000000	53	0 41793524 86070936 170287853 1071675501 2737577111 74444 76541 11845 1242547 
1789437292.707312301	456000000	53	0 41793524 86070936 170287853 1071675501 2737785175 74444 76541 11845 1242547 
1789437293.012093685	456000000	53	0 41793524 86070936 170287853 1071675501 2737998999 74444 76541 11845 1242547 
1789437293.315187361	456000000	53	0 41793524 86070936 170287853 1071675501 2738210295 74444 76541 11845 1242547 
1789437293.618791037	456000000	69	0 41793524 86070936 170287853 1071675501 2738418180 74444 76541 11845 1242547 
1789437293.926945808	456000000	69	0 41793524 86070936 170287853 1071675501 2738627054 74444 76541 11845 1242547 
1789437294.228946358	456000000	69	0 41793524 86070936 170287853 1071675501 2738832219 74444 76541 11845 1242547 
1789437294.530577639	456000000	68	0 41793524 86070936 170287853 1071675501 2739035525 74444 76541 11845 1242547 
1789437294.833315898	456000000	68	0 41793524 86070936 170287853 1071675501 2739237918 74444 76541 11845 1242547 
1789437295.133080980	456000000	68	0 41793524 86070936 170287853 1071675501 2739443234 74444 76541 11845 1242547 
1789437295.436858406	456000000	67	0 41793524 86070936 170287853 1071675501 2739651813 74444 76541 11845 1242547 
1789437295.742244426	456000000	67	0 41793524 86070936 170287853 1071675501 2739859380 74444 76541 11845 1242547 
1789437296.043568206	456000000	67	0 41793524 86070936 170287853 1071675501 2740067684 74444 76541 11845 1242547 
1789437296.344781153	456000000	67	0 41793524 86070936 170287853 1071675501 2740269719 74444 76541 11845 1242547 
1789437296.642309411	456000000	68	0 41793524 86070936 170287853 1071675501 2740481717 74444 76541 11845 1242547 
1789437296.940869233	456000000	68	0 41793524 86070936 170287853 1071675501 2740698443 74444 76541 11845 1242547 
1789437297.239085356	456000000	68	0 41793524 86070936 170287853 1071675501 2740915543 74444 76541 11845 1242547 
1789437297.541165751	456000000	72	0 41793524 86070936 170287853 1071675501 2741136543 74444 76541 11845 1242547 
1789437297.844573229	456000000	72	0 41793524 86070936 170287853 1071675501 2741347392 74444 76541 11845 1242547 
1789437298.142026957	456000000	72	0 41793524 86070936 170287853 1071675501 2741558188 74444 76541 11845 1242547 
1789437298.441773236	456000000	70	0 41793524 86070936 170287853 1071675501 2741771577 74444 76541 11845 1242547 
1789437298.745682538	456000000	70	0 41793524 86070936 170287853 1071675501 2741975416 74444 76541 11845 1242547 
1789437299.043828088	456000000	70	0 41793524 86070936 170287853 1071675501 2742182743 74444 76541 11845 1242547 
1789437299.342820253	456000000	70	0 41793524 86070936 170287853 1071675501 2742393167 74444 76541 11845 1242547 
1789437299.645947106	456000000	69	0 41793524 86070936 170287853 1071675501 2742605829 74444 76541 11845 1242547 
1789437299.949417137	456000000	69	0 41793524 86070936 170287853 1071675501 2742823044 74444 76541 11845 1242547 
1789437300.252971542	456000000	69	0 41793524 86070936 170287853 1071675501 2743036609 74444 76541 11845 1242547 
1789437300.553473082	456000000	70	0 41793524 86070936 170287853 1071675501 2743252594 74444 76541 11845 1242547 
1789437300.855249623	456000000	70	0 41793524 86070936 170287853 1071675501 2743466173 74444 76541 11845 1242547 
1789437301.159397622	456000000	70	0 41793524 86070936 170287853 1071675501 2743679180 74444 76541 11845 1242547 
1789437301.464010204	456000000	70	0 41793524 86070936 170287853 1071675501 2743891844 74444 76541 11845 1242547 
1789437301.766311901	456000000	70	0 41793524 86070936 170287853 1071675501 2744109132 74444 76541 11845 1242547 
1789437302.068663858	456000000	70	0 41793524 86070936 170287853 1071675501 2744320069 74444 76541 11845 1242547 
1789437302.371876753	456000000	70	0 41793524 86070936 170287853 1071675501 2744526463 74444 76541 11845 1242547 
1789437302.667482928	456000000	70	0 41793524 86070936 170287853 1071675501 2744734438 74444 76541 11845 1242547 
1789437302.967910146	456000000	70	0 41793524 86070936 170287853 1071675501 2744946602 74444 76541 11845 1242547 
1789437303.271610436	456000000	70	0 41793524 86070936 170287853 1071675501 2745156255 74444 76541 11845 1242547 
1789437303.577870779	456000000	69	0 41793524 86070936 170287853 1071675501 2745368062 74444 76541 11845 1242547 
1789437303.879324768	456000000	69	0 41793524 86070936 170287853 1071675501 2745567839 74444 76541 11845 1242547 
1789437304.178556360	456000000	69	0 41793524 86070936 170287853 1071675501 2745774905 74444 76541 11845 1242547 
1789437304.478865140	456000000	68	0 41793524 86070936 170287853 1071675501 2745982571 74444 76541 11845 1242547 
1789437304.778954701	456000000	68	0 41793524 86070936 170287853 1071675501 2746195447 74444 76541 11845 1242547 
1789437305.080863117	456000000	68	0 41793524 86070936 170287853 1071675501 2746412907 74444 76541 11845 1242547 
1789437305.380199813	456000000	68	0 41793524 86070936 170287853 1071675501 2746624849 74444 76541 11845 1242547 
1789437305.681151562	456000000	71	0 41793524 86070936 170287853 1071675501 2746844397 74444 76541 11845 1242547 
1789437305.988687999	456000000	71	0 41793524 86070936 170287853 1071675501 2747055704 74444 76541 11845 1242547 
1789437306.290562664	456000000	71	0 41793524 86070936 170287853 1071675501 2747258094 74444 76541 11845 1242547 
1789437306.590446340	456000000	69	0 41793524 86070936 170287853 1071675501 2747461238 74444 76541 11845 1242547 
1789437306.892063505	456000000	69	0 41793524 86070936 170287853 1071675501 2747664044 74444 76541 11845 1242547 
1789437307.191268483	456000000	69	0 41793524 86070936 170287853 1071675501 2747876483 74444 76541 11845 1242547 
1789437307.498301535	456000000	68	0 41793524 86070936 170287853 1071675501 2748082449 74444 76541 11845 1242547 
1789437307.800856721	456000000	68	0 41793524 86070936 170287853 1071675501 2748300145 74444 76541 11845 1242547 
1789437308.101866647	456000000	68	0 41793524 86070936 170287853 1071675501 2748510779 74444 76541 11845 1242547 
1789437308.402428395	456000000	70	0 41793524 86070936 170287853 1071675501 2748729064 74444 76541 11845 1242547 
1789437308.701866029	456000000	70	0 41793524 86070936 170287853 1071675501 2748939390 74444 76541 11845 1242547 
1789437309.000401320	456000000	70	0 41793524 86070936 170287853 1071675501 2749147939 74444 76541 11845 1242547 
1789437309.301210360	456000000	70	0 41793524 86070936 170287853 1071675501 2749358025 74444 76541 11845 1242547 
1789437309.604997421	456000000	70	0 41793524 86070936 170287853 1071675501 2749569627 74444 76541 11845 1242547 
1789437309.905442556	456000000	70	0 41793524 86070936 170287853 1071675501 2749774968 74444 76541 11845 1242547 
1789437310.202011439	456000000	70	0 41793524 86070936 170287853 1071675501 2749980796 74444 76541 11845 1242547 
1789437310.500839282	456000000	69	0 41793524 86070936 170287853 1071675501 2750186584 74444 76541 11845 1242547 
1789437310.803176707	456000000	69	0 41793524 86070936 170287853 1071675501 2750391966 74444 76541 11845 1242547 
1789437311.100758977	456000000	69	0 41793524 86070936 170287853 1071675501 2750596325 74444 76541 11845 1242547 
1789437311.407105257	456000000	68	0 41793524 86070936 170287853 1071675501 2750808306 74444 76541 11845 1242547 
1789437311.703990078	456000000	68	0 41793524 86070936 170287853 1071675501 2751013590 74444 76541 11845 1242547 
1789437312.003686567	456000000	68	0 41793524 86070936 170287853 1071675501 2751217260 74444 76541 11845 1242547 
1789437312.307058524	456000000	68	0 41793524 86070936 170287853 1071675501 2751428463 74444 76541 11845 1242547 
1789437312.607579127	456000000	68	0 41793524 86070936 170287853 1071675501 2751627370 74444 76541 11845 1242547 
1789437312.902800302	456000000	68	0 41793524 86070936 170287853 1071675501 2751828572 74444 76541 11845 1242547 
1789437313.200122519	456000000	68	0 41793524 86070936 170287853 1071675501 2752035316 74444 76541 11845 1242547 
1789437313.500314632	456000000	68	0 41793524 86070936 170287853 1071675501 2752241670 74444 76541 11845 1242547 
1789437313.802359610	456000000	68	0 41793524 86070936 170287853 1071675501 2752459795 74444 76541 11845 1242547 
1789437314.102430838	456000000	68	0 41793524 86070936 170287853 1071675501 2752668649 74444 76541 11845 1242547 
1789437314.401746233	456000000	70	0 41793524 86070936 170287853 1071675501 2752876700 74444 76541 11845 1242547 
1789437314.699133033	456000000	70	0 41793524 86070936 170287853 1071675501 2753083631 74444 76541 11845 1242547 
1789437315.000889990	456000000	70	0 41793524 86070936 170287853 1071675501 2753289552 74444 76541 11845 1242547 
1789437315.301830229	456000000	70	0 41793524 86070936 170287853 1071675501 2753498038 74444 76541 11845 1242547 
1789437315.604275675	456000000	68	0 41793524 86070936 170287853 1071675501 2753707921 74444 76541 11845 1242547 
1789437315.902261174	456000000	68	0 41793524 86070936 170287853 1071675501 2753919657 74444 76541 11845 1242547 
1789437316.204208079	456000000	68	0 41793524 86070936 170287853 1071675501 2754131917 74444 76541 11845 1242547 
1789437316.503968577	456000000	70	0 41793524 86070936 170287853 1071675501 2754337383 74444 76541 11845 1242547 
1789437316.812747514	456000000	70	0 41793524 86070936 170287853 1071675501 2754545232 74444 76541 11845 1242547 
1789437317.111688534	456000000	70	0 41793524 86070936 170287853 1071675501 2754748422 74444 76541 11845 1242547 
1789437317.416202523	456000000	67	0 41793524 86070936 170287853 1071675501 2754956965 74444 76541 11845 1242547 
1789437317.718445938	456000000	67	0 41793524 86070936 170287853 1071675501 2755167187 74444 76541 11845 1242547 
1789437318.019866697	456000000	67	0 41793524 86070936 170287853 1071675501 2755384726 74444 76541 11845 1242547 
1789437318.323853550	456000000	67	0 41793524 86070936 170287853 1071675501 2755606993 74444 76541 11845 1242547 
1789437318.624999778	456000000	71	0 41793524 86070936 170287853 1071675501 2755822566 74444 76541 11845 1242547 
1789437318.924196839	456000000	71	0 41793524 86070936 170287853 1071675501 2756045900 74444 76541 11845 1242547 
1789437319.233325933	456000000	71	0 41793524 86070936 170287853 1071675501 2756246612 74444 76541 11845 1242547 
1789437319.535093307	456000000	70	0 41793524 86070936 170287853 1071675501 2756451413 74444 76541 11845 1242547 
1789437319.839325681	456000000	70	0 41793524 86070936 170287853 1071675501 2756655569 74444 76541 11845 1242547 
1789437320.137220867	456000000	70	0 41793524 86070936 170287853 1071675501 2756854675 74444 76541 11845 1242547 
1789437320.435501521	456000000	67	0 41793524 86070936 170287853 1071675501 2757057709 74444 76541 11845 1242547 
1789437320.737781812	456000000	67	0 41793524 86070936 170287853 1071675501 2757262890 74444 76541 11845 1242547 
1789437321.038035487	456000000	67	0 41793524 86070936 170287853 1071675501 2757464818 74444 76541 11845 1242547 
1789437321.336351663	456000000	67	0 41793524 86070936 170287853 1071675501 2757683907 74444 76541 11845 1242547 
1789437321.637724818	456000000	69	0 41793524 86070936 170287853 1071675501 2757895343 74444 76541 11845 1242547 
1789437321.946443651	456000000	69	0 41793524 86070936 170287853 1071675501 2758113025 74444 76541 11845 1242547 
1789437322.246645139	456000000	69	0 41793524 86070936 170287853 1071675501 2758324055 74444 76541 11845 1242547 
1789437322.547397669	456000000	70	0 41793524 86070936 170287853 1071675501 2758537331 74444 76541 11845 1242547 
1789437322.847508064	456000000	70	0 41793524 86070936 170287853 1071675501 2758745912 74444 76541 11845 1242547 
1789437323.147558927	456000000	70	0 41793524 86070936 170287853 1071675501 2758952835 74444 76541 11845 1242547 
1789437323.446337134	456000000	69	0 41793524 86070936 170287853 1071675501 2759159742 74444 76541 11845 1242547 
1789437323.746640914	456000000	69	0 41793524 86070936 170287853 1071675501 2759373824 74444 76541 11845 1242547 
1789437324.048542350	456000000	69	0 41793524 86070936 170287853 1071675501 2759585433 74444 76541 11845 1242547 
1789437324.347713005	456000000	69	0 41793524 86070936 170287853 1071675501 2759795728 74444 76541 11845 1242547 
1789437324.647503555	456000000	70	0 41793524 86070936 170287853 1071675501 2760004206 74444 76541 11845 1242547 
1789437324.945143533	456000000	70	0 41793524 86070936 170287853 1071675501 2760209928 74444 76541 11845 1242547 
1789437325.246200855	456000000	70	0 41793524 86070936 170287853 1071675501 2760422769 74444 76541 11845 1242547 
1789437325.548183489	456000000	69	0 41793524 86070936 170287853 1071675501 2760637006 74444 76541 11845 1242547 
1789437325.847570237	456000000	69	0 41793524 86070936 170287853 1071675501 2760839605 74444 76541 11845 1242547 
1789437326.148453028	456000000	69	0 41793524 86070936 170287853 1071675501 2761053776 74444 76541 11845 1242547 
1789437326.451721287	456000000	70	0 41793524 86070936 170287853 1071675501 2761270206 74444 76541 11845 1242547 
1789437326.750055900	456000000	70	0 41793524 86070936 170287853 1071675501 2761481918 74444 76541 11845 1242547 
1789437327.060054317	456000000	70	0 41793524 86070936 170287853 1071675501 2761695449 74444 76541 11845 1242547 
1789437327.358664971	456000000	70	0 41793524 86070936 170287853 1071675501 2761910128 74444 76541 11845 1242547 
1789437327.658751928	456000000	70	0 41793524 86070936 170287853 1071675501 2762118526 74444 76541 11845 1242547 
1789437327.956968104	456000000	70	0 41793524 86070936 170287853 1071675501 2762331684 74444 76541 11845 1242547 
1789437328.257477457	456000000	70	0 41793524 86070936 170287853 1071675501 2762547760 74444 76541 11845 1242547 
1789437328.558802278	456000000	71	0 41793524 86070936 170287853 1071675501 2762766155 74444 76541 11845 1242547 
1789437328.867705174	456000000	71	0 41793524 86070936 170287853 1071675501 2762977292 74444 76541 11845 1242547 
1789437329.169170256	456000000	71	0 41793524 86070936 170287853 1071675501 2763189625 74444 76541 11845 1242547 
1789437329.469225598	456000000	70	0 41793524 86070936 170287853 1071675501 2763402379 74444 76541 11845 1242547 
1789437329.769004586	456000000	70	0 41793524 86070936 170287853 1071675501 2763615678 74444 76541 11845 1242547 
1789437330.072889773	456000000	70	0 41793524 86070936 170287853 1071675501 2763831450 74444 76541 11845 1242547 
1789437330.368414229	456000000	70	0 41793524 86070936 170287853 1071675501 2764043093 74444 76541 11845 1242547 
1789437330.670098374	456000000	71	0 41793524 86070936 170287853 1071675501 2764260303 74444 76541 11845 1242547 
1789437330.972991529	456000000	71	0 41793524 86070936 170287853 1071675501 2764472396 74444 76541 11845 1242547 
1789437331.280215779	456000000	71	0 41793524 86070936 170287853 1071675501 2764688630 74444 76541 11845 1242547 
1789437331.581814402	456000000	70	0 41793524 86070936 170287853 1071675501 2764906616 74444 76541 11845 1242547 
1789437331.884754641	456000000	70	0 41793524 86070936 170287853 1071675501 2765118474 74444 76541 11845 1242547 
1789437332.182991077	456000000	70	0 41793524 86070936 170287853 1071675501 2765333603 74444 76541 11845 1242547 
1789437332.491793712	456000000	71	0 41793524 86070936 170287853 1071675501 2765553277 74444 76541 11845 1242547 
1789437332.796967076	456000000	71	0 41793524 86070936 170287853 1071675501 2765772386 74444 76541 11845 1242547 
1789437333.092004449	456000000	71	0 41793524 86070936 170287853 1071675501 2765979354 74444 76541 11845 1242547 
1789437333.390264010	456000000	71	0 41793524 86070936 170287853 1071675501 2766194235 74444 76541 11845 1242547 
1789437333.693614352	456000000	71	0 41793524 86070936 170287853 1071675501 2766411468 74444 76541 11845 1242547 
1789437333.995876466	456000000	71	0 41793524 86070936 170287853 1071675501 2766627107 74444 76541 11845 1242547 
1789437334.301311028	456000000	71	0 41793524 86070936 170287853 1071675501 2766843993 74444 76541 11845 1242547 
1789437334.598700172	456000000	71	0 41793524 86070936 170287853 1071675501 2767058397 74444 76541 11845 1242547 
1789437334.898065879	456000000	71	0 41793524 86070936 170287853 1071675501 2767269070 74444 76541 11845 1242547 
1789437335.194635492	456000000	71	0 41793524 86070936 170287853 1071675501 2767475628 74444 76541 11845 1242547 
1789437335.492886042	456000000	70	0 41793524 86070936 170287853 1071675501 2767684525 74444 76541 11845 1242547 
1789437335.794682635	456000000	70	0 41793524 86070936 170287853 1071675501 2767889599 74444 76541 11845 1242547 
1789437336.094633342	456000000	70	0 41793524 86070936 170287853 1071675501 2768092529 74444 76541 11845 1242547 
1789437336.392888163	456000000	70	0 41793524 86070936 170287853 1071675501 2768297747 74444 76541 11845 1242547 
1789437336.693084287	456000000	68	0 41793524 86070936 170287853 1071675501 2768509242 74444 76541 11845 1242547 
1789437336.992907025	456000000	68	0 41793524 86070936 170287853 1071675501 2768724098 74444 76541 11845 1242547 
1789437337.299614243	456000000	68	0 41793524 86070936 170287853 1071675501 2768939052 74444 76541 11845 1242547 
1789437337.600764377	456000000	70	0 41793524 86070936 170287853 1071675501 2769149730 74444 76541 11845 1242547 
1789437337.903315709	456000000	70	0 41793524 86070936 170287853 1071675501 2769365837 74444 76541 11845 1242547 
1789437338.202660635	456000000	70	0 41793524 86070936 170287853 1071675501 2769574348 74444 76541 11845 1242547 
1789437338.502294311	456000000	70	0 41793524 86070936 170287853 1071675501 2769787079 74444 76541 11845 1242547 
1789437338.802938976	456000000	70	0 41793524 86070936 170287853 1071675501 2770004704 74444 76541 11845 1242547 
1789437339.106256402	456000000	70	0 41793524 86070936 170287853 1071675501 2770220909 74444 76541 11845 1242547 
1789437339.404994348	456000000	70	0 41793524 86070936 170287853 1071675501 2770439279 74444 76541 11845 1242547 
1789437339.709070316	456000000	71	0 41793524 86070936 170287853 1071675501 2770660154 74444 76541 11845 1242547 
1789437340.014974253	456000000	71	0 41793524 86070936 170287853 1071675501 2770880189 74444 76541 11845 1242547 
1789437340.316985325	456000000	71	0 41793524 86070936 170287853 1071675501 2771095256 74444 76541 11845 1242547 
1789437340.612823844	456000000	72	0 41793524 86070936 170287853 1071675501 2771305193 74444 76541 11845 1242547 
1789437340.915975384	456000000	72	0 41793524 86070936 170287853 1071675501 2771520015 74444 76541 11845 1242547 
1789437341.212009737	456000000	72	0 41793524 86070936 170287853 1071675501 2771728695 74444 76541 11845 1242547 
1789437341.508623152	456000000	70	0 41793524 86070936 170287853 1071675501 2771942933 74444 76541 11845 1242547 
1789437341.812020838	456000000	70	0 41793524 86070936 170287853 1071675501 2772157432 74444 76541 11845 1242547 
1789437342.113368472	456000000	70	0 41793524 86070936 170287853 1071675501 2772375110 74444 76541 11845 1242547 
1789437342.414162773	456000000	71	0 41793524 86070936 170287853 1071675501 2772585813 74444 76541 11845 1242547 
1789437342.713558220	456000000	71	0 41793524 86070936 170287853 1071675501 2772799038 74444 76541 11845 1242547 
1789437343.017057312	456000000	71	0 41793524 86070936 170287853 1071675501 2773015535 74444 76541 11845 1242547 
1789437343.321346197	456000000	71	0 41793524 86070936 170287853 1071675501 2773222069 74444 76541 11845 1242547 
1789437343.620672268	456000000	70	0 41793524 86070936 170287853 1071675501 2773428491 74444 76541 11845 1242547 
1789437343.922396101	456000000	70	0 41793524 86070936 170287853 1071675501 2773638102 74444 76541 11845 1242547 
1789437344.222773214	456000000	70	0 41793524 86070936 170287853 1071675501 2773847360 74444 76541 11845 1242547 
1789437344.520223191	456000000	69	0 41793524 86070936 170287853 1071675501 2774048957 74444 76541 11845 1242547 
1789437344.818664627	456000000	69	0 41793524 86070936 170287853 1071675501 2774256391 74444 76541 11845 1242547 
1789437345.119298876	456000000	69	0 41793524 86070936 170287853 1071675501 2774461604 74444 76541 11845 1242547 
1789437345.420755104	456000000	68	0 41793524 86070936 170287853 1071675501 2774669718 74444 76541 11845 1242547 
1789437345.726141645	456000000	68	0 41793524 86070936 170287853 1071675501 2774873071 74444 76541 11845 1242547 
1789437346.026292560	456000000	68	0 41793524 86070936 170287853 1071675501 2775080012 74444 76541 11845 1242547 
1789437346.326575663	456000000	68	0 41793524 86070936 170287853 1071675501 2775291209 74444 76541 11845 1242547 
1789437346.629042047	456000000	68	0 41793524 86070936 170287853 1071675501 2775497546 74444 76541 11845 1242547 
1789437346.928811348	456000000	68	0 41793524 86070936 170287853 1071675501 2775704825 74444 76541 11845 1242547 
1789437347.234944347	456000000	68	0 41793524 86070936 170287853 1071675501 2775914360 74444 76541 11845 1242547 
1789437347.536186356	456000000	68	0 41793524 86070936 170287853 1071675501 2776118247 74444 76541 11845 1242547 
1789437347.838075970	456000000	68	0 41793524 86070936 170287853 1071675501 2776330897 74444 76541 11845 1242547 
1789437348.139358969	456000000	68	0 41793524 86070936 170287853 1071675501 2776539374 74444 76541 11845 1242547 
1789437348.444851968	456000000	68	0 41793524 86070936 170287853 1071675501 2776746576 74444 76541 11845 1242547 
1789437348.747796790	456000000	68	0 41793524 86070936 170287853 1071675501 2776958907 74444 76541 11845 1242547 
1789437349.055413435	456000000	68	0 41793524 86070936 170287853 1071675501 2777166968 74444 76541 11845 1242547 
1789437349.352776485	456000000	68	0 41793524 86070936 170287853 1071675501 2777380591 74444 76541 11845 1242547 
1789437349.653995942	456000000	69	0 41793524 86070936 170287853 1071675501 2777592022 74444 76541 11845 1242547 
1789437349.952835972	456000000	69	0 41793524 86070936 170287853 1071675501 2777798950 74444 76541 11845 1242547 
1789437350.252666002	456000000	69	0 41793524 86070936 170287853 1071675501 2778003960 74444 76541 11845 1242547 
1789437350.548709469	456000000	69	0 41793524 86070936 170287853 1071675501 2778211265 74444 76541 11845 1242547 
1789437350.852815697	456000000	69	0 41793524 86070936 170287853 1071675501 2778414177 74444 76541 11845 1242547 
1789437351.149508748	456000000	69	0 41793524 86070936 170287853 1071675501 2778619795 74444 76541 11845 1242547 
1789437351.448273517	456000000	69	0 41793524 86070936 170287853 1071675501 2778828386 74444 76541 11845 1242547 
1789437351.744683911	456000000	69	0 41793524 86070936 170287853 1071675501 2779038572 74444 76541 11845 1242547 
1789437352.043511285	456000000	69	0 41793524 86070936 170287853 1071675501 2779241303 74444 76541 11845 1242547 
1789437352.344041106	456000000	69	0 41793524 86070936 170287853 1071675501 2779449586 74444 76541 11845 1242547 
1789437352.642405771	456000000	69	0 41793524 86070936 170287853 1071675501 2779653491 74444 76541 11845 1242547 
1789437352.941870645	456000000	69	0 41793524 86070936 170287853 1071675501 2779856924 74444 76541 11845 1242547 
1789437353.238916456	456000000	69	0 41793524 86070936 170287853 1071675501 2780060588 74444 76541 11845 1242547 
1789437353.537429610	456000000	68	0 41793524 86070936 170287853 1071675501 2780270066 74444 76541 11845 1242547 
1789437353.841343391	456000000	68	0 41793524 86070936 170287853 1071675501 2780481353 74444 76541 11845 1242547 
1789437354.142714775	456000000	68	0 41793524 86070936 170287853 1071675501 2780696590 74444 76541 11845 1242547 
1789437354.439811888	456000000	70	0 41793524 86070936 170287853 1071675501 2780906651 74444 76541 11845 1242547 
1789437354.738868688	456000000	70	0 41793524 86070936 170287853 1071675501 2781121900 74444 76541 11845 1242547 
1789437355.041211739	456000000	70	0 41793524 86070936 170287853 1071675501 2781333261 74444 76541 11845 1242547 
1789437355.340332082	456000000	70	0 41793524 86070936 170287853 1071675501 2781548344 74444 76541 11845 1242547 
1789437355.646961591	456000000	70	0 41793524 86070936 170287853 1071675501 2781760545 74444 76541 11845 1242547 
1789437355.948803601	456000000	70	0 41793524 86070936 170287853 1071675501 2781974918 74444 76541 11845 1242547 
1789437356.250839256	456000000	70	0 41793524 86070936 170287853 1071675501 2782188258 74444 76541 11845 1242547 
1789437356.555175953	456000000	70	0 41793524 86070936 170287853 1071675501 2782396936 74444 76541 11845 1242547 
1789437356.855945670	456000000	70	0 41793524 86070936 170287853 1071675501 2782612849 74444 76541 11845 1242547 
1789437357.159672992	456000000	70	0 41793524 86070936 170287853 1071675501 2782832252 74444 76541 11845 1242547 
1789437357.466111304	456000000	70	0 41793524 86070936 170287853 1071675501 2783047520 74444 76541 11845 1242547 
1789437357.766930657	456000000	70	0 41793524 86070936 170287853 1071675501 2783260359 74444 76541 11845 1242547 
1789437358.066462770	456000000	70	0 41793524 86070936 170287853 1071675501 2783470198 74444 76541 11845 1242547 
1789437358.363101237	456000000	70	0 41793524 86070936 170287853 1071675501 2783676882 74444 76541 11845 1242547 
1789437358.656061214	456000000	70	0 41793524 86070936 170287853 1071675501 2783889682 74444 76541 11845 1242547 
1789437358.963346141	456000000	70	0 41793524 86070936 170287853 1071675501 2784102070 74444 76541 11845 1242547 
1789437359.262003462	456000000	70	0 41793524 86070936 170287853 1071675501 2784309660 74444 76541 11845 1242547 
1789437359.563817294	456000000	70	0 41793524 86070936 170287853 1071675501 2784526246 74444 76541 11845 1242547 
1789437359.867475241	456000000	70	0 41793524 86070936 170287853 1071675501 2784743749 74444 76541 11845 1242547 
1789437360.171022563	456000000	70	0 41793524 86070936 170287853 1071675501 2784954056 74444 76541 11845 1242547 
1789437360.472997228	456000000	71	0 41793524 86070936 170287853 1071675501 2785174710 74444 76541 11845 1242547 
1789437360.776535748	456000000	71	0 41793524 86070936 170287853 1071675501 2785396867 74444 76541 11845 1242547 
1789437361.079384789	456000000	71	0 41793524 86070936 170287853 1071675501 2785616170 74444 76541 11845 1242547 
1789437361.377525339	456000000	71	0 41793524 86070936 170287853 1071675501 2785832263 74444 76541 11845 1242547 
1789437361.683132193	456000000	72	0 41793524 86070936 170287853 1071675501 2786043922 74444 76541 11845 1242547 
1789437361.982313056	456000000	72	0 41793524 86070936 170287853 1071675501 2786255771 74444 76541 11845 1242547 
1789437362.283617253	456000000	72	0 41793524 86070936 170287853 1071675501 2786467545 74444 76541 11845 1242547 
1789437362.584309210	456000000	69	0 41793524 86070936 170287853 1071675501 2786678908 74444 76541 11845 1242547 
1789437362.886616688	456000000	69	0 41793524 86070936 170287853 1071675501 2786886237 74444 76541 11845 1242547 
1789437363.185151769	456000000	69	0 41793524 86070936 170287853 1071675501 2787091060 74444 76541 11845 1242547 
1789437363.486436383	456000000	69	0 41793524 86070936 170287853 1071675501 2787300477 74444 76541 11845 1242547 
1789437363.785463079	456000000	69	0 41793524 86070936 170287853 1071675501 2787503782 74444 76541 11845 1242547 
1789437364.083151130	456000000	69	0 41793524 86070936 170287853 1071675501 2787705145 74444 76541 11845 1242547 
1789437364.385538504	456000000	69	0 41793524 86070936 170287853 1071675501 2787911890 74444 76541 11845 1242547 
1789437364.683262544	456000000	68	0 41793524 86070936 170287853 1071675501 2788116437 74444 76541 11845 1242547 
1789437364.984532626	456000000	68	0 41793524 86070936 170287853 1071675501 2788325594 74444 76541 11845 1242547 
1789437365.284523906	456000000	68	0 41793524 86070936 170287853 1071675501 2788530908 74444 76541 11845 1242547 
1789437365.585709769	456000000	68	0 41793524 86070936 170287853 1071675501 2788738592 74444 76541 11845 1242547 
1789437365.885127143	456000000	68	0 41793524 86070936 170287853 1071675501 2788942796 74444 76541 11845 1242547 
1789437366.185613058	456000000	68	0 41793524 86070936 170287853 1071675501 2789152301 74444 76541 11845 1242547 
1789437366.491940797	456000000	68	0 41793524 86070936 170287853 1071675501 2789356865 74444 76541 11845 1242547 
1789437366.791012493	456000000	68	0 41793524 86070936 170287853 1071675501 2789562823 74444 76541 11845 1242547 
1789437367.092500857	456000000	68	0 41793524 86070936 170287853 1071675501 2789775147 74444 76541 11845 1242547 
1789437367.395675991	456000000	68	0 41793524 86070936 170287853 1071675501 2789975439 74444 76541 11845 1242547 
1789437367.693636229	456000000	68	0 41793524 86070936 170287853 1071675501 2790182422 74444 76541 11845 1242547 
1789437367.995522405	456000000	68	0 41793524 86070936 170287853 1071675501 2790387347 74444 76541 11845 1242547 
1789437368.296634049	456000000	68	0 41793524 86070936 170287853 1071675501 2790596629 74444 76541 11845 1242547 
1789437368.599344340	456000000	68	0 41793524 86070936 170287853 1071675501 2790803978 74444 76541 11845 1242547 
1789437368.902226089	456000000	68	0 41793524 86070936 170287853 1071675501 2791007706 74444 76541 11845 1242547 
1789437369.205117369	456000000	68	0 41793524 86070936 170287853 1071675501 2791213250 74444 76541 11845 1242547 
1789437369.504817607	456000000	68	0 41793524 86070936 170287853 1071675501 2791417944 74444 76541 11845 1242547 
1789437369.806897690	456000000	68	0 41793524 86070936 170287853 1071675501 2791624834 74444 76541 11845 1242547 
1789437370.105984282	456000000	68	0 41793524 86070936 170287853 1071675501 2791830424 74444 76541 11845 1242547 
1789437370.406711343	456000000	68	0 41793524 86070936 170287853 1071675501 2792036036 74444 76541 11845 1242547 
1789437370.709745332	456000000	68	0 41793524 86070936 170287853 1071675501 2792238933 74444 76541 11845 1242547 
1789437371.011934789	456000000	68	0 41793524 86070936 170287853 1071675501 2792441923 74444 76541 11845 1242547 
1789437371.307586849	456000000	68	0 41793524 86070936 170287853 1071675501 2792651285 74444 76541 11845 1242547 
1789437371.607997452	456000000	68	0 41793524 86070936 170287853 1071675501 2792853884 74444 76541 11845 1242547 
1789437371.906996128	456000000	68	0 41793524 86070936 170287853 1071675501 2793056606 74444 76541 11845 1242547 
1789437372.207176054	456000000	68	0 41793524 86070936 170287853 1071675501 2793261525 74444 76541 11845 1242547 
1789437372.506947021	456000000	68	0 41793524 86070936 170287853 1071675501 2793477896 74444 76541 11845 1242547 
1789437372.807012936	456000000	68	0 41793524 86070936 170287853 1071675501 2793691384 74444 76541 11845 1242547 
1789437373.107403435	456000000	68	0 41793524 86070936 170287853 1071675501 2793910582 74444 76541 11845 1242547 
1789437373.417179351	456000000	68	0 41793524 86070936 170287853 1071675501 2794127550 74444 76541 11845 1242547 
1789437373.723160944	456000000	71	0 41793524 86070936 170287853 1071675501 2794346876 74444 76541 11845 1242547 
1789437374.030875714	456000000	71	0 41793524 86070936 170287853 1071675501 2794560172 74444 76541 11845 1242547 
1789437374.332275901	456000000	71	0 41793524 86070936 170287853 1071675501 2794768650 74444 76541 11845 1242547 
1789437374.633265045	456000000	69	0 41793524 86070936 170287853 1071675501 2794975364 74444 76541 11845 1242547 
1789437374.934538409	456000000	69	0 41793524 86070936 170287853 1071675501 2795183839 74444 76541 11845 1242547 
1789437375.243263908	456000000	69	0 41793524 86070936 170287853 1071675501 2795392874 74444 76541 11845 1242547 
1789437375.541856698	456000000	68	0 41793524 86070936 170287853 1071675501 2795600086 74444 76541 11845 1242547 
1789437375.842267145	456000000	68	0 41793524 86070936 170287853 1071675501 2795815898 74444 76541 11845 1242547 
1789437376.147014415	456000000	68	0 41793524 86070936 170287853 1071675501 2796027091 74444 76541 11845 1242547 
1789437376.445258299	456000000	70	0 41793524 86070936 170287853 1071675501 2796239536 74444 76541 11845 1242547 
1789437376.743178016	456000000	70	0 41793524 86070936 170287853 1071675501 2796447003 74444 76541 11845 1242547 
1789437377.039017525	456000000	70	0 41793524 86070936 170287853 1071675501 2796645728 74444 76541 11845 1242547 
1789437377.334715731	456000000	70	0 41793524 86070936 170287853 1071675501 2796848264 74444 76541 11845 1242547 
1789437377.639082064	456000000	68	0 41793524 86070936 170287853 1071675501 2797048113 74444 76541 11845 1242547 
1789437377.938639281	456000000	68	0 41793524 86070936 170287853 1071675501 2797254066 74444 76541 11845 1242547 
1789437378.236913894	456000000	68	0 41793524 86070936 170287853 1071675501 2797464315 74444 76541 11845 1242547 
1789437378.537083663	456000000	68	0 41793524 86070936 170287853 1071675501 2797666627 74444 76541 11845 1242547 
1789437378.839793277	456000000	68	0 41793524 86070936 170287853 1071675501 2797869987 74444 76541 11845 1242547 
1789437379.143093880	456000000	68	0 41793524 86070936 170287853 1071675501 2798073164 74444 76541 11845 1242547 
1789437379.443109691	456000000	67	0 41793524 86070936 170287853 1071675501 2798275895 74444 76541 11845 1242547 
1789437379.747467482	456000000	67	0 41793524 86070936 170287853 1071675501 2798481223 74444 76541 11845 1242547 
1789437380.043222980	456000000	67	0 41793524 86070936 170287853 1071675501 2798682726 74444 76541 11845 1242547 
1789437380.339571499	456000000	67	0 41793524 86070936 170287853 1071675501 2798884540 74444 76541 11845 1242547 
1789437380.638839342	456000000	68	0 41793524 86070936 170287853 1071675501 2799090219 74444 76541 11845 1242547 
1789437380.937204580	456000000	68	0 41793524 86070936 170287853 1071675501 2799300398 74444 76541 11845 1242547 
1789437381.244435079	456000000	68	0 41793524 86070936 170287853 1071675501 2799508748 74444 76541 11845 1242547 
1789437381.545646151	456000000	68	0 41793524 86070936 170287853 1071675501 2799720202 74444 76541 11845 1242547 
1789437381.848689254	456000000	68	0 41793524 86070936 170287853 1071675501 2799930295 74444 76541 11845 1242547 
1789437382.150776419	456000000	68	0 41793524 86070936 170287853 1071675501 2800148312 74444 76541 11845 1242547 
1789437382.453409783	456000000	71	0 41793524 86070936 170287853 1071675501 2800370119 74444 76541 11845 1242547 
1789437382.763264449	456000000	71	0 41793524 86070936 170287853 1071675501 2800592116 74444 76541 11845 1242547 
1789437383.068125469	456000000	71	0 41793524 86070936 170287853 1071675501 2800805571 74444 76541 11845 1242547 
1789437383.365072842	456000000	71	0 41793524 86070936 170287853 1071675501 2801012561 74444 76541 11845 1242547 
1789437383.662513757	456000000	70	0 41793524 86070936 170287853 1071675501 2801224746 74444 76541 11845 1242547 
1789437383.969062850	456000000	70	0 41793524 86070936 170287853 1071675501 2801437816 74444 76541 11845 1242547 
1789437384.266408974	456000000	70	0 41793524 86070936 170287853 1071675501 2801642657 74444 76541 11845 1242547 
1789437384.566418847	456000000	69	0 41793524 86070936 170287853 1071675501 2801845849 74444 76541 11845 1242547 
1789437384.869283409	456000000	69	0 41793524 86070936 170287853 1071675501 2802052021 74444 76541 11845 1242547 
1789437385.166510574	456000000	69	0 41793524 86070936 170287853 1071675501 2802256350 74444 76541 11845 1242547 
1789437385.469381125	456000000	68	0 41793524 86070936 170287853 1071675501 2802468912 74444 76541 11845 1242547 
1789437385.773677405	456000000	68	0 41793524 86070936 170287853 1071675501 2802680973 74444 76541 11845 1242547 
1789437386.077395508	456000000	68	0 41793524 86070936 170287853 1071675501 2802890928 74444 76541 11845 1242547 
1789437386.371589131	456000000	68	0 41793524 86070936 170287853 1071675501 2803104464 74444 76541 11845 1242547 
1789437386.668322703	456000000	70	0 41793524 86070936 170287853 1071675501 2803319391 74444 76541 11845 1242547 
1789437386.969928774	456000000	70	0 41793524 86070936 170287853 1071675501 2803531885 74444 76541 11845 1242547 
1789437387.266350002	456000000	70	0 41793524 86070936 170287853 1071675501 2803742956 74444 76541 11845 1242547 
1789437387.564153052	456000000	71	0 41793524 86070936 170287853 1071675501 2803956125 74444 76541 11845 1242547 
1789437387.863246988	456000000	71	0 41793524 86070936 170287853 1071675501 2804165691 74444 76541 11845 1242547 
1789437388.165552591	456000000	71	0 41793524 86070936 170287853 1071675501 2804377211 74444 76541 11845 1242547 
1789437388.464051579	456000000	70	0 41793524 86070936 170287853 1071675501 2804588941 74444 76541 11845 1242547 
1789437388.763048640	456000000	70	0 41793524 86070936 170287853 1071675501 2804800352 74444 76541 11845 1242547 
1789437389.064194400	456000000	70	0 41793524 86070936 170287853 1071675501 2805011521 74444 76541 11845 1242547 
1789437389.368991045	456000000	70	0 41793524 86070936 170287853 1071675501 2805214236 74444 76541 11845 1242547 
1789437389.669321231	456000000	68	0 41793524 86070936 170287853 1071675501 2805418727 74444 76541 11845 1242547 
1789437389.963521000	456000000	68	0 41793524 86070936 170287853 1071675501 2805622684 74444 76541 11845 1242547 
1789437390.260660925	456000000	68	0 41793524 86070936 170287853 1071675501 2805830332 74444 76541 11845 1242547 
1789437390.555553298	456000000	69	0 41793524 86070936 170287853 1071675501 2806033341 74444 76541 11845 1242547 
1789437390.856331141	456000000	69	0 41793524 86070936 170287853 1071675501 2806241104 74444 76541 11845 1242547 
1789437391.156006327	456000000	69	0 41793524 86070936 170287853 1071675501 2806447988 74444 76541 11845 1242547 
1789437391.459353597	456000000	68	0 41793524 86070936 170287853 1071675501 2806649115 74444 76541 11845 1242547 
1789437391.758690605	456000000	68	0 41793524 86070936 170287853 1071675501 2806854912 74444 76541 11845 1242547 
1789437392.064500636	456000000	68	0 41793524 86070936 170287853 1071675501 2807061490 74444 76541 11845 1242547 
1789437392.364639520	456000000	68	0 41793524 86070936 170287853 1071675501 2807267864 74444 76541 11845 1242547 
1789437392.662628612	456000000	68	0 41793524 86070936 170287853 1071675501 2807469554 74444 76541 11845 1242547 
1789437392.964718694	456000000	68	0 41793524 86070936 170287853 1071675501 2807674753 74444 76541 11845 1242547 
1789437393.266438516	456000000	68	0 41793524 86070936 170287853 1071675501 2807886794 74444 76541 11845 1242547 
1789437393.569850317	456000000	68	0 41793524 86070936 170287853 1071675501 2808091932 74444 76541 11845 1242547 
1789437393.864259982	456000000	68	0 41793524 86070936 170287853 1071675501 2808293154 74444 76541 11845 1242547 
1789437394.164441626	456000000	68	0 41793524 86070936 170287853 1071675501 2808496633 74444 76541 11845 1242547 
1789437394.465966084	456000000	67	0 41793524 86070936 170287853 1071675501 2808703709 74444 76541 11845 1242547 
1789437394.766529238	456000000	67	0 41793524 86070936 170287853 1071675501 2808907480 74444 76541 11845 1242547 
1789437395.064444476	456000000	67	0 41793524 86070936 170287853 1071675501 2809110260 74444 76541 11845 1242547 
1789437395.361065339	456000000	67	0 41793524 86070936 170287853 1071675501 2809322617 74444 76541 11845 1242547 
1789437395.664896724	456000000	69	0 41793524 86070936 170287853 1071675501 2809540445 74444 76541 11845 1242547 
1789437395.966100712	456000000	69	0 41793524 86070936 170287853 1071675501 2809752777 74444 76541 11845 1242547 
1789437396.264711784	456000000	69	0 41793524 86070936 170287853 1071675501 2809966450 74444 76541 11845 1242547 
1789437396.565199001	456000000	71	0 41793524 86070936 170287853 1071675501 2810178385 74444 76541 11845 1242547 
1789437396.864459239	456000000	71	0 41793524 86070936 170287853 1071675501 2810391656 74444 76541 11845 1242547 
1789437397.162462550	456000000	71	0 41793524 86070936 170287853 1071675501 2810600975 74444 76541 11845 1242547 
1789437397.464215132	456000000	70	0 41793524 86070936 170287853 1071675501 2810814870 74444 76541 11845 1242547 
1789437397.768520996	456000000	70	0 41793524 86070936 170287853 1071675501 2811020130 74444 76541 11845 1242547 
1789437398.067498630	456000000	70	0 41793524 86070936 170287853 1071675501 2811228599 74444 76541 11845 1242547 
1789437398.363728763	456000000	70	0 41793524 86070936 170287853 1071675501 2811434237 74444 76541 11845 1242547 
1789437398.665013481	456000000	69	0 41793524 86070936 170287853 1071675501 2811647076 74444 76541 11845 1242547 
1789437398.965684136	456000000	69	0 41793524 86070936 170287853 1071675501 2811860144 74444 76541 11845 1242547 
1789437399.266408176	456000000	69	0 41793524 86070936 170287853 1071675501 2812071498 74444 76541 11845 1242547 
1789437399.566217737	456000000	70	0 41793524 86070936 170287853 1071675501 2812284976 74444 76541 11845 1242547 
1789437399.865428340	456000000	70	0 41793524 86070936 170287853 1071675501 2812502104 74444 76541 11845 1242547 
1789437400.168877381	456000000	70	0 41793524 86070936 170287853 1071675501 2812714005 74444 76541 11845 1242547 
1789437400.465440535	456000000	71	0 41793524 86070936 170287853 1071675501 2812929195 74444 76541 11845 1242547 
1789437400.767908065	456000000	71	0 41793524 86070936 170287853 1071675501 2813142340 74444 76541 11845 1242547 
1789437401.069407314	456000000	71	0 41793524 86070936 170287853 1071675501 2813353306 74444 76541 11845 1242547 
1789437401.364059531	456000000	71	0 41793524 86070936 170287853 1071675501 2813559253 74444 76541 11845 1242547 
1789437401.665318311	456000000	70	0 41793524 86070936 170287853 1071675501 2813775189 74444 76541 11845 1242547 
1789437401.965636466	456000000	70	0 41793524 86070936 170287853 1071675501 2813983933 74444 76541 11845 1242547 
1789437402.264669048	456000000	70	0 41793524 86070936 170287853 1071675501 2814185866 74444 76541 11845 1242547 
1789437402.564637047	456000000	69	0 41793524 86070936 170287853 1071675501 2814393625 74444 76541 11845 1242547 
1789437402.865170358	456000000	69	0 41793524 86070936 170287853 1071675501 2814606919 74444 76541 11845 1242547 
1789437403.163677783	456000000	69	0 41793524 86070936 170287853 1071675501 2814816711 74444 76541 11845 1242547 
1789437403.467069324	456000000	70	0 41793524 86070936 170287853 1071675501 2815033781 74444 76541 11845 1242547 
1789437403.765362479	456000000	70	0 41793524 86070936 170287853 1071675501 2815248427 74444 76541 11845 1242547 
1789437404.064597561	456000000	70	0 41793524 86070936 170287853 1071675501 2815468857 74444 76541 11845 1242547 
1789437404.365600559	456000000	70	0 41793524 86070936 170287853 1071675501 2815681756 74444 76541 11845 1242547 
1789437404.664455693	456000000	71	0 41793524 86070936 170287853 1071675501 2815889134 74444 76541 11845 1242547 
1789437404.965402754	456000000	71	0 41793524 86070936 170287853 1071675501 2816096028 74444 76541 11845 1242547 
1789437405.266762628	456000000	71	0 41793524 86070936 170287853 1071675501 2816298893 74444 76541 11845 1242547 
1789437405.565979273	456000000	68	0 41793524 86070936 170287853 1071675501 2816507588 74444 76541 11845 1242547 
1789437405.866344667	456000000	68	0 41793524 86070936 170287853 1071675501 2816711971 74444 76541 11845 1242547 
1789437406.170755114	456000000	68	0 41793524 86070936 170287853 1071675501 2816916010 74444 76541 11845 1242547 
1789437406.467218425	456000000	67	0 41793524 86070936 170287853 1071675501 2817119987 74444 76541 11845 1242547 
1789437406.765544132	456000000	67	0 41793524 86070936 170287853 1071675501 2817330536 74444 76541 11845 1242547 
1789437407.064374161	456000000	67	0 41793524 86070936 170287853 1071675501 2817541942 74444 76541 11845 1242547 
1789437407.359974608	456000000	67	0 41793524 86070936 170287853 1071675501 2817751241 74444 76541 11845 1242547 
1789437407.663545627	456000000	70	0 41793524 86070936 170287853 1071675501 2817961423 74444 76541 11845 1242547 
1789437407.964709251	456000000	70	0 41793524 86070936 170287853 1071675501 2818172115 74444 76541 11845 1242547 
1789437408.268563917	456000000	70	0 41793524 86070936 170287853 1071675501 2818386749 74444 76541 11845 1242547 
1789437408.569864103	456000000	69	0 41793524 86070936 170287853 1071675501 2818593884 74444 76541 11845 1242547 
1789437408.874695904	456000000	69	0 41793524 86070936 170287853 1071675501 2818805809 74444 76541 11845 1242547 
1789437409.173662497	456000000	69	0 41793524 86070936 170287853 1071675501 2819015086 74444 76541 11845 1242547 
1789437409.474837891	456000000	70	0 41793524 86070936 170287853 1071675501 2819230654 74444 76541 11845 1242547 
1789437409.775891567	456000000	70	0 41793524 86070936 170287853 1071675501 2819446569 74444 76541 11845 1242547 
1789437410.077003680	456000000	70	0 41793524 86070936 170287853 1071675501 2819648673 74444 76541 11845 1242547 
1789437410.376966262	456000000	70	0 41793524 86070936 170287853 1071675501 2819852258 74444 76541 11845 1242547 
1789437410.677879730	456000000	69	0 41793524 86070936 170287853 1071675501 2820069289 74444 76541 11845 1242547 
1789437410.982955437	456000000	69	0 41793524 86070936 170287853 1071675501 2820283366 74444 76541 11845 1242547 
1789437411.283841092	456000000	69	0 41793524 86070936 170287853 1071675501 2820495625 74444 76541 11845 1242547 
1789437411.585586331	456000000	70	0 41793524 86070936 170287853 1071675501 2820712470 74444 76541 11845 1242547 
1789437411.883376100	456000000	70	0 41793524 86070936 170287853 1071675501 2820925731 74444 76541 11845 1242547 
1789437412.187346338	456000000	70	0 41793524 86070936 170287853 1071675501 2821141065 74444 76541 11845 1242547 
1789437412.487993764	456000000	70	0 41793524 86070936 170287853 1071675501 2821350839 74444 76541 11845 1242547 
1789437412.785368742	456000000	70	0 41793524 86070936 170287853 1071675501 2821566934 74444 76541 11845 1242547 
1789437413.088939814	456000000	70	0 41793524 86070936 170287853 1071675501 2821776086 74444 76541 11845 1242547 
1789437413.391797188	456000000	70	0 41793524 86070936 170287853 1071675501 2821982600 74444 76541 11845 1242547 
1789437413.693763207	456000000	69	0 41793524 86070936 170287853 1071675501 2822191113 74444 76541 11845 1242547 
1789437413.995138550	456000000	69	0 41793524 86070936 170287853 1071675501 2822403249 74444 76541 11845 1242547 
1789437414.297713892	456000000	69	0 41793524 86070936 170287853 1071675501 2822614810 74444 76541 11845 1242547 
1789437414.598090016	456000000	69	0 41793524 86070936 170287853 1071675501 2822826505 74444 76541 11845 1242547 
1789437414.897710879	456000000	69	0 41793524 86070936 170287853 1071675501 2823036966 74444 76541 11845 1242547 
1789437415.196930701	456000000	69	0 41793524 86070936 170287853 1071675501 2823252026 74444 76541 11845 1242547 
1789437415.497357137	456000000	70	0 41793524 86070936 170287853 1071675501 2823463854 74444 76541 11845 1242547 
1789437415.794773260	456000000	70	0 41793524 86070936 170287853 1071675501 2823678541 74444 76541 11845 1242547 
1789437416.097240322	456000000	70	0 41793524 86070936 170287853 1071675501 2823892472 74444 76541 11845 1242547 
1789437416.398981654	456000000	70	0 41793524 86070936 170287853 1071675501 2824106469 74444 76541 11845 1242547 
1789437416.697104965	456000000	71	0 41793524 86070936 170287853 1071675501 2824316614 74444 76541 11845 1242547 
1789437416.993547546	456000000	71	0 41793524 86070936 170287853 1071675501 2824525838 74444 76541 11845 1242547 
1789437417.294577524	456000000	71	0 41793524 86070936 170287853 1071675501 2824729894 74444 76541 11845 1242547 
1789437417.599392034	456000000	69	0 41793524 86070936 170287853 1071675501 2824943374 74444 76541 11845 1242547 
1789437417.909244408	456000000	69	0 41793524 86070936 170287853 1071675501 2825154975 74444 76541 11845 1242547 
1789437418.214898241	456000000	69	0 41793524 86070936 170287853 1071675501 2825362566 74444 76541 11845 1242547 
1789437418.510849312	456000000	69	0 41793524 86070936 170287853 1071675501 2825570771 74444 76541 11845 1242547 
1789437418.811249967	456000000	69	0 41793524 86070936 170287853 1071675501 2825770256 74444 76541 11845 1242547 
1789437419.114584060	456000000	69	0 41793524 86070936 170287853 1071675501 2825973849 74444 76541 11845 1242547 
1789437419.414302215	456000000	69	0 41793524 86070936 170287853 1071675501 2826177224 74444 76541 11845 1242547 
1789437419.710776046	456000000	67	0 41793524 86070936 170287853 1071675501 2826387323 74444 76541 11845 1242547 
1789437420.015846650	456000000	67	0 41793524 86070936 170287853 1071675501 2826603192 74444 76541 11845 1242547 
1789437420.322010118	456000000	67	0 41793524 86070936 170287853 1071675501 2826817591 74444 76541 11845 1242547 
1789437420.631232128	456000000	69	0 41793524 86070936 170287853 1071675501 2827023611 74444 76541 11845 1242547 
1789437420.934283408	456000000	69	0 41793524 86070936 170287853 1071675501 2827230294 74444 76541 11845 1242547 
1789437421.233638438	456000000	69	0 41793524 86070936 170287853 1071675501 2827435814 74444 76541 11845 1242547 
1789437421.533069405	456000000	68	0 41793524 86070936 170287853 1071675501 2827641724 74444 76541 11845 1242547 
1789437421.840291102	456000000	68	0 41793524 86070936 170287853 1071675501 2827848070 74444 76541 11845 1242547 
1789437422.143154101	456000000	68	0 41793524 86070936 170287853 1071675501 2828051752 74444 76541 11845 1242547 
1789437422.439111214	456000000	68	0 41793524 86070936 170287853 1071675501 2828264119 74444 76541 11845 1242547 
1789437422.742102286	456000000	68	0 41793524 86070936 170287853 1071675501 2828467895 74444 76541 11845 1242547 
1789437423.044743358	456000000	68	0 41793524 86070936 170287853 1071675501 2828675036 74444 76541 11845 1242547 
1789437423.342474637	456000000	68	0 41793524 86070936 170287853 1071675501 2828883918 74444 76541 11845 1242547 
1789437423.647577741	456000000	68	0 41793524 86070936 170287853 1071675501 2829092341 74444 76541 11845 1242547 
1789437423.947915687	456000000	68	0 41793524 86070936 170287853 1071675501 2829302263 74444 76541 11845 1242547 
1789437424.246008581	456000000	68	0 41793524 86070936 170287853 1071675501 2829512971 74444 76541 11845 1242547 
1789437424.542831163	456000000	70	0 41793524 86070936 170287853 1071675501 2829729281 74444 76541 11845 1242547 
1789437424.844293329	456000000	70	0 41793524 86070936 170287853 1071675501 2829950163 74444 76541 11845 1242547 
1789437425.150373880	456000000	70	0 41793524 86070936 170287853 1071675501 2830170519 74444 76541 11845 1242547 
1789437425.450377295	456000000	72	0 41793524 86070936 170287853 1071675501 2830388690 74444 76541 11845 1242547 
1789437425.755202794	456000000	72	0 41793524 86070936 170287853 1071675501 2830601171 74444 76541 11845 1242547 
1789437426.053623657	456000000	72	0 41793524 86070936 170287853 1071675501 2830813890 74444 76541 11845 1242547 
1789437426.349891239	456000000	72	0 41793524 86070936 170287853 1071675501 2831027098 74444 76541 11845 1242547 
1789437426.645803195	456000000	71	0 41793524 86070936 170287853 1071675501 2831236600 74444 76541 11845 1242547 
1789437426.944829007	456000000	71	0 41793524 86070936 170287853 1071675501 2831453428 74444 76541 11845 1242547 
1789437427.250973829	456000000	71	0 41793524 86070936 170287853 1071675501 2831666982 74444 76541 11845 1242547 
1789437427.549476567	456000000	71	0 41793524 86070936 170287853 1071675501 2831883559 74444 76541 11845 1242547 
1789437427.846429461	456000000	71	0 41793524 86070936 170287853 1071675501 2832091615 74444 76541 11845 1242547 
1789437428.142597303	456000000	71	0 41793524 86070936 170287853 1071675501 2832304322 74444 76541 11845 1242547 
1789437428.439733270	456000000	71	0 41793524 86070936 170287853 1071675501 2832514305 74444 76541 11845 1242547 
1789437428.739736998	456000000	71	0 41793524 86070936 170287853 1071675501 2832726144 74444 76541 11845 1242547 
1789437429.041297601	456000000	71	0 41793524 86070936 170287853 1071675501 2832940473 74444 76541 11845 1242547 
1789437429.343887839	456000000	71	0 41793524 86070936 170287853 1071675501 2833151703 74444 76541 11845 1242547 
1789437429.643815838	456000000	70	0 41793524 86070936 170287853 1071675501 2833369848 74444 76541 11845 1242547 
1789437429.949353056	456000000	70	0 41793524 86070936 170287853 1071675501 2833587301 74444 76541 11845 1242547 
1789437430.253295222	456000000	70	0 41793524 86070936 170287853 1071675501 2833802186 74444 76541 11845 1242547 
1789437430.555113272	456000000	70	0 41793524 86070936 170287853 1071675501 2834011037 74444 76541 11845 1242547 
1789437430.864466272	456000000	70	0 41793524 86070936 170287853 1071675501 2834226513 74444 76541 11845 1242547 
1789437431.169358073	456000000	70	0 41793524 86070936 170287853 1071675501 2834436133 74444 76541 11845 1242547 
1789437431.468571697	456000000	69	0 41793524 86070936 170287853 1071675501 2834643029 74444 76541 11845 1242547 
1789437431.767073185	456000000	69	0 41793524 86070936 170287853 1071675501 2834853379 74444 76541 11845 1242547 
1789437432.070732590	456000000	69	0 41793524 86070936 170287853 1071675501 2835062022 74444 76541 11845 1242547 
1789437432.366044651	456000000	69	0 41793524 86070936 170287853 1071675501 2835272617 74444 76541 11845 1242547 
1789437432.665338274	456000000	70	0 41793524 86070936 170287853 1071675501 2835488690 74444 76541 11845 1242547 
1789437432.968253565	456000000	70	0 41793524 86070936 170287853 1071675501 2835692972 74444 76541 11845 1242547 
1789437433.272808439	456000000	70	0 41793524 86070936 170287853 1071675501 2835910078 74444 76541 11845 1242547 
1789437433.574299719	456000000	70	0 41793524 86070936 170287853 1071675501 2836127260 74444 76541 11845 1242547 
1789437433.875620999	456000000	70	0 41793524 86070936 170287853 1071675501 2836337956 74444 76541 11845 1242547 
1789437434.173816133	456000000	70	0 41793524 86070936 170287853 1071675501 2836551651 74444 76541 11845 1242547 
1789437434.475598246	456000000	71	0 41793524 86070936 170287853 1071675501 2836764033 74444 76541 11845 1242547 
1789437434.773071453	456000000	71	0 41793524 86070936 170287853 1071675501 2836976111 74444 76541 11845 1242547 
1789437435.067713305	456000000	71	0 41793524 86070936 170287853 1071675501 2837189590 74444 76541 11845 1242547 
1789437435.371667815	456000000	71	0 41793524 86070936 170287853 1071675501 2837401732 74444 76541 11845 1242547 
1789437435.667267688	456000000	71	0 41793524 86070936 170287853 1071675501 2837613290 74444 76541 11845 1242547 
1789437435.969044020	456000000	71	0 41793524 86070936 170287853 1071675501 2837818364 74444 76541 11845 1242547 
1789437436.272256134	456000000	71	0 41793524 86070936 170287853 1071675501 2838033729 74444 76541 11845 1242547 
1789437436.567598507	456000000	70	0 41793524 86070936 170287853 1071675501 2838246767 74444 76541 11845 1242547 
1789437436.868891453	456000000	70	0 41793524 86070936 170287853 1071675501 2838458501 74444 76541 11845 1242547 
1789437437.166852264	456000000	70	0 41793524 86070936 170287853 1071675501 2838676353 74444 76541 11845 1242547 
1789437437.471645680	456000000	71	0 41793524 86070936 170287853 1071675501 2838891617 74444 76541 11845 1242547 
1789437437.767552064	456000000	71	0 41793524 86070936 170287853 1071675501 2839102230 74444 76541 11845 1242547 
1789437438.071721677	456000000	71	0 41793524 86070936 170287853 1071675501 2839320980 74444 76541 11845 1242547 
1789437438.373534624	456000000	71	0 41793524 86070936 170287853 1071675501 2839536118 74444 76541 11845 1242547 
1789437438.676165852	456000000	71	0 41793524 86070936 170287853 1071675501 2839751209 74444 76541 11845 1242547 
1789437438.976245934	456000000	71	0 41793524 86070936 170287853 1071675501 2839963368 74444 76541 11845 1242547 
1789437439.281010496	456000000	71	0 41793524 86070936 170287853 1071675501 2840185423 74444 76541 11845 1242547 
1789437439.583104588	456000000	71	0 41793524 86070936 170287853 1071675501 2840396294 74444 76541 11845 1242547 
1789437439.889908161	456000000	71	0 41793524 86070936 170287853 1071675501 2840614202 74444 76541 11845 1242547 
1789437440.189152982	456000000	71	0 41793524 86070936 170287853 1071675501 2840829834 74444 76541 11845 1242547 
1789437440.489217543	456000000	71	0 41793524 86070936 170287853 1071675501 2841041668 74444 76541 11845 1242547 
1789437440.789396792	456000000	71	0 41793524 86070936 170287853 1071675501 2841264144 74444 76541 11845 1242547 
1789437441.094950364	456000000	71	0 41793524 86070936 170287853 1071675501 2841476882 74444 76541 11845 1242547 
1789437441.394730654	456000000	71	0 41793524 86070936 170287853 1071675501 2841690564 74444 76541 11845 1242547 
1789437441.693143184	456000000	71	0 41793524 86070936 170287853 1071675501 2841903059 74444 76541 11845 1242547 
1789437441.995288370	456000000	71	0 41793524 86070936 170287853 1071675501 2842117975 74444 76541 11845 1242547 
1789437442.295759130	456000000	71	0 41793524 86070936 170287853 1071675501 2842331973 74444 76541 11845 1242547 
1789437442.599845201	456000000	70	0 41793524 86070936 170287853 1071675501 2842545995 74444 76541 11845 1242547 
1789437442.902468305	456000000	70	0 41793524 86070936 170287853 1071675501 2842752490 74444 76541 11845 1242547 
1789437443.203574845	456000000	70	0 41793524 86070936 170287853 1071675501 2842957385 74444 76541 11845 1242547 
1789437443.507161698	456000000	68	0 41793524 86070936 170287853 1071675501 2843164537 74444 76541 11845 1242547 
1789437443.809535374	456000000	68	0 41793524 86070936 170287853 1071675501 2843372418 74444 76541 11845 1242547 
1789437444.109764154	456000000	68	0 41793524 86070936 170287853 1071675501 2843580437 74444 76541 11845 1242547 
1789437444.411688924	456000000	68	0 41793524 86070936 170287853 1071675501 2843785558 74444 76541 11845 1242547 
1789437444.712486714	456000000	68	0 41793524 86070936 170287853 1071675501 2843991268 74444 76541 11845 1242547 
1789437445.011732838	456000000	68	0 41793524 86070936 170287853 1071675501 2844193228 74444 76541 11845 1242547 
1789437445.312080211	456000000	68	0 41793524 86070936 170287853 1071675501 2844398042 74444 76541 11845 1242547 
1789437445.613620606	456000000	68	0 41793524 86070936 170287853 1071675501 2844612664 74444 76541 11845 1242547 
1789437445.917517355	456000000	68	0 41793524 86070936 170287853 1071675501 2844834536 74444 76541 11845 1242547 
1789437446.221392802	456000000	68	0 41793524 86070936 170287853 1071675501 2845055168 74444 76541 11845 1242547 
1789437446.523346582	456000000	71	0 41793524 86070936 170287853 1071675501 2845265266 74444 76541 11845 1242547 
1789437446.822432028	456000000	71	0 41793524 86070936 170287853 1071675501 2845472130 74444 76541 11845 1242547 
1789437447.120064246	456000000	71	0 41793524 86070936 170287853 1071675501 2845676844 74444 76541 11845 1242547 
1789437447.421125630	456000000	71	0 41793524 86070936 170287853 1071675501 2845884427 74444 76541 11845 1242547 
1789437447.721948785	456000000	68	0 41793524 86070936 170287853 1071675501 2846083808 74444 76541 11845 1242547 
1789437448.024238138	456000000	68	0 41793524 86070936 170287853 1071675501 2846280670 74444 76541 11845 1242547 
1789437448.322162907	456000000	68	0 41793524 86070936 170287853 1071675501 2846478797 74444 76541 11845 1242547 
1789437448.622071531	456000000	66	0 41793524 86070936 170287853 1071675501 2846677912 74444 76541 11845 1242547 
1789437448.923547550	456000000	66	0 41793524 86070936 170287853 1071675501 2846876054 74444 76541 11845 1242547 
1789437449.221638830	456000000	66	0 41793524 86070936 170287853 1071675501 2847076106 74444 76541 11845 1242547 
1789437449.517752193	456000000	66	0 41793524 86070936 170287853 1071675501 2847274562 74444 76541 11845 1242547 
1789437449.817366129	456000000	66	0 41793524 86070936 170287853 1071675501 2847471154 74444 76541 11845 1242547 
1789437450.113261262	456000000	66	0 41793524 86070936 170287853 1071675501 2847671019 74444 76541 11845 1242547 
1789437450.414739261	456000000	66	0 41793524 86070936 170287853 1071675501 2847865685 74444 76541 11845 1242547 
1789437450.711575385	456000000	66	0 41793524 86070936 170287853 1071675501 2848065941 74444 76541 11845 1242547 
1789437451.010050466	456000000	66	0 41793524 86070936 170287853 1071675501 2848264374 74444 76541 11845 1242547 
1789437451.308956121	456000000	66	0 41793524 86070936 170287853 1071675501 2848463037 74444 76541 11845 1242547 
1789437451.602531359	456000000	66	0 41793524 86070936 170287853 1071675501 2848657946 74444 76541 11845 1242547 
1789437451.904013420	456000000	66	0 41793524 86070936 170287853 1071675501 2848858095 74444 76541 11845 1242547 
1789437452.203784908	456000000	66	0 41793524 86070936 170287853 1071675501 2849056755 74444 76541 11845 1242547 
1789437452.504431709	456000000	66	0 41793524 86070936 170287853 1071675501 2849256008 74444 76541 11845 1242547 
1789437452.805817989	456000000	66	0 41793524 86070936 170287853 1071675501 2849452474 74444 76541 11845 1242547 
1789437453.102102394	456000000	66	0 41793524 86070936 170287853 1071675501 2849647610 74444 76541 11845 1242547 
1789437453.395897996	456000000	66	0 41793524 86070936 170287853 1071675501 2849845947 74444 76541 11845 1242547 
1789437453.693250577	456000000	66	0 41793524 86070936 170287853 1071675501 2850040777 74444 76541 11845 1242547 
1789437453.989230919	456000000	66	0 41793524 86070936 170287853 1071675501 2850237291 74444 76541 11845 1242547 
1789437454.288707303	456000000	66	0 41793524 86070936 170287853 1071675501 2850436942 74444 76541 11845 1242547 
1789437454.589434417	456000000	66	0 41793524 86070936 170287853 1071675501 2850635829 74444 76541 11845 1242547 
1789437454.888162363	456000000	66	0 41793524 86070936 170287853 1071675501 2850834698 74444 76541 11845 1242547 
1789437455.190379893	456000000	66	0 41793524 86070936 170287853 1071675501 2851033703 74444 76541 11845 1242547 
1789437455.489167631	456000000	66	0 41793524 86070936 170287853 1071675501 2851231972 74444 76541 11845 1242547 
1789437455.789263547	456000000	66	0 41793524 86070936 170287853 1071675501 2851431274 74444 76541 11845 1242547 
1789437456.088539149	456000000	66	0 41793524 86070936 170287853 1071675501 2851628011 74444 76541 11845 1242547 
1789437456.384709075	456000000	66	0 41793524 86070936 170287853 1071675501 2851826585 74444 76541 11845 1242547 
1789437456.680493479	456000000	66	0 41793524 86070936 170287853 1071675501 2852024832 74444 76541 11845 1242547 
1789437456.982736478	456000000	66	0 41793524 86070936 170287853 1071675501 2852223727 74444 76541 11845 1242547 
1789437457.283002185	456000000	66	0 41793524 86070936 170287853 1071675501 2852419946 74444 76541 11845 1242547 
1789437457.578861277	456000000	66	0 41793524 86070936 170287853 1071675501 2852615823 74444 76541 11845 1242547 
1789437457.870574535	456000000	66	0 41793524 86070936 170287853 1071675501 2852812445 74444 76541 11845 1242547 
1789437458.167629252	456000000	66	0 41793524 86070936 170287853 1071675501 2853007892 74444 76541 11845 1242547 
1789437458.469332199	456000000	66	0 41793524 86070936 170287853 1071675501 2853213836 74444 76541 11845 1242547 
1789437458.772301448	456000000	66	0 41793524 86070936 170287853 1071675501 2853412051 74444 76541 11845 1242547 
1789437459.072350645	456000000	66	0 41793524 86070936 170287853 1071675501 2853610631 74444 76541 11845 1242547 
1789437459.369764893	456000000	66	0 41793524 86070936 170287853 1071675501 2853801958 74444 76541 11845 1242547 
1789437459.668141433	456000000	66	0 41793524 86070936 170287853 1071675501 2854000725 74444 76541 11845 1242547 
1789437459.967759171	456000000	66	0 41793524 86070936 170287853 1071675501 2854198509 74444 76541 11845 1242547 
1789437460.269907743	456000000	66	0 41793524 86070936 170287853 1071675501 2854401449 74444 76541 11845 1242547 
1789437460.569849908	456000000	66	0 41793524 86070936 170287853 1071675501 2854603454 74444 76541 11845 1242547 
1789437460.870817282	456000000	66	0 41793524 86070936 170287853 1071675501 2854796853 74444 76541 11845 1242547 
1789437461.166108614	456000000	66	0 41793524 86070936 170287853 1071675501 2854997729 74444 76541 11845 1242547 
1789437461.467510414	456000000	66	0 41793524 86070936 170287853 1071675501 2855198363 74444 76541 11845 1242547 
1789437461.768294767	456000000	66	0 41793524 86070936 170287853 1071675501 2855395535 74444 76541 11845 1242547 
1789437462.066824849	456000000	66	0 41793524 86070936 170287853 1071675501 2855595726 74444 76541 11845 1242547 
1789437462.366376441	456000000	66	0 41793524 86070936 170287853 1071675501 2855794088 74444 76541 11845 1242547 
1789437462.669539805	456000000	66	0 41793524 86070936 170287853 1071675501 2855998486 74444 76541 11845 1242547 
1789437462.970234522	456000000	66	0 41793524 86070936 170287853 1071675501 2856196892 74444 76541 11845 1242547 
1789437463.273943146	456000000	66	0 41793524 86070936 170287853 1071675501 2856394120 74444 76541 11845 1242547 
1789437463.571978697	456000000	66	0 41793524 86070936 170287853 1071675501 2856596307 74444 76541 11845 1242547 
1789437463.873107842	456000000	66	0 41793524 86070936 170287853 1071675501 2856790921 74444 76541 11845 1242547 
1789437464.167642090	456000000	66	0 41793524 86070936 170287853 1071675501 2856988617 74444 76541 11845 1242547 
1789437464.464997067	456000000	66	0 41793524 86070936 170287853 1071675501 2857187196 74444 76541 11845 1242547 
1789437464.764950691	456000000	66	0 41793524 86070936 170287853 1071675501 2857386282 74444 76541 11845 1242547 
1789437465.063957700	456000000	66	0 41793524 86070936 170287853 1071675501 2857587482 74444 76541 11845 1242547 
1789437465.367719761	456000000	66	0 41793524 86070936 170287853 1071675501 2857785820 74444 76541 11845 1242547 
1789437465.667220416	456000000	66	0 41793524 86070936 170287853 1071675501 2857984343 74444 76541 11845 1242547 
1789437465.964652894	456000000	66	0 41793524 86070936 170287853 1071675501 2858182608 74444 76541 11845 1242547 
1789437466.263096048	456000000	66	0 41793524 86070936 170287853 1071675501 2858379512 74444 76541 11845 1242547 
1789437466.561800141	456000000	66	0 41793524 86070936 170287853 1071675501 2858574178 74444 76541 11845 1242547 
1789437466.857949128	456000000	66	0 41793524 86070936 170287853 1071675501 2858771970 74444 76541 11845 1242547 
1789437467.161035721	456000000	66	0 41793524 86070936 170287853 1071675501 2858976594 74444 76541 11845 1242547 
1789437467.459004188	456000000	67	0 41793524 86070936 170287853 1071675501 2859180145 74444 76541 11845 1242547 
1789437467.759217291	456000000	67	0 41793524 86070936 170287853 1071675501 2859386255 74444 76541 11845 1242547 
1789437468.059049925	456000000	67	0 41793524 86070936 170287853 1071675501 2859590370 74444 76541 11845 1242547 
1789437468.358627715	456000000	67	0 41793524 86070936 170287853 1071675501 2859787859 74444 76541 11845 1242547 
1789437468.657436443	456000000	67	0 41793524 86070936 170287853 1071675501 2859986409 74444 76541 11845 1242547 
1789437468.958900067	456000000	67	0 41793524 86070936 170287853 1071675501 2860183433 74444 76541 11845 1242547 
1789437469.256941451	456000000	67	0 41793524 86070936 170287853 1071675501 2860380706 74444 76541 11845 1242547 
1789437469.556716272	456000000	66	0 41793524 86070936 170287853 1071675501 2860581685 74444 76541 11845 1242547 
1789437469.856891146	456000000	66	0 41793524 86070936 170287853 1071675501 2860778164 74444 76541 11845 1242547 
1789437470.156992374	456000000	66	0 41793524 86070936 170287853 1071675501 2860976585 74444 76541 11845 1242547 
1789437470.451764643	456000000	66	0 41793524 86070936 170287853 1071675501 2861175615 74444 76541 11845 1242547 
1789437470.747784047	456000000	66	0 41793524 86070936 170287853 1071675501 2861370467 74444 76541 11845 1242547 
1789437471.045182046	456000000	66	0 41793524 86070936 170287853 1071675501 2861565597 74444 76541 11845 1242547 
1789437471.344408898	456000000	66	0 41793524 86070936 170287853 1071675501 2861763896 74444 76541 11845 1242547 
1789437471.644363459	456000000	66	0 41793524 86070936 170287853 1071675501 2861963731 74444 76541 11845 1242547 
1789437471.938517395	456000000	66	0 41793524 86070936 170287853 1071675501 2862159487 74444 76541 11845 1242547 
1789437472.239839196	456000000	66	0 41793524 86070936 170287853 1071675501 2862360878 74444 76541 11845 1242547 
1789437472.539594590	456000000	66	0 41793524 86070936 170287853 1071675501 2862560021 74444 76541 11845 1242547 
1789437472.846441131	456000000	66	0 41793524 86070936 170287853 1071675501 2862757658 74444 76541 11845 1242547 
1789437473.146615484	456000000	66	0 41793524 86070936 170287853 1071675501 2862956275 74444 76541 11845 1242547 
1789437473.441599107	456000000	66	0 41793524 86070936 170287853 1071675501 2863153407 74444 76541 11845 1242547 
1789437473.742908616	456000000	66	0 41793524 86070936 170287853 1071675501 2863353020 74444 76541 11845 1242547 
1789437474.043634376	456000000	66	0 41793524 86070936 170287853 1071675501 2863549628 74444 76541 11845 1242547 
1789437474.338399040	456000000	66	0 41793524 86070936 170287853 1071675501 2863745128 74444 76541 11845 1242547 
1789437474.634980528	456000000	66	0 41793524 86070936 170287853 1071675501 2863944524 74444 76541 11845 1242547 
1789437474.932963683	456000000	66	0 41793524 86070936 170287853 1071675501 2864140737 74444 76541 11845 1242547 
1789437475.231196942	456000000	66	0 41793524 86070936 170287853 1071675501 2864340862 74444 76541 11845 1242547 
1789437475.535603118	456000000	66	0 41793524 86070936 170287853 1071675501 2864538500 74444 76541 11845 1242547 
1789437475.834301012	456000000	66	0 41793524 86070936 170287853 1071675501 2864737338 74444 76541 11845 1242547 
1789437476.131626146	456000000	66	0 41793524 86070936 170287853 1071675501 2864932187 74444 76541 11845 1242547 
1789437476.424377165	456000000	66	0 41793524 86070936 170287853 1071675501 2865127516 74444 76541 11845 1242547 
1789437476.724076465	456000000	66	0 41793524 86070936 170287853 1071675501 2865327075 74444 76541 11845 1242547 
1789437477.022042068	456000000	66	0 41793524 86070936 170287853 1071675501 2865525742 74444 76541 11845 1242547 
1789437477.321338400	456000000	66	0 41793524 86070936 170287853 1071675501 2865725264 74444 76541 11845 1242547 
1789437477.623816555	456000000	66	0 41793524 86070936 170287853 1071675501 2865922675 74444 76541 11845 1242547 
1789437477.918242470	456000000	66	0 41793524 86070936 170287853 1071675501 2866122956 74444 76541 11845 1242547 
1789437478.223844427	456000000	66	0 41793524 86070936 170287853 1071675501 2866323155 74444 76541 11845 1242547 
1789437478.524924041	456000000	66	0 41793524 86070936 170287853 1071675501 2866525889 74444 76541 11845 1242547 
1789437478.825724071	456000000	66	0 41793524 86070936 170287853 1071675501 2866725486 74444 76541 11845 1242547 
1789437479.125401288	456000000	66	0 41793524 86070936 170287853 1071675501 2866924321 74444 76541 11845 1242547 
1789437479.425871370	456000000	66	0 41793524 86070936 170287853 1071675501 2867125233 74444 76541 11845 1242547 
1789437479.725059212	456000000	66	0 41793524 86070936 170287853 1071675501 2867321022 74444 76541 11845 1242547 
1789437480.024516742	456000000	66	0 41793524 86070936 170287853 1071675501 2867521193 74444 76541 11845 1242547 
1789437480.325062189	456000000	66	0 41793524 86070936 170287853 1071675501 2867722428 74444 76541 11845 1242547 
1789437480.628271073	456000000	66	0 41793524 86070936 170287853 1071675501 2867925397 74444 76541 11845 1242547 
1789437480.929281103	456000000	66	0 41793524 86070936 170287853 1071675501 2868122430 74444 76541 11845 1242547 
1789437481.227492331	456000000	66	0 41793524 86070936 170287853 1071675501 2868321936 74444 76541 11845 1242547 
1789437481.528706111	456000000	66	0 41793524 86070936 170287853 1071675501 2868518253 74444 76541 11845 1242547 
1789437481.827204109	456000000	66	0 41793524 86070936 170287853 1071675501 2868720249 74444 76541 11845 1242547 
1789437482.127139243	456000000	66	0 41793524 86070936 170287853 1071675501 2868917044 74444 76541 11845 1242547 
1789437482.426193492	456000000	66	0 41793524 86070936 170287853 1071675501 2869113961 74444 76541 11845 1242547 
1789437482.720909719	456000000	66	0 41793524 86070936 170287853 1071675501 2869312592 74444 76541 11845 1242547 
1789437483.017328394	456000000	66	0 41793524 86070936 170287853 1071675501 2869511434 74444 76541 11845 1242547 
1789437483.315050820	456000000	66	0 41793524 86070936 170287853 1071675501 2869705021 74444 76541 11845 1242547 
1789437483.613716058	456000000	66	0 41793524 86070936 170287853 1071675501 2869903943 74444 76541 11845 1242547 
1789437483.915175203	456000000	66	0 41793524 86070936 170287853 1071675501 2870104534 74444 76541 11845 1242547 
1789437484.217312056	456000000	66	0 41793524 86070936 170287853 1071675501 2870301502 74444 76541 11845 1242547 
1789437484.510053804	456000000	66	0 41793524 86070936 170287853 1071675501 2870500047 74444 76541 11845 1242547 
1789437484.806542739	456000000	66	0 41793524 86070936 170287853 1071675501 2870701979 74444 76541 11845 1242547 
1789437485.107660686	456000000	66	0 41793524 86070936 170287853 1071675501 2870897167 74444 76541 11845 1242547 
1789437485.404863216	456000000	66	0 41793524 86070936 170287853 1071675501 2871094893 74444 76541 11845 1242547 
1789437485.702423662	456000000	66	0 41793524 86070936 170287853 1071675501 2871294059 74444 76541 11845 1242547 
1789437485.997102858	456000000	66	0 41793524 86070936 170287853 1071675501 2871492113 74444 76541 11845 1242547 
1789437486.295011586	456000000	66	0 41793524 86070936 170287853 1071675501 2871692237 74444 76541 11845 1242547 
1789437486.595576355	456000000	66	0 41793524 86070936 170287853 1071675501 2871889143 74444 76541 11845 1242547 
1789437486.893442062	456000000	66	0 41793524 86070936 170287853 1071675501 2872082638 74444 76541 11845 1242547 
1789437487.190649435	456000000	66	0 41793524 86070936 170287853 1071675501 2872281488 74444 76541 11845 1242547 
1789437487.485842798	456000000	66	0 41793524 86070936 170287853 1071675501 2872476269 74444 76541 11845 1242547 
1789437487.779719911	456000000	66	0 41793524 86070936 170287853 1071675501 2872673596 74444 76541 11845 1242547 
1789437488.079230878	456000000	66	0 41793524 86070936 170287853 1071675501 2872876177 74444 76541 11845 1242547 
1789437488.377180908	456000000	66	0 41793524 86070936 170287853 1071675501 2873076502 74444 76541 11845 1242547 
1789437488.671296562	456000000	67	0 41793524 86070936 170287853 1071675501 2873275080 74444 76541 11845 1242547 
1789437488.971966644	456000000	67	0 41793524 86070936 170287853 1071675501 2873478267 74444 76541 11845 1242547 
1789437489.274441882	456000000	67	0 41793524 86070936 170287853 1071675501 2873685465 74444 76541 11845 1242547 
1789437489.583414986	456000000	67	0 41793524 86070936 170287853 1071675501 2873892400 74444 76541 11845 1242547 
1789437489.880304443	456000000	67	0 41793524 86070936 170287853 1071675501 2874097552 74444 76541 11845 1242547 
1789437490.178431087	456000000	67	0 41793524 86070936 170287853 1071675501 2874298909 74444 76541 11845 1242547 
1789437490.475185335	456000000	67	0 41793524 86070936 170287853 1071675501 2874498570 74444 76541 11845 1242547 
1789437490.771060365	456000000	67	0 41793524 86070936 170287853 1071675501 2874695709 74444 76541 11845 1242547 
1789437491.069863728	456000000	67	0 41793524 86070936 170287853 1071675501 2874894326 74444 76541 11845 1242547 
1789437491.365523028	456000000	67	0 41793524 86070936 170287853 1071675501 2875089944 74444 76541 11845 1242547 
1789437491.664207016	456000000	66	0 41793524 86070936 170287853 1071675501 2875288358 74444 76541 11845 1242547 
1789437491.961486629	456000000	66	0 41793524 86070936 170287853 1071675501 2875487300 74444 76541 11845 1242547 
1789437492.260020096	456000000	66	0 41793524 86070936 170287853 1071675501 2875684120 74444 76541 11845 1242547 
1789437492.558923355	456000000	66	0 41793524 86070936 170287853 1071675501 2875882883 74444 76541 11845 1242547 
1789437492.853971562	456000000	66	0 41793524 86070936 170287853 1071675501 2876079002 74444 76541 11845 1242547 
1789437493.151561175	456000000	66	0 41793524 86070936 170287853 1071675501 2876281045 74444 76541 11845 1242547 
1789437493.450802090	456000000	66	0 41793524 86070936 170287853 1071675501 2876480761 74444 76541 11845 1242547 
1789437493.750470714	456000000	66	0 41793524 86070936 170287853 1071675501 2876678011 74444 76541 11845 1242547 
1789437494.051946785	456000000	66	0 41793524 86070936 170287853 1071675501 2876874247 74444 76541 11845 1242547 
1789437494.348774888	456000000	66	0 41793524 86070936 170287853 1071675501 2877071657 74444 76541 11845 1242547 
1789437494.644121949	456000000	66	0 41793524 86070936 170287853 1071675501 2877268107 74444 76541 11845 1242547 
1789437494.943564218	456000000	66	0 41793524 86070936 170287853 1071675501 2877468032 74444 76541 11845 1242547 
1789437495.241616539	456000000	66	0 41793524 86070936 170287853 1071675501 2877665663 74444 76541 11845 1242547 
1789437495.540284329	456000000	66	0 41793524 86070936 170287853 1071675501 2877858996 74444 76541 11845 1242547 
1789437495.836773734	456000000	66	0 41793524 86070936 170287853 1071675501 2878058396 74444 76541 11845 1242547 
1789437496.134800430	456000000	66	0 41793524 86070936 170287853 1071675501 2878257337 74444 76541 11845 1242547 
1789437496.437194523	456000000	66	0 41793524 86070936 170287853 1071675501 2878455503 74444 76541 11845 1242547 
1789437496.732993094	456000000	66	0 41793524 86070936 170287853 1071675501 2878654516 74444 76541 11845 1242547 
1789437497.032683436	456000000	66	0 41793524 86070936 170287853 1071675501 2878849421 74444 76541 11845 1242547 
1789437497.328524299	456000000	66	0 41793524 86070936 170287853 1071675501 2879045265 74444 76541 11845 1242547 
1789437497.622292610	456000000	66	0 41793524 86070936 170287853 1071675501 2879243518 74444 76541 11845 1242547 
1789437497.923888994	456000000	66	0 41793524 86070936 170287853 1071675501 2879444865 74444 76541 11845 1242547 
1789437498.224459389	456000000	66	0 41793524 86070936 170287853 1071675501 2879643169 74444 76541 11845 1242547 
1789437498.519900303	456000000	66	0 41793524 86070936 170287853 1071675501 2879836846 74444 76541 11845 1242547 
1789437498.817626791	456000000	66	0 41793524 86070936 170287853 1071675501 2880036917 74444 76541 11845 1242547 
1789437499.119669217	456000000	66	0 41793524 86070936 170287853 1071675501 2880238393 74444 76541 11845 1242547 
1789437499.421369508	456000000	66	0 41793524 86070936 170287853 1071675501 2880436627 74444 76541 11845 1242547 
1789437499.721074850	456000000	66	0 41793524 86070936 170287853 1071675501 2880632884 74444 76541 11845 1242547 
1789437500.018448838	456000000	66	0 41793524 86070936 170287853 1071675501 2880831487 74444 76541 11845 1242547 
1789437500.320310379	456000000	66	0 41793524 86070936 170287853 1071675501 2881028964 74444 76541 11845 1242547 
1789437500.614498168	456000000	66	0 41793524 86070936 170287853 1071675501 2881225265 74444 76541 11845 1242547 
1789437500.911867729	456000000	66	0 41793524 86070936 170287853 1071675501 2881422942 74444 76541 11845 1242547 
1789437501.206650831	456000000	66	0 41793524 86070936 170287853 1071675501 2881615863 74444 76541 11845 1242547 
1789437501.503727528	456000000	66	0 41793524 86070936 170287853 1071675501 2881814958 74444 76541 11845 1242547 
1789437501.799378651	456000000	66	0 41793524 86070936 170287853 1071675501 2882013593 74444 76541 11845 1242547 
1789437502.103205660	456000000	66	0 41793524 86070936 170287853 1071675501 2882212939 74444 76541 11845 1242547 
1789437502.404768295	456000000	66	0 41793524 86070936 170287853 1071675501 2882415903 74444 76541 11845 1242547 
1789437502.707340616	456000000	66	0 41793524 86070936 170287853 1071675501 2882613485 74444 76541 11845 1242547 
1789437503.005028771	456000000	66	0 41793524 86070936 170287853 1071675501 2882810090 74444 76541 11845 1242547 
1789437503.305880780	456000000	66	0 41793524 86070936 170287853 1071675501 2883010636 74444 76541 11845 1242547 
1789437503.601168778	456000000	66	0 41793524 86070936 170287853 1071675501 2883209325 74444 76541 11845 1242547 
1789437503.898456620	456000000	66	0 41793524 86070936 170287853 1071675501 2883405022 74444 76541 11845 1242547 
1789437504.194592848	456000000	66	0 41793524 86070936 170287853 1071675501 2883606068 74444 76541 11845 1242547 
1789437504.496947045	456000000	66	0 41793524 86070936 170287853 1071675501 2883806785 74444 76541 11845 1242547 
1789437504.795918637	456000000	66	0 41793524 86070936 170287853 1071675501 2883999404 74444 76541 11845 1242547 
1789437505.093431010	456000000	66	0 41793524 86070936 170287853 1071675501 2884198581 74444 76541 11845 1242547 
1789437505.392762707	456000000	66	0 41793524 86070936 170287853 1071675501 2884396377 74444 76541 11845 1242547 
1789437505.695939768	456000000	66	0 41793524 86070936 170287853 1071675501 2884600417 74444 76541 11845 1242547 
1789437505.995841829	456000000	66	0 41793524 86070936 170287853 1071675501 2884798975 74444 76541 11845 1242547 
1789437506.296769411	456000000	66	0 41793524 86070936 170287853 1071675501 2884991747 74444 76541 11845 1242547 
1789437506.591526993	456000000	66	0 41793524 86070936 170287853 1071675501 2885191735 74444 76541 11845 1242547 
1789437506.892273585	456000000	66	0 41793524 86070936 170287853 1071675501 2885389542 74444 76541 11845 1242547 
1789437507.192883772	456000000	66	0 41793524 86070936 170287853 1071675501 2885589030 74444 76541 11845 1242547 
1789437507.492167864	456000000	66	0 41793524 86070936 170287853 1071675501 2885788274 74444 76541 11845 1242547 
1789437507.794589196	456000000	66	0 41793524 86070936 170287853 1071675501 2885988748 74444 76541 11845 1242547 
1789437508.093654747	456000000	66	0 41793524 86070936 170287853 1071675501 2886187995 74444 76541 11845 1242547 
1789437508.393087849	456000000	66	0 41793524 86070936 170287853 1071675501 2886388374 74444 76541 11845 1242547 
1789437508.690526264	456000000	66	0 41793524 86070936 170287853 1071675501 2886584892 74444 76541 11845 1242547 
1789437508.994031138	456000000	66	0 41793524 86070936 170287853 1071675501 2886787280 74444 76541 11845 1242547 
1789437509.294283304	456000000	66	0 41793524 86070936 170287853 1071675501 2886987552 74444 76541 11845 1242547 
1789437509.594028907	456000000	66	0 41793524 86070936 170287853 1071675501 2887188324 74444 76541 11845 1242547 
1789437509.893587166	456000000	66	0 41793524 86070936 170287853 1071675501 2887387992 74444 76541 11845 1242547 
1789437510.188898862	456000000	66	0 41793524 86070936 170287853 1071675501 2887587613 74444 76541 11845 1242547 
1789437510.492906809	456000000	66	0 41793524 86070936 170287853 1071675501 2887791105 74444 76541 11845 1242547 
1789437510.790901161	456000000	66	0 41793524 86070936 170287853 1071675501 2887993338 74444 76541 11845 1242547 
1789437511.084717961	456000000	66	0 41793524 86070936 170287853 1071675501 2888186048 74444 76541 11845 1242547 
1789437511.378845647	456000000	66	0 41793524 86070936 170287853 1071675501 2888382060 74444 76541 11845 1242547 
1789437511.682773229	456000000	66	0 41793524 86070936 170287853 1071675501 2888580192 74444 76541 11845 1242547 
1789437511.982296019	456000000	66	0 41793524 86070936 170287853 1071675501 2888778140 74444 76541 11845 1242547 
1789437512.280770164	456000000	66	0 41793524 86070936 170287853 1071675501 2888975892 74444 76541 11845 1242547 
1789437512.577890923	456000000	65	0 41793524 86070936 170287853 1071675501 2889173752 74444 76541 11845 1242547 
1789437512.877021577	456000000	65	0 41793524 86070936 170287853 1071675501 2889371754 74444 76541 11845 1242547 
1789437513.177873274	456000000	65	0 41793524 86070936 170287853 1071675501 2889571029 74444 76541 11845 1242547 
1789437513.483028773	456000000	66	0 41793524 86070936 170287853 1071675501 2889770387 74444 76541 11845 1242547 
1789437513.781178334	456000000	66	0 41793524 86070936 170287853 1071675501 2889968971 74444 76541 11845 1242547 
1789437514.083231333	456000000	66	0 41793524 86070936 170287853 1071675501 2890169239 74444 76541 11845 1242547 
1789437514.380613602	456000000	66	0 41793524 86070936 170287853 1071675501 2890366704 74444 76541 11845 1242547 
1789437514.675249309	456000000	66	0 41793524 86070936 170287853 1071675501 2890559259 74444 76541 11845 1242547 
1789437514.976308714	456000000	66	0 41793524 86070936 170287853 1071675501 2890760584 74444 76541 11845 1242547 
1789437515.274114629	456000000	66	0 41793524 86070936 170287853 1071675501 2890959932 74444 76541 11845 1242547 
1789437515.576610805	456000000	65	0 41793524 86070936 170287853 1071675501 2891158599 74444 76541 11845 1242547 
1789437515.877836928	456000000	65	0 41793524 86070936 170287853 1071675501 2891355963 74444 76541 11845 1242547 
1789437516.178312792	456000000	65	0 41793524 86070936 170287853 1071675501 2891557254 74444 76541 11845 1242547 
1789437516.480442874	456000000	66	0 41793524 86070936 170287853 1071675501 2891754503 74444 76541 11845 1242547 
1789437516.775940768	456000000	66	0 41793524 86070936 170287853 1071675501 2891953408 74444 76541 11845 1242547 
1789437517.074521891	456000000	66	0 41793524 86070936 170287853 1071675501 2892153153 74444 76541 11845 1242547 
1789437517.373751609	456000000	66	0 41793524 86070936 170287853 1071675501 2892346136 74444 76541 11845 1242547 
1789437517.670875492	456000000	66	0 41793524 86070936 170287853 1071675501 2892544498 74444 76541 11845 1242547 
1789437517.971465939	456000000	66	0 41793524 86070936 170287853 1071675501 2892742643 74444 76541 11845 1242547 
1789437518.265657531	456000000	66	0 41793524 86070936 170287853 1071675501 2892936288 74444 76541 11845 1242547 
1789437518.561065685	456000000	65	0 41793524 86070936 170287853 1071675501 2893133502 74444 76541 11845 1242547 
1789437518.862248684	456000000	65	0 41793524 86070936 170287853 1071675501 2893332749 74444 76541 11845 1242547 
1789437519.159878505	456000000	65	0 41793524 86070936 170287853 1071675501 2893531581 74444 76541 11845 1242547 
1789437519.458004368	456000000	66	0 41793524 86070936 170287853 1071675501 2893731419 74444 76541 11845 1242547 
1789437519.755888513	456000000	66	0 41793524 86070936 170287853 1071675501 2893928001 74444 76541 11845 1242547 
1789437520.054444428	456000000	66	0 41793524 86070936 170287853 1071675501 2894126916 74444 76541 11845 1242547 
1789437520.351588312	456000000	66	0 41793524 86070936 170287853 1071675501 2894323442 74444 76541 11845 1242547 
1789437520.649160529	456000000	66	0 41793524 86070936 170287853 1071675501 2894520585 74444 76541 11845 1242547 
1789437520.950313163	456000000	66	0 41793524 86070936 170287853 1071675501 2894719628 74444 76541 11845 1242547 
1789437521.246880640	456000000	66	0 41793524 86070936 170287853 1071675501 2894917115 74444 76541 11845 1242547 
1789437521.547397702	456000000	66	0 41793524 86070936 170287853 1071675501 2895115524 74444 76541 11845 1242547 
1789437521.844106116	456000000	66	0 41793524 86070936 170287853 1071675501 2895312147 74444 76541 11845 1242547 
1789437522.146600053	456000000	66	0 41793524 86070936 170287853 1071675501 2895512169 74444 76541 11845 1242547 
1789437522.441027843	456000000	66	0 41793524 86070936 170287853 1071675501 2895706502 74444 76541 11845 1242547 
1789437522.742255998	456000000	66	0 41793524 86070936 170287853 1071675501 2895905077 74444 76541 11845 1242547 
1789437523.039850506	456000000	66	0 41793524 86070936 170287853 1071675501 2896100883 74444 76541 11845 1242547 
1789437523.338024286	456000000	66	0 41793524 86070936 170287853 1071675501 2896299632 74444 76541 11845 1242547 
1789437523.640219420	456000000	66	0 41793524 86070936 170287853 1071675501 2896499222 74444 76541 11845 1242547 
1789437523.938585908	456000000	66	0 41793524 86070936 170287853 1071675501 2896697058 74444 76541 11845 1242547 
1789437524.237831303	456000000	66	0 41793524 86070936 170287853 1071675501 2896894833 74444 76541 11845 1242547 
1789437524.540449510	456000000	66	0 41793524 86070936 170287853 1071675501 2897093882 74444 76541 11845 1242547 
1789437524.840338602	456000000	66	0 41793524 86070936 170287853 1071675501 2897292402 74444 76541 11845 1242547 
1789437525.135630715	456000000	66	0 41793524 86070936 170287853 1071675501 2897488364 74444 76541 11845 1242547 
1789437525.429680015	456000000	66	0 41793524 86070936 170287853 1071675501 2897684434 74444 76541 11845 1242547 
1789437525.728959056	456000000	66	0 41793524 86070936 170287853 1071675501 2897885049 74444 76541 11845 1242547 
1789437526.030485284	456000000	66	0 41793524 86070936 170287853 1071675501 2898081835 74444 76541 11845 1242547 
1789437526.331590574	456000000	66	0 41793524 86070936 170287853 1071675501 2898280835 74444 76541 11845 1242547 
1789437526.632007375	456000000	66	0 41793524 86070936 170287853 1071675501 2898480733 74444 76541 11845 1242547 
1789437526.937835843	456000000	66	0 41793524 86070936 170287853 1071675501 2898681345 74444 76541 11845 1242547 
1789437527.239222644	456000000	66	0 41793524 86070936 170287853 1071675501 2898880258 74444 76541 11845 1242547 
1789437527.539351580	456000000	66	0 41793524 86070936 170287853 1071675501 2899082954 74444 76541 11845 1242547 
1789437527.841596714	456000000	66	0 41793524 86070936 170287853 1071675501 2899285755 74444 76541 11845 1242547 
1789437528.145894713	456000000	66	0 41793524 86070936 170287853 1071675501 2899481082 74444 76541 11845 1242547 
1789437528.441737086	456000000	66	0 41793524 86070936 170287853 1071675501 2899679946 74444 76541 11845 1242547 
1789437528.739831751	456000000	66	0 41793524 86070936 170287853 1071675501 2899877707 74444 76541 11845 1242547 
1789437529.041603761	456000000	66	0 41793524 86070936 170287853 1071675501 2900080047 74444 76541 11845 1242547 
1789437529.343194780	456000000	66	0 41793524 86070936 170287853 1071675501 2900276426 74444 76541 11845 1242547 
1789437529.638279653	456000000	66	0 41793524 86070936 170287853 1071675501 2900472947 74444 76541 11845 1242547 
1789437529.932521922	456000000	66	0 41793524 86070936 170287853 1071675501 2900665260 74444 76541 11845 1242547 
1789437530.228042264	456000000	66	0 41793524 86070936 170287853 1071675501 2900863970 74444 76541 11845 1242547 
1789437530.521357241	456000000	66	0 41793524 86070936 170287853 1071675501 2901058586 74444 76541 11845 1242547 
1789437530.817839667	456000000	66	0 41793524 86070936 170287853 1071675501 2901257332 74444 76541 11845 1242547 
1789437531.114936363	456000000	66	0 41793524 86070936 170287853 1071675501 2901459843 74444 76541 11845 1242547 
1789437531.414845612	456000000	66	0 41793524 86070936 170287853 1071675501 2901660774 74444 76541 11845 1242547 
1789437531.711197047	456000000	67	0 41793524 86070936 170287853 1071675501 2901859709 74444 76541 11845 1242547 
1789437532.008988483	456000000	67	0 41793524 86070936 170287853 1071675501 2902058161 74444 76541 11845 1242547 
1789437532.309848930	456000000	67	0 41793524 86070936 170287853 1071675501 2902258253 74444 76541 11845 1242547 
1789437532.609018595	456000000	66	0 41793524 86070936 170287853 1071675501 2902455131 74444 76541 11845 1242547 
1789437532.904541958	456000000	66	0 41793524 86070936 170287853 1071675501 2902654742 74444 76541 11845 1242547 
1789437533.203713706	456000000	66	0 41793524 86070936 170287853 1071675501 2902851901 74444 76541 11845 1242547 
1789437533.498665298	456000000	66	0 41793524 86070936 170287853 1071675501 2903045040 74444 76541 11845 1242547 
1789437533.795939234	456000000	66	0 41793524 86070936 170287853 1071675501 2903242826 74444 76541 11845 1242547 
1789437534.097933691	456000000	66	0 41793524 86070936 170287853 1071675501 2903443680 74444 76541 11845 1242547 
1789437534.397928148	456000000	66	0 41793524 86070936 170287853 1071675501 2903639430 74444 76541 11845 1242547 
1789437534.691075209	456000000	66	0 41793524 86070936 170287853 1071675501 2903834195 74444 76541 11845 1242547 
1789437534.985963571	456000000	66	0 41793524 86070936 170287853 1071675501 2904030316 74444 76541 11845 1242547 
1789437535.287027872	456000000	66	0 41793524 86070936 170287853 1071675501 2904229018 74444 76541 11845 1242547 
1789437535.588641184	456000000	66	0 41793524 86070936 170287853 1071675501 2904431336 74444 76541 11845 1242547 
1789437535.887080588	456000000	66	0 41793524 86070936 170287853 1071675501 2904629633 74444 76541 11845 1242547 
1789437536.191897181	456000000	66	0 41793524 86070936 170287853 1071675501 2904829806 74444 76541 11845 1242547 
1789437536.486077211	456000000	66	0 41793524 86070936 170287853 1071675501 2905024896 74444 76541 11845 1242547 
1789437536.786606095	456000000	66	0 41793524 86070936 170287853 1071675501 2905226254 74444 76541 11845 1242547 
1789437537.087660395	456000000	66	0 41793524 86070936 170287853 1071675501 2905423850 74444 76541 11845 1242547 
1789437537.384942613	456000000	66	0 41793524 86070936 170287853 1071675501 2905624687 74444 76541 11845 1242547 
1789437537.684906132	456000000	66	0 41793524 86070936 170287853 1071675501 2905821535 74444 76541 11845 1242547 
1789437537.986341527	456000000	66	0 41793524 86070936 170287853 1071675501 2906020893 74444 76541 11845 1242547 
1789437538.281205514	456000000	66	0 41793524 86070936 170287853 1071675501 2906215600 74444 76541 11845 1242547 
1789437538.576157262	456000000	66	0 41793524 86070936 170287853 1071675501 2906417846 74444 76541 11845 1242547 
1789437538.879059428	456000000	66	0 41793524 86070936 170287853 1071675501 2906615803 74444 76541 11845 1242547 
1789437539.178465083	456000000	66	0 41793524 86070936 170287853 1071675501 2906813222 74444 76541 11845 1242547 
1789437539.475878185	456000000	66	0 41793524 86070936 170287853 1071675501 2907009381 74444 76541 11845 1242547 
1789437539.773425298	456000000	66	0 41793524 86070936 170287853 1071675501 2907209781 74444 76541 11845 1242547 
1789437540.073971578	456000000	66	0 41793524 86070936 170287853 1071675501 2907409019 74444 76541 11845 1242547 
1789437540.371972129	456000000	66	0 41793524 86070936 170287853 1071675501 2907606854 74444 76541 11845 1242547 
1789437540.669003252	456000000	66	0 41793524 86070936 170287853 1071675501 2907806112 74444 76541 11845 1242547 
1789437540.967862553	456000000	66	0 41793524 86070936 170287853 1071675501 2908004196 74444 76541 11845 1242547 
1789437541.265877270	456000000	66	0 41793524 86070936 170287853 1071675501 2908199038 74444 76541 11845 1242547 
1789437541.560318862	456000000	66	0 41793524 86070936 170287853 1071675501 2908398310 74444 76541 11845 1242547 
1789437541.857572433	456000000	66	0 41793524 86070936 170287853 1071675501 2908593028 74444 76541 11845 1242547 
1789437542.153609129	456000000	66	0 41793524 86070936 170287853 1071675501 2908789183 74444 76541 11845 1242547 
1789437542.452864576	456000000	66	0 41793524 86070936 170287853 1071675501 2908992920 74444 76541 11845 1242547 
1789437542.752560335	456000000	66	0 41793524 86070936 170287853 1071675501 2909193177 74444 76541 11845 1242547 
1789437543.056072865	456000000	66	0 41793524 86070936 170287853 1071675501 2909396996 74444 76541 11845 1242547 
1789437543.353329040	456000000	66	0 41793524 86070936 170287853 1071675501 2909597535 74444 76541 11845 1242547 
1789437543.656156154	456000000	66	0 41793524 86070936 170287853 1071675501 2909797962 74444 76541 11845 1242547 
1789437543.958816653	456000000	66	0 41793524 86070936 170287853 1071675501 2909997508 74444 76541 11845 1242547 
1789437544.257976683	456000000	66	0 41793524 86070936 170287853 1071675501 2910196133 74444 76541 11845 1242547 
1789437544.555459004	456000000	66	0 41793524 86070936 170287853 1071675501 2910395847 74444 76541 11845 1242547 
1789437544.852961013	456000000	66	0 41793524 86070936 170287853 1071675501 2910591273 74444 76541 11845 1242547 
1789437545.154373699	456000000	66	0 41793524 86070936 170287853 1071675501 2910789251 74444 76541 11845 1242547 
1789437545.450755395	456000000	66	0 41793524 86070936 170287853 1071675501 2910987536 74444 76541 11845 1242547 
1789437545.749452300	456000000	66	0 41793524 86070936 170287853 1071675501 2911186798 74444 76541 11845 1242547 
1789437546.047189673	456000000	66	0 41793524 86070936 170287853 1071675501 2911382933 74444 76541 11845 1242547 
1789437546.341225744	456000000	66	0 41793524 86070936 170287853 1071675501 2911579805 74444 76541 11845 1242547 
1789437546.642532910	456000000	66	0 41793524 86070936 170287853 1071675501 2911782018 74444 76541 11845 1242547 
1789437546.945758877	456000000	66	0 41793524 86070936 170287853 1071675501 2911983165 74444 76541 11845 1242547 
1789437547.248352397	456000000	66	0 41793524 86070936 170287853 1071675501 2912180158 74444 76541 11845 1242547 
1789437547.545478156	456000000	66	0 41793524 86070936 170287853 1071675501 2912376254 74444 76541 11845 1242547 
1789437547.845318030	456000000	66	0 41793524 86070936 170287853 1071675501 2912578354 74444 76541 11845 1242547 
1789437548.142514934	456000000	66	0 41793524 86070936 170287853 1071675501 2912771532 74444 76541 11845 1242547 
1789437548.438876839	456000000	66	0 41793524 86070936 170287853 1071675501 2912969635 74444 76541 11845 1242547 
1789437548.740216817	456000000	66	0 41793524 86070936 170287853 1071675501 2913167056 74444 76541 11845 1242547 
1789437549.040272055	456000000	66	0 41793524 86070936 170287853 1071675501 2913365741 74444 76541 11845 1242547 
1789437549.341642606	456000000	66	0 41793524 86070936 170287853 1071675501 2913565626 74444 76541 11845 1242547 
1789437549.639162271	456000000	66	0 41793524 86070936 170287853 1071675501 2913762649 74444 76541 11845 1242547 
1789437549.932727092	456000000	66	0 41793524 86070936 170287853 1071675501 2913956581 74444 76541 11845 1242547 
1789437550.231438059	456000000	66	0 41793524 86070936 170287853 1071675501 2914157375 74444 76541 11845 1242547 
1789437550.534218610	456000000	66	0 41793524 86070936 170287853 1071675501 2914357738 74444 76541 11845 1242547 
1789437550.831167077	456000000	66	0 41793524 86070936 170287853 1071675501 2914557663 74444 76541 11845 1242547 
1789437551.134748722	456000000	66	0 41793524 86070936 170287853 1071675501 2914755662 74444 76541 11845 1242547 
1789437551.431291251	456000000	66	0 41793524 86070936 170287853 1071675501 2914951075 74444 76541 11845 1242547 
1789437551.732233833	456000000	66	0 41793524 86070936 170287853 1071675501 2915148961 74444 76541 11845 1242547 
1789437552.034325791	456000000	66	0 41793524 86070936 170287853 1071675501 2915352358 74444 76541 11845 1242547 
1789437552.332608581	456000000	66	0 41793524 86070936 170287853 1071675501 2915554269 74444 76541 11845 1242547 
1789437552.632083194	456000000	66	0 41793524 86070936 170287853 1071675501 2915752666 74444 76541 11845 1242547 
1789437552.932495203	456000000	66	0 41793524 86070936 170287853 1071675501 2915956494 74444 76541 11845 1242547 
1789437553.234272369	456000000	66	0 41793524 86070936 170287853 1071675501 2916162832 74444 76541 11845 1242547 
1789437553.535730107	456000000	67	0 41793524 86070936 170287853 1071675501 2916358739 74444 76541 11845 1242547 
1789437553.835079928	456000000	67	0 41793524 86070936 170287853 1071675501 2916558581 74444 76541 11845 1242547 
1789437554.133007041	456000000	67	0 41793524 86070936 170287853 1071675501 2916752851 74444 76541 11845 1242547 
1789437554.430469415	456000000	67	0 41793524 86070936 170287853 1071675501 2916951959 74444 76541 11845 1242547 
1789437554.729074601	456000000	66	0 41793524 86070936 170287853 1071675501 2917147093 74444 76541 11845 1242547 
1789437555.023523276	456000000	66	0 41793524 86070936 170287853 1071675501 2917341700 74444 76541 11845 1242547 
1789437555.319059295	456000000	66	0 41793524 86070936 170287853 1071675501 2917539499 74444 76541 11845 1242547 
1789437555.618469794	456000000	66	0 41793524 86070936 170287853 1071675501 2917737395 74444 76541 11845 1242547 
1789437555.915672011	456000000	66	0 41793524 86070936 170287853 1071675501 2917932418 74444 76541 11845 1242547 
1789437556.212613134	456000000	66	0 41793524 86070936 170287853 1071675501 2918131338 74444 76541 11845 1242547 
1789437556.512804987	456000000	66	0 41793524 86070936 170287853 1071675501 2918327985 74444 76541 11845 1242547 
1789437556.811658454	456000000	66	0 41793524 86070936 170287853 1071675501 2918526920 74444 76541 11845 1242547 
1789437557.110260984	456000000	66	0 41793524 86070936 170287853 1071675501 2918725126 74444 76541 11845 1242547 
1789437557.409735128	456000000	66	0 41793524 86070936 170287853 1071675501 2918923197 74444 76541 11845 1242547 
1789437557.711048335	456000000	66	0 41793524 86070936 170287853 1071675501 2919125711 74444 76541 11845 1242547 
1789437558.009557323	456000000	66	0 41793524 86070936 170287853 1071675501 2919320658 74444 76541 11845 1242547 
1789437558.308445739	456000000	66	0 41793524 86070936 170287853 1071675501 2919522476 74444 76541 11845 1242547 
1789437558.609279466	456000000	66	0 41793524 86070936 170287853 1071675501 2919722976 74444 76541 11845 1242547 
1789437558.906702257	456000000	66	0 41793524 86070936 170287853 1071675501 2919919558 74444 76541 11845 1242547 
1789437559.200442390	456000000	66	0 41793524 86070936 170287853 1071675501 2920118333 74444 76541 11845 1242547 
1789437559.499243201	456000000	66	0 41793524 86070936 170287853 1071675501 2920317940 74444 76541 11845 1242547 
1789437559.799386825	456000000	66	0 41793524 86070936 170287853 1071675501 2920512335 74444 76541 11845 1242547 
1789437560.098035865	456000000	66	0 41793524 86070936 170287853 1071675501 2920713737 74444 76541 11845 1242547 
1789437560.400039020	456000000	66	0 41793524 86070936 170287853 1071675501 2920914155 74444 76541 11845 1242547 
1789437560.703755508	456000000	66	0 41793524 86070936 170287853 1071675501 2921113654 74444 76541 11845 1242547 
1789437561.001655538	456000000	66	0 41793524 86070936 170287853 1071675501 2921313471 74444 76541 11845 1242547 
1789437561.301982912	456000000	66	0 41793524 86070936 170287853 1071675501 2921508122 74444 76541 11845 1242547 
1789437561.597143150	456000000	66	0 41793524 86070936 170287853 1071675501 2921706216 74444 76541 11845 1242547 
1789437561.897172450	456000000	66	0 41793524 86070936 170287853 1071675501 2921907908 74444 76541 11845 1242547 
1789437562.201304616	456000000	66	0 41793524 86070936 170287853 1071675501 2922107967 74444 76541 11845 1242547 
1789437562.499722875	456000000	66	0 41793524 86070936 170287853 1071675501 2922302150 74444 76541 11845 1242547 
1789437562.798117592	456000000	66	0 41793524 86070936 170287853 1071675501 2922501074 74444 76541 11845 1242547 
1789437563.092849288	456000000	66	0 41793524 86070936 170287853 1071675501 2922699013 74444 76541 11845 1242547 
1789437563.391549578	456000000	66	0 41793524 86070936 170287853 1071675501 2922898031 74444 76541 11845 1242547 
1789437563.689231535	456000000	66	0 41793524 86070936 170287853 1071675501 2923097336 74444 76541 11845 1242547 
1789437563.989208388	456000000	66	0 41793524 86070936 170287853 1071675501 2923295859 74444 76541 11845 1242547 
1789437564.288659407	456000000	66	0 41793524 86070936 170287853 1071675501 2923490023 74444 76541 11845 1242547 
1789437564.584047041	456000000	66	0 41793524 86070936 170287853 1071675501 2923688373 74444 76541 11845 1242547 
1789437564.885678269	456000000	66	0 41793524 86070936 170287853 1071675501 2923889492 74444 76541 11845 1242547 
1789437565.188926580	456000000	66	0 41793524 86070936 170287853 1071675501 2924088544 74444 76541 11845 1242547 
1789437565.488211558	456000000	66	0 41793524 86070936 170287853 1071675501 2924287384 74444 76541 11845 1242547 
1789437565.788374869	456000000	66	0 41793524 86070936 170287853 1071675501 2924489977 74444 76541 11845 1242547 
1789437566.087389743	456000000	66	0 41793524 86070936 170287853 1071675501 2924689088 74444 76541 11845 1242547 
1789437566.388911023	456000000	66	0 41793524 86070936 170287853 1071675501 2924885755 74444 76541 11845 1242547 
1789437566.687504334	456000000	66	0 41793524 86070936 170287853 1071675501 2925085383 74444 76541 11845 1242547 
1789437566.986134103	456000000	66	0 41793524 86070936 170287853 1071675501 2925284855 74444 76541 11845 1242547 
1789437567.285517570	456000000	66	0 41793524 86070936 170287853 1071675501 2925486580 74444 76541 11845 1242547 
1789437567.587635986	456000000	66	0 41793524 86070936 170287853 1071675501 2925682616 74444 76541 11845 1242547 
1789437567.886081120	456000000	66	0 41793524 86070936 170287853 1071675501 2925882435 74444 76541 11845 1242547 
1789437568.183712035	456000000	66	0 41793524 86070936 170287853 1071675501 2926081256 74444 76541 11845 1242547 
1789437568.478176283	456000000	66	0 41793524 86070936 170287853 1071675501 2926281394 74444 76541 11845 1242547 
1789437568.786270793	456000000	66	0 41793524 86070936 170287853 1071675501 2926481741 74444 76541 11845 1242547 
1789437569.085222437	456000000	66	0 41793524 86070936 170287853 1071675501 2926681439 74444 76541 11845 1242547 
1789437569.387301217	456000000	66	0 41793524 86070936 170287853 1071675501 2926886608 74444 76541 11845 1242547 
1789437569.688763799	456000000	66	0 41793524 86070936 170287853 1071675501 2927085050 74444 76541 11845 1242547 
1789437569.991421955	456000000	66	0 41793524 86070936 170287853 1071675501 2927281759 74444 76541 11845 1242547 
1789437570.287733130	456000000	66	0 41793524 86070936 170287853 1071675501 2927479297 74444 76541 11845 1242547 
1789437570.585170503	456000000	66	0 41793524 86070936 170287853 1071675501 2927677483 74444 76541 11845 1242547 
1789437570.878512199	456000000	66	0 41793524 86070936 170287853 1071675501 2927874432 74444 76541 11845 1242547 
1789437571.182537073	456000000	66	0 41793524 86070936 170287853 1071675501 2928074365 74444 76541 11845 1242547 
1789437571.482095072	456000000	66	0 41793524 86070936 170287853 1071675501 2928272180 74444 76541 11845 1242547 
1789437571.776881195	456000000	66	0 41793524 86070936 170287853 1071675501 2928471781 74444 76541 11845 1242547 
1789437572.075505391	456000000	66	0 41793524 86070936 170287853 1071675501 2928668814 74444 76541 11845 1242547 
1789437572.375363442	456000000	66	0 41793524 86070936 170287853 1071675501 2928866773 74444 76541 11845 1242547 
1789437572.671668315	456000000	66	0 41793524 86070936 170287853 1071675501 2929062974 74444 76541 11845 1242547 
1789437572.970027824	456000000	66	0 41793524 86070936 170287853 1071675501 2929261864 74444 76541 11845 1242547 
1789437573.267353948	456000000	66	0 41793524 86070936 170287853 1071675501 2929459770 74444 76541 11845 1242547 
1789437573.569660644	456000000	66	0 41793524 86070936 170287853 1071675501 2929669584 74444 76541 11845 1242547 
1789437573.876019789	456000000	66	0 41793524 86070936 170287853 1071675501 2929871607 74444 76541 11845 1242547 
1789437574.178660080	456000000	66	0 41793524 86070936 170287853 1071675501 2930073123 74444 76541 11845 1242547 
1789437574.477388078	456000000	67	0 41793524 86070936 170287853 1071675501 2930276148 74444 76541 11845 1242547 
1789437574.775276494	456000000	67	0 41793524 86070936 170287853 1071675501 2930476751 74444 76541 11845 1242547 
1789437575.077942565	456000000	67	0 41793524 86070936 170287853 1071675501 2930680704 74444 76541 11845 1242547 
1789437575.377951502	456000000	67	0 41793524 86070936 170287853 1071675501 2930878421 74444 76541 11845 1242547 
1789437575.676982469	456000000	66	0 41793524 86070936 170287853 1071675501 2931074702 74444 76541 11845 1242547 
1789437575.974684321	456000000	66	0 41793524 86070936 170287853 1071675501 2931274731 74444 76541 11845 1242547 
1789437576.271178466	456000000	66	0 41793524 86070936 170287853 1071675501 2931470687 74444 76541 11845 1242547 
1789437576.569301776	456000000	66	0 41793524 86070936 170287853 1071675501 2931666554 74444 76541 11845 1242547 
1789437576.867194098	456000000	66	0 41793524 86070936 170287853 1071675501 2931867398 74444 76541 11845 1242547 
1789437577.165222565	456000000	66	0 41793524 86070936 170287853 1071675501 2932064147 74444 76541 11845 1242547 
1789437577.463992074	456000000	66	0 41793524 86070936 170287853 1071675501 2932263659 74444 76541 11845 1242547 
1789437577.764950385	456000000	66	0 41793524 86070936 170287853 1071675501 2932462605 74444 76541 11845 1242547 
1789437578.063559842	456000000	66	0 41793524 86070936 170287853 1071675501 2932659724 74444 76541 11845 1242547 
1789437578.357465184	456000000	66	0 41793524 86070936 170287853 1071675501 2932859844 74444 76541 11845 1242547 
1789437578.660655006	456000000	66	0 41793524 86070936 170287853 1071675501 2933054771 74444 76541 11845 1242547 
1789437578.960523942	456000000	66	0 41793524 86070936 170287853 1071675501 2933259113 74444 76541 11845 1242547 
1789437579.260077253	456000000	66	0 41793524 86070936 170287853 1071675501 2933458100 74444 76541 11845 1242547 
1789437579.558182751	456000000	66	0 41793524 86070936 170287853 1071675501 2933652990 74444 76541 11845 1242547 
1789437579.854925333	456000000	66	0 41793524 86070936 170287853 1071675501 2933850651 74444 76541 11845 1242547 
1789437580.154516561	456000000	66	0 41793524 86070936 170287853 1071675501 2934049989 74444 76541 11845 1242547 
1789437580.455909664	456000000	66	0 41793524 86070936 170287853 1071675501 2934253100 74444 76541 11845 1242547 
1789437580.756759433	456000000	66	0 41793524 86070936 170287853 1071675501 2934453740 74444 76541 11845 1242547 
1789437581.056738161	456000000	66	0 41793524 86070936 170287853 1071675501 2934647796 74444 76541 11845 1242547 
1789437581.351342044	456000000	66	0 41793524 86070936 170287853 1071675501 2934845041 74444 76541 11845 1242547 
1789437581.645180772	456000000	66	0 41793524 86070936 170287853 1071675501 2935039532 74444 76541 11845 1242547 
1789437581.944072416	456000000	66	0 41793524 86070936 170287853 1071675501 2935243351 74444 76541 11845 1242547 
1789437582.243880675	456000000	66	0 41793524 86070936 170287853 1071675501 2935438516 74444 76541 11845 1242547 
1789437582.543105080	456000000	66	0 41793524 86070936 170287853 1071675501 2935637824 74444 76541 11845 1242547 
1789437582.843776099	456000000	66	0 41793524 86070936 170287853 1071675501 2935835998 74444 76541 11845 1242547 
1789437583.143235140	456000000	66	0 41793524 86070936 170287853 1071675501 2936036268 74444 76541 11845 1242547 
1789437583.444591993	456000000	66	0 41793524 86070936 170287853 1071675501 2936232607 74444 76541 11845 1242547 
1789437583.741626918	456000000	66	0 41793524 86070936 170287853 1071675501 2936432332 74444 76541 11845 1242547 
1789437584.041893094	456000000	66	0 41793524 86070936 170287853 1071675501 2936631085 74444 76541 11845 1242547 
1789437584.344282499	456000000	66	0 41793524 86070936 170287853 1071675501 2936833404 74444 76541 11845 1242547 
1789437584.646664404	456000000	66	0 41793524 86070936 170287853 1071675501 2937031318 74444 76541 11845 1242547 
1789437584.942893444	456000000	66	0 41793524 86070936 170287853 1071675501 2937231895 74444 76541 11845 1242547 
1789437585.243612172	456000000	66	0 41793524 86070936 170287853 1071675501 2937430799 74444 76541 11845 1242547 
1789437585.545809910	456000000	66	0 41793524 86070936 170287853 1071675501 2937625735 74444 76541 11845 1242547 
1789437585.846157961	456000000	66	0 41793524 86070936 170287853 1071675501 2937826863 74444 76541 11845 1242547 
1789437586.146145751	456000000	66	0 41793524 86070936 170287853 1071675501 2938027481 74444 76541 11845 1242547 
1789437586.446727865	456000000	66	0 41793524 86070936 170287853 1071675501 2938222718 74444 76541 11845 1242547 
1789437586.744701801	456000000	66	0 41793524 86070936 170287853 1071675501 2938422026 74444 76541 11845 1242547 
1789437587.049460737	456000000	66	0 41793524 86070936 170287853 1071675501 2938622230 74444 76541 11845 1242547 
1789437587.349743007	456000000	66	0 41793524 86070936 170287853 1071675501 2938820186 74444 76541 11845 1242547 
1789437587.647205432	456000000	66	0 41793524 86070936 170287853 1071675501 2939018501 74444 76541 11845 1242547 
1789437587.945406712	456000000	66	0 41793524 86070936 170287853 1071675501 2939214944 74444 76541 11845 1242547 
1789437588.244308044	456000000	66	0 41793524 86070936 170287853 1071675501 2939412503 74444 76541 11845 1242547 
1789437588.542968855	456000000	66	0 41793524 86070936 170287853 1071675501 2939611536 74444 76541 11845 1242547 
1789437588.841047999	456000000	66	0 41793524 86070936 170287853 1071675501 2939807804 74444 76541 11845 1242547 
1789437589.139645841	456000000	66	0 41793524 86070936 170287853 1071675501 2940007878 74444 76541 11845 1242547 
1789437589.439610871	456000000	66	0 41793524 86070936 170287853 1071675501 2940203346 74444 76541 11845 1242547 
1789437589.735628661	456000000	66	0 41793524 86070936 170287853 1071675501 2940403450 74444 76541 11845 1242547 
1789437590.036560410	456000000	66	0 41793524 86070936 170287853 1071675501 2940596671 74444 76541 11845 1242547 
1789437590.331279710	456000000	66	0 41793524 86070936 170287853 1071675501 2940793732 74444 76541 11845 1242547 
1789437590.627123750	456000000	66	0 41793524 86070936 170287853 1071675501 2940991846 74444 76541 11845 1242547 
1789437590.924585394	456000000	66	0 41793524 86070936 170287853 1071675501 2941186835 74444 76541 11845 1242547 
1789437591.221667142	456000000	66	0 41793524 86070936 170287853 1071675501 2941387084 74444 76541 11845 1242547 
1789437591.524395975	456000000	66	0 41793524 86070936 170287853 1071675501 2941585006 74444 76541 11845 1242547 
1789437591.822662046	456000000	66	0 41793524 86070936 170287853 1071675501 2941783529 74444 76541 11845 1242547 
1789437592.117004211	456000000	66	0 41793524 86070936 170287853 1071675501 2941984306 74444 76541 11845 1242547 
1789437592.421600856	456000000	66	0 41793524 86070936 170287853 1071675501 2942183611 74444 76541 11845 1242547 
1789437592.719794896	456000000	66	0 41793524 86070936 170287853 1071675501 2942380766 74444 76541 11845 1242547 
1789437593.017804300	456000000	66	0 41793524 86070936 170287853 1071675501 2942580174 74444 76541 11845 1242547 
1789437593.314787038	456000000	66	0 41793524 86070936 170287853 1071675501 2942776060 74444 76541 11845 1242547 
1789437593.612399308	456000000	66	0 41793524 86070936 170287853 1071675501 2942970285 74444 76541 11845 1242547 
1789437593.909453816	456000000	66	0 41793524 86070936 170287853 1071675501 2943169315 74444 76541 11845 1242547 
1789437594.212092440	456000000	66	0 41793524 86070936 170287853 1071675501 2943368625 74444 76541 11845 1242547 
1789437594.508738876	456000000	66	0 41793524 86070936 170287853 1071675501 2943566502 74444 76541 11845 1242547 
1789437594.806144999	456000000	66	0 41793524 86070936 170287853 1071675501 2943770675 74444 76541 11845 1242547 
1789437595.108933467	456000000	66	0 41793524 86070936 170287853 1071675501 2943974254 74444 76541 11845 1242547 
1789437595.409331205	456000000	66	0 41793524 86070936 170287853 1071675501 2944178679 74444 76541 11845 1242547 
1789437595.710742537	456000000	67	0 41793524 86070936 170287853 1071675501 2944381721 74444 76541 11845 1242547 
1789437596.008851942	456000000	67	0 41793524 86070936 170287853 1071675501 2944582626 74444 76541 11845 1242547 
1789437596.310155722	456000000	67	0 41793524 86070936 170287853 1071675501 2944784513 74444 76541 11845 1242547 
1789437596.608481012	456000000	67	0 41793524 86070936 170287853 1071675501 2944982575 74444 76541 11845 1242547 
1789437596.904924531	456000000	67	0 41793524 86070936 170287853 1071675501 2945182995 74444 76541 11845 1242547 
1789437597.206476384	456000000	67	0 41793524 86070936 170287853 1071675501 2945381071 74444 76541 11845 1242547 
1789437597.502245737	456000000	66	0 41793524 86070936 170287853 1071675501 2945577162 74444 76541 11845 1242547 
1789437597.799946756	456000000	66	0 41793524 86070936 170287853 1071675501 2945775467 74444 76541 11845 1242547 
1789437598.097070379	456000000	66	0 41793524 86070936 170287853 1071675501 2945971194 74444 76541 11845 1242547 
1789437598.392904211	456000000	66	0 41793524 86070936 170287853 1071675501 2946167804 74444 76541 11845 1242547 
1789437598.691009345	456000000	66	0 41793524 86070936 170287853 1071675501 2946365576 74444 76541 11845 1242547 
1789437598.989541458	456000000	66	0 41793524 86070936 170287853 1071675501 2946561731 74444 76541 11845 1242547 
1789437599.287265498	456000000	66	0 41793524 86070936 170287853 1071675501 2946759352 74444 76541 11845 1242547 
1789437599.586258080	456000000	66	0 41793524 86070936 170287853 1071675501 2946960433 74444 76541 11845 1242547 
1789437599.889112329	456000000	66	0 41793524 86070936 170287853 1071675501 2947162054 74444 76541 11845 1242547 
1789437600.189013504	456000000	66	0 41793524 86070936 170287853 1071675501 2947363923 74444 76541 11845 1242547 
1789437600.488054993	456000000	67	0 41793524 86070936 170287853 1071675501 2947562243 74444 76541 11845 1242547 
1789437600.788005908	456000000	67	0 41793524 86070936 170287853 1071675501 2947760906 74444 76541 11845 1242547 
1789437601.090697969	456000000	67	0 41793524 86070936 170287853 1071675501 2947962700 74444 76541 11845 1242547 
1789437601.384823884	456000000	67	0 41793524 86070936 170287853 1071675501 2948161158 74444 76541 11845 1242547 
1789437601.682058549	456000000	66	0 41793524 86070936 170287853 1071675501 2948358722 74444 76541 11845 1242547 
1789437601.980611183	456000000	66	0 41793524 86070936 170287853 1071675501 2948554385 74444 76541 11845 1242547 
1789437602.280761004	456000000	66	0 41793524 86070936 170287853 1071675501 2948752990 74444 76541 11845 1242547 
1789437602.582456503	456000000	66	0 41793524 86070936 170287853 1071675501 2948954058 74444 76541 11845 1242547 
1789437602.882136221	456000000	66	0 41793524 86070936 170287853 1071675501 2949159649 74444 76541 11845 1242547 
1789437603.188290678	456000000	66	0 41793524 86070936 170287853 1071675501 2949358869 74444 76541 11845 1242547 
1789437603.489202635	456000000	66	0 41793524 86070936 170287853 1071675501 2949559651 74444 76541 11845 1242547 
1789437603.791143499	456000000	66	0 41793524 86070936 170287853 1071675501 2949760668 74444 76541 11845 1242547 
1789437604.091664987	456000000	66	0 41793524 86070936 170287853 1071675501 2949962261 74444 76541 11845 1242547 
1789437604.389957517	456000000	66	0 41793524 86070936 170287853 1071675501 2950159371 74444 76541 11845 1242547 
1789437604.690822026	456000000	66	0 41793524 86070936 170287853 1071675501 2950360338 74444 76541 11845 1242547 
1789437604.989380181	456000000	66	0 41793524 86070936 170287853 1071675501 2950556982 74444 76541 11845 1242547 
1789437605.286483023	456000000	66	0 41793524 86070936 170287853 1071675501 2950756056 74444 76541 11845 1242547 
1789437605.584612896	456000000	66	0 41793524 86070936 170287853 1071675501 2950956458 74444 76541 11845 1242547 
1789437605.885861207	456000000	66	0 41793524 86070936 170287853 1071675501 2951152815 74444 76541 11845 1242547 
1789437606.182218424	456000000	66	0 41793524 86070936 170287853 1071675501 2951352787 74444 76541 11845 1242547 
1789437606.483969340	456000000	66	0 41793524 86070936 170287853 1071675501 2951550529 74444 76541 11845 1242547 
1789437606.780722703	456000000	66	0 41793524 86070936 170287853 1071675501 2951746183 74444 76541 11845 1242547 
1789437607.084931639	456000000	66	0 41793524 86070936 170287853 1071675501 2951947098 74444 76541 11845 1242547 
1789437607.379366252	456000000	66	0 41793524 86070936 170287853 1071675501 2952143590 74444 76541 11845 1242547 
1789437607.674712427	456000000	66	0 41793524 86070936 170287853 1071675501 2952340508 74444 76541 11845 1242547 
1789437607.970013030	456000000	66	0 41793524 86070936 170287853 1071675501 2952537356 74444 76541 11845 1242547 
1789437608.268047747	456000000	66	0 41793524 86070936 170287853 1071675501 2952735204 74444 76541 11845 1242547 
1789437608.571582360	456000000	66	0 41793524 86070936 170287853 1071675501 2952936784 74444 76541 11845 1242547 
1789437608.870770411	456000000	66	0 41793524 86070936 170287853 1071675501 2953132149 74444 76541 11845 1242547 
1789437609.168865284	456000000	66	0 41793524 86070936 170287853 1071675501 2953330004 74444 76541 11845 1242547 
1789437609.470512919	456000000	66	0 41793524 86070936 170287853 1071675501 2953534339 74444 76541 11845 1242547 
1789437609.772838417	456000000	66	0 41793524 86070936 170287853 1071675501 2953733873 74444 76541 11845 1242547 
1789437610.077967510	456000000	66	0 41793524 86070936 170287853 1071675501 2953934171 74444 76541 11845 1242547 
1789437610.380970301	456000000	66	0 41793524 86070936 170287853 1071675501 2954136609 74444 76541 11845 1242547 
1789437610.681406529	456000000	66	0 41793524 86070936 170287853 1071675501 2954339456 74444 76541 11845 1242547 
1789437610.985960882	456000000	66	0 41793524 86070936 170287853 1071675501 2954536882 74444 76541 11845 1242547 
1789437611.281275443	456000000	66	0 41793524 86070936 170287853 1071675501 2954733825 74444 76541 11845 1242547 
1789437611.579003806	456000000	66	0 41793524 86070936 170287853 1071675501 2954931200 74444 76541 11845 1242547 
1789437611.878998419	456000000	66	0 41793524 86070936 170287853 1071675501 2955131247 74444 76541 11845 1242547 
1789437612.178898240	456000000	66	0 41793524 86070936 170287853 1071675501 2955331576 74444 76541 11845 1242547 
1789437612.480213479	456000000	66	0 41793524 86070936 170287853 1071675501 2955530306 74444 76541 11845 1242547 
1789437612.779515384	456000000	66	0 41793524 86070936 170287853 1071675501 2955728966 74444 76541 11845 1242547 
1789437613.079599580	456000000	66	0 41793524 86070936 170287853 1071675501 2955928010 74444 76541 11845 1242547 
1789437613.372277474	456000000	66	0 41793524 86070936 170287853 1071675501 2956124902 74444 76541 11845 1242547 
1789437613.671884327	456000000	66	0 41793524 86070936 170287853 1071675501 2956321272 74444 76541 11845 1242547 
1789437613.967866023	456000000	66	0 41793524 86070936 170287853 1071675501 2956519182 74444 76541 11845 1242547 
1789437614.265728709	456000000	66	0 41793524 86070936 170287853 1071675501 2956717883 74444 76541 11845 1242547 
1789437614.561560353	456000000	66	0 41793524 86070936 170287853 1071675501 2956916035 74444 76541 11845 1242547 
1789437614.864174810	456000000	66	0 41793524 86070936 170287853 1071675501 2957112877 74444 76541 11845 1242547 
1789437615.158981610	456000000	66	0 41793524 86070936 170287853 1071675501 2957312468 74444 76541 11845 1242547 
1789437615.457340442	456000000	66	0 41793524 86070936 170287853 1071675501 2957507027 74444 76541 11845 1242547 
1789437615.755646097	456000000	66	0 41793524 86070936 170287853 1071675501 2957706831 74444 76541 11845 1242547 
1789437616.060336335	456000000	66	0 41793524 86070936 170287853 1071675501 2957917207 74444 76541 11845 1242547 
1789437616.359682251	456000000	66	0 41793524 86070936 170287853 1071675501 2958120884 74444 76541 11845 1242547 
1789437616.663746083	456000000	67	0 41793524 86070936 170287853 1071675501 2958323563 74444 76541 11845 1242547 
1789437616.967420645	456000000	67	0 41793524 86070936 170287853 1071675501 2958526792 74444 76541 11845 1242547 
1789437617.265926976	456000000	67	0 41793524 86070936 170287853 1071675501 2958726086 74444 76541 11845 1242547 
1789437617.566355913	456000000	66	0 41793524 86070936 170287853 1071675501 2958924733 74444 76541 11845 1242547 
1789437617.867738599	456000000	66	0 41793524 86070936 170287853 1071675501 2959124756 74444 76541 11845 1242547 
1789437618.164702066	456000000	66	0 41793524 86070936 170287853 1071675501 2959322226 74444 76541 11845 1242547 
1789437618.466200533	456000000	66	0 41793524 86070936 170287853 1071675501 2959521472 74444 76541 11845 1242547 
1789437618.764133480	456000000	66	0 41793524 86070936 170287853 1071675501 2959716065 74444 76541 11845 1242547 
1789437619.059489134	456000000	66	0 41793524 86070936 170287853 1071675501 2959913779 74444 76541 11845 1242547 
1789437619.356485570	456000000	66	0 41793524 86070936 170287853 1071675501 2960112489 74444 76541 11845 1242547 
1789437619.659266538	456000000	66	0 41793524 86070936 170287853 1071675501 2960313462 74444 76541 11845 1242547 
1789437619.959787245	456000000	66	0 41793524 86070936 170287853 1071675501 2960509384 74444 76541 11845 1242547 
1789437620.256360764	456000000	66	0 41793524 86070936 170287853 1071675501 2960708584 74444 76541 11845 1242547 
1789437620.557868034	456000000	66	0 41793524 86070936 170287853 1071675501 2960908951 74444 76541 11845 1242547 
1789437620.856575667	456000000	66	0 41793524 86070936 170287853 1071675501 2961108378 74444 76541 11845 1242547 
1789437621.155477728	456000000	66	0 41793524 86070936 170287853 1071675501 2961308956 74444 76541 11845 1242547 
1789437621.457224998	456000000	66	0 41793524 86070936 170287853 1071675501 2961506990 74444 76541 11845 1242547 
1789437621.751672319	456000000	66	0 41793524 86070936 170287853 1071675501 2961705451 74444 76541 11845 1242547 
1789437622.048560422	456000000	66	0 41793524 86070936 170287853 1071675501 2961900646 74444 76541 11845 1242547 
1789437622.343610868	456000000	66	0 41793524 86070936 170287853 1071675501 2962100509 74444 76541 11845 1242547 
1789437622.648004544	456000000	66	0 41793524 86070936 170287853 1071675501 2962305531 74444 76541 11845 1242547 
1789437622.947390615	456000000	66	0 41793524 86070936 170287853 1071675501 2962503339 74444 76541 11845 1242547 
1789437623.247620749	456000000	66	0 41793524 86070936 170287853 1071675501 2962709219 74444 76541 11845 1242547 
1789437623.554771665	456000000	66	0 41793524 86070936 170287853 1071675501 2962910056 74444 76541 11845 1242547 
1789437623.855228518	456000000	66	0 41793524 86070936 170287853 1071675501 2963109785 74444 76541 11845 1242547 
1789437624.153771308	456000000	66	0 41793524 86070936 170287853 1071675501 2963308735 74444 76541 11845 1242547 
1789437624.456212484	456000000	66	0 41793524 86070936 170287853 1071675501 2963507950 74444 76541 11845 1242547 
1789437624.756247775	456000000	66	0 41793524 86070936 170287853 1071675501 2963706244 74444 76541 11845 1242547 
1789437625.057753221	456000000	66	0 41793524 86070936 170287853 1071675501 2963905472 74444 76541 11845 1242547 
1789437625.360104293	456000000	66	0 41793524 86070936 170287853 1071675501 2964106777 74444 76541 11845 1242547 
1789437625.660800990	456000000	66	0 41793524 86070936 170287853 1071675501 2964305306 74444 76541 11845 1242547 
1789437625.958655030	456000000	66	0 41793524 86070936 170287853 1071675501 2964502496 74444 76541 11845 1242547 
1789437626.255928549	456000000	66	0 41793524 86070936 170287853 1071675501 2964699747 74444 76541 11845 1242547 
1789437626.550425714	456000000	66	0 41793524 86070936 170287853 1071675501 2964896208 74444 76541 11845 1242547 
1789437626.851391525	456000000	66	0 41793524 86070936 170287853 1071675501 2965091513 74444 76541 11845 1242547 
1789437627.147516190	456000000	66	0 41793524 86070936 170287853 1071675501 2965298156 74444 76541 11845 1242547 
1789437627.453894293	456000000	66	0 41793524 86070936 170287853 1071675501 2965495668 74444 76541 11845 1242547 
1789437627.748892812	456000000	66	0 41793524 86070936 170287853 1071675501 2965693075 74444 76541 11845 1242547 
1789437628.049263311	456000000	66	0 41793524 86070936 170287853 1071675501 2965889202 74444 76541 11845 1242547 
1789437628.342824851	456000000	66	0 41793524 86070936 170287853 1071675501 2966082710 74444 76541 11845 1242547 
1789437628.637122432	456000000	66	0 41793524 86070936 170287853 1071675501 2966282760 74444 76541 11845 1242547 
1789437628.936885222	456000000	66	0 41793524 86070936 170287853 1071675501 2966479396 74444 76541 11845 1242547 
1789437629.238214211	456000000	66	0 41793524 86070936 170287853 1071675501 2966683607 74444 76541 11845 1242547 
1789437629.538955803	456000000	66	0 41793524 86070936 170287853 1071675501 2966883051 74444 76541 11845 1242547 
1789437629.840337812	456000000	66	0 41793524 86070936 170287853 1071675501 2967084758 74444 76541 11845 1242547 
1789437630.143024353	456000000	66	0 41793524 86070936 170287853 1071675501 2967284059 74444 76541 11845 1242547 
1789437630.442661518	456000000	66	0 41793524 86070936 170287853 1071675501 2967483662 74444 76541 11845 1242547 
1789437630.745373059	456000000	66	0 41793524 86070936 170287853 1071675501 2967683834 74444 76541 11845 1242547 
1789437631.043192932	456000000	66	0 41793524 86070936 170287853 1071675501 2967882763 74444 76541 11845 1242547 
1789437631.345508067	456000000	66	0 41793524 86070936 170287853 1071675501 2968078220 74444 76541 11845 1242547 
1789437631.639697471	456000000	66	0 41793524 86070936 170287853 1071675501 2968273748 74444 76541 11845 1242547 
1789437631.935367500	456000000	66	0 41793524 86070936 170287853 1071675501 2968472922 74444 76541 11845 1242547 
1789437632.232267894	456000000	66	0 41793524 86070936 170287853 1071675501 2968671513 74444 76541 11845 1242547 
1789437632.530310372	456000000	66	0 41793524 86070936 170287853 1071675501 2968866010 74444 76541 11845 1242547 
1789437632.826396964	456000000	66	0 41793524 86070936 170287853 1071675501 2969062695 74444 76541 11845 1242547 
1789437633.126197827	456000000	66	0 41793524 86070936 170287853 1071675501 2969262713 74444 76541 11845 1242547 
1789437633.426310149	456000000	66	0 41793524 86070936 170287853 1071675501 2969460476 74444 76541 11845 1242547 
1789437633.724769866	456000000	66	0 41793524 86070936 170287853 1071675501 2969659435 74444 76541 11845 1242547 
1789437634.020871771	456000000	66	0 41793524 86070936 170287853 1071675501 2969859175 74444 76541 11845 1242547 
1789437634.326576280	456000000	66	0 41793524 86070936 170287853 1071675501 2970058892 74444 76541 11845 1242547 
1789437634.625377039	456000000	66	0 41793524 86070936 170287853 1071675501 2970261026 74444 76541 11845 1242547 
1789437634.923411496	456000000	66	0 41793524 86070936 170287853 1071675501 2970461522 74444 76541 11845 1242547 
1789437635.224437099	456000000	66	0 41793524 86070936 170287853 1071675501 2970663783 74444 76541 11845 1242547 
1789437635.527984317	456000000	66	0 41793524 86070936 170287853 1071675501 2970865181 74444 76541 11845 1242547 
1789437635.829160909	456000000	66	0 41793524 86070936 170287853 1071675501 2971062506 74444 76541 11845 1242547 
1789437636.131621095	456000000	66	0 41793524 86070936 170287853 1071675501 2971262364 74444 76541 11845 1242547 
1789437636.432311021	456000000	66	0 41793524 86070936 170287853 1071675501 2971464357 74444 76541 11845 1242547 
1789437636.728397353	456000000	66	0 41793524 86070936 170287853 1071675501 2971660972 74444 76541 11845 1242547 
1789437637.026373945	456000000	66	0 41793524 86070936 170287853 1071675501 2971859145 74444 76541 11845 1242547 
1789437637.326469444	456000000	66	0 41793524 86070936 170287853 1071675501 2972064009 74444 76541 11845 1242547 
1789437637.624649838	456000000	67	0 41793524 86070936 170287853 1071675501 2972264241 74444 76541 11845 1242547 
1789437637.926103149	456000000	67	0 41793524 86070936 170287853 1071675501 2972470345 74444 76541 11845 1242547 
1789437638.231973492	456000000	67	0 41793524 86070936 170287853 1071675501 2972676807 74444 76541 11845 1242547 
1789437638.530510814	456000000	67	0 41793524 86070936 170287853 1071675501 2972871097 74444 76541 11845 1242547 
1789437638.825802978	456000000	67	0 41793524 86070936 170287853 1071675501 2973071960 74444 76541 11845 1242547 
1789437639.128717800	456000000	67	0 41793524 86070936 170287853 1071675501 2973269581 74444 76541 11845 1242547 
1789437639.425610851	456000000	67	0 41793524 86070936 170287853 1071675501 2973467440 74444 76541 11845 1242547 
1789437639.728299683	456000000	66	0 41793524 86070936 170287853 1071675501 2973667269 74444 76541 11845 1242547 
1789437640.022619087	456000000	66	0 41793524 86070936 170287853 1071675501 2973864462 74444 76541 11845 1242547 
1789437640.317138648	456000000	66	0 41793524 86070936 170287853 1071675501 2974058847 74444 76541 11845 1242547 
1789437640.611623990	456000000	66	0 41793524 86070936 170287853 1071675501 2974256513 74444 76541 11845 1242547 
1789437640.911830009	456000000	66	0 41793524 86070936 170287853 1071675501 2974456385 74444 76541 11845 1242547 
1789437641.213903216	456000000	66	0 41793524 86070936 170287853 1071675501 2974656627 74444 76541 11845 1242547 
1789437641.513080225	456000000	66	0 41793524 86070936 170287853 1071675501 2974855523 74444 76541 11845 1242547 
1789437641.810518067	456000000	66	0 41793524 86070936 170287853 1071675501 2975055937 74444 76541 11845 1242547 
1789437642.113980181	456000000	66	0 41793524 86070936 170287853 1071675501 2975254340 74444 76541 11845 1242547 
1789437642.408532919	456000000	66	0 41793524 86070936 170287853 1071675501 2975450724 74444 76541 11845 1242547 
1789437642.711807115	456000000	66	0 41793524 86070936 170287853 1071675501 2975650826 74444 76541 11845 1242547 
1789437643.011280999	456000000	66	0 41793524 86070936 170287853 1071675501 2975845768 74444 76541 11845 1242547 
1789437643.312514779	456000000	66	0 41793524 86070936 170287853 1071675501 2976047994 74444 76541 11845 1242547 
1789437643.610761320	456000000	66	0 41793524 86070936 170287853 1071675501 2976244107 74444 76541 11845 1242547 
1789437643.908549214	456000000	66	0 41793524 86070936 170287853 1071675501 2976446499 74444 76541 11845 1242547 
1789437644.208017525	456000000	66	0 41793524 86070936 170287853 1071675501 2976641826 74444 76541 11845 1242547 
1789437644.504336617	456000000	66	0 41793524 86070936 170287853 1071675501 2976841824 74444 76541 11845 1242547 
1789437644.806189355	456000000	66	0 41793524 86070936 170287853 1071675501 2977043160 74444 76541 11845 1242547 
1789437645.106321208	456000000	66	0 41793524 86070936 170287853 1071675501 2977243081 74444 76541 11845 1242547 
1789437645.407593165	456000000	66	0 41793524 86070936 170287853 1071675501 2977436138 74444 76541 11845 1242547 
1789437645.706081580	456000000	66	0 41793524 86070936 170287853 1071675501 2977635500 74444 76541 11845 1242547 
1789437646.004862131	456000000	66	0 41793524 86070936 170287853 1071675501 2977833041 74444 76541 11845 1242547 
1789437646.304157786	456000000	66	0 41793524 86070936 170287853 1071675501 2978032036 74444 76541 11845 1242547 
1789437646.604185837	456000000	66	0 41793524 86070936 170287853 1071675501 2978230261 74444 76541 11845 1242547 
1789437646.905226387	456000000	66	0 41793524 86070936 170287853 1071675501 2978429640 74444 76541 11845 1242547 
1789437647.203942875	456000000	66	0 41793524 86070936 170287853 1071675501 2978628157 74444 76541 11845 1242547 
1789437647.504027801	456000000	66	0 41793524 86070936 170287853 1071675501 2978829995 74444 76541 11845 1242547 
1789437647.804139550	456000000	66	0 41793524 86070936 170287853 1071675501 2979026449 74444 76541 11845 1242547 
1789437648.099201402	456000000	66	0 41793524 86070936 170287853 1071675501 2979219390 74444 76541 11845 1242547 
1789437648.394177109	456000000	66	0 41793524 86070936 170287853 1071675501 2979419201 74444 76541 11845 1242547 
1789437648.697191462	456000000	66	0 41793524 86070936 170287853 1071675501 2979615022 74444 76541 11845 1242547 
1789437648.993233210	456000000	66	0 41793524 86070936 170287853 1071675501 2979813310 74444 76541 11845 1242547 
1789437649.292817146	456000000	66	0 41793524 86070936 170287853 1071675501 2980010462 74444 76541 11845 1242547 
1789437649.589872019	456000000	66	0 41793524 86070936 170287853 1071675501 2980208102 74444 76541 11845 1242547 
1789437649.886027674	456000000	66	0 41793524 86070936 170287853 1071675501 2980404828 74444 76541 11845 1242547 
1789437650.187413954	456000000	66	0 41793524 86070936 170287853 1071675501 2980603281 74444 76541 11845 1242547 
1789437650.487609973	456000000	66	0 41793524 86070936 170287853 1071675501 2980802043 74444 76541 11845 1242547 
1789437650.785316149	456000000	66	0 41793524 86070936 170287853 1071675501 2980999255 74444 76541 11845 1242547 
1789437651.085930085	456000000	66	0 41793524 86070936 170287853 1071675501 2981195950 74444 76541 11845 1242547 
1789437651.381821521	456000000	66	0 41793524 86070936 170287853 1071675501 2981394473 74444 76541 11845 1242547 
1789437651.686843739	456000000	66	0 41793524 86070936 170287853 1071675501 2981596000 74444 76541 11845 1242547 
1789437651.984198820	456000000	66	0 41793524 86070936 170287853 1071675501 2981790278 74444 76541 11845 1242547 
1789437652.283655465	456000000	66	0 41793524 86070936 170287853 1071675501 2981988830 74444 76541 11845 1242547 
1789437652.587212787	456000000	66	0 41793524 86070936 170287853 1071675501 2982189680 74444 76541 11845 1242547 
1789437652.884189170	456000000	66	0 41793524 86070936 170287853 1071675501 2982389989 74444 76541 11845 1242547 
1789437653.185659253	456000000	66	0 41793524 86070936 170287853 1071675501 2982583450 74444 76541 11845 1242547 
1789437653.485954074	456000000	66	0 41793524 86070936 170287853 1071675501 2982786956 74444 76541 11845 1242547 
1789437653.782417385	456000000	66	0 41793524 86070936 170287853 1071675501 2982981291 74444 76541 11845 1242547 
1789437654.082270175	456000000	66	0 41793524 86070936 170287853 1071675501 2983181413 74444 76541 11845 1242547 
1789437654.382033591	456000000	66	0 41793524 86070936 170287853 1071675501 2983380696 74444 76541 11845 1242547 
1789437654.682844402	456000000	66	0 41793524 86070936 170287853 1071675501 2983578300 74444 76541 11845 1242547 
1789437654.980385994	456000000	66	0 41793524 86070936 170287853 1071675501 2983778071 74444 76541 11845 1242547 
1789437655.284270712	456000000	66	0 41793524 86070936 170287853 1071675501 2983977896 74444 76541 11845 1242547 
1789437655.584149856	456000000	66	0 41793524 86070936 170287853 1071675501 2984175423 74444 76541 11845 1242547 
1789437655.883506865	456000000	66	0 41793524 86070936 170287853 1071675501 2984375380 74444 76541 11845 1242547 
1789437656.185339187	456000000	66	0 41793524 86070936 170287853 1071675501 2984575935 74444 76541 11845 1242547 
1789437656.484808592	456000000	66	0 41793524 86070936 170287853 1071675501 2984774515 74444 76541 11845 1242547 
1789437656.784962528	456000000	66	0 41793524 86070936 170287853 1071675501 2984970340 74444 76541 11845 1242547 
1789437657.081928651	456000000	66	0 41793524 86070936 170287853 1071675501 2985170210 74444 76541 11845 1242547 
1789437657.379743316	456000000	66	0 41793524 86070936 170287853 1071675501 2985369051 74444 76541 11845 1242547 
1789437657.676495898	456000000	66	0 41793524 86070936 170287853 1071675501 2985562417 74444 76541 11845 1242547 
1789437657.974132334	456000000	66	0 41793524 86070936 170287853 1071675501 2985760020 74444 76541 11845 1242547 
1789437658.271757728	456000000	66	0 41793524 86070936 170287853 1071675501 2985956608 74444 76541 11845 1242547 
1789437658.569214008	456000000	66	0 41793524 86070936 170287853 1071675501 2986156929 74444 76541 11845 1242547 
1789437658.870231381	456000000	66	0 41793524 86070936 170287853 1071675501 2986357541 74444 76541 11845 1242547 
1789437659.169060734	456000000	66	0 41793524 86070936 170287853 1071675501 2986555965 74444 76541 11845 1242547 
1789437659.470074566	456000000	66	0 41793524 86070936 170287853 1071675501 2986756470 74444 76541 11845 1242547 
1789437659.771938450	456000000	66	0 41793524 86070936 170287853 1071675501 2986953456 74444 76541 11845 1242547 
1789437660.071336345	456000000	66	0 41793524 86070936 170287853 1071675501 2987153035 74444 76541 11845 1242547 
1789437660.362956166	456000000	66	0 41793524 86070936 170287853 1071675501 2987348430 74444 76541 11845 1242547 
1789437660.662368747	456000000	66	0 41793524 86070936 170287853 1071675501 2987545118 74444 76541 11845 1242547 
1789437660.962313465	456000000	66	0 41793524 86070936 170287853 1071675501 2987743704 74444 76541 11845 1242547 
1789437661.258098598	456000000	66	0 41793524 86070936 170287853 1071675501 2987944332 74444 76541 11845 1242547 
1789437661.551779305	456000000	66	0 41793524 86070936 170287853 1071675501 2988136411 74444 76541 11845 1242547 
1789437661.847924751	456000000	66	0 41793524 86070936 170287853 1071675501 2988332362 74444 76541 11845 1242547 
1789437662.142115874	456000000	66	0 41793524 86070936 170287853 1071675501 2988529668 74444 76541 11845 1242547 
1789437662.439782831	456000000	66	0 41793524 86070936 170287853 1071675501 2988723609 74444 76541 11845 1242547 
1789437662.737117131	456000000	66	0 41793524 86070936 170287853 1071675501 2988923300 74444 76541 11845 1242547 
1789437663.038192370	456000000	66	0 41793524 86070936 170287853 1071675501 2989121039 74444 76541 11845 1242547 
1789437663.334917868	456000000	66	0 41793524 86070936 170287853 1071675501 2989318713 74444 76541 11845 1242547 
1789437663.635688783	456000000	66	0 41793524 86070936 170287853 1071675501 2989518610 74444 76541 11845 1242547 
1789437663.938608605	456000000	66	0 41793524 86070936 170287853 1071675501 2989717270 74444 76541 11845 1242547 
1789437664.233863634	456000000	66	0 41793524 86070936 170287853 1071675501 2989912388 74444 76541 11845 1242547 
1789437664.527197674	456000000	66	0 41793524 86070936 170287853 1071675501 2990108117 74444 76541 11845 1242547 
1789437664.823606193	456000000	66	0 41793524 86070936 170287853 1071675501 2990307530 74444 76541 11845 1242547 
1789437665.121345598	456000000	66	0 41793524 86070936 170287853 1071675501 2990505791 74444 76541 11845 1242547 
1789437665.425841982	456000000	66	0 41793524 86070936 170287853 1071675501 2990704147 74444 76541 11845 1242547 
1789437665.724371179	456000000	66	0 41793524 86070936 170287853 1071675501 2990900304 74444 76541 11845 1242547 
1789437666.020851052	456000000	66	0 41793524 86070936 170287853 1071675501 2991096621 74444 76541 11845 1242547 
1789437666.319018582	456000000	66	0 41793524 86070936 170287853 1071675501 2991291228 74444 76541 11845 1242547 
1789437666.617178507	456000000	66	0 41793524 86070936 170287853 1071675501 2991492173 74444 76541 11845 1242547 
1789437666.917436610	456000000	66	0 41793524 86070936 170287853 1071675501 2991688221 74444 76541 11845 1242547 
1789437667.216478880	456000000	66	0 41793524 86070936 170287853 1071675501 2991889470 74444 76541 11845 1242547 
1789437667.516111357	456000000	66	0 41793524 86070936 170287853 1071675501 2992087995 74444 76541 11845 1242547 
1789437667.814568574	456000000	66	0 41793524 86070936 170287853 1071675501 2992287177 74444 76541 11845 1242547 
1789437668.111916990	456000000	66	0 41793524 86070936 170287853 1071675501 2992481456 74444 76541 11845 1242547 
1789437668.406405144	456000000	66	0 41793524 86070936 170287853 1071675501 2992680043 74444 76541 11845 1242547 
1789437668.706369445	456000000	66	0 41793524 86070936 170287853 1071675501 2992880984 74444 76541 11845 1242547 
1789437669.009139371	456000000	66	0 41793524 86070936 170287853 1071675501 2993081725 74444 76541 11845 1242547 
1789437669.308567473	456000000	66	0 41793524 86070936 170287853 1071675501 2993279885 74444 76541 11845 1242547 
1789437669.609438649	456000000	66	0 41793524 86070936 170287853 1071675501 2993477000 74444 76541 11845 1242547 
1789437669.905877533	456000000	66	0 41793524 86070936 170287853 1071675501 2993677080 74444 76541 11845 1242547 
1789437670.208715063	456000000	66	0 41793524 86070936 170287853 1071675501 2993877178 74444 76541 11845 1242547 
1789437670.504575509	456000000	66	0 41793524 86070936 170287853 1071675501 2994074770 74444 76541 11845 1242547 
1789437670.808310539	456000000	66	0 41793524 86070936 170287853 1071675501 2994276574 74444 76541 11845 1242547 
1789437671.107649163	456000000	66	0 41793524 86070936 170287853 1071675501 2994474892 74444 76541 11845 1242547 
1789437671.409912110	456000000	66	0 41793524 86070936 170287853 1071675501 2994675470 74444 76541 11845 1242547 
1789437671.710282192	456000000	66	0 41793524 86070936 170287853 1071675501 2994873893 74444 76541 11845 1242547 
1789437672.008872638	456000000	66	0 41793524 86070936 170287853 1071675501 2995075965 74444 76541 11845 1242547 
1789437672.311064647	456000000	66	0 41793524 86070936 170287853 1071675501 2995269215 74444 76541 11845 1242547 
1789437672.610246761	456000000	66	0 41793524 86070936 170287853 1071675501 2995469241 74444 76541 11845 1242547 
1789437672.908440332	456000000	66	0 41793524 86070936 170287853 1071675501 2995670546 74444 76541 11845 1242547 
1789437673.209714424	456000000	66	0 41793524 86070936 170287853 1071675501 2995870605 74444 76541 11845 1242547 
1789437673.509614871	456000000	66	0 41793524 86070936 170287853 1071675501 2996070500 74444 76541 11845 1242547 
1789437673.807748703	456000000	66	0 41793524 86070936 170287853 1071675501 2996270101 74444 76541 11845 1242547 
1789437674.105290139	456000000	66	0 41793524 86070936 170287853 1071675501 2996469159 74444 76541 11845 1242547 
1789437674.400050897	456000000	66	0 41793524 86070936 170287853 1071675501 2996664993 74444 76541 11845 1242547 
1789437674.695025614	456000000	66	0 41793524 86070936 170287853 1071675501 2996859818 74444 76541 11845 1242547 
1789437674.992491685	456000000	66	0 41793524 86070936 170287853 1071675501 2997056340 74444 76541 11845 1242547 
1789437675.291853330	456000000	66	0 41793524 86070936 170287853 1071675501 2997252067 74444 76541 11845 1242547 
1789437675.586314140	456000000	66	0 41793524 86070936 170287853 1071675501 2997450985 74444 76541 11845 1242547 
1789437675.884696931	456000000	66	0 41793524 86070936 170287853 1071675501 2997646973 74444 76541 11845 1242547 
1789437676.182653575	456000000	66	0 41793524 86070936 170287853 1071675501 2997846181 74444 76541 11845 1242547 
1789437676.480244490	456000000	66	0 41793524 86070936 170287853 1071675501 2998043060 74444 76541 11845 1242547 
1789437676.776836759	456000000	66	0 41793524 86070936 170287853 1071675501 2998243697 74444 76541 11845 1242547 
1789437677.080018664	456000000	66	0 41793524 86070936 170287853 1071675501 2998444773 74444 76541 11845 1242547 
1789437677.382707132	456000000	66	0 41793524 86070936 170287853 1071675501 2998642441 74444 76541 11845 1242547 
1789437677.681448776	456000000	66	0 41793524 86070936 170287853 1071675501 2998840445 74444 76541 11845 1242547 
1789437677.981023962	456000000	66	0 41793524 86070936 170287853 1071675501 2999038426 74444 76541 11845 1242547 
1789437678.275236908	456000000	66	0 41793524 86070936 170287853 1071675501 2999232115 74444 76541 11845 1242547 
1789437678.573608917	456000000	66	0 41793524 86070936 170287853 1071675501 2999430988 74444 76541 11845 1242547 
1789437678.874405718	456000000	66	0 41793524 86070936 170287853 1071675501 2999630621 74444 76541 11845 1242547 
1789437679.174009446	456000000	66	0 41793524 86070936 170287853 1071675501 2999833890 74444 76541 11845 1242547 
1789437679.475670830	456000000	66	0 41793524 86070936 170287853 1071675501 3000034215 74444 76541 11845 1242547 
1789437679.776184922	456000000	66	0 41793524 86070936 170287853 1071675501 3000237337 74444 76541 11845 1242547 
1789437680.075804275	456000000	66	0 41793524 86070936 170287853 1071675501 3000438024 74444 76541 11845 1242547 
1789437680.375562326	456000000	66	0 41793524 86070936 170287853 1071675501 3000640677 74444 76541 11845 1242547 
1789437680.675258293	456000000	67	0 41793524 86070936 170287853 1071675501 3000843843 74444 76541 11845 1242547 
1789437680.974414104	456000000	67	0 41793524 86070936 170287853 1071675501 3001038414 74444 76541 11845 1242547 
1789437681.271288248	456000000	67	0 41793524 86070936 170287853 1071675501 3001236647 74444 76541 11845 1242547 
1789437681.565759580	456000000	66	0 41793524 86070936 170287853 1071675501 3001429764 74444 76541 11845 1242547 
1789437681.864614349	456000000	66	0 41793524 86070936 170287853 1071675501 3001628957 74444 76541 11845 1242547 
1789437682.160051826	456000000	66	0 41793524 86070936 170287853 1071675501 3001825336 74444 76541 11845 1242547 
1789437682.454443106	456000000	66	0 41793524 86070936 170287853 1071675501 3002018041 74444 76541 11845 1242547 
1789437682.749752041	456000000	66	0 41793524 86070936 170287853 1071675501 3002214928 74444 76541 11845 1242547 
1789437683.047652644	456000000	66	0 41793524 86070936 170287853 1071675501 3002409169 74444 76541 11845 1242547 
1789437683.340353142	456000000	66	0 41793524 86070936 170287853 1071675501 3002605790 74444 76541 11845 1242547 
1789437683.642302339	456000000	66	0 41793524 86070936 170287853 1071675501 3002807116 74444 76541 11845 1242547 
1789437683.942814921	456000000	66	0 41793524 86070936 170287853 1071675501 3003002992 74444 76541 11845 1242547 
1789437684.243194742	456000000	66	0 41793524 86070936 170287853 1071675501 3003206824 74444 76541 11845 1242547 
1789437684.546319929	456000000	66	0 41793524 86070936 170287853 1071675501 3003402072 74444 76541 11845 1242547 
1789437684.842879281	456000000	66	0 41793524 86070936 170287853 1071675501 3003598141 74444 76541 11845 1242547 
1789437685.144306915	456000000	66	0 41793524 86070936 170287853 1071675501 3003798845 74444 76541 11845 1242547 
1789437685.442751372	456000000	66	0 41793524 86070936 170287853 1071675501 3003996646 74444 76541 11845 1242547 
1789437685.739605256	456000000	66	0 41793524 86070936 170287853 1071675501 3004194249 74444 76541 11845 1242547 
1789437686.039312109	456000000	66	0 41793524 86070936 170287853 1071675501 3004393633 74444 76541 11845 1242547 
1789437686.337102295	456000000	66	0 41793524 86070936 170287853 1071675501 3004592016 74444 76541 11845 1242547 
1789437686.637220189	456000000	66	0 41793524 86070936 170287853 1071675501 3004787349 74444 76541 11845 1242547 
1789437686.935086521	456000000	66	0 41793524 86070936 170287853 1071675501 3004986750 74444 76541 11845 1242547 
1789437687.232035978	456000000	66	0 41793524 86070936 170287853 1071675501 3005184520 74444 76541 11845 1242547 
1789437687.530010434	456000000	66	0 41793524 86070936 170287853 1071675501 3005377796 74444 76541 11845 1242547 
1789437687.823890359	456000000	66	0 41793524 86070936 170287853 1071675501 3005569436 74444 76541 11845 1242547 
1789437688.117843722	456000000	66	0 41793524 86070936 170287853 1071675501 3005767581 74444 76541 11845 1242547 
1789437688.417043648	456000000	66	0 41793524 86070936 170287853 1071675501 3005966473 74444 76541 11845 1242547 
1789437688.719462584	456000000	66	0 41793524 86070936 170287853 1071675501 3006166651 74444 76541 11845 1242547 
1789437689.018836937	456000000	66	0 41793524 86070936 170287853 1071675501 3006367970 74444 76541 11845 1242547 
1789437689.320357071	456000000	66	0 41793524 86070936 170287853 1071675501 3006565148 74444 76541 11845 1242547 
1789437689.615088559	456000000	66	0 41793524 86070936 170287853 1071675501 3006761679 74444 76541 11845 1242547 
1789437689.912552911	456000000	66	0 41793524 86070936 170287853 1071675501 3006959358 74444 76541 11845 1242547 
1789437690.209703045	456000000	66	0 41793524 86070936 170287853 1071675501 3007155323 74444 76541 11845 1242547 
1789437690.508773804	456000000	66	0 41793524 86070936 170287853 1071675501 3007351337 74444 76541 11845 1242547 
1789437690.804890656	456000000	66	0 41793524 86070936 170287853 1071675501 3007549941 74444 76541 11845 1242547 
1789437691.104416311	456000000	66	0 41793524 86070936 170287853 1071675501 3007747388 74444 76541 11845 1242547 
1789437691.398943632	456000000	66	0 41793524 86070936 170287853 1071675501 3007943796 74444 76541 11845 1242547 
1789437691.699544079	456000000	66	0 41793524 86070936 170287853 1071675501 3008139708 74444 76541 11845 1242547 
1789437691.993424525	456000000	66	0 41793524 86070936 170287853 1071675501 3008335730 74444 76541 11845 1242547 
1789437692.286839814	456000000	66	0 41793524 86070936 170287853 1071675501 3008529366 74444 76541 11845 1242547 
1789437692.585564115	456000000	66	0 41793524 86070936 170287853 1071675501 3008727226 74444 76541 11845 1242547 
1789437692.887626749	456000000	66	0 41793524 86070936 170287853 1071675501 3008926344 74444 76541 11845 1242547 
1789437693.187596727	456000000	66	0 41793524 86070936 170287853 1071675501 3009124625 74444 76541 11845 1242547 
1789437693.486570246	456000000	65	0 41793524 86070936 170287853 1071675501 3009322037 74444 76541 11845 1242547 
1789437693.783688922	456000000	65	0 41793524 86070936 170287853 1071675501 3009518790 74444 76541 11845 1242547 
1789437694.084134889	456000000	65	0 41793524 86070936 170287853 1071675501 3009717181 74444 76541 11845 1242547 
1789437694.384915023	456000000	65	0 41793524 86070936 170287853 1071675501 3009915568 74444 76541 11845 1242547 
1789437694.680585574	456000000	66	0 41793524 86070936 170287853 1071675501 3010110327 74444 76541 11845 1242547 
1789437694.974104197	456000000	66	0 41793524 86070936 170287853 1071675501 3010306283 74444 76541 11845 1242547 
1789437695.273179331	456000000	66	0 41793524 86070936 170287853 1071675501 3010505492 74444 76541 11845 1242547 
1789437695.573599777	456000000	66	0 41793524 86070936 170287853 1071675501 3010703297 74444 76541 11845 1242547 
1789437695.874355120	456000000	66	0 41793524 86070936 170287853 1071675501 3010901492 74444 76541 11845 1242547 
1789437696.176089577	456000000	66	0 41793524 86070936 170287853 1071675501 3011103741 74444 76541 11845 1242547 
1789437696.476186273	456000000	66	0 41793524 86070936 170287853 1071675501 3011300289 74444 76541 11845 1242547 
1789437696.770844740	456000000	66	0 41793524 86070936 170287853 1071675501 3011499555 74444 76541 11845 1242547 
1789437697.070791593	456000000	66	0 41793524 86070936 170287853 1071675501 3011697832 74444 76541 11845 1242547 
1789437697.369847352	456000000	66	0 41793524 86070936 170287853 1071675501 3011897680 74444 76541 11845 1242547 
1789437697.667255090	456000000	66	0 41793524 86070936 170287853 1071675501 3012091511 74444 76541 11845 1242547 
1789437697.962775172	456000000	66	0 41793524 86070936 170287853 1071675501 3012287759 74444 76541 11845 1242547 
1789437698.262399472	456000000	66	0 41793524 86070936 170287853 1071675501 3012485827 74444 76541 11845 1242547 
1789437698.559361481	456000000	65	0 41793524 86070936 170287853 1071675501 3012684359 74444 76541 11845 1242547 
1789437698.855304792	456000000	65	0 41793524 86070936 170287853 1071675501 3012875910 74444 76541 11845 1242547 
1789437699.150447165	456000000	65	0 41793524 86070936 170287853 1071675501 3013074571 74444 76541 11845 1242547 
1789437699.447695267	456000000	65	0 41793524 86070936 170287853 1071675501 3013272762 74444 76541 11845 1242547 
1789437699.750397433	456000000	66	0 41793524 86070936 170287853 1071675501 3013473345 74444 76541 11845 1242547 
1789437700.051280848	456000000	66	0 41793524 86070936 170287853 1071675501 3013671254 74444 76541 11845 1242547 
1789437700.351396399	456000000	66	0 41793524 86070936 170287853 1071675501 3013870253 74444 76541 11845 1242547 
1789437700.651104346	456000000	66	0 41793524 86070936 170287853 1071675501 3014067932 74444 76541 11845 1242547 
1789437700.946128125	456000000	66	0 41793524 86070936 170287853 1071675501 3014263726 74444 76541 11845 1242547 
1789437701.245291124	456000000	66	0 41793524 86070936 170287853 1071675501 3014468006 74444 76541 11845 1242547 
1789437701.544248289	456000000	67	0 41793524 86070936 170287853 1071675501 3014674806 74444 76541 11845 1242547 
1789437701.849673632	456000000	67	0 41793524 86070936 170287853 1071675501 3014877352 74444 76541 11845 1242547 
1789437702.156942308	456000000	67	0 41793524 86070936 170287853 1071675501 3015083356 74444 76541 11845 1242547 
1789437702.455387442	456000000	66	0 41793524 86070936 170287853 1071675501 3015278151 74444 76541 11845 1242547 
1789437702.754768461	456000000	66	0 41793524 86070936 170287853 1071675501 3015478416 74444 76541 11845 1242547 
1789437703.052947502	456000000	66	0 41793524 86070936 170287853 1071675501 3015676008 74444 76541 11845 1242547 
1789437703.353927792	456000000	66	0 41793524 86070936 170287853 1071675501 3015876349 74444 76541 11845 1242547 
1789437703.652815790	456000000	66	0 41793524 86070936 170287853 1071675501 3016070787 74444 76541 11845 1242547 
1789437703.953091966	456000000	66	0 41793524 86070936 170287853 1071675501 3016271892 74444 76541 11845 1242547 
1789437704.257947778	456000000	66	0 41793524 86070936 170287853 1071675501 3016471622 74444 76541 11845 1242547 
1789437704.554508276	456000000	66	0 41793524 86070936 170287853 1071675501 3016667288 74444 76541 11845 1242547 
1789437704.850700545	456000000	66	0 41793524 86070936 170287853 1071675501 3016865538 74444 76541 11845 1242547 
1789437705.150098283	456000000	66	0 41793524 86070936 170287853 1071675501 3017063912 74444 76541 11845 1242547 
1789437705.446871594	456000000	66	0 41793524 86070936 170287853 1071675501 3017264040 74444 76541 11845 1242547 
1789437705.747397093	456000000	66	0 41793524 86070936 170287853 1071675501 3017461309 74444 76541 11845 1242547 
1789437706.045618008	456000000	66	0 41793524 86070936 170287853 1071675501 3017659060 74444 76541 11845 1242547 
1789437706.345963663	456000000	66	0 41793524 86070936 170287853 1071675501 3017857976 74444 76541 11845 1242547 
1789437706.645092339	456000000	66	0 41793524 86070936 170287853 1071675501 3018053850 74444 76541 11845 1242547 
1789437706.943897785	456000000	66	0 41793524 86070936 170287853 1071675501 3018254125 74444 76541 11845 1242547 
1789437707.244426982	456000000	66	0 41793524 86070936 170287853 1071675501 3018453414 74444 76541 11845 1242547 
1789437707.545115657	456000000	66	0 41793524 86070936 170287853 1071675501 3018650971 74444 76541 11845 1242547 
1789437707.844433031	456000000	66	0 41793524 86070936 170287853 1071675501 3018850981 74444 76541 11845 1242547 
1789437708.143096654	456000000	66	0 41793524 86070936 170287853 1071675501 3019047415 74444 76541 11845 1242547 
1789437708.437028871	456000000	66	0 41793524 86070936 170287853 1071675501 3019244541 74444 76541 11845 1242547 
1789437708.737069370	456000000	66	0 41793524 86070936 170287853 1071675501 3019442200 74444 76541 11845 1242547 
1789437709.035615962	456000000	66	0 41793524 86070936 170287853 1071675501 3019637161 74444 76541 11845 1242547 
1789437709.333269898	456000000	66	0 41793524 86070936 170287853 1071675501 3019834241 74444 76541 11845 1242547 
1789437709.629918001	456000000	66	0 41793524 86070936 170287853 1071675501 3020032972 74444 76541 11845 1242547 
1789437709.929429645	456000000	66	0 41793524 86070936 170287853 1071675501 3020230792 74444 76541 11845 1242547 
1789437710.224273737	456000000	66	0 41793524 86070936 170287853 1071675501 3020426779 74444 76541 11845 1242547 
1789437710.520322777	456000000	66	0 41793524 86070936 170287853 1071675501 3020624790 74444 76541 11845 1242547 
1789437710.822489682	456000000	66	0 41793524 86070936 170287853 1071675501 3020822191 74444 76541 11845 1242547 
1789437711.119565441	456000000	66	0 41793524 86070936 170287853 1071675501 3021020915 74444 76541 11845 1242547 
1789437711.419310418	456000000	66	0 41793524 86070936 170287853 1071675501 3021219494 74444 76541 11845 1242547 
1789437711.716281021	456000000	66	0 41793524 86070936 170287853 1071675501 3021415288 74444 76541 11845 1242547 
1789437712.011996727	456000000	66	0 41793524 86070936 170287853 1071675501 3021610988 74444 76541 11845 1242547 
1789437712.310561705	456000000	66	0 41793524 86070936 170287853 1071675501 3021810869 74444 76541 11845 1242547 
1789437712.607663974	456000000	66	0 41793524 86070936 170287853 1071675501 3022010321 74444 76541 11845 1242547 
1789437712.909993015	456000000	66	0 41793524 86070936 170287853 1071675501 3022210350 74444 76541 11845 1242547 
1789437713.208213409	456000000	66	0 41793524 86070936 170287853 1071675501 3022407307 74444 76541 11845 1242547 
1789437713.500271459	456000000	66	0 41793524 86070936 170287853 1071675501 3022601684 74444 76541 11845 1242547 
1789437713.796679718	456000000	66	0 41793524 86070936 170287853 1071675501 3022798242 74444 76541 11845 1242547 
1789437714.093700841	456000000	66	0 41793524 86070936 170287853 1071675501 3022996566 74444 76541 11845 1242547 
1789437714.397339621	456000000	66	0 41793524 86070936 170287853 1071675501 3023198197 74444 76541 11845 1242547 
1789437714.699755328	456000000	66	0 41793524 86070936 170287853 1071675501 3023396530 74444 76541 11845 1242547 
1789437714.999137546	456000000	66	0 41793524 86070936 170287853 1071675501 3023596505 74444 76541 11845 1242547 
1789437715.299626534	456000000	66	0 41793524 86070936 170287853 1071675501 3023799006 74444 76541 11845 1242547 
1789437715.600359741	456000000	66	0 41793524 86070936 170287853 1071675501 3023995991 74444 76541 11845 1242547 
1789437715.900337583	456000000	66	0 41793524 86070936 170287853 1071675501 3024193415 74444 76541 11845 1242547 
1789437716.200501520	456000000	66	0 41793524 86070936 170287853 1071675501 3024391932 74444 76541 11845 1242547 
1789437716.499156862	456000000	66	0 41793524 86070936 170287853 1071675501 3024590437 74444 76541 11845 1242547 
1789437716.798035537	456000000	66	0 41793524 86070936 170287853 1071675501 3024789687 74444 76541 11845 1242547 
1789437717.095896973	456000000	66	0 41793524 86070936 170287853 1071675501 3024988196 74444 76541 11845 1242547 
1789437717.394551482	456000000	66	0 41793524 86070936 170287853 1071675501 3025186353 74444 76541 11845 1242547 
1789437717.689468960	456000000	66	0 41793524 86070936 170287853 1071675501 3025378675 74444 76541 11845 1242547 
1789437717.987468156	456000000	66	0 41793524 86070936 170287853 1071675501 3025577977 74444 76541 11845 1242547 
1789437718.284506727	456000000	66	0 41793524 86070936 170287853 1071675501 3025773828 74444 76541 11845 1242547 
1789437718.581578580	456000000	66	0 41793524 86070936 170287853 1071675501 3025972282 74444 76541 11845 1242547 
1789437718.879484234	456000000	66	0 41793524 86070936 170287853 1071675501 3026169640 74444 76541 11845 1242547 
1789437719.180864004	456000000	66	0 41793524 86070936 170287853 1071675501 3026375034 74444 76541 11845 1242547 
1789437719.483471430	456000000	66	0 41793524 86070936 170287853 1071675501 3026571091 74444 76541 11845 1242547 
1789437719.778133282	456000000	66	0 41793524 86070936 170287853 1071675501 3026768693 74444 76541 11845 1242547 
1789437720.075312531	456000000	66	0 41793524 86070936 170287853 1071675501 3026965226 74444 76541 11845 1242547 
1789437720.371601571	456000000	66	0 41793524 86070936 170287853 1071675501 3027161594 74444 76541 11845 1242547 
1789437720.667649881	456000000	66	0 41793524 86070936 170287853 1071675501 3027355857 74444 76541 11845 1242547 
1789437720.966511838	456000000	66	0 41793524 86070936 170287853 1071675501 3027555610 74444 76541 11845 1242547 
1789437721.270690931	456000000	66	0 41793524 86070936 170287853 1071675501 3027761673 74444 76541 11845 1242547 
1789437721.571384971	456000000	66	0 41793524 86070936 170287853 1071675501 3027957438 74444 76541 11845 1242547 
1789437721.869999949	456000000	66	0 41793524 86070936 170287853 1071675501 3028152333 74444 76541 11845 1242547 
1789437722.164771385	456000000	66	0 41793524 86070936 170287853 1071675501 3028352436 74444 76541 11845 1242547 
1789437722.466936571	456000000	66	0 41793524 86070936 170287853 1071675501 3028558806 74444 76541 11845 1242547 
1789437722.766848632	456000000	66	0 41793524 86070936 170287853 1071675501 3028757339 74444 76541 11845 1242547 
1789437723.067526579	456000000	66	0 41793524 86070936 170287853 1071675501 3028962983 74444 76541 11845 1242547 
1789437723.374474838	456000000	66	0 41793524 86070936 170287853 1071675501 3029167988 74444 76541 11845 1242547 
1789437723.677876848	456000000	67	0 41793524 86070936 170287853 1071675501 3029371116 74444 76541 11845 1242547 
1789437723.975779534	456000000	67	0 41793524 86070936 170287853 1071675501 3029575714 74444 76541 11845 1242547 
1789437724.276053157	456000000	67	0 41793524 86070936 170287853 1071675501 3029781535 74444 76541 11845 1242547 
1789437724.575787302	456000000	67	0 41793524 86070936 170287853 1071675501 3029983093 74444 76541 11845 1242547 
1789437724.874086863	456000000	67	0 41793524 86070936 170287853 1071675501 3030184431 74444 76541 11845 1242547 
1789437725.175820591	456000000	67	0 41793524 86070936 170287853 1071675501 3030384851 74444 76541 11845 1242547 
1789437725.476992548	456000000	66	0 41793524 86070936 170287853 1071675501 3030584359 74444 76541 11845 1242547 
1789437725.776966744	456000000	66	0 41793524 86070936 170287853 1071675501 3030784831 74444 76541 11845 1242547 
1789437726.074328076	456000000	66	0 41793524 86070936 170287853 1071675501 3030984118 74444 76541 11845 1242547 
1789437726.378282169	456000000	66	0 41793524 86070936 170287853 1071675501 3031184865 74444 76541 11845 1242547 
1789437726.679829334	456000000	66	0 41793524 86070936 170287853 1071675501 3031387133 74444 76541 11845 1242547 
1789437726.985689104	456000000	66	0 41793524 86070936 170287853 1071675501 3031584493 74444 76541 11845 1242547 
1789437727.279780592	456000000	66	0 41793524 86070936 170287853 1071675501 3031780980 74444 76541 11845 1242547 
1789437727.579531247	456000000	66	0 41793524 86070936 170287853 1071675501 3031981734 74444 76541 11845 1242547 
1789437727.882834246	456000000	66	0 41793524 86070936 170287853 1071675501 3032182304 74444 76541 11845 1242547 
1789437728.184846672	456000000	66	0 41793524 86070936 170287853 1071675501 3032379816 74444 76541 11845 1242547 
1789437728.483424566	456000000	66	0 41793524 86070936 170287853 1071675501 3032579186 74444 76541 11845 1242547 
1789437728.785130325	456000000	66	0 41793524 86070936 170287853 1071675501 3032779486 74444 76541 11845 1242547 
1789437729.083022334	456000000	66	0 41793524 86070936 170287853 1071675501 3032978121 74444 76541 11845 1242547 
1789437729.384489760	456000000	66	0 41793524 86070936 170287853 1071675501 3033172694 74444 76541 11845 1242547 
1789437729.677913696	456000000	66	0 41793524 86070936 170287853 1071675501 3033369190 74444 76541 11845 1242547 
1789437729.975956954	456000000	66	0 41793524 86070936 170287853 1071675501 3033567180 74444 76541 11845 1242547 
1789437730.276813286	456000000	66	0 41793524 86070936 170287853 1071675501 3033765466 74444 76541 11845 1242547 
1789437730.571958785	456000000	66	0 41793524 86070936 170287853 1071675501 3033961828 74444 76541 11845 1242547 
1789437730.869651106	456000000	66	0 41793524 86070936 170287853 1071675501 3034157494 74444 76541 11845 1242547 
1789437731.167359677	456000000	66	0 41793524 86070936 170287853 1071675501 3034354588 74444 76541 11845 1242547 
1789437731.460960227	456000000	66	0 41793524 86070936 170287853 1071675501 3034549810 74444 76541 11845 1242547 
1789437731.756827809	456000000	66	0 41793524 86070936 170287853 1071675501 3034745817 74444 76541 11845 1242547 
1789437732.056808151	456000000	66	0 41793524 86070936 170287853 1071675501 3034945255 74444 76541 11845 1242547 
1789437732.356538910	456000000	66	0 41793524 86070936 170287853 1071675501 3035141471 74444 76541 11845 1242547 
1789437732.654220086	456000000	66	0 41793524 86070936 170287853 1071675501 3035340010 74444 76541 11845 1242547 
1789437732.950919074	456000000	66	0 41793524 86070936 170287853 1071675501 3035536699 74444 76541 11845 1242547 
1789437733.253651552	456000000	66	0 41793524 86070936 170287853 1071675501 3035737446 74444 76541 11845 1242547 
1789437733.552237311	456000000	66	0 41793524 86070936 170287853 1071675501 3035934452 74444 76541 11845 1242547 
1789437733.846924059	456000000	66	0 41793524 86070936 170287853 1071675501 3036130668 74444 76541 11845 1242547 
1789437734.146426797	456000000	66	0 41793524 86070936 170287853 1071675501 3036330370 74444 76541 11845 1242547 
1789437734.445199848	456000000	66	0 41793524 86070936 170287853 1071675501 3036525461 74444 76541 11845 1242547 
1789437734.741699252	456000000	66	0 41793524 86070936 170287853 1071675501 3036722388 74444 76541 11845 1242547 
1789437735.038309282	456000000	66	0 41793524 86070936 170287853 1071675501 3036917437 74444 76541 11845 1242547 
1789437735.334102332	456000000	66	0 41793524 86070936 170287853 1071675501 3037114566 74444 76541 11845 1242547 
1789437735.638498248	456000000	66	0 41793524 86070936 170287853 1071675501 3037316297 74444 76541 11845 1242547 
1789437735.939556351	456000000	66	0 41793524 86070936 170287853 1071675501 3037515329 74444 76541 11845 1242547 
1789437736.245507110	456000000	66	0 41793524 86070936 170287853 1071675501 3037715558 74444 76541 11845 1242547 
1789437736.547085369	456000000	66	0 41793524 86070936 170287853 1071675501 3037913322 74444 76541 11845 1242547 
1789437736.845421441	456000000	66	0 41793524 86070936 170287853 1071675501 3038111053 74444 76541 11845 1242547 
1789437737.144262721	456000000	66	0 41793524 86070936 170287853 1071675501 3038311078 74444 76541 11845 1242547 
1789437737.444942126	456000000	66	0 41793524 86070936 170287853 1071675501 3038509740 74444 76541 11845 1242547 
1789437737.746448926	456000000	66	0 41793524 86070936 170287853 1071675501 3038711206 74444 76541 11845 1242547 
1789437738.046720206	456000000	66	0 41793524 86070936 170287853 1071675501 3038906527 74444 76541 11845 1242547 
1789437738.341901902	456000000	66	0 41793524 86070936 170287853 1071675501 3039106641 74444 76541 11845 1242547 
1789437738.646484537	456000000	66	0 41793524 86070936 170287853 1071675501 3039311021 74444 76541 11845 1242547 
1789437738.949757067	456000000	66	0 41793524 86070936 170287853 1071675501 3039509950 74444 76541 11845 1242547 
1789437739.246813086	456000000	66	0 41793524 86070936 170287853 1071675501 3039710908 74444 76541 11845 1242547 
1789437739.551804419	456000000	66	0 41793524 86070936 170287853 1071675501 3039906907 74444 76541 11845 1242547 
1789437739.849456115	456000000	66	0 41793524 86070936 170287853 1071675501 3040104263 74444 76541 11845 1242547 
1789437740.147242551	456000000	66	0 41793524 86070936 170287853 1071675501 3040301766 74444 76541 11845 1242547 
1789437740.447307998	456000000	66	0 41793524 86070936 170287853 1071675501 3040501774 74444 76541 11845 1242547 
1789437740.745462090	456000000	66	0 41793524 86070936 170287853 1071675501 3040696237 74444 76541 11845 1242547 
1789437741.046212432	456000000	66	0 41793524 86070936 170287853 1071675501 3040895929 74444 76541 11845 1242547 
1789437741.342723660	456000000	66	0 41793524 86070936 170287853 1071675501 3041094193 74444 76541 11845 1242547 
1789437741.642756033	456000000	66	0 41793524 86070936 170287853 1071675501 3041294132 74444 76541 11845 1242547 
1789437741.939906688	456000000	66	0 41793524 86070936 170287853 1071675501 3041490908 74444 76541 11845 1242547 
1789437742.238707134	456000000	66	0 41793524 86070936 170287853 1071675501 3041690302 74444 76541 11845 1242547 
1789437742.541788310	456000000	66	0 41793524 86070936 170287853 1071675501 3041886799 74444 76541 11845 1242547 
1789437742.836618652	456000000	66	0 41793524 86070936 170287853 1071675501 3042082956 74444 76541 11845 1242547 
1789437743.135939463	456000000	66	0 41793524 86070936 170287853 1071675501 3042280064 74444 76541 11845 1242547 
1789437743.434091264	456000000	66	0 41793524 86070936 170287853 1071675501 3042478782 74444 76541 11845 1242547 
1789437743.734004315	456000000	66	0 41793524 86070936 170287853 1071675501 3042679028 74444 76541 11845 1242547 
1789437744.030509188	456000000	66	0 41793524 86070936 170287853 1071675501 3042881380 74444 76541 11845 1242547 
1789437744.330065884	456000000	66	0 41793524 86070936 170287853 1071675501 3043082413 74444 76541 11845 1242547 
1789437744.629648102	456000000	67	0 41793524 86070936 170287853 1071675501 3043284461 74444 76541 11845 1242547 
1789437744.927977819	456000000	67	0 41793524 86070936 170287853 1071675501 3043488134 74444 76541 11845 1242547 
1789437745.224592119	456000000	67	0 41793524 86070936 170287853 1071675501 3043690285 74444 76541 11845 1242547 
1789437745.523859076	456000000	68	0 41793524 86070936 170287853 1071675501 3043892752 74444 76541 11845 1242547 
1789437745.820543064	456000000	68	0 41793524 86070936 170287853 1071675501 3044096586 74444 76541 11845 1242547 
1789437746.122662678	456000000	68	0 41793524 86070936 170287853 1071675501 3044297850 74444 76541 11845 1242547 
1789437746.415213280	456000000	68	0 41793524 86070936 170287853 1071675501 3044494840 74444 76541 11845 1242547 
1789437746.714645705	456000000	67	0 41793524 86070936 170287853 1071675501 3044691552 74444 76541 11845 1242547 
1789437747.011141151	456000000	67	0 41793524 86070936 170287853 1071675501 3044890282 74444 76541 11845 1242547 
1789437747.312516806	456000000	67	0 41793524 86070936 170287853 1071675501 3045091134 74444 76541 11845 1242547 
1789437747.614751055	456000000	66	0 41793524 86070936 170287853 1071675501 3045290398 74444 76541 11845 1242547 
1789437747.912759366	456000000	66	0 41793524 86070936 170287853 1071675501 3045489305 74444 76541 11845 1242547 
1789437748.212358875	456000000	66	0 41793524 86070936 170287853 1071675501 3045686566 74444 76541 11845 1242547 
1789437748.511811041	456000000	66	0 41793524 86070936 170287853 1071675501 3045888089 74444 76541 11845 1242547 
1789437748.813663102	456000000	66	0 41793524 86070936 170287853 1071675501 3046084312 74444 76541 11845 1242547 
1789437749.112317402	456000000	66	0 41793524 86070936 170287853 1071675501 3046284952 74444 76541 11845 1242547 
1789437749.411216391	456000000	66	0 41793524 86070936 170287853 1071675501 3046483645 74444 76541 11845 1242547 
1789437749.713284233	456000000	66	0 41793524 86070936 170287853 1071675501 3046685166 74444 76541 11845 1242547 
1789437750.012297180	456000000	66	0 41793524 86070936 170287853 1071675501 3046881044 74444 76541 11845 1242547 
1789437750.314539606	456000000	66	0 41793524 86070936 170287853 1071675501 3047084798 74444 76541 11845 1242547 
1789437750.614276302	456000000	66	0 41793524 86070936 170287853 1071675501 3047278990 74444 76541 11845 1242547 
1789437750.913566644	456000000	66	0 41793524 86070936 170287853 1071675501 3047477309 74444 76541 11845 1242547 
1789437751.213694851	456000000	66	0 41793524 86070936 170287853 1071675501 3047682091 74444 76541 11845 1242547 
1789437751.521830663	456000000	66	0 41793524 86070936 170287853 1071675501 3047882288 74444 76541 11845 1242547 
1789437751.823910693	456000000	66	0 41793524 86070936 170287853 1071675501 3048079492 74444 76541 11845 1242547 
1789437752.124221973	456000000	66	0 41793524 86070936 170287853 1071675501 3048282109 74444 76541 11845 1242547 
1789437752.423280545	456000000	66	0 41793524 86070936 170287853 1071675501 3048480239 74444 76541 11845 1242547 
1789437752.722981512	456000000	66	0 41793524 86070936 170287853 1071675501 3048679632 74444 76541 11845 1242547 
1789437753.024165917	456000000	66	0 41793524 86070936 170287853 1071675501 3048883210 74444 76541 11845 1242547 
1789437753.327303916	456000000	66	0 41793524 86070936 170287853 1071675501 3049084133 74444 76541 11845 1242547 
1789437753.629522123	456000000	66	0 41793524 86070936 170287853 1071675501 3049284570 74444 76541 11845 1242547 
1789437753.925703194	456000000	66	0 41793524 86070936 170287853 1071675501 3049481930 74444 76541 11845 1242547 
1789437754.229853746	456000000	66	0 41793524 86070936 170287853 1071675501 3049680146 74444 76541 11845 1242547 
1789437754.523909348	456000000	66	0 41793524 86070936 170287853 1071675501 3049877414 74444 76541 11845 1242547 
1789437754.824329117	456000000	66	0 41793524 86070936 170287853 1071675501 3050077821 74444 76541 11845 1242547 
1789437755.123900449	456000000	66	0 41793524 86070936 170287853 1071675501 3050276282 74444 76541 11845 1242547 
1789437755.421141468	456000000	66	0 41793524 86070936 170287853 1071675501 3050475558 74444 76541 11845 1242547 
1789437755.717589050	456000000	66	0 41793524 86070936 170287853 1071675501 3050675272 74444 76541 11845 1242547 
1789437756.019925799	456000000	66	0 41793524 86070936 170287853 1071675501 3050869894 74444 76541 11845 1242547 
1789437756.314449318	456000000	66	0 41793524 86070936 170287853 1071675501 3051069201 74444 76541 11845 1242547 
1789437756.615791431	456000000	66	0 41793524 86070936 170287853 1071675501 3051271587 74444 76541 11845 1242547 
1789437756.921845785	456000000	66	0 41793524 86070936 170287853 1071675501 3051470495 74444 76541 11845 1242547 
1789437757.224662950	456000000	66	0 41793524 86070936 170287853 1071675501 3051670068 74444 76541 11845 1242547 
1789437757.521774386	456000000	66	0 41793524 86070936 170287853 1071675501 3051868483 74444 76541 11845 1242547 
1789437757.816077801	456000000	66	0 41793524 86070936 170287853 1071675501 3052058872 74444 76541 11845 1242547 
1789437758.111619601	456000000	66	0 41793524 86070936 170287853 1071675501 3052258473 74444 76541 11845 1242547 
1789437758.412146975	456000000	66	0 41793524 86070936 170287853 1071675501 3052460220 74444 76541 11845 1242547 
1789437758.714557161	456000000	66	0 41793524 86070936 170287853 1071675501 3052662123 74444 76541 11845 1242547 
1789437759.016295212	456000000	66	0 41793524 86070936 170287853 1071675501 3052857935 74444 76541 11845 1242547 
1789437759.314183262	456000000	66	0 41793524 86070936 170287853 1071675501 3053058239 74444 76541 11845 1242547 
1789437759.612018084	456000000	66	0 41793524 86070936 170287853 1071675501 3053257408 74444 76541 11845 1242547 
1789437759.914246708	456000000	66	0 41793524 86070936 170287853 1071675501 3053463247 74444 76541 11845 1242547 
1789437760.218473144	456000000	66	0 41793524 86070936 170287853 1071675501 3053660713 74444 76541 11845 1242547 
1789437760.515457445	456000000	66	0 41793524 86070936 170287853 1071675501 3053855668 74444 76541 11845 1242547 
1789437760.815814818	456000000	66	0 41793524 86070936 170287853 1071675501 3054054032 74444 76541 11845 1242547 
1789437761.111333129	456000000	66	0 41793524 86070936 170287853 1071675501 3054253855 74444 76541 11845 1242547 
1789437761.409169617	456000000	66	0 41793524 86070936 170287853 1071675501 3054451305 74444 76541 11845 1242547 
1789437761.704198188	456000000	66	0 41793524 86070936 170287853 1071675501 3054650946 74444 76541 11845 1242547 
1789437762.006315197	456000000	66	0 41793524 86070936 170287853 1071675501 3054850020 74444 76541 11845 1242547 
1789437762.304980071	456000000	66	0 41793524 86070936 170287853 1071675501 3055049842 74444 76541 11845 1242547 
1789437762.604567809	456000000	66	0 41793524 86070936 170287853 1071675501 3055250163 74444 76541 11845 1242547 
1789437762.904085860	456000000	66	0 41793524 86070936 170287853 1071675501 3055450212 74444 76541 11845 1242547 
1789437763.203209014	456000000	66	0 41793524 86070936 170287853 1071675501 3055647711 74444 76541 11845 1242547 
1789437763.501675867	456000000	66	0 41793524 86070936 170287853 1071675501 3055846660 74444 76541 11845 1242547 
1789437763.799636261	456000000	66	0 41793524 86070936 170287853 1071675501 3056047903 74444 76541 11845 1242547 
1789437764.101502958	456000000	66	0 41793524 86070936 170287853 1071675501 3056247723 74444 76541 11845 1242547 
1789437764.403491947	456000000	66	0 41793524 86070936 170287853 1071675501 3056449613 74444 76541 11845 1242547 
1789437764.705986768	456000000	66	0 41793524 86070936 170287853 1071675501 3056654947 74444 76541 11845 1242547 
1789437765.012815757	456000000	66	0 41793524 86070936 170287853 1071675501 3056856372 74444 76541 11845 1242547 
1789437765.311155839	456000000	66	0 41793524 86070936 170287853 1071675501 3057063062 74444 76541 11845 1242547 
1789437765.606635400	456000000	67	0 41793524 86070936 170287853 1071675501 3057267732 74444 76541 11845 1242547 
1789437765.912847305	456000000	67	0 41793524 86070936 170287853 1071675501 3057472999 74444 76541 11845 1242547 
1789437766.215645356	456000000	67	0 41793524 86070936 170287853 1071675501 3057676333 74444 76541 11845 1242547 
1789437766.514340282	456000000	68	0 41793524 86070936 170287853 1071675501 3057885069 74444 76541 11845 1242547 
1789437766.815169114	456000000	68	0 41793524 86070936 170287853 1071675501 3058094892 74444 76541 11845 1242547 
1789437767.114705029	456000000	68	0 41793524 86070936 170287853 1071675501 3058299254 74444 76541 11845 1242547 
1789437767.414275684	456000000	68	0 41793524 86070936 170287853 1071675501 3058499456 74444 76541 11845 1242547 
1789437767.711466703	456000000	68	0 41793524 86070936 170287853 1071675501 3058702592 74444 76541 11845 1242547 
1789437768.012654650	456000000	68	0 41793524 86070936 170287853 1071675501 3058900664 74444 76541 11845 1242547 
1789437768.310388117	456000000	68	0 41793524 86070936 170287853 1071675501 3059097286 74444 76541 11845 1242547 
1789437768.609255699	456000000	66	0 41793524 86070936 170287853 1071675501 3059300618 74444 76541 11845 1242547 
1789437768.908277708	456000000	66	0 41793524 86070936 170287853 1071675501 3059495507 74444 76541 11845 1242547 
1789437769.204948154	456000000	66	0 41793524 86070936 170287853 1071675501 3059692863 74444 76541 11845 1242547 
1789437769.504498757	456000000	66	0 41793524 86070936 170287853 1071675501 3059892894 74444 76541 11845 1242547 
1789437769.802441755	456000000	66	0 41793524 86070936 170287853 1071675501 3060092006 74444 76541 11845 1242547 
1789437770.102287566	456000000	66	0 41793524 86070936 170287853 1071675501 3060290118 74444 76541 11845 1242547 
1789437770.396532127	456000000	66	0 41793524 86070936 170287853 1071675501 3060487178 74444 76541 11845 1242547 
1789437770.697788094	456000000	66	0 41793524 86070936 170287853 1071675501 3060685026 74444 76541 11845 1242547 
1789437770.993487968	456000000	66	0 41793524 86070936 170287853 1071675501 3060878855 74444 76541 11845 1242547 
1789437771.293592685	456000000	66	0 41793524 86070936 170287853 1071675501 3061079536 74444 76541 11845 1242547 
1789437771.592938236	456000000	66	0 41793524 86070936 170287853 1071675501 3061280290 74444 76541 11845 1242547 
1789437771.889660349	456000000	66	0 41793524 86070936 170287853 1071675501 3061479246 74444 76541 11845 1242547 
1789437772.189710847	456000000	66	0 41793524 86070936 170287853 1071675501 3061676538 74444 76541 11845 1242547 
1789437772.485384210	456000000	66	0 41793524 86070936 170287853 1071675501 3061873239 74444 76541 11845 1242547 
1789437772.782904969	456000000	66	0 41793524 86070936 170287853 1071675501 3062073322 74444 76541 11845 1242547 
1789437773.083013332	456000000	66	0 41793524 86070936 170287853 1071675501 3062268940 74444 76541 11845 1242547 
1789437773.379095445	456000000	66	0 41793524 86070936 170287853 1071675501 3062467242 74444 76541 11845 1242547 
1789437773.676605474	456000000	66	0 41793524 86070936 170287853 1071675501 3062662484 74444 76541 11845 1242547 
1789437773.968880087	456000000	66	0 41793524 86070936 170287853 1071675501 3062859337 74444 76541 11845 1242547 
1789437774.264787616	456000000	66	0 41793524 86070936 170287853 1071675501 3063058796 74444 76541 11845 1242547 
1789437774.567187022	456000000	66	0 41793524 86070936 170287853 1071675501 3063258205 74444 76541 11845 1242547 
1789437774.861080124	456000000	66	0 41793524 86070936 170287853 1071675501 3063452681 74444 76541 11845 1242547 
1789437775.160681143	456000000	66	0 41793524 86070936 170287853 1071675501 3063654488 74444 76541 11845 1242547 
1789437775.464075392	456000000	66	0 41793524 86070936 170287853 1071675501 3063855525 74444 76541 11845 1242547 
1789437775.763680005	456000000	66	0 41793524 86070936 170287853 1071675501 3064051453 74444 76541 11845 1242547 
1789437776.060869410	456000000	66	0 41793524 86070936 170287853 1071675501 3064247112 74444 76541 11845 1242547 
1789437776.354449387	456000000	66	0 41793524 86070936 170287853 1071675501 3064445186 74444 76541 11845 1242547 
1789437776.650387229	456000000	66	0 41793524 86070936 170287853 1071675501 3064641785 74444 76541 11845 1242547 
1789437776.951056061	456000000	66	0 41793524 86070936 170287853 1071675501 3064845492 74444 76541 11845 1242547 
1789437777.254051768	456000000	66	0 41793524 86070936 170287853 1071675501 3065045165 74444 76541 11845 1242547 
1789437777.553803777	456000000	66	0 41793524 86070936 170287853 1071675501 3065242780 74444 76541 11845 1242547 
1789437777.850614953	456000000	66	0 41793524 86070936 170287853 1071675501 3065435728 74444 76541 11845 1242547 
1789437778.149874722	456000000	66	0 41793524 86070936 170287853 1071675501 3065635662 74444 76541 11845 1242547 
1789437778.450418085	456000000	66	0 41793524 86070936 170287853 1071675501 3065834281 74444 76541 11845 1242547 
1789437778.750736449	456000000	66	0 41793524 86070936 170287853 1071675501 3066032931 74444 76541 11845 1242547 
1789437779.049774603	456000000	66	0 41793524 86070936 170287853 1071675501 3066230764 74444 76541 11845 1242547 
1789437779.347372498	456000000	66	0 41793524 86070936 170287853 1071675501 3066429288 74444 76541 11845 1242547 
1789437779.650477007	456000000	66	0 41793524 86070936 170287853 1071675501 3066631343 74444 76541 11845 1242547 
1789437779.953589954	456000000	66	0 41793524 86070936 170287853 1071675501 3066830051 74444 76541 11845 1242547 
1789437780.250571129	456000000	66	0 41793524 86070936 170287853 1071675501 3067023695 74444 76541 11845 1242547 
1789437780.549283607	456000000	66	0 41793524 86070936 170287853 1071675501 3067223127 74444 76541 11845 1242547 
1789437780.845345980	456000000	66	0 41793524 86070936 170287853 1071675501 3067421803 74444 76541 11845 1242547 
1789437781.138727103	456000000	66	0 41793524 86070936 170287853 1071675501 3067613927 74444 76541 11845 1242547 
1789437781.441325154	456000000	66	0 41793524 86070936 170287853 1071675501 3067813197 74444 76541 11845 1242547 
1789437781.736631069	456000000	66	0 41793524 86070936 170287853 1071675501 3068008973 74444 76541 11845 1242547 
1789437782.037016724	456000000	66	0 41793524 86070936 170287853 1071675501 3068213520 74444 76541 11845 1242547 
1789437782.339016910	456000000	66	0 41793524 86070936 170287853 1071675501 3068410717 74444 76541 11845 1242547 
1789437782.638701836	456000000	66	0 41793524 86070936 170287853 1071675501 3068609048 74444 76541 11845 1242547 
1789437782.931035771	456000000	66	0 41793524 86070936 170287853 1071675501 3068806708 74444 76541 11845 1242547 
1789437783.232221478	456000000	66	0 41793524 86070936 170287853 1071675501 3069001824 74444 76541 11845 1242547 
1789437783.527145727	456000000	66	0 41793524 86070936 170287853 1071675501 3069196856 74444 76541 11845 1242547 
1789437783.823340027	456000000	66	0 41793524 86070936 170287853 1071675501 3069394050 74444 76541 11845 1242547 
1789437784.119359067	456000000	66	0 41793524 86070936 170287853 1071675501 3069591290 74444 76541 11845 1242547 
1789437784.416903680	456000000	66	0 41793524 86070936 170287853 1071675501 3069785824 74444 76541 11845 1242547 
1789437784.715439178	456000000	65	0 41793524 86070936 170287853 1071675501 3069982290 74444 76541 11845 1242547 
1789437785.011452697	456000000	65	0 41793524 86070936 170287853 1071675501 3070181403 74444 76541 11845 1242547 
1789437785.313184186	456000000	65	0 41793524 86070936 170287853 1071675501 3070379256 74444 76541 11845 1242547 
1789437785.608538330	456000000	66	0 41793524 86070936 170287853 1071675501 3070573771 74444 76541 11845 1242547 
1789437785.905589349	456000000	66	0 41793524 86070936 170287853 1071675501 3070774922 74444 76541 11845 1242547 
1789437786.211259796	456000000	66	0 41793524 86070936 170287853 1071675501 3070976915 74444 76541 11845 1242547 
1789437786.512686337	456000000	66	0 41793524 86070936 170287853 1071675501 3071181430 74444 76541 11845 1242547 
1789437786.815578971	456000000	66	0 41793524 86070936 170287853 1071675501 3071389542 74444 76541 11845 1242547 
1789437787.124394366	456000000	66	0 41793524 86070936 170287853 1071675501 3071593160 74444 76541 11845 1242547 
1789437787.429215855	456000000	66	0 41793524 86070936 170287853 1071675501 3071798180 74444 76541 11845 1242547 
1789437787.724758280	456000000	67	0 41793524 86070936 170287853 1071675501 3071994833 74444 76541 11845 1242547 
1789437788.020842893	456000000	67	0 41793524 86070936 170287853 1071675501 3072189714 74444 76541 11845 1242547 
1789437788.319129225	456000000	67	0 41793524 86070936 170287853 1071675501 3072384833 74444 76541 11845 1242547 
1789437788.620011026	456000000	65	0 41793524 86070936 170287853 1071675501 3072583848 74444 76541 11845 1242547 
1789437788.918298399	456000000	65	0 41793524 86070936 170287853 1071675501 3072785691 74444 76541 11845 1242547 
1789437789.224452440	456000000	65	0 41793524 86070936 170287853 1071675501 3072985264 74444 76541 11845 1242547 
1789437789.526650178	456000000	66	0 41793524 86070936 170287853 1071675501 3073183028 74444 76541 11845 1242547 
1789437789.821772239	456000000	66	0 41793524 86070936 170287853 1071675501 3073381641 74444 76541 11845 1242547 
1789437790.123080655	456000000	66	0 41793524 86070936 170287853 1071675501 3073579446 74444 76541 11845 1242547 
1789437790.428449643	456000000	66	0 41793524 86070936 170287853 1071675501 3073780611 74444 76541 11845 1242547 
1789437790.728074725	456000000	65	0 41793524 86070936 170287853 1071675501 3073978184 74444 76541 11845 1242547 
1789437791.028842203	456000000	65	0 41793524 86070936 170287853 1071675501 3074179072 74444 76541 11845 1242547 
1789437791.331280202	456000000	65	0 41793524 86070936 170287853 1071675501 3074379055 74444 76541 11845 1242547 
1789437791.629718200	456000000	66	0 41793524 86070936 170287853 1071675501 3074574304 74444 76541 11845 1242547 
1789437791.926368542	456000000	66	0 41793524 86070936 170287853 1071675501 3074771364 74444 76541 11845 1242547 
1789437792.225950760	456000000	66	0 41793524 86070936 170287853 1071675501 3074968143 74444 76541 11845 1242547 
1789437792.521833185	456000000	65	0 41793524 86070936 170287853 1071675501 3075165139 74444 76541 11845 1242547 
1789437792.817807590	456000000	65	0 41793524 86070936 170287853 1071675501 3075360022 74444 76541 11845 1242547 
1789437793.118021682	456000000	65	0 41793524 86070936 170287853 1071675501 3075559192 74444 76541 11845 1242547 
1789437793.416850253	456000000	65	0 41793524 86070936 170287853 1071675501 3075755076 74444 76541 11845 1242547 
1789437793.713121741	456000000	66	0 41793524 86070936 170287853 1071675501 3075954205 74444 76541 11845 1242547 
1789437794.015954792	456000000	66	0 41793524 86070936 170287853 1071675501 3076153281 74444 76541 11845 1242547 
1789437794.316032478	456000000	66	0 41793524 86070936 170287853 1071675501 3076353432 74444 76541 11845 1242547 
1789437794.620649436	456000000	66	0 41793524 86070936 170287853 1071675501 3076555341 74444 76541 11845 1242547 
1789437794.916949726	456000000	66	0 41793524 86070936 170287853 1071675501 3076751098 74444 76541 11845 1242547 
1789437795.215188245	456000000	66	0 41793524 86070936 170287853 1071675501 3076951898 74444 76541 11845 1242547 
1789437795.515233223	456000000	66	0 41793524 86070936 170287853 1071675501 3077148955 74444 76541 11845 1242547 
1789437795.812728513	456000000	66	0 41793524 86070936 170287853 1071675501 3077347998 74444 76541 11845 1242547 
1789437796.115989272	456000000	66	0 41793524 86070936 170287853 1071675501 3077545952 74444 76541 11845 1242547 
1789437796.414295031	456000000	66	0 41793524 86070936 170287853 1071675501 3077744673 74444 76541 11845 1242547 
1789437796.710911467	456000000	66	0 41793524 86070936 170287853 1071675501 3077942573 74444 76541 11845 1242547 
1789437797.009229674	456000000	66	0 41793524 86070936 170287853 1071675501 3078139253 74444 76541 11845 1242547 
1789437797.308612464	456000000	66	0 41793524 86070936 170287853 1071675501 3078339073 74444 76541 11845 1242547 
1789437797.605910567	456000000	66	0 41793524 86070936 170287853 1071675501 3078535958 74444 76541 11845 1242547 
1789437797.903940128	456000000	66	0 41793524 86070936 170287853 1071675501 3078734187 74444 76541 11845 1242547 
1789437798.197508282	456000000	66	0 41793524 86070936 170287853 1071675501 3078931743 74444 76541 11845 1242547 
1789437798.499799822	456000000	66	0 41793524 86070936 170287853 1071675501 3079131571 74444 76541 11845 1242547 
1789437798.802676207	456000000	66	0 41793524 86070936 170287853 1071675501 3079331013 74444 76541 11845 1242547 
1789437799.094892434	456000000	66	0 41793524 86070936 170287853 1071675501 3079528239 74444 76541 11845 1242547 
1789437799.397660641	456000000	66	0 41793524 86070936 170287853 1071675501 3079728321 74444 76541 11845 1242547 
1789437799.697554212	456000000	66	0 41793524 86070936 170287853 1071675501 3079923499 74444 76541 11845 1242547 
1789437799.995866378	456000000	66	0 41793524 86070936 170287853 1071675501 3080122900 74444 76541 11845 1242547 
1789437800.296158595	456000000	66	0 41793524 86070936 170287853 1071675501 3080319305 74444 76541 11845 1242547 
1789437800.593671854	456000000	66	0 41793524 86070936 170287853 1071675501 3080520366 74444 76541 11845 1242547 
1789437800.894985894	456000000	66	0 41793524 86070936 170287853 1071675501 3080718474 74444 76541 11845 1242547 
1789437801.193749830	456000000	66	0 41793524 86070936 170287853 1071675501 3080917380 74444 76541 11845 1242547 
1789437801.490650329	456000000	66	0 41793524 86070936 170287853 1071675501 3081114665 74444 76541 11845 1242547 
1789437801.784937181	456000000	66	0 41793524 86070936 170287853 1071675501 3081310717 74444 76541 11845 1242547 
1789437802.087307523	456000000	66	0 41793524 86070936 170287853 1071675501 3081515136 74444 76541 11845 1242547 
1789437802.389564689	456000000	66	0 41793524 86070936 170287853 1071675501 3081710777 74444 76541 11845 1242547 
1789437802.682800656	456000000	66	0 41793524 86070936 170287853 1071675501 3081907232 74444 76541 11845 1242547 
1789437802.986305894	456000000	66	0 41793524 86070936 170287853 1071675501 3082109497 74444 76541 11845 1242547 
1789437803.283897278	456000000	66	0 41793524 86070936 170287853 1071675501 3082306097 74444 76541 11845 1242547 
1789437803.585457152	456000000	66	0 41793524 86070936 170287853 1071675501 3082507220 74444 76541 11845 1242547 
1789437803.885717963	456000000	66	0 41793524 86070936 170287853 1071675501 3082710988 74444 76541 11845 1242547 
1789437804.194868150	456000000	66	0 41793524 86070936 170287853 1071675501 3082913054 74444 76541 11845 1242547 
1789437804.495280472	456000000	66	0 41793524 86070936 170287853 1071675501 3083109302 74444 76541 11845 1242547 
1789437804.794612324	456000000	66	0 41793524 86070936 170287853 1071675501 3083314370 74444 76541 11845 1242547 
1789437805.096640271	456000000	66	0 41793524 86070936 170287853 1071675501 3083507434 74444 76541 11845 1242547 
1789437805.395714728	456000000	66	0 41793524 86070936 170287853 1071675501 3083707458 74444 76541 11845 1242547 
1789437805.692497935	456000000	66	0 41793524 86070936 170287853 1071675501 3083905039 74444 76541 11845 1242547 
1789437805.989842443	456000000	66	0 41793524 86070936 170287853 1071675501 3084100731 74444 76541 11845 1242547 
1789437806.288303775	456000000	66	0 41793524 86070936 170287853 1071675501 3084301600 74444 76541 11845 1242547 
1789437806.587062972	456000000	66	0 41793524 86070936 170287853 1071675501 3084497865 74444 76541 11845 1242547 
1789437806.887001439	456000000	66	0 41793524 86070936 170287853 1071675501 3084702143 74444 76541 11845 1242547 
1789437807.193594751	456000000	66	0 41793524 86070936 170287853 1071675501 3084901910 74444 76541 11845 1242547 
1789437807.492464989	456000000	66	0 41793524 86070936 170287853 1071675501 3085102926 74444 76541 11845 1242547 
1789437807.793773977	456000000	66	0 41793524 86070936 170287853 1071675501 3085304283 74444 76541 11845 1242547 
1789437808.093201924	456000000	66	0 41793524 86070936 170287853 1071675501 3085504635 74444 76541 11845 1242547 
1789437808.391803308	456000000	66	0 41793524 86070936 170287853 1071675501 3085703398 74444 76541 11845 1242547 
1789437808.687244379	456000000	66	0 41793524 86070936 170287853 1071675501 3085906473 74444 76541 11845 1242547 
1789437808.988188836	456000000	66	0 41793524 86070936 170287853 1071675501 3086115963 74444 76541 11845 1242547 
1789437809.289401731	456000000	66	0 41793524 86070936 170287853 1071675501 3086325391 74444 76541 11845 1242547 
1789437809.587082385	456000000	68	0 41793524 86070936 170287853 1071675501 3086527223 74444 76541 11845 1242547 
1789437809.891062884	456000000	68	0 41793524 86070936 170287853 1071675501 3086726094 74444 76541 11845 1242547 
1789437810.193319685	456000000	68	0 41793524 86070936 170287853 1071675501 3086927508 74444 76541 11845 1242547 
1789437810.495968986	456000000	66	0 41793524 86070936 170287853 1071675501 3087133895 74444 76541 11845 1242547 
1789437810.798007245	456000000	66	0 41793524 86070936 170287853 1071675501 3087329877 74444 76541 11845 1242547 
1789437811.095364723	456000000	66	0 41793524 86070936 170287853 1071675501 3087526268 74444 76541 11845 1242547 
1789437811.395317930	456000000	66	0 41793524 86070936 170287853 1071675501 3087725269 74444 76541 11845 1242547 
1789437811.692200564	456000000	66	0 41793524 86070936 170287853 1071675501 3087924544 74444 76541 11845 1242547 
1789437811.989974031	456000000	66	0 41793524 86070936 170287853 1071675501 3088120329 74444 76541 11845 1242547 
1789437812.288457498	456000000	66	0 41793524 86070936 170287853 1071675501 3088319375 74444 76541 11845 1242547 
1789437812.589927476	456000000	66	0 41793524 86070936 170287853 1071675501 3088518622 74444 76541 11845 1242547 
1789437812.887396360	456000000	66	0 41793524 86070936 170287853 1071675501 3088717037 74444 76541 11845 1242547 
1789437813.187467692	456000000	66	0 41793524 86070936 170287853 1071675501 3088914704 74444 76541 11845 1242547 
1789437813.485286471	456000000	66	0 41793524 86070936 170287853 1071675501 3089112922 74444 76541 11845 1242547 
1789437813.785475564	456000000	66	0 41793524 86070936 170287853 1071675501 3089313403 74444 76541 11845 1242547 
1789437814.085740177	456000000	66	0 41793524 86070936 170287853 1071675501 3089508420 74444 76541 11845 1242547 
1789437814.382853384	456000000	66	0 41793524 86070936 170287853 1071675501 3089706190 74444 76541 11845 1242547 
1789437814.681610184	456000000	66	0 41793524 86070936 170287853 1071675501 3089905025 74444 76541 11845 1242547 
1789437814.982192975	456000000	66	0 41793524 86070936 170287853 1071675501 3090102896 74444 76541 11845 1242547 
1789437815.281349984	456000000	66	0 41793524 86070936 170287853 1071675501 3090301542 74444 76541 11845 1242547 
1789437815.578015690	456000000	66	0 41793524 86070936 170287853 1071675501 3090500700 74444 76541 11845 1242547 
1789437815.876543533	456000000	66	0 41793524 86070936 170287853 1071675501 3090699462 74444 76541 11845 1242547 
1789437816.179942469	456000000	66	0 41793524 86070936 170287853 1071675501 3090900387 74444 76541 11845 1242547 
1789437816.477673436	456000000	66	0 41793524 86070936 170287853 1071675501 3091094618 74444 76541 11845 1242547 
1789437816.774064455	456000000	66	0 41793524 86070936 170287853 1071675501 3091291336 74444 76541 11845 1242547 
1789437817.070348964	456000000	66	0 41793524 86070936 170287853 1071675501 3091491174 74444 76541 11845 1242547 
1789437817.371904984	456000000	66	0 41793524 86070936 170287853 1071675501 3091689048 74444 76541 11845 1242547 
1789437817.674440587	456000000	66	0 41793524 86070936 170287853 1071675501 3091888161 74444 76541 11845 1242547 
1789437817.969498949	456000000	66	0 41793524 86070936 170287853 1071675501 3092085777 74444 76541 11845 1242547 
1789437818.266991114	456000000	66	0 41793524 86070936 170287853 1071675501 3092282008 74444 76541 11845 1242547 
1789437818.564396561	456000000	66	0 41793524 86070936 170287853 1071675501 3092481416 74444 76541 11845 1242547 
1789437818.865098414	456000000	66	0 41793524 86070936 170287853 1071675501 3092680124 74444 76541 11845 1242547 
1789437819.164797558	456000000	66	0 41793524 86070936 170287853 1071675501 3092878348 74444 76541 11845 1242547 
1789437819.467803630	456000000	66	0 41793524 86070936 170287853 1071675501 3093080217 74444 76541 11845 1242547 
1789437819.770999806	456000000	66	0 41793524 86070936 170287853 1071675501 3093277714 74444 76541 11845 1242547 
1789437820.072153169	456000000	66	0 41793524 86070936 170287853 1071675501 3093476481 74444 76541 11845 1242547 
1789437820.369848720	456000000	66	0 41793524 86070936 170287853 1071675501 3093676625 74444 76541 11845 1242547 
1789437820.664092603	456000000	66	0 41793524 86070936 170287853 1071675501 3093870532 74444 76541 11845 1242547 
1789437820.962074300	456000000	66	0 41793524 86070936 170287853 1071675501 3094071760 74444 76541 11845 1242547 
1789437821.265345059	456000000	66	0 41793524 86070936 170287853 1071675501 3094274657 74444 76541 11845 1242547 
1789437821.569552381	456000000	66	0 41793524 86070936 170287853 1071675501 3094473090 74444 76541 11845 1242547 
1789437821.869894390	456000000	66	0 41793524 86070936 170287853 1071675501 3094669610 74444 76541 11845 1242547 
1789437822.163375773	456000000	66	0 41793524 86070936 170287853 1071675501 3094866618 74444 76541 11845 1242547 
1789437822.462333668	456000000	66	0 41793524 86070936 170287853 1071675501 3095066385 74444 76541 11845 1242547 
1789437822.765370313	456000000	66	0 41793524 86070936 170287853 1071675501 3095263672 74444 76541 11845 1242547 
1789437823.062099613	456000000	66	0 41793524 86070936 170287853 1071675501 3095461433 74444 76541 11845 1242547 
1789437823.359587663	456000000	66	0 41793524 86070936 170287853 1071675501 3095661722 74444 76541 11845 1242547 
1789437823.658917120	456000000	66	0 41793524 86070936 170287853 1071675501 3095862352 74444 76541 11845 1242547 
1789437823.961568765	456000000	66	0 41793524 86070936 170287853 1071675501 3096062607 74444 76541 11845 1242547 
1789437824.257141867	456000000	66	0 41793524 86070936 170287853 1071675501 3096256093 74444 76541 11845 1242547 
1789437824.549801167	456000000	66	0 41793524 86070936 170287853 1071675501 3096453872 74444 76541 11845 1242547 
1789437824.850805885	456000000	66	0 41793524 86070936 170287853 1071675501 3096653399 74444 76541 11845 1242547 
1789437825.147022946	456000000	66	0 41793524 86070936 170287853 1071675501 3096856707 74444 76541 11845 1242547 
1789437825.446747246	456000000	66	0 41793524 86070936 170287853 1071675501 3097054329 74444 76541 11845 1242547 
1789437825.750584568	456000000	66	0 41793524 86070936 170287853 1071675501 3097253066 74444 76541 11845 1242547 
1789437826.050363244	456000000	66	0 41793524 86070936 170287853 1071675501 3097452571 74444 76541 11845 1242547 
1789437826.351095826	456000000	66	0 41793524 86070936 170287853 1071675501 3097654147 74444 76541 11845 1242547 
1789437826.649651741	456000000	66	0 41793524 86070936 170287853 1071675501 3097852702 74444 76541 11845 1242547 
1789437826.944929896	456000000	66	0 41793524 86070936 170287853 1071675501 3098050379 74444 76541 11845 1242547 
1789437827.244719613	456000000	66	0 41793524 86070936 170287853 1071675501 3098243518 74444 76541 11845 1242547 
1789437827.538676413	456000000	66	0 41793524 86070936 170287853 1071675501 3098441207 74444 76541 11845 1242547 
1789437827.832099463	456000000	66	0 41793524 86070936 170287853 1071675501 3098638757 74444 76541 11845 1242547 
1789437828.130752462	456000000	66	0 41793524 86070936 170287853 1071675501 3098834530 74444 76541 11845 1242547 
1789437828.426423949	456000000	66	0 41793524 86070936 170287853 1071675501 3099031110 74444 76541 11845 1242547 
1789437828.720828510	456000000	66	0 41793524 86070936 170287853 1071675501 3099229775 74444 76541 11845 1242547 
1789437829.020993540	456000000	66	0 41793524 86070936 170287853 1071675501 3099433004 74444 76541 11845 1242547 
1789437829.322838362	456000000	66	0 41793524 86070936 170287853 1071675501 3099638482 74444 76541 11845 1242547 
1789437829.622900423	456000000	67	0 41793524 86070936 170287853 1071675501 3099842148 74444 76541 11845 1242547 
1789437829.925221755	456000000	67	0 41793524 86070936 170287853 1071675501 3100042415 74444 76541 11845 1242547 
1789437830.221698399	456000000	67	0 41793524 86070936 170287853 1071675501 3100245709 74444 76541 11845 1242547 
1789437830.518260616	456000000	67	0 41793524 86070936 170287853 1071675501 3100448248 74444 76541 11845 1242547 
1789437830.818083771	456000000	67	0 41793524 86070936 170287853 1071675501 3100646356 74444 76541 11845 1242547 
1789437831.117485103	456000000	67	0 41793524 86070936 170287853 1071675501 3100846374 74444 76541 11845 1242547 
1789437831.412538205	456000000	67	0 41793524 86070936 170287853 1071675501 3101046256 74444 76541 11845 1242547 
1789437831.714092662	456000000	66	0 41793524 86070936 170287853 1071675501 3101245626 74444 76541 11845 1242547 
1789437832.014425817	456000000	66	0 41793524 86070936 170287853 1071675501 3101444749 74444 76541 11845 1242547 
1789437832.316261733	456000000	66	0 41793524 86070936 170287853 1071675501 3101642790 74444 76541 11845 1242547 
1789437832.613185408	456000000	66	0 41793524 86070936 170287853 1071675501 3101839426 74444 76541 11845 1242547 
1789437832.911117730	456000000	66	0 41793524 86070936 170287853 1071675501 3102037940 74444 76541 11845 1242547 
1789437833.209391353	456000000	66	0 41793524 86070936 170287853 1071675501 3102232319 74444 76541 11845 1242547 
1789437833.506879143	456000000	66	0 41793524 86070936 170287853 1071675501 3102431319 74444 76541 11845 1242547 
1789437833.807613288	456000000	66	0 41793524 86070936 170287853 1071675501 3102630843 74444 76541 11845 1242547 
1789437834.105147119	456000000	66	0 41793524 86070936 170287853 1071675501 3102828258 74444 76541 11845 1242547 
1789437834.399907097	456000000	66	0 41793524 86070936 170287853 1071675501 3103023422 74444 76541 11845 1242547 
1789437834.697205720	456000000	66	0 41793524 86070936 170287853 1071675501 3103222152 74444 76541 11845 1242547 
1789437834.998611844	456000000	66	0 41793524 86070936 170287853 1071675501 3103422671 74444 76541 11845 1242547 
1789437835.298414738	456000000	66	0 41793524 86070936 170287853 1071675501 3103623392 74444 76541 11845 1242547 
1789437835.598865862	456000000	66	0 41793524 86070936 170287853 1071675501 3103819558 74444 76541 11845 1242547 
1789437835.898561673	456000000	66	0 41793524 86070936 170287853 1071675501 3104018521 74444 76541 11845 1242547 
1789437836.200016547	456000000	66	0 41793524 86070936 170287853 1071675501 3104216646 74444 76541 11845 1242547 
1789437836.498708243	456000000	66	0 41793524 86070936 170287853 1071675501 3104415870 74444 76541 11845 1242547 
1789437836.797249835	456000000	66	0 41793524 86070936 170287853 1071675501 3104616290 74444 76541 11845 1242547 
1789437837.096916792	456000000	66	0 41793524 86070936 170287853 1071675501 3104816078 74444 76541 11845 1242547 
1789437837.393891718	456000000	66	0 41793524 86070936 170287853 1071675501 3105012882 74444 76541 11845 1242547 
1789437837.694093883	456000000	66	0 41793524 86070936 170287853 1071675501 3105213989 74444 76541 11845 1242547 
1789437837.993891309	456000000	66	0 41793524 86070936 170287853 1071675501 3105412159 74444 76541 11845 1242547 
1789437838.288883578	456000000	66	0 41793524 86070936 170287853 1071675501 3105604947 74444 76541 11845 1242547 
1789437838.581192565	456000000	66	0 41793524 86070936 170287853 1071675501 3105799370 74444 76541 11845 1242547 
1789437838.878074991	456000000	66	0 41793524 86070936 170287853 1071675501 3105998505 74444 76541 11845 1242547 
1789437839.177742468	456000000	66	0 41793524 86070936 170287853 1071675501 3106199801 74444 76541 11845 1242547 
1789437839.478483436	456000000	66	0 41793524 86070936 170287853 1071675501 3106401891 74444 76541 11845 1242547 
1789437839.779661226	456000000	66	0 41793524 86070936 170287853 1071675501 3106598736 74444 76541 11845 1242547 
1789437840.081812663	456000000	66	0 41793524 86070936 170287853 1071675501 3106799051 74444 76541 11845 1242547 
1789437840.376810817	456000000	66	0 41793524 86070936 170287853 1071675501 3106995284 74444 76541 11845 1242547 
1789437840.673006211	456000000	66	0 41793524 86070936 170287853 1071675501 3107196297 74444 76541 11845 1242547 
1789437840.971525720	456000000	66	0 41793524 86070936 170287853 1071675501 3107395646 74444 76541 11845 1242547 
1789437841.273073198	456000000	66	0 41793524 86070936 170287853 1071675501 3107602437 74444 76541 11845 1242547 
1789437841.573354790	456000000	67	0 41793524 86070936 170287853 1071675501 3107802447 74444 76541 11845 1242547 
1789437841.869407320	456000000	67	0 41793524 86070936 170287853 1071675501 3107994416 74444 76541 11845 1242547 
1789437842.165162922	456000000	67	0 41793524 86070936 170287853 1071675501 3108196925 74444 76541 11845 1242547 
1789437842.469382067	456000000	66	0 41793524 86070936 170287853 1071675501 3108393377 74444 76541 11845 1242547 
1789437842.766946472	456000000	66	0 41793524 86070936 170287853 1071675501 3108595669 74444 76541 11845 1242547 
1789437843.067032491	456000000	66	0 41793524 86070936 170287853 1071675501 3108793033 74444 76541 11845 1242547 
1789437843.367679240	456000000	66	0 41793524 86070936 170287853 1071675501 3108992388 74444 76541 11845 1242547 
1789437843.664678957	456000000	66	0 41793524 86070936 170287853 1071675501 3109189792 74444 76541 11845 1242547 
1789437843.961327059	456000000	66	0 41793524 86070936 170287853 1071675501 3109389004 74444 76541 11845 1242547 
1789437844.259492766	456000000	66	0 41793524 86070936 170287853 1071675501 3109583843 74444 76541 11845 1242547 
1789437844.554262744	456000000	66	0 41793524 86070936 170287853 1071675501 3109780158 74444 76541 11845 1242547 
1789437844.850013763	456000000	66	0 41793524 86070936 170287853 1071675501 3109980758 74444 76541 11845 1242547 
1789437845.151130772	456000000	66	0 41793524 86070936 170287853 1071675501 3110178854 74444 76541 11845 1242547 
1789437845.452648406	456000000	66	0 41793524 86070936 170287853 1071675501 3110380702 74444 76541 11845 1242547 
1789437845.751753332	456000000	66	0 41793524 86070936 170287853 1071675501 3110581095 74444 76541 11845 1242547 
1789437846.050880080	456000000	66	0 41793524 86070936 170287853 1071675501 3110780490 74444 76541 11845 1242547 
1789437846.349402349	456000000	66	0 41793524 86070936 170287853 1071675501 3110979458 74444 76541 11845 1242547 
1789437846.651725192	456000000	66	0 41793524 86070936 170287853 1071675501 3111176146 74444 76541 11845 1242547 
1789437846.946979596	456000000	66	0 41793524 86070936 170287853 1071675501 3111370803 74444 76541 11845 1242547 
1789437847.246404262	456000000	66	0 41793524 86070936 170287853 1071675501 3111566796 74444 76541 11845 1242547 
1789437847.541011635	456000000	66	0 41793524 86070936 170287853 1071675501 3111767582 74444 76541 11845 1242547 
1789437847.842622498	456000000	66	0 41793524 86070936 170287853 1071675501 3111966388 74444 76541 11845 1242547 
1789437848.142542632	456000000	66	0 41793524 86070936 170287853 1071675501 3112166665 74444 76541 11845 1242547 
1789437848.445855267	456000000	66	0 41793524 86070936 170287853 1071675501 3112366802 74444 76541 11845 1242547 
1789437848.741894827	456000000	66	0 41793524 86070936 170287853 1071675501 3112564676 74444 76541 11845 1242547 
1789437849.042588711	456000000	66	0 41793524 86070936 170287853 1071675501 3112761646 74444 76541 11845 1242547 
1789437849.342177231	456000000	66	0 41793524 86070936 170287853 1071675501 3112959951 74444 76541 11845 1242547 
1789437849.641362052	456000000	66	0 41793524 86070936 170287853 1071675501 3113160233 74444 76541 11845 1242547 
1789437849.942261457	456000000	66	0 41793524 86070936 170287853 1071675501 3113363480 74444 76541 11845 1242547 
1789437850.246332529	456000000	66	0 41793524 86070936 170287853 1071675501 3113570014 74444 76541 11845 1242547 
1789437850.551427039	456000000	66	0 41793524 86070936 170287853 1071675501 3113771004 74444 76541 11845 1242547 
1789437850.854220454	456000000	66	0 41793524 86070936 170287853 1071675501 3113974920 74444 76541 11845 1242547 
1789437851.154573557	456000000	66	0 41793524 86070936 170287853 1071675501 3114180871 74444 76541 11845 1242547 
1789437851.456107858	456000000	66	0 41793524 86070936 170287853 1071675501 3114376048 74444 76541 11845 1242547 
1789437851.755549815	456000000	66	0 41793524 86070936 170287853 1071675501 3114574119 74444 76541 11845 1242547 
1789437852.056074845	456000000	66	0 41793524 86070936 170287853 1071675501 3114769816 74444 76541 11845 1242547 
1789437852.354337427	456000000	66	0 41793524 86070936 170287853 1071675501 3114967337 74444 76541 11845 1242547 
1789437852.654369592	456000000	65	0 41793524 86070936 170287853 1071675501 3115169908 74444 76541 11845 1242547 
1789437852.955353372	456000000	65	0 41793524 86070936 170287853 1071675501 3115370708 74444 76541 11845 1242547 
1789437853.259441163	456000000	65	0 41793524 86070936 170287853 1071675501 3115572249 74444 76541 11845 1242547 
1789437853.554283848	456000000	66	0 41793524 86070936 170287853 1071675501 3115767922 74444 76541 11845 1242547 
1789437853.852170909	456000000	66	0 41793524 86070936 170287853 1071675501 3115966011 74444 76541 11845 1242547 
1789437854.149701877	456000000	66	0 41793524 86070936 170287853 1071675501 3116161866 74444 76541 11845 1242547 
1789437854.443427635	456000000	66	0 41793524 86070936 170287853 1071675501 3116358469 74444 76541 11845 1242547 
1789437854.743534748	456000000	66	0 41793524 86070936 170287853 1071675501 3116556181 74444 76541 11845 1242547 
1789437855.039924465	456000000	66	0 41793524 86070936 170287853 1071675501 3116755238 74444 76541 11845 1242547 
1789437855.337998870	456000000	66	0 41793524 86070936 170287853 1071675501 3116951274 74444 76541 11845 1242547 
1789437855.633536972	456000000	66	0 41793524 86070936 170287853 1071675501 3117151991 74444 76541 11845 1242547 
1789437855.935043773	456000000	66	0 41793524 86070936 170287853 1071675501 3117353193 74444 76541 11845 1242547 
1789437856.238200105	456000000	66	0 41793524 86070936 170287853 1071675501 3117552661 74444 76541 11845 1242547 
1789437856.539050344	456000000	66	0 41793524 86070936 170287853 1071675501 3117749288 74444 76541 11845 1242547 
1789437856.835306571	456000000	66	0 41793524 86070936 170287853 1071675501 3117943848 74444 76541 11845 1242547 
1789437857.132845924	456000000	66	0 41793524 86070936 170287853 1071675501 3118142963 74444 76541 11845 1242547 
1789437857.427177776	456000000	66	0 41793524 86070936 170287853 1071675501 3118336631 74444 76541 11845 1242547 
1789437857.724771503	456000000	66	0 41793524 86070936 170287853 1071675501 3118533050 74444 76541 11845 1242547 
1789437858.022016533	456000000	66	0 41793524 86070936 170287853 1071675501 3118734161 74444 76541 11845 1242547 
1789437858.323643959	456000000	66	0 41793524 86070936 170287853 1071675501 3118931623 74444 76541 11845 1242547 
1789437858.620787478	456000000	66	0 41793524 86070936 170287853 1071675501 3119131415 74444 76541 11845 1242547 
1789437858.912157038	456000000	66	0 41793524 86070936 170287853 1071675501 3119324529 74444 76541 11845 1242547 
1789437859.209178318	456000000	66	0 41793524 86070936 170287853 1071675501 3119523183 74444 76541 11845 1242547 
1789437859.511809807	456000000	66	0 41793524 86070936 170287853 1071675501 3119726497 74444 76541 11845 1242547 
1789437859.809520670	456000000	66	0 41793524 86070936 170287853 1071675501 3119924517 74444 76541 11845 1242547 
1789437860.108220803	456000000	66	0 41793524 86070936 170287853 1071675501 3120121753 74444 76541 11845 1242547 
1789437860.407856510	456000000	66	0 41793524 86070936 170287853 1071675501 3120321047 74444 76541 11845 1242547 
1789437860.709399665	456000000	66	0 41793524 86070936 170287853 1071675501 3120520528 74444 76541 11845 1242547 
1789437861.010287039	456000000	66	0 41793524 86070936 170287853 1071675501 3120718996 74444 76541 11845 1242547 
1789437861.308355402	456000000	66	0 41793524 86070936 170287853 1071675501 3120918022 74444 76541 11845 1242547 
1789437861.607709755	456000000	66	0 41793524 86070936 170287853 1071675501 3121113562 74444 76541 11845 1242547 
1789437861.901623065	456000000	66	0 41793524 86070936 170287853 1071675501 3121305939 74444 76541 11845 1242547 
1789437862.196555491	456000000	66	0 41793524 86070936 170287853 1071675501 3121501184 74444 76541 11845 1242547 
1789437862.491475312	456000000	65	0 41793524 86070936 170287853 1071675501 3121701712 74444 76541 11845 1242547 
1789437862.799642738	456000000	65	0 41793524 86070936 170287853 1071675501 3121903451 74444 76541 11845 1242547 
1789437863.100073810	456000000	65	0 41793524 86070936 170287853 1071675501 3122102639 74444 76541 11845 1242547 
1789437863.399782225	456000000	65	0 41793524 86070936 170287853 1071675501 3122304528 74444 76541 11845 1242547 
1789437863.699458609	456000000	66	0 41793524 86070936 170287853 1071675501 3122501674 74444 76541 11845 1242547 
1789437863.999421399	456000000	66	0 41793524 86070936 170287853 1071675501 3122701033 74444 76541 11845 1242547 
1789437864.291920595	456000000	66	0 41793524 86070936 170287853 1071675501 3122896286 74444 76541 11845 1242547 
1789437864.588001771	456000000	66	0 41793524 86070936 170287853 1071675501 3123095881 74444 76541 11845 1242547 
1789437864.890788103	456000000	66	0 41793524 86070936 170287853 1071675501 3123295542 74444 76541 11845 1242547 
1789437865.189471830	456000000	66	0 41793524 86070936 170287853 1071675501 3123490060 74444 76541 11845 1242547 
1789437865.486725610	456000000	66	0 41793524 86070936 170287853 1071675501 3123688226 74444 76541 11845 1242547 
1789437865.788327776	456000000	66	0 41793524 86070936 170287853 1071675501 3123892719 74444 76541 11845 1242547 
1789437866.093185723	456000000	66	0 41793524 86070936 170287853 1071675501 3124092309 74444 76541 11845 1242547 
1789437866.393491534	456000000	66	0 41793524 86070936 170287853 1071675501 3124290641 74444 76541 11845 1242547 
1789437866.690152032	456000000	66	0 41793524 86070936 170287853 1071675501 3124486817 74444 76541 11845 1242547 
1789437866.989174353	456000000	66	0 41793524 86070936 170287853 1071675501 3124684454 74444 76541 11845 1242547 
1789437867.287940633	456000000	66	0 41793524 86070936 170287853 1071675501 3124884501 74444 76541 11845 1242547 
1789437867.583232434	456000000	66	0 41793524 86070936 170287853 1071675501 3125083464 74444 76541 11845 1242547 
1789437867.881145172	456000000	66	0 41793524 86070936 170287853 1071675501 3125280050 74444 76541 11845 1242547 
1789437868.178521659	456000000	66	0 41793524 86070936 170287853 1071675501 3125475336 74444 76541 11845 1242547 
1789437868.477652887	456000000	66	0 41793524 86070936 170287853 1071675501 3125676595 74444 76541 11845 1242547 
1789437868.780036355	456000000	66	0 41793524 86070936 170287853 1071675501 3125879583 74444 76541 11845 1242547 
1789437869.079296541	456000000	66	0 41793524 86070936 170287853 1071675501 3126074652 74444 76541 11845 1242547 
1789437869.377338966	456000000	66	0 41793524 86070936 170287853 1071675501 3126275717 74444 76541 11845 1242547 
1789437869.679355194	456000000	66	0 41793524 86070936 170287853 1071675501 3126470802 74444 76541 11845 1242547 
1789437869.979846162	456000000	66	0 41793524 86070936 170287853 1071675501 3126672471 74444 76541 11845 1242547 
1789437870.278313692	456000000	66	0 41793524 86070936 170287853 1071675501 3126869290 74444 76541 11845 1242547 
1789437870.576751898	456000000	66	0 41793524 86070936 170287853 1071675501 3127069006 74444 76541 11845 1242547 
1789437870.873946563	456000000	66	0 41793524 86070936 170287853 1071675501 3127265531 74444 76541 11845 1242547 
1789437871.172007947	456000000	66	0 41793524 86070936 170287853 1071675501 3127466823 74444 76541 11845 1242547 
1789437871.473756206	456000000	66	0 41793524 86070936 170287853 1071675501 3127673141 74444 76541 11845 1242547 
1789437871.773816341	456000000	66	0 41793524 86070936 170287853 1071675501 3127873029 74444 76541 11845 1242547 
1789437872.069520641	456000000	66	0 41793524 86070936 170287853 1071675501 3128074822 74444 76541 11845 1242547 
1789437872.374263275	456000000	66	0 41793524 86070936 170287853 1071675501 3128277049 74444 76541 11845 1242547 
1789437872.669475805	456000000	67	0 41793524 86070936 170287853 1071675501 3128477158 74444 76541 11845 1242547 
1789437872.965567084	456000000	67	0 41793524 86070936 170287853 1071675501 3128680208 74444 76541 11845 1242547 
1789437873.266016802	456000000	67	0 41793524 86070936 170287853 1071675501 3128886348 74444 76541 11845 1242547 
1789437873.566946884	456000000	67	0 41793524 86070936 170287853 1071675501 3129089362 74444 76541 11845 1242547 
1789437873.868941497	456000000	67	0 41793524 86070936 170287853 1071675501 3129288512 74444 76541 11845 1242547 
1789437874.166912621	456000000	67	0 41793524 86070936 170287853 1071675501 3129485463 74444 76541 11845 1242547 
1789437874.469813692	456000000	66	0 41793524 86070936 170287853 1071675501 3129685735 74444 76541 11845 1242547 
1789437874.765522628	456000000	66	0 41793524 86070936 170287853 1071675501 3129883774 74444 76541 11845 1242547 
1789437875.061232397	456000000	66	0 41793524 86070936 170287853 1071675501 3130084877 74444 76541 11845 1242547 
1789437875.363071698	456000000	66	0 41793524 86070936 170287853 1071675501 3130282478 74444 76541 11845 1242547 
1789437875.659027509	456000000	66	0 41793524 86070936 170287853 1071675501 3130475946 74444 76541 11845 1242547 
1789437875.957249882	456000000	66	0 41793524 86070936 170287853 1071675501 3130676229 74444 76541 11845 1242547 
1789437876.257500954	456000000	66	0 41793524 86070936 170287853 1071675501 3130875516 74444 76541 11845 1242547 
1789437876.551819837	456000000	66	0 41793524 86070936 170287853 1071675501 3131073185 74444 76541 11845 1242547 
1789437876.846245075	456000000	66	0 41793524 86070936 170287853 1071675501 3131268146 74444 76541 11845 1242547 
1789437877.143628594	456000000	66	0 41793524 86070936 170287853 1071675501 3131467068 74444 76541 11845 1242547 
1789437877.444621853	456000000	66	0 41793524 86070936 170287853 1071675501 3131668133 74444 76541 11845 1242547 
1789437877.743420321	456000000	66	0 41793524 86070936 170287853 1071675501 3131864613 74444 76541 11845 1242547 
1789437878.041353736	456000000	66	0 41793524 86070936 170287853 1071675501 3132064298 74444 76541 11845 1242547 
1789437878.340842828	456000000	66	0 41793524 86070936 170287853 1071675501 3132258860 74444 76541 11845 1242547 
1789437878.634446399	456000000	66	0 41793524 86070936 170287853 1071675501 3132455763 74444 76541 11845 1242547 
1789437878.933838981	456000000	66	0 41793524 86070936 170287853 1071675501 3132658973 74444 76541 11845 1242547 
1789437879.236130990	456000000	66	0 41793524 86070936 170287853 1071675501 3132854344 74444 76541 11845 1242547 
1789437879.532980863	456000000	66	0 41793524 86070936 170287853 1071675501 3133053341 74444 76541 11845 1242547 
1789437879.835201935	456000000	66	0 41793524 86070936 170287853 1071675501 3133252007 74444 76541 11845 1242547 
1789437880.135295455	456000000	66	0 41793524 86070936 170287853 1071675501 3133448305 74444 76541 11845 1242547 
1789437880.433043922	456000000	66	0 41793524 86070936 170287853 1071675501 3133648108 74444 76541 11845 1242547 
1789437880.733467441	456000000	66	0 41793524 86070936 170287853 1071675501 3133846957 74444 76541 11845 1242547 
1789437881.030564659	456000000	66	0 41793524 86070936 170287853 1071675501 3134043857 74444 76541 11845 1242547 
1789437881.330162970	456000000	66	0 41793524 86070936 170287853 1071675501 3134240054 74444 76541 11845 1242547 
1789437881.623573572	456000000	66	0 41793524 86070936 170287853 1071675501 3134436287 74444 76541 11845 1242547 
1789437881.924032820	456000000	66	0 41793524 86070936 170287853 1071675501 3134636182 74444 76541 11845 1242547 
1789437882.223242850	456000000	66	0 41793524 86070936 170287853 1071675501 3134831101 74444 76541 11845 1242547 
1789437882.517325900	456000000	66	0 41793524 86070936 170287853 1071675501 3135029583 74444 76541 11845 1242547 
1789437882.818196347	456000000	66	0 41793524 86070936 170287853 1071675501 3135228220 74444 76541 11845 1242547 
1789437883.113094501	456000000	66	0 41793524 86070936 170287853 1071675501 3135427947 74444 76541 11845 1242547 
1789437883.416118594	456000000	66	0 41793524 86070936 170287853 1071675501 3135623038 74444 76541 11845 1242547 
1789437883.711521384	456000000	66	0 41793524 86070936 170287853 1071675501 3135821045 74444 76541 11845 1242547 
1789437884.011847091	456000000	66	0 41793524 86070936 170287853 1071675501 3136018691 74444 76541 11845 1242547 
1789437884.310234673	456000000	66	0 41793524 86070936 170287853 1071675501 3136218581 74444 76541 11845 1242547 
1789437884.611659859	456000000	66	0 41793524 86070936 170287853 1071675501 3136416279 74444 76541 11845 1242547 
1789437884.911073743	456000000	66	0 41793524 86070936 170287853 1071675501 3136614439 74444 76541 11845 1242547 
1789437885.203704241	456000000	66	0 41793524 86070936 170287853 1071675501 3136808448 74444 76541 11845 1242547 
1789437885.501809166	456000000	66	0 41793524 86070936 170287853 1071675501 3137010993 74444 76541 11845 1242547 
1789437885.800660082	456000000	66	0 41793524 86070936 170287853 1071675501 3137205988 74444 76541 11845 1242547 
1789437886.099506309	456000000	66	0 41793524 86070936 170287853 1071675501 3137403805 74444 76541 11845 1242547 
1789437886.401800767	456000000	66	0 41793524 86070936 170287853 1071675501 3137602009 74444 76541 11845 1242547 
1789437886.700733661	456000000	66	0 41793524 86070936 170287853 1071675501 3137802812 74444 76541 11845 1242547 
1789437886.999088430	456000000	66	0 41793524 86070936 170287853 1071675501 3138001218 74444 76541 11845 1242547 
1789437887.298450127	456000000	66	0 41793524 86070936 170287853 1071675501 3138197985 74444 76541 11845 1242547 
1789437887.592901302	456000000	66	0 41793524 86070936 170287853 1071675501 3138400051 74444 76541 11845 1242547 
1789437887.894373415	456000000	66	0 41793524 86070936 170287853 1071675501 3138599681 74444 76541 11845 1242547 
1789437888.194836206	456000000	66	0 41793524 86070936 170287853 1071675501 3138800523 74444 76541 11845 1242547 
1789437888.494747694	456000000	66	0 41793524 86070936 170287853 1071675501 3138995161 74444 76541 11845 1242547 
1789437888.791470067	456000000	66	0 41793524 86070936 170287853 1071675501 3139193678 74444 76541 11845 1242547 
1789437889.086530930	456000000	66	0 41793524 86070936 170287853 1071675501 3139393154 74444 76541 11845 1242547 
1789437889.387390543	456000000	66	0 41793524 86070936 170287853 1071675501 3139592473 74444 76541 11845 1242547 
1789437889.688743125	456000000	66	0 41793524 86070936 170287853 1071675501 3139791917 74444 76541 11845 1242547 
1789437889.987051853	456000000	66	0 41793524 86070936 170287853 1071675501 3139991331 74444 76541 11845 1242547 
1789437890.285429435	456000000	66	0 41793524 86070936 170287853 1071675501 3140187541 74444 76541 11845 1242547 
1789437890.582026808	456000000	66	0 41793524 86070936 170287853 1071675501 3140381464 74444 76541 11845 1242547 
1789437890.877037098	456000000	66	0 41793524 86070936 170287853 1071675501 3140578241 74444 76541 11845 1242547 
1789437891.169726137	456000000	66	0 41793524 86070936 170287853 1071675501 3140774438 74444 76541 11845 1242547 
1789437891.469076844	456000000	66	0 41793524 86070936 170287853 1071675501 3140973136 74444 76541 11845 1242547 
1789437891.769053228	456000000	66	0 41793524 86070936 170287853 1071675501 3141170645 74444 76541 11845 1242547 
1789437892.067681748	456000000	66	0 41793524 86070936 170287853 1071675501 3141368417 74444 76541 11845 1242547 
1789437892.368668444	456000000	66	0 41793524 86070936 170287853 1071675501 3141565802 74444 76541 11845 1242547 
1789437892.669372328	456000000	66	0 41793524 86070936 170287853 1071675501 3141769298 74444 76541 11845 1242547 
1789437892.969380952	456000000	66	0 41793524 86070936 170287853 1071675501 3141968844 74444 76541 11845 1242547 
1789437893.269347388	456000000	66	0 41793524 86070936 170287853 1071675501 3142175049 74444 76541 11845 1242547 
1789437893.570315387	456000000	67	0 41793524 86070936 170287853 1071675501 3142379174 74444 76541 11845 1242547 
1789437893.872058750	456000000	67	0 41793524 86070936 170287853 1071675501 3142578148 74444 76541 11845 1242547 
1789437894.169985134	456000000	67	0 41793524 86070936 170287853 1071675501 3142772296 74444 76541 11845 1242547 
1789437894.467623289	456000000	66	0 41793524 86070936 170287853 1071675501 3142969519 74444 76541 11845 1242547 
1789437894.765475402	456000000	66	0 41793524 86070936 170287853 1071675501 3143169086 74444 76541 11845 1242547 
1789437895.064481786	456000000	66	0 41793524 86070936 170287853 1071675501 3143365844 74444 76541 11845 1242547 
1789437895.361286659	456000000	66	0 41793524 86070936 170287853 1071675501 3143560248 74444 76541 11845 1242547 
1789437895.659300803	456000000	66	0 41793524 86070936 170287853 1071675501 3143761444 74444 76541 11845 1242547 
1789437895.957268541	456000000	66	0 41793524 86070936 170287853 1071675501 3143956264 74444 76541 11845 1242547 
1789437896.257150759	456000000	66	0 41793524 86070936 170287853 1071675501 3144155626 74444 76541 11845 1242547 
1789437896.555794122	456000000	66	0 41793524 86070936 170287853 1071675501 3144354460 74444 76541 11845 1242547 
1789437896.856134308	456000000	66	0 41793524 86070936 170287853 1071675501 3144554285 74444 76541 11845 1242547 
1789437897.155041838	456000000	66	0 41793524 86070936 170287853 1071675501 3144753812 74444 76541 11845 1242547 
1789437897.455157597	456000000	66	0 41793524 86070936 170287853 1071675501 3144953312 74444 76541 11845 1242547 
1789437897.755904450	456000000	66	0 41793524 86070936 170287853 1071675501 3145153329 74444 76541 11845 1242547 
1789437898.057915730	456000000	66	0 41793524 86070936 170287853 1071675501 3145352445 74444 76541 11845 1242547 
1789437898.358017791	456000000	66	0 41793524 86070936 170287853 1071675501 3145550326 74444 76541 11845 1242547 
1789437898.658146987	456000000	66	0 41793524 86070936 170287853 1071675501 3145748596 74444 76541 11845 1242547 
1789437898.956025194	456000000	66	0 41793524 86070936 170287853 1071675501 3145948463 74444 76541 11845 1242547 
1789437899.257296787	456000000	66	0 41793524 86070936 170287853 1071675501 3146146662 74444 76541 11845 1242547 
1789437899.555495619	456000000	66	0 41793524 86070936 170287853 1071675501 3146346539 74444 76541 11845 1242547 
1789437899.854081742	456000000	66	0 41793524 86070936 170287853 1071675501 3146544981 74444 76541 11845 1242547 
1789437900.152513907	456000000	66	0 41793524 86070936 170287853 1071675501 3146745825 74444 76541 11845 1242547 
1789437900.448909145	456000000	66	0 41793524 86070936 170287853 1071675501 3146938301 74444 76541 11845 1242547 
1789437900.745016362	456000000	66	0 41793524 86070936 170287853 1071675501 3147139145 74444 76541 11845 1242547 
1789437901.044016756	456000000	66	0 41793524 86070936 170287853 1071675501 3147340677 74444 76541 11845 1242547 
1789437901.343758192	456000000	66	0 41793524 86070936 170287853 1071675501 3147538766 74444 76541 11845 1242547 
1789437901.641641556	456000000	66	0 41793524 86070936 170287853 1071675501 3147738689 74444 76541 11845 1242547 
1789437901.942317471	456000000	66	0 41793524 86070936 170287853 1071675501 3147937165 74444 76541 11845 1242547 
1789437902.240919792	456000000	66	0 41793524 86070936 170287853 1071675501 3148133978 74444 76541 11845 1242547 
1789437902.536638728	456000000	66	0 41793524 86070936 170287853 1071675501 3148334992 74444 76541 11845 1242547 
1789437902.838717560	456000000	66	0 41793524 86070936 170287853 1071675501 3148533725 74444 76541 11845 1242547 
1789437903.137419934	456000000	66	0 41793524 86070936 170287853 1071675501 3148730996 74444 76541 11845 1242547 
1789437903.436706318	456000000	66	0 41793524 86070936 170287853 1071675501 3148930975 74444 76541 11845 1242547 
1789437903.737627025	456000000	66	0 41793524 86070936 170287853 1071675501 3149128150 74444 76541 11845 1242547 
1789437904.032396481	456000000	66	0 41793524 86070936 170287853 1071675501 3149322043 74444 76541 11845 1242547 
1789437904.326022135	456000000	66	0 41793524 86070936 170287853 1071675501 3149517475 74444 76541 11845 1242547 
1789437904.619751644	456000000	66	0 41793524 86070936 170287853 1071675501 3149713350 74444 76541 11845 1242547 
1789437904.916041257	456000000	66	0 41793524 86070936 170287853 1071675501 3149909939 74444 76541 11845 1242547 
1789437905.214334411	456000000	66	0 41793524 86070936 170287853 1071675501 3150107219 74444 76541 11845 1242547 
1789437905.514340327	456000000	66	0 41793524 86070936 170287853 1071675501 3150307656 74444 76541 11845 1242547 
1789437905.809355669	456000000	66	0 41793524 86070936 170287853 1071675501 3150506840 74444 76541 11845 1242547 
1789437906.113217886	456000000	66	0 41793524 86070936 170287853 1071675501 3150705848 74444 76541 11845 1242547 
1789437906.414861302	456000000	66	0 41793524 86070936 170287853 1071675501 3150905401 74444 76541 11845 1242547 
1789437906.715147530	456000000	66	0 41793524 86070936 170287853 1071675501 3151100085 74444 76541 11845 1242547 
1789437907.010044278	456000000	66	0 41793524 86070936 170287853 1071675501 3151297989 74444 76541 11845 1242547 
1789437907.311427797	456000000	66	0 41793524 86070936 170287853 1071675501 3151495671 74444 76541 11845 1242547 
1789437907.604652306	456000000	66	0 41793524 86070936 170287853 1071675501 3151691420 74444 76541 11845 1242547 
1789437907.904289731	456000000	66	0 41793524 86070936 170287853 1071675501 3151891603 74444 76541 11845 1242547 
1789437908.201131480	456000000	66	0 41793524 86070936 170287853 1071675501 3152088998 74444 76541 11845 1242547 
1789437908.499215103	456000000	66	0 41793524 86070936 170287853 1071675501 3152287553 74444 76541 11845 1242547 
1789437908.801027217	456000000	66	0 41793524 86070936 170287853 1071675501 3152486581 74444 76541 11845 1242547 
1789437909.097978392	456000000	66	0 41793524 86070936 170287853 1071675501 3152680756 74444 76541 11845 1242547 
1789437909.393121442	456000000	66	0 41793524 86070936 170287853 1071675501 3152875566 74444 76541 11845 1242547 
1789437909.688816680	456000000	66	0 41793524 86070936 170287853 1071675501 3153075553 74444 76541 11845 1242547 
1789437909.984114991	456000000	66	0 41793524 86070936 170287853 1071675501 3153271065 74444 76541 11845 1242547 
1789437910.283599916	456000000	66	0 41793524 86070936 170287853 1071675501 3153476117 74444 76541 11845 1242547 
1789437910.586379686	456000000	66	0 41793524 86070936 170287853 1071675501 3153673113 74444 76541 11845 1242547 
1789437910.881210653	456000000	66	0 41793524 86070936 170287853 1071675501 3153873935 74444 76541 11845 1242547 
1789437911.185039694	456000000	66	0 41793524 86070936 170287853 1071675501 3154076415 74444 76541 11845 1242547 
1789437911.486430922	456000000	66	0 41793524 86070936 170287853 1071675501 3154275773 74444 76541 11845 1242547 
1789437911.784878556	456000000	66	0 41793524 86070936 170287853 1071675501 3154471611 74444 76541 11845 1242547 
1789437912.082191606	456000000	66	0 41793524 86070936 170287853 1071675501 3154667750 74444 76541 11845 1242547 
1789437912.379061531	456000000	66	0 41793524 86070936 170287853 1071675501 3154864651 74444 76541 11845 1242547 
1789437912.676160728	456000000	66	0 41793524 86070936 170287853 1071675501 3155064667 74444 76541 11845 1242547 
1789437912.972120809	456000000	66	0 41793524 86070936 170287853 1071675501 3155260557 74444 76541 11845 1242547 
1789437913.269707453	456000000	66	0 41793524 86070936 170287853 1071675501 3155457626 74444 76541 11845 1242547 
1789437913.571361598	456000000	66	0 41793524 86070936 170287853 1071675501 3155657622 74444 76541 11845 1242547 
1789437913.869381784	456000000	66	0 41793524 86070936 170287853 1071675501 3155859806 74444 76541 11845 1242547 
1789437914.174668794	456000000	66	0 41793524 86070936 170287853 1071675501 3156064049 74444 76541 11845 1242547 
1789437914.474270021	456000000	67	0 41793524 86070936 170287853 1071675501 3156269275 74444 76541 11845 1242547 
1789437914.779964271	456000000	67	0 41793524 86070936 170287853 1071675501 3156480898 74444 76541 11845 1242547 
1789437915.082202947	456000000	67	0 41793524 86070936 170287853 1071675501 3156691096 74444 76541 11845 1242547 
1789437915.381576883	456000000	67	0 41793524 86070936 170287853 1071675501 3156894825 74444 76541 11845 1242547 
1789437915.679974621	456000000	68	0 41793524 86070936 170287853 1071675501 3157091611 74444 76541 11845 1242547 
1789437915.979328505	456000000	68	0 41793524 86070936 170287853 1071675501 3157290015 74444 76541 11845 1242547 
1789437916.280582597	456000000	68	0 41793524 86070936 170287853 1071675501 3157490133 74444 76541 11845 1242547 
1789437916.580568304	456000000	66	0 41793524 86070936 170287853 1071675501 3157687838 74444 76541 11845 1242547 
1789437916.878935990	456000000	66	0 41793524 86070936 170287853 1071675501 3157887821 74444 76541 11845 1242547 
1789437917.174204509	456000000	66	0 41793524 86070936 170287853 1071675501 3158081748 74444 76541 11845 1242547 
1789437917.470154539	456000000	66	0 41793524 86070936 170287853 1071675501 3158280962 74444 76541 11845 1242547 
1789437917.769868943	456000000	66	0 41793524 86070936 170287853 1071675501 3158478040 74444 76541 11845 1242547 
1789437918.069966265	456000000	66	0 41793524 86070936 170287853 1071675501 3158679135 74444 76541 11845 1242547 
1789437918.368503378	456000000	66	0 41793524 86070936 170287853 1071675501 3158881749 74444 76541 11845 1242547 
1789437918.671782731	456000000	66	0 41793524 86070936 170287853 1071675501 3159078072 74444 76541 11845 1242547 
1789437918.971471094	456000000	66	0 41793524 86070936 170287853 1071675501 3159281301 74444 76541 11845 1242547 
1789437919.274751698	456000000	66	0 41793524 86070936 170287853 1071675501 3159480588 74444 76541 11845 1242547 
1789437919.574978498	456000000	66	0 41793524 86070936 170287853 1071675501 3159676394 74444 76541 11845 1242547 
1789437919.873353684	456000000	66	0 41793524 86070936 170287853 1071675501 3159875977 74444 76541 11845 1242547 
1789437920.172066214	456000000	66	0 41793524 86070936 170287853 1071675501 3160070474 74444 76541 11845 1242547 
1789437920.470588015	456000000	66	0 41793524 86070936 170287853 1071675501 3160270673 74444 76541 11845 1242547 
1789437920.770950753	456000000	66	0 41793524 86070936 170287853 1071675501 3160467510 74444 76541 11845 1242547 
1789437921.067097709	456000000	66	0 41793524 86070936 170287853 1071675501 3160666631 74444 76541 11845 1242547 
1789437921.367156281	456000000	66	0 41793524 86070936 170287853 1071675501 3160865378 74444 76541 11845 1242547 
1789437921.665789540	456000000	66	0 41793524 86070936 170287853 1071675501 3161062761 74444 76541 11845 1242547 
1789437921.965161757	456000000	66	0 41793524 86070936 170287853 1071675501 3161264101 74444 76541 11845 1242547 
1789437922.269197517	456000000	66	0 41793524 86070936 170287853 1071675501 3161465582 74444 76541 11845 1242547 
1789437922.568265255	456000000	66	0 41793524 86070936 170287853 1071675501 3161663731 74444 76541 11845 1242547 
1789437922.865053201	456000000	66	0 41793524 86070936 170287853 1071675501 3161861272 74444 76541 11845 1242547 
1789437923.161090522	456000000	66	0 41793524 86070936 170287853 1071675501 3162057463 74444 76541 11845 1242547 
1789437923.458713885	456000000	66	0 41793524 86070936 170287853 1071675501 3162254250 74444 76541 11845 1242547 
1789437923.761248499	456000000	66	0 41793524 86070936 170287853 1071675501 3162455437 74444 76541 11845 1242547 
1789437924.059908528	456000000	66	0 41793524 86070936 170287853 1071675501 3162651090 74444 76541 11845 1242547 
1789437924.358035641	456000000	66	0 41793524 86070936 170287853 1071675501 3162850025 74444 76541 11845 1242547 
1789437924.665462860	456000000	66	0 41793524 86070936 170287853 1071675501 3163053094 74444 76541 11845 1242547 
1789437924.963786066	456000000	66	0 41793524 86070936 170287853 1071675501 3163250418 74444 76541 11845 1242547 
1789437925.259798075	456000000	66	0 41793524 86070936 170287853 1071675501 3163444883 74444 76541 11845 1242547 
1789437925.559970344	456000000	66	0 41793524 86070936 170287853 1071675501 3163650157 74444 76541 11845 1242547 
1789437925.861233395	456000000	66	0 41793524 86070936 170287853 1071675501 3163844075 74444 76541 11845 1242547 
1789437926.161983842	456000000	66	0 41793524 86070936 170287853 1071675501 3164046129 74444 76541 11845 1242547 
1789437926.460886372	456000000	66	0 41793524 86070936 170287853 1071675501 3164248702 74444 76541 11845 1242547 
1789437926.763566766	456000000	66	0 41793524 86070936 170287853 1071675501 3164445995 74444 76541 11845 1242547 
1789437927.065472578	456000000	66	0 41793524 86070936 170287853 1071675501 3164646560 74444 76541 11845 1242547 
1789437927.367047452	456000000	66	0 41793524 86070936 170287853 1071675501 3164846314 74444 76541 11845 1242547 
1789437927.663273939	456000000	66	0 41793524 86070936 170287853 1071675501 3165041603 74444 76541 11845 1242547 
1789437927.959844021	456000000	66	0 41793524 86070936 170287853 1071675501 3165237043 74444 76541 11845 1242547 
1789437928.258014415	456000000	66	0 41793524 86070936 170287853 1071675501 3165435346 74444 76541 11845 1242547 
1789437928.554254497	456000000	66	0 41793524 86070936 170287853 1071675501 3165630216 74444 76541 11845 1242547 
1789437928.849783276	456000000	66	0 41793524 86070936 170287853 1071675501 3165828053 74444 76541 11845 1242547 
1789437929.148807160	456000000	66	0 41793524 86070936 170287853 1071675501 3166028330 74444 76541 11845 1242547 
1789437929.450168024	456000000	66	0 41793524 86070936 170287853 1071675501 3166223373 74444 76541 11845 1242547 
1789437929.749081022	456000000	66	0 41793524 86070936 170287853 1071675501 3166428095 74444 76541 11845 1242547 
1789437930.050528761	456000000	66	0 41793524 86070936 170287853 1071675501 3166623762 74444 76541 11845 1242547 
1789437930.346302019	456000000	66	0 41793524 86070936 170287853 1071675501 3166820709 74444 76541 11845 1242547 
1789437930.642547257	456000000	66	0 41793524 86070936 170287853 1071675501 3167018028 74444 76541 11845 1242547 
1789437930.940551141	456000000	66	0 41793524 86070936 170287853 1071675501 3167216501 74444 76541 11845 1242547 
1789437931.238862212	456000000	66	0 41793524 86070936 170287853 1071675501 3167416162 74444 76541 11845 1242547 
1789437931.545037139	456000000	66	0 41793524 86070936 170287853 1071675501 3167613056 74444 76541 11845 1242547 
1789437931.840948574	456000000	66	0 41793524 86070936 170287853 1071675501 3167810397 74444 76541 11845 1242547 
1789437932.140848188	456000000	66	0 41793524 86070936 170287853 1071675501 3168009011 74444 76541 11845 1242547 
1789437932.440818217	456000000	66	0 41793524 86070936 170287853 1071675501 3168206265 74444 76541 11845 1242547 
1789437932.743167518	456000000	66	0 41793524 86070936 170287853 1071675501 3168409507 74444 76541 11845 1242547 
1789437933.040694371	456000000	66	0 41793524 86070936 170287853 1071675501 3168606380 74444 76541 11845 1242547 
1789437933.340713672	456000000	66	0 41793524 86070936 170287853 1071675501 3168804947 74444 76541 11845 1242547 
1789437933.642294223	456000000	66	0 41793524 86070936 170287853 1071675501 3169003803 74444 76541 11845 1242547 
1789437933.939694408	456000000	66	0 41793524 86070936 170287853 1071675501 3169198828 74444 76541 11845 1242547 
1789437934.236022146	456000000	66	0 41793524 86070936 170287853 1071675501 3169397425 74444 76541 11845 1242547 
1789437934.533656863	456000000	66	0 41793524 86070936 170287853 1071675501 3169596300 74444 76541 11845 1242547 
1789437934.836262206	456000000	66	0 41793524 86070936 170287853 1071675501 3169794915 74444 76541 11845 1242547 
1789437935.136027132	456000000	66	0 41793524 86070936 170287853 1071675501 3169994968 74444 76541 11845 1242547 
1789437935.438823256	456000000	66	0 41793524 86070936 170287853 1071675501 3170200560 74444 76541 11845 1242547 
1789437935.738664015	456000000	66	0 41793524 86070936 170287853 1071675501 3170400708 74444 76541 11845 1242547 
1789437936.042658732	456000000	66	0 41793524 86070936 170287853 1071675501 3170608436 74444 76541 11845 1242547 
1789437936.339509439	456000000	66	0 41793524 86070936 170287853 1071675501 3170808752 74444 76541 11845 1242547 
1789437936.636984938	456000000	68	0 41793524 86070936 170287853 1071675501 3171021153 74444 76541 11845 1242547 
1789437936.937279603	456000000	68	0 41793524 86070936 170287853 1071675501 3171224641 74444 76541 11845 1242547 
1789437937.230031351	456000000	68	0 41793524 86070936 170287853 1071675501 3171428783 74444 76541 11845 1242547 
1789437937.527698880	456000000	68	0 41793524 86070936 170287853 1071675501 3171625434 74444 76541 11845 1242547 
1789437937.823076722	456000000	68	0 41793524 86070936 170287853 1071675501 3171825428 74444 76541 11845 1242547 
1789437938.121868627	456000000	68	0 41793524 86070936 170287853 1071675501 3172022542 74444 76541 11845 1242547 
1789437938.415884594	456000000	68	0 41793524 86070936 170287853 1071675501 3172218943 74444 76541 11845 1242547 
1789437938.717107801	456000000	66	0 41793524 86070936 170287853 1071675501 3172420198 74444 76541 11845 1242547 
1789437939.016615070	456000000	66	0 41793524 86070936 170287853 1071675501 3172617536 74444 76541 11845 1242547 
1789437939.317249319	456000000	66	0 41793524 86070936 170287853 1071675501 3172816560 74444 76541 11845 1242547 
1789437939.613391119	456000000	66	0 41793524 86070936 170287853 1071675501 3173014078 74444 76541 11845 1242547 
1789437939.913242347	456000000	66	0 41793524 86070936 170287853 1071675501 3173214031 74444 76541 11845 1242547 
1789437940.214230658	456000000	66	0 41793524 86070936 170287853 1071675501 3173410367 74444 76541 11845 1242547 
1789437940.512755636	456000000	66	0 41793524 86070936 170287853 1071675501 3173605561 74444 76541 11845 1242547 
1789437940.809723947	456000000	66	0 41793524 86070936 170287853 1071675501 3173806965 74444 76541 11845 1242547 
1789437941.106846372	456000000	66	0 41793524 86070936 170287853 1071675501 3174002825 74444 76541 11845 1242547 
1789437941.411432809	456000000	66	0 41793524 86070936 170287853 1071675501 3174203069 74444 76541 11845 1242547 
1789437941.707830391	456000000	66	0 41793524 86070936 170287853 1071675501 3174399231 74444 76541 11845 1242547 
1789437942.006204483	456000000	66	0 41793524 86070936 170287853 1071675501 3174599635 74444 76541 11845 1242547 
1789437942.305588992	456000000	66	0 41793524 86070936 170287853 1071675501 3174797421 74444 76541 11845 1242547 
1789437942.605528032	456000000	66	0 41793524 86070936 170287853 1071675501 3174995099 74444 76541 11845 1242547 
1789437942.905460874	456000000	66	0 41793524 86070936 170287853 1071675501 3175194231 74444 76541 11845 1242547 
1789437943.208524394	456000000	66	0 41793524 86070936 170287853 1071675501 3175395731 74444 76541 11845 1242547 
1789437943.510421716	456000000	66	0 41793524 86070936 170287853 1071675501 3175595271 74444 76541 11845 1242547 
1789437943.812970392	456000000	66	0 41793524 86070936 170287853 1071675501 3175796950 74444 76541 11845 1242547 
1789437944.112660838	456000000	66	0 41793524 86070936 170287853 1071675501 3175998176 74444 76541 11845 1242547 
1789437944.408575243	456000000	66	0 41793524 86070936 170287853 1071675501 3176193065 74444 76541 11845 1242547 
1789437944.706501731	456000000	66	0 41793524 86070936 170287853 1071675501 3176392582 74444 76541 11845 1242547 
1789437945.001939000	456000000	66	0 41793524 86070936 170287853 1071675501 3176589611 74444 76541 11845 1242547 
1789437945.299092363	456000000	66	0 41793524 86070936 170287853 1071675501 3176787179 74444 76541 11845 1242547 
1789437945.598984580	456000000	66	0 41793524 86070936 170287853 1071675501 3176985248 74444 76541 11845 1242547 
1789437945.897644245	456000000	66	0 41793524 86070936 170287853 1071675501 3177183684 74444 76541 11845 1242547 
1789437946.196563025	456000000	66	0 41793524 86070936 170287853 1071675501 3177379029 74444 76541 11845 1242547 
1789437946.497475399	456000000	66	0 41793524 86070936 170287853 1071675501 3177580356 74444 76541 11845 1242547 
1789437946.795179283	456000000	66	0 41793524 86070936 170287853 1071675501 3177776734 74444 76541 11845 1242547 
1789437947.096462750	456000000	66	0 41793524 86070936 170287853 1071675501 3177975589 74444 76541 11845 1242547 
1789437947.391932155	456000000	66	0 41793524 86070936 170287853 1071675501 3178174679 74444 76541 11845 1242547 
1789437947.686644684	456000000	66	0 41793524 86070936 170287853 1071675501 3178369698 74444 76541 11845 1242547 
1789437947.981526797	456000000	66	0 41793524 86070936 170287853 1071675501 3178567506 74444 76541 11845 1242547 
1789437948.275950784	456000000	66	0 41793524 86070936 170287853 1071675501 3178763992 74444 76541 11845 1242547 
1789437948.576614304	456000000	66	0 41793524 86070936 170287853 1071675501 3178964245 74444 76541 11845 1242547 
1789437948.876655376	456000000	66	0 41793524 86070936 170287853 1071675501 3179159287 74444 76541 11845 1242547 
1789437949.177310666	456000000	66	0 41793524 86070936 170287853 1071675501 3179361061 74444 76541 11845 1242547 
1789437949.475798873	456000000	66	0 41793524 86070936 170287853 1071675501 3179561656 74444 76541 11845 1242547 
1789437949.777901872	456000000	66	0 41793524 86070936 170287853 1071675501 3179761029 74444 76541 11845 1242547 
1789437950.082240860	456000000	66	0 41793524 86070936 170287853 1071675501 3179960045 74444 76541 11845 1242547 
1789437950.383998338	456000000	66	0 41793524 86070936 170287853 1071675501 3180162586 74444 76541 11845 1242547 
1789437950.687301598	456000000	66	0 41793524 86070936 170287853 1071675501 3180362489 74444 76541 11845 1242547 
1789437950.986926575	456000000	66	0 41793524 86070936 170287853 1071675501 3180557972 74444 76541 11845 1242547 
1789437951.285325980	456000000	66	0 41793524 86070936 170287853 1071675501 3180755564 74444 76541 11845 1242547 
1789437951.585388875	456000000	66	0 41793524 86070936 170287853 1071675501 3180958262 74444 76541 11845 1242547 
1789437951.891955468	456000000	66	0 41793524 86070936 170287853 1071675501 3181160156 74444 76541 11845 1242547 
1789437952.190049039	456000000	66	0 41793524 86070936 170287853 1071675501 3181354735 74444 76541 11845 1242547 
1789437952.485496412	456000000	66	0 41793524 86070936 170287853 1071675501 3181556668 74444 76541 11845 1242547 
1789437952.790785818	456000000	66	0 41793524 86070936 170287853 1071675501 3181755346 74444 76541 11845 1242547 
1789437953.090414858	456000000	66	0 41793524 86070936 170287853 1071675501 3181951886 74444 76541 11845 1242547 
1789437953.386247231	456000000	66	0 41793524 86070936 170287853 1071675501 3182152092 74444 76541 11845 1242547 
1789437953.690161897	456000000	66	0 41793524 86070936 170287853 1071675501 3182351250 74444 76541 11845 1242547 
1789437953.991925052	456000000	66	0 41793524 86070936 170287853 1071675501 3182550535 74444 76541 11845 1242547 
1789437954.290342269	456000000	66	0 41793524 86070936 170287853 1071675501 3182750402 74444 76541 11845 1242547 
1789437954.591401778	456000000	66	0 41793524 86070936 170287853 1071675501 3182947465 74444 76541 11845 1242547 
1789437954.885477276	456000000	66	0 41793524 86070936 170287853 1071675501 3183142233 74444 76541 11845 1242547 
1789437955.183970014	456000000	66	0 41793524 86070936 170287853 1071675501 3183340063 74444 76541 11845 1242547 
1789437955.484950878	456000000	66	0 41793524 86070936 170287853 1071675501 3183546073 74444 76541 11845 1242547 
1789437955.787229814	456000000	66	0 41793524 86070936 170287853 1071675501 3183741089 74444 76541 11845 1242547 
1789437956.084220625	456000000	66	0 41793524 86070936 170287853 1071675501 3183938276 74444 76541 11845 1242547 
1789437956.380848831	456000000	66	0 41793524 86070936 170287853 1071675501 3184137330 74444 76541 11845 1242547 
1789437956.680450684	456000000	66	0 41793524 86070936 170287853 1071675501 3184340126 74444 76541 11845 1242547 
1789437956.980500558	456000000	66	0 41793524 86070936 170287853 1071675501 3184548091 74444 76541 11845 1242547 
1789437957.276459285	456000000	66	0 41793524 86070936 170287853 1071675501 3184754652 74444 76541 11845 1242547 
1789437957.575344523	456000000	68	0 41793524 86070936 170287853 1071675501 3184955222 74444 76541 11845 1242547 
1789437957.875137470	456000000	68	0 41793524 86070936 170287853 1071675501 3185157571 74444 76541 11845 1242547 
1789437958.180042604	456000000	68	0 41793524 86070936 170287853 1071675501 3185358232 74444 76541 11845 1242547 
1789437958.479388572	456000000	66	0 41793524 86070936 170287853 1071675501 3185556455 74444 76541 11845 1242547 
1789437958.776396310	456000000	66	0 41793524 86070936 170287853 1071675501 3185751812 74444 76541 11845 1242547 
1789437959.075072069	456000000	66	0 41793524 86070936 170287853 1071675501 3185951662 74444 76541 11845 1242547 
1789437959.373223557	456000000	66	0 41793524 86070936 170287853 1071675501 3186147952 74444 76541 11845 1242547 
1789437959.674437649	456000000	66	0 41793524 86070936 170287853 1071675501 3186348766 74444 76541 11845 1242547 
1789437959.975231585	456000000	66	0 41793524 86070936 170287853 1071675501 3186546147 74444 76541 11845 1242547 
1789437960.270980209	456000000	66	0 41793524 86070936 170287853 1071675501 3186742294 74444 76541 11845 1242547 
1789437960.565843728	456000000	66	0 41793524 86070936 170287853 1071675501 3186942330 74444 76541 11845 1242547 
1789437960.869033081	456000000	66	0 41793524 86070936 170287853 1071675501 3187143923 74444 76541 11845 1242547 
1789437961.164342329	456000000	66	0 41793524 86070936 170287853 1071675501 3187335689 74444 76541 11845 1242547 
1789437961.463528765	456000000	66	0 41793524 86070936 170287853 1071675501 3187536353 74444 76541 11845 1242547 
1789437961.765743535	456000000	66	0 41793524 86070936 170287853 1071675501 3187733913 74444 76541 11845 1242547 
1789437962.062679450	456000000	66	0 41793524 86070936 170287853 1071675501 3187932536 74444 76541 11845 1242547 
1789437962.363511198	456000000	66	0 41793524 86070936 170287853 1071675501 3188135283 74444 76541 11845 1242547 
1789437962.664349041	456000000	66	0 41793524 86070936 170287853 1071675501 3188333263 74444 76541 11845 1242547 
1789437962.962085685	456000000	66	0 41793524 86070936 170287853 1071675501 3188531449 74444 76541 11845 1242547 
1789437963.264318996	456000000	66	0 41793524 86070936 170287853 1071675501 3188732482 74444 76541 11845 1242547 
1789437963.563205120	456000000	66	0 41793524 86070936 170287853 1071675501 3188931345 74444 76541 11845 1242547 
1789437963.864644056	456000000	66	0 41793524 86070936 170287853 1071675501 3189130401 74444 76541 11845 1242547 
1789437964.162418252	456000000	66	0 41793524 86070936 170287853 1071675501 3189330635 74444 76541 11845 1242547 
1789437964.464684949	456000000	66	0 41793524 86070936 170287853 1071675501 3189530071 74444 76541 11845 1242547 
1789437964.758391333	456000000	66	0 41793524 86070936 170287853 1071675501 3189726300 74444 76541 11845 1242547 
1789437965.054873914	456000000	66	0 41793524 86070936 170287853 1071675501 3189920984 74444 76541 11845 1242547 
1789437965.353679100	456000000	66	0 41793524 86070936 170287853 1071675501 3190121893 74444 76541 11845 1242547 
1789437965.654539287	456000000	66	0 41793524 86070936 170287853 1071675501 3190321134 74444 76541 11845 1242547 
1789437965.957019577	456000000	66	0 41793524 86070936 170287853 1071675501 3190522433 74444 76541 11845 1242547 
1789437966.254031221	456000000	66	0 41793524 86070936 170287853 1071675501 3190721598 74444 76541 11845 1242547 
1789437966.555989533	456000000	66	0 41793524 86070936 170287853 1071675501 3190919821 74444 76541 11845 1242547 
1789437966.853349510	456000000	66	0 41793524 86070936 170287853 1071675501 3191118943 74444 76541 11845 1242547 
1789437967.155371259	456000000	66	0 41793524 86070936 170287853 1071675501 3191317298 74444 76541 11845 1242547 
1789437967.451540976	456000000	66	0 41793524 86070936 170287853 1071675501 3191514164 74444 76541 11845 1242547 
1789437967.747421735	456000000	66	0 41793524 86070936 170287853 1071675501 3191710484 74444 76541 11845 1242547 
1789437968.043692910	456000000	66	0 41793524 86070936 170287853 1071675501 3191907185 74444 76541 11845 1242547 
1789437968.339919346	456000000	66	0 41793524 86070936 170287853 1071675501 3192101134 74444 76541 11845 1242547 
1789437968.637932552	456000000	65	0 41793524 86070936 170287853 1071675501 3192299482 74444 76541 11845 1242547 
1789437968.939842426	456000000	65	0 41793524 86070936 170287853 1071675501 3192502226 74444 76541 11845 1242547 
1789437969.241780113	456000000	65	0 41793524 86070936 170287853 1071675501 3192703521 74444 76541 11845 1242547 
1789437969.545445612	456000000	66	0 41793524 86070936 170287853 1071675501 3192898578 74444 76541 11845 1242547 
1789437969.842169547	456000000	66	0 41793524 86070936 170287853 1071675501 3193096227 74444 76541 11845 1242547 
1789437970.142192025	456000000	66	0 41793524 86070936 170287853 1071675501 3193300452 74444 76541 11845 1242547 
1789437970.447600337	456000000	66	0 41793524 86070936 170287853 1071675501 3193502157 74444 76541 11845 1242547 
1789437970.748418961	456000000	66	0 41793524 86070936 170287853 1071675501 3193699749 74444 76541 11845 1242547 
1789437971.043710136	456000000	66	0 41793524 86070936 170287853 1071675501 3193897672 74444 76541 11845 1242547 
1789437971.342026884	456000000	66	0 41793524 86070936 170287853 1071675501 3194092759 74444 76541 11845 1242547 
1789437971.641199050	456000000	66	0 41793524 86070936 170287853 1071675501 3194291048 74444 76541 11845 1242547 
1789437971.938576110	456000000	66	0 41793524 86070936 170287853 1071675501 3194489216 74444 76541 11845 1242547 
1789437972.238431661	456000000	66	0 41793524 86070936 170287853 1071675501 3194687444 74444 76541 11845 1242547 
1789437972.539245233	456000000	66	0 41793524 86070936 170287853 1071675501 3194884311 74444 76541 11845 1242547 
1789437972.834690939	456000000	66	0 41793524 86070936 170287853 1071675501 3195084225 74444 76541 11845 1242547 
1789437973.135979667	456000000	66	0 41793524 86070936 170287853 1071675501 3195285005 74444 76541 11845 1242547 
1789437973.437348291	456000000	66	0 41793524 86070936 170287853 1071675501 3195483994 74444 76541 11845 1242547 
1789437973.740777488	456000000	66	0 41793524 86070936 170287853 1071675501 3195683662 74444 76541 11845 1242547 
1789437974.038489028	456000000	66	0 41793524 86070936 170287853 1071675501 3195883277 74444 76541 11845 1242547 
1789437974.339873798	456000000	66	0 41793524 86070936 170287853 1071675501 3196080208 74444 76541 11845 1242547 
1789437974.637608202	456000000	66	0 41793524 86070936 170287853 1071675501 3196279285 74444 76541 11845 1242547 
1789437974.938584691	456000000	66	0 41793524 86070936 170287853 1071675501 3196478069 74444 76541 11845 1242547 
1789437975.234367949	456000000	66	0 41793524 86070936 170287853 1071675501 3196676701 74444 76541 11845 1242547 
1789437975.536436052	456000000	66	0 41793524 86070936 170287853 1071675501 3196875420 74444 76541 11845 1242547 
1789437975.838127593	456000000	66	0 41793524 86070936 170287853 1071675501 3197071331 74444 76541 11845 1242547 
1789437976.130985278	456000000	66	0 41793524 86070936 170287853 1071675501 3197266816 74444 76541 11845 1242547 
1789437976.429775620	456000000	66	0 41793524 86070936 170287853 1071675501 3197465799 74444 76541 11845 1242547 
1789437976.730452994	456000000	66	0 41793524 86070936 170287853 1071675501 3197665554 74444 76541 11845 1242547 
1789437977.027613961	456000000	66	0 41793524 86070936 170287853 1071675501 3197864667 74444 76541 11845 1242547 
1789437977.329574825	456000000	66	0 41793524 86070936 170287853 1071675501 3198063872 74444 76541 11845 1242547 
1789437977.626259646	456000000	66	0 41793524 86070936 170287853 1071675501 3198261231 74444 76541 11845 1242547 
1789437977.922346863	456000000	66	0 41793524 86070936 170287853 1071675501 3198460873 74444 76541 11845 1242547 
1789437978.220336372	456000000	66	0 41793524 86070936 170287853 1071675501 3198663182 74444 76541 11845 1242547 
1789437978.522205100	456000000	67	0 41793524 86070936 170287853 1071675501 3198869151 74444 76541 11845 1242547 
1789437978.824182421	456000000	67	0 41793524 86070936 170287853 1071675501 3199071685 74444 76541 11845 1242547 
1789437979.121807295	456000000	67	0 41793524 86070936 170287853 1071675501 3199273461 74444 76541 11845 1242547 
1789437979.419997272	456000000	67	0 41793524 86070936 170287853 1071675501 3199478494 74444 76541 11845 1242547 
1789437979.716226469	456000000	68	0 41793524 86070936 170287853 1071675501 3199686560 74444 76541 11845 1242547 
1789437980.013249154	456000000	68	0 41793524 86070936 170287853 1071675501 3199894092 74444 76541 11845 1242547 
1789437980.318247622	456000000	68	0 41793524 86070936 170287853 1071675501 3200095353 74444 76541 11845 1242547 
1789437980.618698173	456000000	68	0 41793524 86070936 170287853 1071675501 3200295419 74444 76541 11845 1242547 
1789437980.920437474	456000000	68	0 41793524 86070936 170287853 1071675501 3200501398 74444 76541 11845 1242547 
1789437981.221363650	456000000	68	0 41793524 86070936 170287853 1071675501 3200701053 74444 76541 11845 1242547 
1789437981.523998420	456000000	66	0 41793524 86070936 170287853 1071675501 3200897364 74444 76541 11845 1242547 
1789437981.819951418	456000000	66	0 41793524 86070936 170287853 1071675501 3201094907 74444 76541 11845 1242547 
1789437982.123971917	456000000	66	0 41793524 86070936 170287853 1071675501 3201299398 74444 76541 11845 1242547 
1789437982.425375749	456000000	66	0 41793524 86070936 170287853 1071675501 3201494222 74444 76541 11845 1242547 
1789437982.719751247	456000000	66	0 41793524 86070936 170287853 1071675501 3201688241 74444 76541 11845 1242547 
1789437983.017205443	456000000	66	0 41793524 86070936 170287853 1071675501 3201886559 74444 76541 11845 1242547 
1789437983.316024588	456000000	66	0 41793524 86070936 170287853 1071675501 3202087419 74444 76541 11845 1242547 
1789437983.613136076	456000000	66	0 41793524 86070936 170287853 1071675501 3202286452 74444 76541 11845 1242547 
1789437983.913561314	456000000	66	0 41793524 86070936 170287853 1071675501 3202483956 74444 76541 11845 1242547 
1789437984.217399157	456000000	66	0 41793524 86070936 170287853 1071675501 3202683986 74444 76541 11845 1242547 
1789437984.513324342	456000000	66	0 41793524 86070936 170287853 1071675501 3202880829 74444 76541 11845 1242547 
1789437984.809611455	456000000	66	0 41793524 86070936 170287853 1071675501 3203077649 74444 76541 11845 1242547 
1789437985.108599610	456000000	66	0 41793524 86070936 170287853 1071675501 3203276808 74444 76541 11845 1242547 
1789437985.403643910	456000000	66	0 41793524 86070936 170287853 1071675501 3203474581 74444 76541 11845 1242547 
1789437985.701824044	456000000	66	0 41793524 86070936 170287853 1071675501 3203675973 74444 76541 11845 1242547 
1789437985.999307719	456000000	66	0 41793524 86070936 170287853 1071675501 3203874161 74444 76541 11845 1242547 
1789437986.299876499	456000000	66	0 41793524 86070936 170287853 1071675501 3204072175 74444 76541 11845 1242547 
1789437986.599720696	456000000	66	0 41793524 86070936 170287853 1071675501 3204273093 74444 76541 11845 1242547 
1789437986.899338747	456000000	66	0 41793524 86070936 170287853 1071675501 3204469907 74444 76541 11845 1242547 
1789437987.194094714	456000000	66	0 41793524 86070936 170287853 1071675501 3204667240 74444 76541 11845 1242547 
1789437987.493589118	456000000	66	0 41793524 86070936 170287853 1071675501 3204863201 74444 76541 11845 1242547 
1789437987.783620918	456000000	66	0 41793524 86070936 170287853 1071675501 3205061549 74444 76541 11845 1242547 
1789437988.079417145	456000000	66	0 41793524 86070936 170287853 1071675501 3205255981 74444 76541 11845 1242547 
1789437988.375079987	456000000	66	0 41793524 86070936 170287853 1071675501 3205455873 74444 76541 11845 1242547 
1789437988.677340122	456000000	66	0 41793524 86070936 170287853 1071675501 3205651230 74444 76541 11845 1242547 
1789437988.978683589	456000000	66	0 41793524 86070936 170287853 1071675501 3205854338 74444 76541 11845 1242547 
1789437989.279425911	456000000	66	0 41793524 86070936 170287853 1071675501 3206055629 74444 76541 11845 1242547 
1789437989.578928180	456000000	66	0 41793524 86070936 170287853 1071675501 3206253082 74444 76541 11845 1242547 
1789437989.876168002	456000000	66	0 41793524 86070936 170287853 1071675501 3206451915 74444 76541 11845 1242547 
1789437990.173084594	456000000	66	0 41793524 86070936 170287853 1071675501 3206648439 74444 76541 11845 1242547 
1789437990.466407487	456000000	66	0 41793524 86070936 170287853 1071675501 3206844596 74444 76541 11845 1242547 
1789437990.765150851	456000000	66	0 41793524 86070936 170287853 1071675501 3207040838 74444 76541 11845 1242547 
1789437991.059242390	456000000	66	0 41793524 86070936 170287853 1071675501 3207238112 74444 76541 11845 1242547 
1789437991.360067108	456000000	66	0 41793524 86070936 170287853 1071675501 3207437497 74444 76541 11845 1242547 
1789437991.656834116	456000000	66	0 41793524 86070936 170287853 1071675501 3207632610 74444 76541 11845 1242547 
1789437991.954608990	456000000	66	0 41793524 86070936 170287853 1071675501 3207834078 74444 76541 11845 1242547 
1789437992.253892874	456000000	66	0 41793524 86070936 170287853 1071675501 3208034946 74444 76541 11845 1242547 
1789437992.552789570	456000000	66	0 41793524 86070936 170287853 1071675501 3208234189 74444 76541 11845 1242547 
1789437992.854040954	456000000	66	0 41793524 86070936 170287853 1071675501 3208435252 74444 76541 11845 1242547 
1789437993.153000620	456000000	66	0 41793524 86070936 170287853 1071675501 3208635941 74444 76541 11845 1242547 
1789437993.454145337	456000000	66	0 41793524 86070936 170287853 1071675501 3208835461 74444 76541 11845 1242547 
1789437993.754628127	456000000	66	0 41793524 86070936 170287853 1071675501 3209034593 74444 76541 11845 1242547 
1789437994.053166647	456000000	66	0 41793524 86070936 170287853 1071675501 3209234290 74444 76541 11845 1242547 
1789437994.352525010	456000000	66	0 41793524 86070936 170287853 1071675501 3209433251 74444 76541 11845 1242547 
1789437994.648584050	456000000	66	0 41793524 86070936 170287853 1071675501 3209631292 74444 76541 11845 1242547 
1789437994.944566059	456000000	66	0 41793524 86070936 170287853 1071675501 3209829628 74444 76541 11845 1242547 
1789437995.248169526	456000000	66	0 41793524 86070936 170287853 1071675501 3210030513 74444 76541 11845 1242547 
1789437995.547675181	456000000	66	0 41793524 86070936 170287853 1071675501 3210228125 74444 76541 11845 1242547 
1789437995.844529013	456000000	66	0 41793524 86070936 170287853 1071675501 3210429589 74444 76541 11845 1242547 
1789437996.147682533	456000000	66	0 41793524 86070936 170287853 1071675501 3210626420 74444 76541 11845 1242547 
1789437996.445113552	456000000	66	0 41793524 86070936 170287853 1071675501 3210823987 74444 76541 11845 1242547 
1789437996.743401134	456000000	66	0 41793524 86070936 170287853 1071675501 3211021628 74444 76541 11845 1242547 
1789437997.041413142	456000000	66	0 41793524 86070936 170287853 1071675501 3211220702 74444 76541 11845 1242547 
1789437997.341905881	456000000	66	0 41793524 86070936 170287853 1071675501 3211417861 74444 76541 11845 1242547 
1789437997.633215024	456000000	66	0 41793524 86070936 170287853 1071675501 3211616205 74444 76541 11845 1242547 
1789437997.937874742	456000000	66	0 41793524 86070936 170287853 1071675501 3211811082 74444 76541 11845 1242547 
1789437998.232166230	456000000	66	0 41793524 86070936 170287853 1071675501 3212007288 74444 76541 11845 1242547 
1789437998.531452145	456000000	66	0 41793524 86070936 170287853 1071675501 3212207191 74444 76541 11845 1242547 
1789437998.832637488	456000000	66	0 41793524 86070936 170287853 1071675501 3212405110 74444 76541 11845 1242547 
1789437999.128880590	456000000	66	0 41793524 86070936 170287853 1071675501 3212605780 74444 76541 11845 1242547 
1789437999.429473797	456000000	66	0 41793524 86070936 170287853 1071675501 3212807960 74444 76541 11845 1242547 
1789437999.734008671	456000000	66	0 41793524 86070936 170287853 1071675501 3213015612 74444 76541 11845 1242547 
1789438000.033640003	456000000	66	0 41793524 86070936 170287853 1071675501 3213217882 74444 76541 11845 1242547 
1789438000.337147637	456000000	66	0 41793524 86070936 170287853 1071675501 3213423308 74444 76541 11845 1242547 
1789438000.639719647	456000000	67	0 41793524 86070936 170287853 1071675501 3213620931 74444 76541 11845 1242547 
1789438000.933708634	456000000	67	0 41793524 86070936 170287853 1071675501 3213816868 74444 76541 11845 1242547 
1789438001.231797935	456000000	67	0 41793524 86070936 170287853 1071675501 3214011361 74444 76541 11845 1242547 
1789438001.532020673	456000000	66	0 41793524 86070936 170287853 1071675501 3214209236 74444 76541 11845 1242547 
1789438001.829653255	456000000	66	0 41793524 86070936 170287853 1071675501 3214409438 74444 76541 11845 1242547 
1789438002.131913962	456000000	66	0 41793524 86070936 170287853 1071675501 3214605993 74444 76541 11845 1242547 
1789438002.429969929	456000000	66	0 41793524 86070936 170287853 1071675501 3214804288 74444 76541 11845 1242547 
1789438002.724822042	456000000	66	0 41793524 86070936 170287853 1071675501 3214999844 74444 76541 11845 1242547 
1789438003.024446863	456000000	66	0 41793524 86070936 170287853 1071675501 3215202646 74444 76541 11845 1242547 
1789438003.331162623	456000000	66	0 41793524 86070936 170287853 1071675501 3215401589 74444 76541 11845 1242547 
1789438003.628247601	456000000	66	0 41793524 86070936 170287853 1071675501 3215600119 74444 76541 11845 1242547 
1789438003.928452578	456000000	66	0 41793524 86070936 170287853 1071675501 3215797379 74444 76541 11845 1242547 
1789438004.229565681	456000000	66	0 41793524 86070936 170287853 1071675501 3215996684 74444 76541 11845 1242547 
1789438004.525489253	456000000	66	0 41793524 86070936 170287853 1071675501 3216197168 74444 76541 11845 1242547 
1789438004.832168710	456000000	66	0 41793524 86070936 170287853 1071675501 3216398562 74444 76541 11845 1242547 
1789438005.132858167	456000000	66	0 41793524 86070936 170287853 1071675501 3216594886 74444 76541 11845 1242547 
1789438005.430756478	456000000	66	0 41793524 86070936 170287853 1071675501 3216794824 74444 76541 11845 1242547 
1789438005.732801612	456000000	66	0 41793524 86070936 170287853 1071675501 3216993536 74444 76541 11845 1242547 
1789438006.030431382	456000000	66	0 41793524 86070936 170287853 1071675501 3217192356 74444 76541 11845 1242547 
1789438006.332646672	456000000	66	0 41793524 86070936 170287853 1071675501 3217392249 74444 76541 11845 1242547 
1789438006.634602588	456000000	66	0 41793524 86070936 170287853 1071675501 3217594400 74444 76541 11845 1242547 
1789438006.934557618	456000000	66	0 41793524 86070936 170287853 1071675501 3217789994 74444 76541 11845 1242547 
1789438007.231069470	456000000	66	0 41793524 86070936 170287853 1071675501 3217988488 74444 76541 11845 1242547 
1789438007.530403666	456000000	66	0 41793524 86070936 170287853 1071675501 3218186511 74444 76541 11845 1242547 
1789438007.825296769	456000000	66	0 41793524 86070936 170287853 1071675501 3218379998 74444 76541 11845 1242547 
1789438008.123504351	456000000	66	0 41793524 86070936 170287853 1071675501 3218581209 74444 76541 11845 1242547 
1789438008.421895370	456000000	66	0 41793524 86070936 170287853 1071675501 3218776798 74444 76541 11845 1242547 
1789438008.720522743	456000000	66	0 41793524 86070936 170287853 1071675501 3218974762 74444 76541 11845 1242547 
1789438009.016935950	456000000	66	0 41793524 86070936 170287853 1071675501 3219171943 74444 76541 11845 1242547 
1789438009.314975823	456000000	66	0 41793524 86070936 170287853 1071675501 3219373079 74444 76541 11845 1242547 
1789438009.616079447	456000000	66	0 41793524 86070936 170287853 1071675501 3219570320 74444 76541 11845 1242547 
1789438009.910745727	456000000	66	0 41793524 86070936 170287853 1071675501 3219767755 74444 76541 11845 1242547 
1789438010.210525965	456000000	66	0 41793524 86070936 170287853 1071675501 3219964751 74444 76541 11845 1242547 
1789438010.512674745	456000000	66	0 41793524 86070936 170287853 1071675501 3220165318 74444 76541 11845 1242547 
1789438010.811827223	456000000	66	0 41793524 86070936 170287853 1071675501 3220366256 74444 76541 11845 1242547 
1789438011.115157253	456000000	66	0 41793524 86070936 170287853 1071675501 3220563553 74444 76541 11845 1242547 
1789438011.410879730	456000000	66	0 41793524 86070936 170287853 1071675501 3220759105 74444 76541 11845 1242547 
1789438011.712151635	456000000	66	0 41793524 86070936 170287853 1071675501 3220959515 74444 76541 11845 1242547 
1789438012.012686613	456000000	66	0 41793524 86070936 170287853 1071675501 3221160330 74444 76541 11845 1242547 
1789438012.312829664	456000000	66	0 41793524 86070936 170287853 1071675501 3221358974 74444 76541 11845 1242547 
1789438012.611222766	456000000	66	0 41793524 86070936 170287853 1071675501 3221557655 74444 76541 11845 1242547 
1789438012.914342640	456000000	66	0 41793524 86070936 170287853 1071675501 3221757356 74444 76541 11845 1242547 
1789438013.213999441	456000000	66	0 41793524 86070936 170287853 1071675501 3221955742 74444 76541 11845 1242547 
1789438013.511329054	456000000	66	0 41793524 86070936 170287853 1071675501 3222154859 74444 76541 11845 1242547 
1789438013.812232469	456000000	66	0 41793524 86070936 170287853 1071675501 3222352674 74444 76541 11845 1242547 
1789438014.112036666	456000000	66	0 41793524 86070936 170287853 1071675501 3222552743 74444 76541 11845 1242547 
1789438014.413767425	456000000	66	0 41793524 86070936 170287853 1071675501 3222753261 74444 76541 11845 1242547 
1789438014.711819799	456000000	66	0 41793524 86070936 170287853 1071675501 3222949987 74444 76541 11845 1242547 
1789438015.011256339	456000000	66	0 41793524 86070936 170287853 1071675501 3223147488 74444 76541 11845 1242547 
1789438015.309394129	456000000	66	0 41793524 86070936 170287853 1071675501 3223347724 74444 76541 11845 1242547 
1789438015.609163794	456000000	66	0 41793524 86070936 170287853 1071675501 3223546742 74444 76541 11845 1242547 
1789438015.902100542	456000000	66	0 41793524 86070936 170287853 1071675501 3223743821 74444 76541 11845 1242547 
1789438016.204139478	456000000	66	0 41793524 86070936 170287853 1071675501 3223940134 74444 76541 11845 1242547 
1789438016.501789925	456000000	66	0 41793524 86070936 170287853 1071675501 3224137221 74444 76541 11845 1242547 
1789438016.801229069	456000000	66	0 41793524 86070936 170287853 1071675501 3224337595 74444 76541 11845 1242547 
1789438017.101537328	456000000	66	0 41793524 86070936 170287853 1071675501 3224538629 74444 76541 11845 1242547 
1789438017.401261785	456000000	66	0 41793524 86070936 170287853 1071675501 3224736058 74444 76541 11845 1242547 
1789438017.701730721	456000000	66	0 41793524 86070936 170287853 1071675501 3224937883 74444 76541 11845 1242547 
1789438018.001537158	456000000	66	0 41793524 86070936 170287853 1071675501 3225133787 74444 76541 11845 1242547 
1789438018.296070260	456000000	66	0 41793524 86070936 170287853 1071675501 3225331817 74444 76541 11845 1242547 
1789438018.590154247	456000000	66	0 41793524 86070936 170287853 1071675501 3225527264 74444 76541 11845 1242547 
1789438018.890457402	456000000	66	0 41793524 86070936 170287853 1071675501 3225723025 74444 76541 11845 1242547 
1789438019.190918318	456000000	66	0 41793524 86070936 170287853 1071675501 3225921534 74444 76541 11845 1242547 
1789438019.493265796	456000000	66	0 41793524 86070936 170287853 1071675501 3226124077 74444 76541 11845 1242547 
1789438019.790171034	456000000	66	0 41793524 86070936 170287853 1071675501 3226319883 74444 76541 11845 1242547 
1789438020.088928511	456000000	66	0 41793524 86070936 170287853 1071675501 3226519774 74444 76541 11845 1242547 
1789438020.394108021	456000000	66	0 41793524 86070936 170287853 1071675501 3226724684 74444 76541 11845 1242547 
1789438020.694652061	456000000	66	0 41793524 86070936 170287853 1071675501 3226925965 74444 76541 11845 1242547 
1789438020.993218549	456000000	66	0 41793524 86070936 170287853 1071675501 3227125159 74444 76541 11845 1242547 
1789438021.291181027	456000000	66	0 41793524 86070936 170287853 1071675501 3227330511 74444 76541 11845 1242547 
1789438021.594922255	456000000	67	0 41793524 86070936 170287853 1071675501 3227533707 74444 76541 11845 1242547 
1789438021.895834108	456000000	67	0 41793524 86070936 170287853 1071675501 3227731884 74444 76541 11845 1242547 
1789438022.196149346	456000000	67	0 41793524 86070936 170287853 1071675501 3227929038 74444 76541 11845 1242547 
1789438022.493526667	456000000	65	0 41793524 86070936 170287853 1071675501 3228128805 74444 76541 11845 1242547 
1789438022.795266073	456000000	65	0 41793524 86070936 170287853 1071675501 3228323951 74444 76541 11845 1242547 
1789438023.093695790	456000000	65	0 41793524 86070936 170287853 1071675501 3228522090 74444 76541 11845 1242547 
1789438023.387883892	456000000	65	0 41793524 86070936 170287853 1071675501 3228717926 74444 76541 11845 1242547 
1789438023.690551214	456000000	66	0 41793524 86070936 170287853 1071675501 3228916711 74444 76541 11845 1242547 
1789438023.991554525	456000000	66	0 41793524 86070936 170287853 1071675501 3229118171 74444 76541 11845 1242547 
1789438024.291147472	456000000	66	0 41793524 86070936 170287853 1071675501 3229318610 74444 76541 11845 1242547 
1789438024.594143439	456000000	66	0 41793524 86070936 170287853 1071675501 3229521931 74444 76541 11845 1242547 
1789438024.893509250	456000000	66	0 41793524 86070936 170287853 1071675501 3229721064 74444 76541 11845 1242547 
1789438025.195158812	456000000	66	0 41793524 86070936 170287853 1071675501 3229916354 74444 76541 11845 1242547 
1789438025.491050977	456000000	66	0 41793524 86070936 170287853 1071675501 3230117403 74444 76541 11845 1242547 
1789438025.792777725	456000000	66	0 41793524 86070936 170287853 1071675501 3230313704 74444 76541 11845 1242547 
1789438026.089419109	456000000	66	0 41793524 86070936 170287853 1071675501 3230511853 74444 76541 11845 1242547 
1789438026.385711534	456000000	66	0 41793524 86070936 170287853 1071675501 3230710684 74444 76541 11845 1242547 
1789438026.684518022	456000000	66	0 41793524 86070936 170287853 1071675501 3230904459 74444 76541 11845 1242547 
1789438026.981778885	456000000	66	0 41793524 86070936 170287853 1071675501 3231103508 74444 76541 11845 1242547 
1789438027.280606259	456000000	66	0 41793524 86070936 170287853 1071675501 3231304557 74444 76541 11845 1242547 
1789438027.580528216	456000000	66	0 41793524 86070936 170287853 1071675501 3231499067 74444 76541 11845 1242547 
1789438027.877844339	456000000	66	0 41793524 86070936 170287853 1071675501 3231698865 74444 76541 11845 1242547 
1789438028.178967442	456000000	66	0 41793524 86070936 170287853 1071675501 3231901382 74444 76541 11845 1242547 
1789438028.479604243	456000000	66	0 41793524 86070936 170287853 1071675501 3232102503 74444 76541 11845 1242547 
1789438028.780697502	456000000	66	0 41793524 86070936 170287853 1071675501 3232300333 74444 76541 11845 1242547 
1789438029.080574720	456000000	66	0 41793524 86070936 170287853 1071675501 3232502258 74444 76541 11845 1242547 
1789438029.380141416	456000000	66	0 41793524 86070936 170287853 1071675501 3232700453 74444 76541 11845 1242547 
1789438029.680494519	456000000	66	0 41793524 86070936 170287853 1071675501 3232898015 74444 76541 11845 1242547 
1789438029.982068143	456000000	66	0 41793524 86070936 170287853 1071675501 3233097388 74444 76541 11845 1242547 
1789438030.279066141	456000000	66	0 41793524 86070936 170287853 1071675501 3233294065 74444 76541 11845 1242547 
1789438030.576118931	456000000	66	0 41793524 86070936 170287853 1071675501 3233491847 74444 76541 11845 1242547 
1789438030.873464481	456000000	66	0 41793524 86070936 170287853 1071675501 3233688767 74444 76541 11845 1242547 
1789438031.172318053	456000000	66	0 41793524 86070936 170287853 1071675501 3233887187 74444 76541 11845 1242547 
1789438031.469640635	456000000	66	0 41793524 86070936 170287853 1071675501 3234088421 74444 76541 11845 1242547 
1789438031.772074206	456000000	66	0 41793524 86070936 170287853 1071675501 3234287037 74444 76541 11845 1242547 
1789438032.071813247	456000000	66	0 41793524 86070936 170287853 1071675501 3234485076 74444 76541 11845 1242547 
1789438032.374383329	456000000	66	0 41793524 86070936 170287853 1071675501 3234686051 74444 76541 11845 1242547 
1789438032.670580025	456000000	66	0 41793524 86070936 170287853 1071675501 3234883275 74444 76541 11845 1242547 
1789438032.970042451	456000000	66	0 41793524 86070936 170287853 1071675501 3235086537 74444 76541 11845 1242547 
1789438033.271032533	456000000	66	0 41793524 86070936 170287853 1071675501 3235281701 74444 76541 11845 1242547 
1789438033.567106416	456000000	66	0 41793524 86070936 170287853 1071675501 3235482007 74444 76541 11845 1242547 
1789438033.868220561	456000000	66	0 41793524 86070936 170287853 1071675501 3235679076 74444 76541 11845 1242547 
1789438034.169817883	456000000	66	0 41793524 86070936 170287853 1071675501 3235881890 74444 76541 11845 1242547 
1789438034.477321611	456000000	66	0 41793524 86070936 170287853 1071675501 3236081711 74444 76541 11845 1242547 
1789438034.777171172	456000000	66	0 41793524 86070936 170287853 1071675501 3236281474 74444 76541 11845 1242547 
1789438035.072317660	456000000	66	0 41793524 86070936 170287853 1071675501 3236473836 74444 76541 11845 1242547 
1789438035.367777169	456000000	66	0 41793524 86070936 170287853 1071675501 3236672120 74444 76541 11845 1242547 
1789438035.663814021	456000000	66	0 41793524 86070936 170287853 1071675501 3236872136 74444 76541 11845 1242547 
1789438035.969289729	456000000	66	0 41793524 86070936 170287853 1071675501 3237076108 74444 76541 11845 1242547 
1789438036.270786269	456000000	66	0 41793524 86070936 170287853 1071675501 3237277447 74444 76541 11845 1242547 
1789438036.574681508	456000000	66	0 41793524 86070936 170287853 1071675501 3237475228 74444 76541 11845 1242547 
1789438036.870185339	456000000	66	0 41793524 86070936 170287853 1071675501 3237677529 74444 76541 11845 1242547 
1789438037.176680005	456000000	66	0 41793524 86070936 170287853 1071675501 3237876135 74444 76541 11845 1242547 
1789438037.476626233	456000000	66	0 41793524 86070936 170287853 1071675501 3238074412 74444 76541 11845 1242547 
1789438037.775649388	456000000	66	0 41793524 86070936 170287853 1071675501 3238270770 74444 76541 11845 1242547 
1789438038.072277751	456000000	66	0 41793524 86070936 170287853 1071675501 3238467657 74444 76541 11845 1242547 
1789438038.370867103	456000000	66	0 41793524 86070936 170287853 1071675501 3238665947 74444 76541 11845 1242547 
1789438038.671727342	456000000	66	0 41793524 86070936 170287853 1071675501 3238869350 74444 76541 11845 1242547 
1789438038.975033570	456000000	66	0 41793524 86070936 170287853 1071675501 3239066302 74444 76541 11845 1242547 
1789438039.280727767	456000000	66	0 41793524 86070936 170287853 1071675501 3239269022 74444 76541 11845 1242547 
1789438039.581310766	456000000	66	0 41793524 86070936 170287853 1071675501 3239468819 74444 76541 11845 1242547 
1789438039.881357566	456000000	66	0 41793524 86070936 170287853 1071675501 3239665150 74444 76541 11845 1242547 
1789438040.178970721	456000000	66	0 41793524 86070936 170287853 1071675501 3239866106 74444 76541 11845 1242547 
1789438040.481025751	456000000	66	0 41793524 86070936 170287853 1071675501 3240063101 74444 76541 11845 1242547 
1789438040.780838958	456000000	66	0 41793524 86070936 170287853 1071675501 3240265426 74444 76541 11845 1242547 
1789438041.080603675	456000000	66	0 41793524 86070936 170287853 1071675501 3240461688 74444 76541 11845 1242547 
1789438041.375782246	456000000	66	0 41793524 86070936 170287853 1071675501 3240656617 74444 76541 11845 1242547 
1789438041.670048526	456000000	66	0 41793524 86070936 170287853 1071675501 3240855511 74444 76541 11845 1242547 
1789438041.971060014	456000000	66	0 41793524 86070936 170287853 1071675501 3241056944 74444 76541 11845 1242547 
1789438042.274096086	456000000	66	0 41793524 86070936 170287853 1071675501 3241262536 74444 76541 11845 1242547 
1789438042.577936741	456000000	66	0 41793524 86070936 170287853 1071675501 3241463270 74444 76541 11845 1242547 
1789438042.878948282	456000000	66	0 41793524 86070936 170287853 1071675501 3241669906 74444 76541 11845 1242547 
1789438043.171745707	456000000	66	0 41793524 86070936 170287853 1071675501 3241876713 74444 76541 11845 1242547 
1789438043.469069903	456000000	66	0 41793524 86070936 170287853 1071675501 3242072895 74444 76541 11845 1242547 
1789438043.764776703	456000000	68	0 41793524 86070936 170287853 1071675501 3242271603 74444 76541 11845 1242547 
1789438044.060648139	456000000	68	0 41793524 86070936 170287853 1071675501 3242468994 74444 76541 11845 1242547 
1789438044.359321919	456000000	68	0 41793524 86070936 170287853 1071675501 3242672920 74444 76541 11845 1242547 
1789438044.664236480	456000000	66	0 41793524 86070936 170287853 1071675501 3242869806 74444 76541 11845 1242547 
1789438044.965049687	456000000	66	0 41793524 86070936 170287853 1071675501 3243070914 74444 76541 11845 1242547 
1789438045.264037113	456000000	66	0 41793524 86070936 170287853 1071675501 3243268895 74444 76541 11845 1242547 
1789438045.561767351	456000000	66	0 41793524 86070936 170287853 1071675501 3243467875 74444 76541 11845 1242547 
1789438045.859723162	456000000	66	0 41793524 86070936 170287853 1071675501 3243663152 74444 76541 11845 1242547 
1789438046.161168400	456000000	66	0 41793524 86070936 170287853 1071675501 3243862876 74444 76541 11845 1242547 
1789438046.463616347	456000000	66	0 41793524 86070936 170287853 1071675501 3244065941 74444 76541 11845 1242547 
1789438046.763820335	456000000	66	0 41793524 86070936 170287853 1071675501 3244264184 74444 76541 11845 1242547 
1789438047.062670209	456000000	66	0 41793524 86070936 170287853 1071675501 3244464602 74444 76541 11845 1242547 
1789438047.367434302	456000000	66	0 41793524 86070936 170287853 1071675501 3244663502 74444 76541 11845 1242547 
1789438047.668646363	456000000	66	0 41793524 86070936 170287853 1071675501 3244864163 74444 76541 11845 1242547 
1789438047.971390872	456000000	66	0 41793524 86070936 170287853 1071675501 3245064050 74444 76541 11845 1242547 
1789438048.271457777	456000000	66	0 41793524 86070936 170287853 1071675501 3245262285 74444 76541 11845 1242547 
1789438048.568450411	456000000	66	0 41793524 86070936 170287853 1071675501 3245459482 74444 76541 11845 1242547 
1789438048.866918566	456000000	66	0 41793524 86070936 170287853 1071675501 3245658736 74444 76541 11845 1242547 
1789438049.165334377	456000000	66	0 41793524 86070936 170287853 1071675501 3245855585 74444 76541 11845 1242547 
1789438049.460473104	456000000	66	0 41793524 86070936 170287853 1071675501 3246052423 74444 76541 11845 1242547 
1789438049.757938863	456000000	66	0 41793524 86070936 170287853 1071675501 3246248922 74444 76541 11845 1242547 
1789438050.058150507	456000000	66	0 41793524 86070936 170287853 1071675501 3246447423 74444 76541 11845 1242547 
1789438050.356472933	456000000	66	0 41793524 86070936 170287853 1071675501 3246644709 74444 76541 11845 1242547 
1789438050.655165098	456000000	66	0 41793524 86070936 170287853 1071675501 3246843044 74444 76541 11845 1242547 
1789438050.949231690	456000000	66	0 41793524 86070936 170287853 1071675501 3247037846 74444 76541 11845 1242547 
1789438051.250434011	456000000	66	0 41793524 86070936 170287853 1071675501 3247236994 74444 76541 11845 1242547 
1789438051.548432479	456000000	66	0 41793524 86070936 170287853 1071675501 3247437435 74444 76541 11845 1242547 
1789438051.847806467	456000000	66	0 41793524 86070936 170287853 1071675501 3247636210 74444 76541 11845 1242547 
1789438052.143623111	456000000	66	0 41793524 86070936 170287853 1071675501 3247836925 74444 76541 11845 1242547 
1789438052.444302151	456000000	66	0 41793524 86070936 170287853 1071675501 3248037621 74444 76541 11845 1242547 
1789438052.744747025	456000000	66	0 41793524 86070936 170287853 1071675501 3248236714 74444 76541 11845 1242547 
1789438053.043676378	456000000	66	0 41793524 86070936 170287853 1071675501 3248436658 74444 76541 11845 1242547 
1789438053.345767553	456000000	66	0 41793524 86070936 170287853 1071675501 3248635127 74444 76541 11845 1242547 
1789438053.642315916	456000000	66	0 41793524 86070936 170287853 1071675501 3248829055 74444 76541 11845 1242547 
1789438053.937772769	456000000	66	0 41793524 86070936 170287853 1071675501 3249027282 74444 76541 11845 1242547 
1789438054.238108319	456000000	66	0 41793524 86070936 170287853 1071675501 3249227615 74444 76541 11845 1242547 
1789438054.538537047	456000000	66	0 41793524 86070936 170287853 1071675501 3249427124 74444 76541 11845 1242547 
1789438054.838028796	456000000	66	0 41793524 86070936 170287853 1071675501 3249627262 74444 76541 11845 1242547 
1789438055.143517837	456000000	66	0 41793524 86070936 170287853 1071675501 3249825763 74444 76541 11845 1242547 
1789438055.443646773	456000000	66	0 41793524 86070936 170287853 1071675501 3250022784 74444 76541 11845 1242547 
1789438055.740251802	456000000	66	0 41793524 86070936 170287853 1071675501 3250217389 74444 76541 11845 1242547 
1789438056.036950478	456000000	66	0 41793524 86070936 170287853 1071675501 3250416787 74444 76541 11845 1242547 
1789438056.337964102	456000000	66	0 41793524 86070936 170287853 1071675501 3250612940 74444 76541 11845 1242547 
1789438056.632305173	456000000	66	0 41793524 86070936 170287853 1071675501 3250811790 74444 76541 11845 1242547 
1789438056.935395776	456000000	66	0 41793524 86070936 170287853 1071675501 3251011961 74444 76541 11845 1242547 
1789438057.231629243	456000000	66	0 41793524 86070936 170287853 1071675501 3251209022 74444 76541 11845 1242547 
1789438057.527750262	456000000	66	0 41793524 86070936 170287853 1071675501 3251403707 74444 76541 11845 1242547 
1789438057.823592791	456000000	66	0 41793524 86070936 170287853 1071675501 3251602486 74444 76541 11845 1242547 
1789438058.127359384	456000000	66	0 41793524 86070936 170287853 1071675501 3251801613 74444 76541 11845 1242547 
1789438058.425756341	456000000	66	0 41793524 86070936 170287853 1071675501 3252002024 74444 76541 11845 1242547 
1789438058.727881735	456000000	66	0 41793524 86070936 170287853 1071675501 3252201277 74444 76541 11845 1242547 
1789438059.026332651	456000000	66	0 41793524 86070936 170287853 1071675501 3252401429 74444 76541 11845 1242547 
1789438059.326573253	456000000	66	0 41793524 86070936 170287853 1071675501 3252598991 74444 76541 11845 1242547 
1789438059.621156408	456000000	66	0 41793524 86070936 170287853 1071675501 3252796004 74444 76541 11845 1242547 
1789438059.915547791	456000000	66	0 41793524 86070936 170287853 1071675501 3252988158 74444 76541 11845 1242547 
1789438060.214295894	456000000	66	0 41793524 86070936 170287853 1071675501 3253189503 74444 76541 11845 1242547 
1789438060.514391861	456000000	66	0 41793524 86070936 170287853 1071675501 3253391340 74444 76541 11845 1242547 
1789438060.814321318	456000000	66	0 41793524 86070936 170287853 1071675501 3253591277 74444 76541 11845 1242547 
1789438061.118894317	456000000	66	0 41793524 86070936 170287853 1071675501 3253795577 74444 76541 11845 1242547 
1789438061.420883931	456000000	66	0 41793524 86070936 170287853 1071675501 3253995989 74444 76541 11845 1242547 
1789438061.722283961	456000000	66	0 41793524 86070936 170287853 1071675501 3254194519 74444 76541 11845 1242547 
1789438062.022853522	456000000	66	0 41793524 86070936 170287853 1071675501 3254391687 74444 76541 11845 1242547 
1789438062.318021885	456000000	66	0 41793524 86070936 170287853 1071675501 3254591769 74444 76541 11845 1242547 
1789438062.614887696	456000000	66	0 41793524 86070936 170287853 1071675501 3254795555 74444 76541 11845 1242547 
1789438062.917262934	456000000	66	0 41793524 86070936 170287853 1071675501 3255000994 74444 76541 11845 1242547 
1789438063.215314162	456000000	66	0 41793524 86070936 170287853 1071675501 3255212670 74444 76541 11845 1242547 
1789438063.522807109	456000000	69	0 41793524 86070936 170287853 1071675501 3255425928 74444 76541 11845 1242547 
1789438063.817326722	456000000	69	0 41793524 86070936 170287853 1071675501 3255629971 74444 76541 11845 1242547 
1789438064.122251908	456000000	69	0 41793524 86070936 170287853 1071675501 3255841905 74444 76541 11845 1242547 
1789438064.428818605	456000000	69	0 41793524 86070936 170287853 1071675501 3256048188 74444 76541 11845 1242547 
1789438064.727623687	456000000	68	0 41793524 86070936 170287853 1071675501 3256249075 74444 76541 11845 1242547 
1789438065.027864551	456000000	68	0 41793524 86070936 170287853 1071675501 3256446946 74444 76541 11845 1242547 
1789438065.332226768	456000000	68	0 41793524 86070936 170287853 1071675501 3256646873 74444 76541 11845 1242547 
1789438065.631924090	456000000	66	0 41793524 86070936 170287853 1071675501 3256850157 74444 76541 11845 1242547 
1789438065.934047401	456000000	66	0 41793524 86070936 170287853 1071675501 3257049446 74444 76541 11845 1242547 
1789438066.230595712	456000000	66	0 41793524 86070936 170287853 1071675501 3257244365 74444 76541 11845 1242547 
1789438066.526391627	456000000	66	0 41793524 86070936 170287853 1071675501 3257440043 74444 76541 11845 1242547 
1789438066.822653115	456000000	66	0 41793524 86070936 170287853 1071675501 3257638644 74444 76541 11845 1242547 
1789438067.121741582	456000000	66	0 41793524 86070936 170287853 1071675501 3257838350 74444 76541 11845 1242547 
1789438067.420494945	456000000	66	0 41793524 86070936 170287853 1071675501 3258036359 74444 76541 11845 1242547 
1789438067.720266173	456000000	66	0 41793524 86070936 170287853 1071675501 3258237052 74444 76541 11845 1242547 
1789438068.018318755	456000000	66	0 41793524 86070936 170287853 1071675501 3258436666 74444 76541 11845 1242547 
1789438068.321956754	456000000	66	0 41793524 86070936 170287853 1071675501 3258638216 74444 76541 11845 1242547 
1789438068.621117044	456000000	66	0 41793524 86070936 170287853 1071675501 3258833730 74444 76541 11845 1242547 
1789438068.915385146	456000000	66	0 41793524 86070936 170287853 1071675501 3259029290 74444 76541 11845 1242547 
1789438069.213720020	456000000	66	0 41793524 86070936 170287853 1071675501 3259229137 74444 76541 11845 1242547 
1789438069.514595779	456000000	66	0 41793524 86070936 170287853 1071675501 3259431564 74444 76541 11845 1242547 
1789438069.816452059	456000000	66	0 41793524 86070936 170287853 1071675501 3259629797 74444 76541 11845 1242547 
1789438070.115529328	456000000	66	0 41793524 86070936 170287853 1071675501 3259827852 74444 76541 11845 1242547 
1789438070.416689879	456000000	66	0 41793524 86070936 170287853 1071675501 3260031724 74444 76541 11845 1242547 
1789438070.722502722	456000000	66	0 41793524 86070936 170287853 1071675501 3260232744 74444 76541 11845 1242547 
1789438071.024127908	456000000	66	0 41793524 86070936 170287853 1071675501 3260431063 74444 76541 11845 1242547 
1789438071.325238042	456000000	66	0 41793524 86070936 170287853 1071675501 3260629233 74444 76541 11845 1242547 
1789438071.625203854	456000000	66	0 41793524 86070936 170287853 1071675501 3260829246 74444 76541 11845 1242547 
1789438071.922512998	456000000	66	0 41793524 86070936 170287853 1071675501 3261029569 74444 76541 11845 1242547 
1789438072.216835735	456000000	66	0 41793524 86070936 170287853 1071675501 3261228014 74444 76541 11845 1242547 
1789438072.515717119	456000000	66	0 41793524 86070936 170287853 1071675501 3261425648 74444 76541 11845 1242547 
1789438072.814696941	456000000	66	0 41793524 86070936 170287853 1071675501 3261623812 74444 76541 11845 1242547 
1789438073.115517648	456000000	66	0 41793524 86070936 170287853 1071675501 3261821881 74444 76541 11845 1242547 
1789438073.415683928	456000000	66	0 41793524 86070936 170287853 1071675501 3262021989 74444 76541 11845 1242547 
1789438073.715258645	456000000	66	0 41793524 86070936 170287853 1071675501 3262223307 74444 76541 11845 1242547 
1789438074.017431852	456000000	66	0 41793524 86070936 170287853 1071675501 3262424527 74444 76541 11845 1242547 
1789438074.318831257	456000000	66	0 41793524 86070936 170287853 1071675501 3262623146 74444 76541 11845 1242547 
1789438074.616628422	456000000	66	0 41793524 86070936 170287853 1071675501 3262826880 74444 76541 11845 1242547 
1789438074.927888089	456000000	66	0 41793524 86070936 170287853 1071675501 3263028656 74444 76541 11845 1242547 
1789438075.227442702	456000000	66	0 41793524 86070936 170287853 1071675501 3263224542 74444 76541 11845 1242547 
1789438075.523713461	456000000	66	0 41793524 86070936 170287853 1071675501 3263424116 74444 76541 11845 1242547 
1789438075.818011355	456000000	66	0 41793524 86070936 170287853 1071675501 3263615000 74444 76541 11845 1242547 
1789438076.114637842	456000000	66	0 41793524 86070936 170287853 1071675501 3263812961 74444 76541 11845 1242547 
1789438076.415124122	456000000	66	0 41793524 86070936 170287853 1071675501 3264010587 74444 76541 11845 1242547 
1789438076.715084048	456000000	65	0 41793524 86070936 170287853 1071675501 3264208209 74444 76541 11845 1242547 
1789438077.016567828	456000000	65	0 41793524 86070936 170287853 1071675501 3264412169 74444 76541 11845 1242547 
1789438077.317760098	456000000	65	0 41793524 86070936 170287853 1071675501 3264610530 74444 76541 11845 1242547 
1789438077.618285857	456000000	66	0 41793524 86070936 170287853 1071675501 3264810658 74444 76541 11845 1242547 
1789438077.915703126	456000000	66	0 41793524 86070936 170287853 1071675501 3265006904 74444 76541 11845 1242547 
1789438078.217966698	456000000	66	0 41793524 86070936 170287853 1071675501 3265207348 74444 76541 11845 1242547 
1789438078.519273082	456000000	66	0 41793524 86070936 170287853 1071675501 3265408084 74444 76541 11845 1242547 
1789438078.817858112	456000000	66	0 41793524 86070936 170287853 1071675501 3265602793 74444 76541 11845 1242547 
1789438079.117512777	456000000	66	0 41793524 86070936 170287853 1071675501 3265802428 74444 76541 11845 1242547 
1789438079.420769214	456000000	66	0 41793524 86070936 170287853 1071675501 3266002559 74444 76541 11845 1242547 
1789438079.720179660	456000000	66	0 41793524 86070936 170287853 1071675501 3266205071 74444 76541 11845 1242547 
1789438080.025781930	456000000	66	0 41793524 86070936 170287853 1071675501 3266403403 74444 76541 11845 1242547 
1789438080.319647011	456000000	66	0 41793524 86070936 170287853 1071675501 3266597696 74444 76541 11845 1242547 
1789438080.617203291	456000000	66	0 41793524 86070936 170287853 1071675501 3266800299 74444 76541 11845 1242547 
1789438080.919902227	456000000	66	0 41793524 86070936 170287853 1071675501 3266995056 74444 76541 11845 1242547 
1789438081.215145903	456000000	66	0 41793524 86070936 170287853 1071675501 3267192323 74444 76541 11845 1242547 
1789438081.511942443	456000000	66	0 41793524 86070936 170287853 1071675501 3267393294 74444 76541 11845 1242547 
1789438081.810304556	456000000	66	0 41793524 86070936 170287853 1071675501 3267590419 74444 76541 11845 1242547 
1789438082.106861669	456000000	66	0 41793524 86070936 170287853 1071675501 3267787272 74444 76541 11845 1242547 
1789438082.407813521	456000000	66	0 41793524 86070936 170287853 1071675501 3267983525 74444 76541 11845 1242547 
1789438082.699136519	456000000	66	0 41793524 86070936 170287853 1071675501 3268177542 74444 76541 11845 1242547 
1789438082.994176913	456000000	66	0 41793524 86070936 170287853 1071675501 3268373493 74444 76541 11845 1242547 
1789438083.293263610	456000000	66	0 41793524 86070936 170287853 1071675501 3268571411 74444 76541 11845 1242547 
1789438083.595240463	456000000	66	0 41793524 86070936 170287853 1071675501 3268771725 74444 76541 11845 1242547 
1789438083.896225180	456000000	66	0 41793524 86070936 170287853 1071675501 3268974977 74444 76541 11845 1242547 
1789438084.200525888	456000000	66	0 41793524 86070936 170287853 1071675501 3269170179 74444 76541 11845 1242547 
1789438084.497299615	456000000	66	0 41793524 86070936 170287853 1071675501 3269372482 74444 76541 11845 1242547 
1789438084.797498291	456000000	66	0 41793524 86070936 170287853 1071675501 3269574540 74444 76541 11845 1242547 
1789438085.101745665	456000000	66	0 41793524 86070936 170287853 1071675501 3269779306 74444 76541 11845 1242547 
1789438085.400440643	456000000	66	0 41793524 86070936 170287853 1071675501 3269980332 74444 76541 11845 1242547 
1789438085.702427652	456000000	67	0 41793524 86070936 170287853 1071675501 3270185132 74444 76541 11845 1242547 
1789438086.001448150	456000000	67	0 41793524 86070936 170287853 1071675501 3270382504 74444 76541 11845 1242547 
1789438086.297297659	456000000	67	0 41793524 86070936 170287853 1071675501 3270575304 74444 76541 11845 1242547 
1789438086.594977220	456000000	66	0 41793524 86070936 170287853 1071675501 3270774488 74444 76541 11845 1242547 
1789438086.898126729	456000000	66	0 41793524 86070936 170287853 1071675501 3270976182 74444 76541 11845 1242547 
1789438087.197489832	456000000	66	0 41793524 86070936 170287853 1071675501 3271173535 74444 76541 11845 1242547 
1789438087.496612726	456000000	66	0 41793524 86070936 170287853 1071675501 3271372379 74444 76541 11845 1242547 
1789438087.794675777	456000000	66	0 41793524 86070936 170287853 1071675501 3271570173 74444 76541 11845 1242547 
1789438088.091577161	456000000	66	0 41793524 86070936 170287853 1071675501 3271771561 74444 76541 11845 1242547 
1789438088.394091878	456000000	66	0 41793524 86070936 170287853 1071675501 3271970213 74444 76541 11845 1242547 
1789438088.690662012	456000000	66	0 41793524 86070936 170287853 1071675501 3272167457 74444 76541 11845 1242547 
1789438088.984809177	456000000	66	0 41793524 86070936 170287853 1071675501 3272363993 74444 76541 11845 1242547 
1789438089.283381811	456000000	66	0 41793524 86070936 170287853 1071675501 3272559211 74444 76541 11845 1242547 
1789438089.579712621	456000000	66	0 41793524 86070936 170287853 1071675501 3272756728 74444 76541 11845 1242547 
1789438089.878601922	456000000	66	0 41793524 86070936 170287853 1071675501 3272954063 74444 76541 11845 1242547 
1789438090.181581015	456000000	66	0 41793524 86070936 170287853 1071675501 3273156289 74444 76541 11845 1242547 
1789438090.485427764	456000000	66	0 41793524 86070936 170287853 1071675501 3273358689 74444 76541 11845 1242547 
1789438090.787723210	456000000	66	0 41793524 86070936 170287853 1071675501 3273560117 74444 76541 11845 1242547 
1789438091.087423865	456000000	66	0 41793524 86070936 170287853 1071675501 3273752335 74444 76541 11845 1242547 
1789438091.381903270	456000000	66	0 41793524 86070936 170287853 1071675501 3273950812 74444 76541 11845 1242547 
1789438091.681483872	456000000	66	0 41793524 86070936 170287853 1071675501 3274149556 74444 76541 11845 1242547 
1789438091.983582861	456000000	66	0 41793524 86070936 170287853 1071675501 3274346168 74444 76541 11845 1242547 
1789438092.281883047	456000000	66	0 41793524 86070936 170287853 1071675501 3274544808 74444 76541 11845 1242547 
1789438092.583067452	456000000	65	0 41793524 86070936 170287853 1071675501 3274743599 74444 76541 11845 1242547 
1789438092.881377898	456000000	65	0 41793524 86070936 170287853 1071675501 3274941844 74444 76541 11845 1242547 
1789438093.183671470	456000000	65	0 41793524 86070936 170287853 1071675501 3275140163 74444 76541 11845 1242547 
1789438093.480424989	456000000	66	0 41793524 86070936 170287853 1071675501 3275339310 74444 76541 11845 1242547 
1789438093.781368509	456000000	66	0 41793524 86070936 170287853 1071675501 3275537728 74444 76541 11845 1242547 
1789438094.082071247	456000000	66	0 41793524 86070936 170287853 1071675501 3275735274 74444 76541 11845 1242547 
1789438094.380935079	456000000	66	0 41793524 86070936 170287853 1071675501 3275933700 74444 76541 11845 1242547 
1789438094.680401775	456000000	66	0 41793524 86070936 170287853 1071675501 3276132825 74444 76541 11845 1242547 
1789438094.979688263	456000000	66	0 41793524 86070936 170287853 1071675501 3276332017 74444 76541 11845 1242547 
1789438095.280839908	456000000	66	0 41793524 86070936 170287853 1071675501 3276529940 74444 76541 11845 1242547 
1789438095.574351552	456000000	66	0 41793524 86070936 170287853 1071675501 3276724524 74444 76541 11845 1242547 
1789438095.874111686	456000000	66	0 41793524 86070936 170287853 1071675501 3276923482 74444 76541 11845 1242547 
1789438096.173835518	456000000	66	0 41793524 86070936 170287853 1071675501 3277125602 74444 76541 11845 1242547 
1789438096.474156485	456000000	66	0 41793524 86070936 170287853 1071675501 3277324143 74444 76541 11845 1242547 
1789438096.772829328	456000000	66	0 41793524 86070936 170287853 1071675501 3277521177 74444 76541 11845 1242547 
1789438097.071016336	456000000	66	0 41793524 86070936 170287853 1071675501 3277719828 74444 76541 11845 1242547 
1789438097.363370480	456000000	66	0 41793524 86070936 170287853 1071675501 3277912355 74444 76541 11845 1242547 
1789438097.662203218	456000000	66	0 41793524 86070936 170287853 1071675501 3278111086 74444 76541 11845 1242547 
1789438097.962443821	456000000	66	0 41793524 86070936 170287853 1071675501 3278311971 74444 76541 11845 1242547 
1789438098.261739059	456000000	66	0 41793524 86070936 170287853 1071675501 3278508773 74444 76541 11845 1242547 
1789438098.560722214	456000000	66	0 41793524 86070936 170287853 1071675501 3278708208 74444 76541 11845 1242547 
1789438098.858136566	456000000	66	0 41793524 86070936 170287853 1071675501 3278905188 74444 76541 11845 1242547 
1789438099.151891440	456000000	66	0 41793524 86070936 170287853 1071675501 3279101312 74444 76541 11845 1242547 
1789438099.452394594	456000000	66	0 41793524 86070936 170287853 1071675501 3279299739 74444 76541 11845 1242547 
1789438099.753163010	456000000	66	0 41793524 86070936 170287853 1071675501 3279500348 74444 76541 11845 1242547 
1789438100.053055383	456000000	66	0 41793524 86070936 170287853 1071675501 3279696697 74444 76541 11845 1242547 
1789438100.350762132	456000000	66	0 41793524 86070936 170287853 1071675501 3279894213 74444 76541 11845 1242547 
1789438100.648809089	456000000	66	0 41793524 86070936 170287853 1071675501 3280092806 74444 76541 11845 1242547 
1789438100.943216722	456000000	66	0 41793524 86070936 170287853 1071675501 3280292022 74444 76541 11845 1242547 
1789438101.244864825	456000000	66	0 41793524 86070936 170287853 1071675501 3280489054 74444 76541 11845 1242547 
1789438101.540309334	456000000	66	0 41793524 86070936 170287853 1071675501 3280684201 74444 76541 11845 1242547 
1789438101.838003686	456000000	66	0 41793524 86070936 170287853 1071675501 3280884596 74444 76541 11845 1242547 
1789438102.137653352	456000000	66	0 41793524 86070936 170287853 1071675501 3281083816 74444 76541 11845 1242547 
1789438102.434171975	456000000	66	0 41793524 86070936 170287853 1071675501 3281282844 74444 76541 11845 1242547 
1789438102.740162109	456000000	66	0 41793524 86070936 170287853 1071675501 3281484221 74444 76541 11845 1242547 
1789438103.040222400	456000000	66	0 41793524 86070936 170287853 1071675501 3281683778 74444 76541 11845 1242547 
1789438103.341173524	456000000	66	0 41793524 86070936 170287853 1071675501 3281880451 74444 76541 11845 1242547 
1789438103.637671105	456000000	66	0 41793524 86070936 170287853 1071675501 3282079597 74444 76541 11845 1242547 
1789438103.938568843	456000000	66	0 41793524 86070936 170287853 1071675501 3282279404 74444 76541 11845 1242547 
1789438104.238514394	456000000	66	0 41793524 86070936 170287853 1071675501 3282478415 74444 76541 11845 1242547 
1789438104.539418955	456000000	66	0 41793524 86070936 170287853 1071675501 3282676593 74444 76541 11845 1242547 
1789438104.842045079	456000000	66	0 41793524 86070936 170287853 1071675501 3282882930 74444 76541 11845 1242547 
1789438105.144457349	456000000	66	0 41793524 86070936 170287853 1071675501 3283078100 74444 76541 11845 1242547 
1789438105.441155295	456000000	66	0 41793524 86070936 170287853 1071675501 3283277274 74444 76541 11845 1242547 
1789438105.741816367	456000000	66	0 41793524 86070936 170287853 1071675501 3283484482 74444 76541 11845 1242547 
1789438106.045729939	456000000	66	0 41793524 86070936 170287853 1071675501 3283685179 74444 76541 11845 1242547 
1789438106.345940646	456000000	66	0 41793524 86070936 170287853 1071675501 3283892306 74444 76541 11845 1242547 
1789438106.645096509	456000000	68	0 41793524 86070936 170287853 1071675501 3284104577 74444 76541 11845 1242547 
1789438106.948935393	456000000	68	0 41793524 86070936 170287853 1071675501 3284313114 74444 76541 11845 1242547 
1789438107.245858496	456000000	68	0 41793524 86070936 170287853 1071675501 3284516522 74444 76541 11845 1242547 
1789438107.543888473	456000000	68	0 41793524 86070936 170287853 1071675501 3284715068 74444 76541 11845 1242547 
1789438107.843695951	456000000	68	0 41793524 86070936 170287853 1071675501 3284917526 74444 76541 11845 1242547 
1789438108.142134314	456000000	68	0 41793524 86070936 170287853 1071675501 3285115987 74444 76541 11845 1242547 
1789438108.440751688	456000000	68	0 41793524 86070936 170287853 1071675501 3285313914 74444 76541 11845 1242547 
1789438108.741840832	456000000	66	0 41793524 86070936 170287853 1071675501 3285513352 74444 76541 11845 1242547 
1789438109.041221175	456000000	66	0 41793524 86070936 170287853 1071675501 3285720088 74444 76541 11845 1242547 
1789438109.347194434	456000000	66	0 41793524 86070936 170287853 1071675501 3285918935 74444 76541 11845 1242547 
1789438109.644118006	456000000	66	0 41793524 86070936 170287853 1071675501 3286113492 74444 76541 11845 1242547 
1789438109.943382827	456000000	66	0 41793524 86070936 170287853 1071675501 3286312836 74444 76541 11845 1242547 
1789438110.242563690	456000000	66	0 41793524 86070936 170287853 1071675501 3286508969 74444 76541 11845 1242547 
1789438110.538786428	456000000	66	0 41793524 86070936 170287853 1071675501 3286708929 74444 76541 11845 1242547 
1789438110.838614010	456000000	66	0 41793524 86070936 170287853 1071675501 3286907546 74444 76541 11845 1242547 
1789438111.135908987	456000000	66	0 41793524 86070936 170287853 1071675501 3287106703 74444 76541 11845 1242547 
1789438111.438981518	456000000	66	0 41793524 86070936 170287853 1071675501 3287307095 74444 76541 11845 1242547 
1789438111.742489725	456000000	66	0 41793524 86070936 170287853 1071675501 3287509260 74444 76541 11845 1242547 
1789438112.041739078	456000000	66	0 41793524 86070936 170287853 1071675501 3287705512 74444 76541 11845 1242547 
1789438112.334655253	456000000	66	0 41793524 86070936 170287853 1071675501 3287902741 74444 76541 11845 1242547 
1789438112.636835127	456000000	66	0 41793524 86070936 170287853 1071675501 3288101072 74444 76541 11845 1242547 
1789438112.935551563	456000000	66	0 41793524 86070936 170287853 1071675501 3288300347 74444 76541 11845 1242547 
1789438113.233094092	456000000	66	0 41793524 86070936 170287853 1071675501 3288499783 74444 76541 11845 1242547 
1789438113.537828602	456000000	66	0 41793524 86070936 170287853 1071675501 3288698806 74444 76541 11845 1242547 
1789438113.837909778	456000000	66	0 41793524 86070936 170287853 1071675501 3288898144 74444 76541 11845 1242547 
1789438114.138029755	456000000	66	0 41793524 86070936 170287853 1071675501 3289096631 74444 76541 11845 1242547 
1789438114.439735931	456000000	66	0 41793524 86070936 170287853 1071675501 3289296405 74444 76541 11845 1242547 
1789438114.744660128	456000000	66	0 41793524 86070936 170287853 1071675501 3289500895 74444 76541 11845 1242547 
1789438115.041444272	456000000	66	0 41793524 86070936 170287853 1071675501 3289695868 74444 76541 11845 1242547 
1789438115.342946907	456000000	66	0 41793524 86070936 170287853 1071675501 3289891399 74444 76541 11845 1242547 
1789438115.639445374	456000000	66	0 41793524 86070936 170287853 1071675501 3290091309 74444 76541 11845 1242547 
1789438115.942899779	456000000	66	0 41793524 86070936 170287853 1071675501 3290297774 74444 76541 11845 1242547 
1789438116.248397778	456000000	66	0 41793524 86070936 170287853 1071675501 3290494646 74444 76541 11845 1242547 
1789438116.546456193	456000000	66	0 41793524 86070936 170287853 1071675501 3290695941 74444 76541 11845 1242547 
1789438116.852973984	456000000	66	0 41793524 86070936 170287853 1071675501 3290897196 74444 76541 11845 1242547 
1789438117.152497035	456000000	66	0 41793524 86070936 170287853 1071675501 3291096402 74444 76541 11845 1242547 
1789438117.452710294	456000000	66	0 41793524 86070936 170287853 1071675501 3291294046 74444 76541 11845 1242547 
1789438117.751616834	456000000	66	0 41793524 86070936 170287853 1071675501 3291493213 74444 76541 11845 1242547 
1789438118.049705666	456000000	66	0 41793524 86070936 170287853 1071675501 3291691156 74444 76541 11845 1242547 
1789438118.343645018	456000000	66	0 41793524 86070936 170287853 1071675501 3291883803 74444 76541 11845 1242547 
1789438118.639116089	456000000	66	0 41793524 86070936 170287853 1071675501 3292083319 74444 76541 11845 1242547 
1789438118.937122733	456000000	66	0 41793524 86070936 170287853 1071675501 3292281972 74444 76541 11845 1242547 
1789438119.236139326	456000000	66	0 41793524 86070936 170287853 1071675501 3292480655 74444 76541 11845 1242547 
1789438119.538688418	456000000	66	0 41793524 86070936 170287853 1071675501 3292678068 74444 76541 11845 1242547 
1789438119.838413084	456000000	66	0 41793524 86070936 170287853 1071675501 3292880480 74444 76541 11845 1242547 
1789438120.138916134	456000000	66	0 41793524 86070936 170287853 1071675501 3293076655 74444 76541 11845 1242547 
1789438120.436198560	456000000	66	0 41793524 86070936 170287853 1071675501 3293277722 74444 76541 11845 1242547 
1789438120.740821663	456000000	66	0 41793524 86070936 170287853 1071675501 3293477966 74444 76541 11845 1242547 
1789438121.041936901	456000000	66	0 41793524 86070936 170287853 1071675501 3293677587 74444 76541 11845 1242547 
1789438121.338804431	456000000	66	0 41793524 86070936 170287853 1071675501 3293875194 74444 76541 11845 1242547 
1789438121.637695242	456000000	66	0 41793524 86070936 170287853 1071675501 3294073874 74444 76541 11845 1242547 
1789438121.936570845	456000000	66	0 41793524 86070936 170287853 1071675501 3294270334 74444 76541 11845 1242547 
1789438122.232260874	456000000	66	0 41793524 86070936 170287853 1071675501 3294470351 74444 76541 11845 1242547 
1789438122.532406842	456000000	66	0 41793524 86070936 170287853 1071675501 3294666802 74444 76541 11845 1242547 
1789438122.835284893	456000000	66	0 41793524 86070936 170287853 1071675501 3294867030 74444 76541 11845 1242547 
1789438123.136185912	456000000	66	0 41793524 86070936 170287853 1071675501 3295066943 74444 76541 11845 1242547 
1789438123.435185890	456000000	66	0 41793524 86070936 170287853 1071675501 3295260180 74444 76541 11845 1242547 
1789438123.731947221	456000000	66	0 41793524 86070936 170287853 1071675501 3295457073 74444 76541 11845 1242547 
1789438124.029670012	456000000	66	0 41793524 86070936 170287853 1071675501 3295656373 74444 76541 11845 1242547 
1789438124.330139208	456000000	66	0 41793524 86070936 170287853 1071675501 3295855057 74444 76541 11845 1242547 
1789438124.625746633	456000000	66	0 41793524 86070936 170287853 1071675501 3296054434 74444 76541 11845 1242547 
1789438124.927077653	456000000	66	0 41793524 86070936 170287853 1071675501 3296256780 74444 76541 11845 1242547 
1789438125.227861120	456000000	66	0 41793524 86070936 170287853 1071675501 3296452324 74444 76541 11845 1242547 
1789438125.521474900	456000000	66	0 41793524 86070936 170287853 1071675501 3296647527 74444 76541 11845 1242547 
1789438125.818288575	456000000	66	0 41793524 86070936 170287853 1071675501 3296847841 74444 76541 11845 1242547 
1789438126.119809491	456000000	66	0 41793524 86070936 170287853 1071675501 3297046713 74444 76541 11845 1242547 
1789438126.419580406	456000000	66	0 41793524 86070936 170287853 1071675501 3297244820 74444 76541 11845 1242547 
1789438126.719309446	456000000	66	0 41793524 86070936 170287853 1071675501 3297445202 74444 76541 11845 1242547 
1789438127.019958278	456000000	66	0 41793524 86070936 170287853 1071675501 3297647306 74444 76541 11845 1242547 
1789438127.320624298	456000000	66	0 41793524 86070936 170287853 1071675501 3297850084 74444 76541 11845 1242547 
1789438127.618734484	456000000	67	0 41793524 86070936 170287853 1071675501 3298051422 74444 76541 11845 1242547 
1789438127.912687482	456000000	67	0 41793524 86070936 170287853 1071675501 3298250338 74444 76541 11845 1242547 
1789438128.209657615	456000000	67	0 41793524 86070936 170287853 1071675501 3298449209 74444 76541 11845 1242547 
1789438128.508858531	456000000	67	0 41793524 86070936 170287853 1071675501 3298650229 74444 76541 11845 1242547 
1789438128.803652310	456000000	67	0 41793524 86070936 170287853 1071675501 3298849694 74444 76541 11845 1242547 
1789438129.101673433	456000000	67	0 41793524 86070936 170287853 1071675501 3299042994 74444 76541 11845 1242547 
1789438129.399330703	456000000	67	0 41793524 86070936 170287853 1071675501 3299243009 74444 76541 11845 1242547 
1789438129.698878180	456000000	66	0 41793524 86070936 170287853 1071675501 3299444900 74444 76541 11845 1242547 
1789438130.003469513	456000000	66	0 41793524 86070936 170287853 1071675501 3299649121 74444 76541 11845 1242547 
1789438130.302372459	456000000	66	0 41793524 86070936 170287853 1071675501 3299845062 74444 76541 11845 1242547 
1789438130.602014208	456000000	66	0 41793524 86070936 170287853 1071675501 3300046846 74444 76541 11845 1242547 
1789438130.901789342	456000000	66	0 41793524 86070936 170287853 1071675501 3300239318 74444 76541 11845 1242547 
1789438131.198802236	456000000	66	0 41793524 86070936 170287853 1071675501 3300438936 74444 76541 11845 1242547 
1789438131.497648828	456000000	66	0 41793524 86070936 170287853 1071675501 3300634955 74444 76541 11845 1242547 
1789438131.799456411	456000000	66	0 41793524 86070936 170287853 1071675501 3300833755 74444 76541 11845 1242547 
1789438132.098104513	456000000	66	0 41793524 86070936 170287853 1071675501 3301033191 74444 76541 11845 1242547 
1789438132.398034179	456000000	66	0 41793524 86070936 170287853 1071675501 3301233753 74444 76541 11845 1242547 
1789438132.697386188	456000000	66	0 41793524 86070936 170287853 1071675501 3301431506 74444 76541 11845 1242547 
1789438132.995940644	456000000	66	0 41793524 86070936 170287853 1071675501 3301630322 74444 76541 11845 1242547 
1789438133.297380258	456000000	66	0 41793524 86070936 170287853 1071675501 3301828718 74444 76541 11845 1242547 
1789438133.597074663	456000000	66	0 41793524 86070936 170287853 1071675501 3302028595 74444 76541 11845 1242547 
1789438133.889849744	456000000	66	0 41793524 86070936 170287853 1071675501 3302222319 74444 76541 11845 1242547 
1789438134.190443472	456000000	66	0 41793524 86070936 170287853 1071675501 3302421645 74444 76541 11845 1242547 
1789438134.490757929	456000000	66	0 41793524 86070936 170287853 1071675501 3302619927 74444 76541 11845 1242547 
1789438134.791374261	456000000	66	0 41793524 86070936 170287853 1071675501 3302819547 74444 76541 11845 1242547 
1789438135.086212988	456000000	66	0 41793524 86070936 170287853 1071675501 3303014664 74444 76541 11845 1242547 
1789438135.385802653	456000000	66	0 41793524 86070936 170287853 1071675501 3303213137 74444 76541 11845 1242547 
1789438135.685174662	456000000	66	0 41793524 86070936 170287853 1071675501 3303412790 74444 76541 11845 1242547 
1789438135.983059015	456000000	66	0 41793524 86070936 170287853 1071675501 3303610198 74444 76541 11845 1242547 
1789438136.280917065	456000000	66	0 41793524 86070936 170287853 1071675501 3303807615 74444 76541 11845 1242547 
1789438136.581111835	456000000	66	0 41793524 86070936 170287853 1071675501 3304005131 74444 76541 11845 1242547 
1789438136.877084573	456000000	66	0 41793524 86070936 170287853 1071675501 3304202861 74444 76541 11845 1242547 
1789438137.180894186	456000000	66	0 41793524 86070936 170287853 1071675501 3304405022 74444 76541 11845 1242547 
1789438137.483112029	456000000	66	0 41793524 86070936 170287853 1071675501 3304604950 74444 76541 11845 1242547 
1789438137.781277579	456000000	66	0 41793524 86070936 170287853 1071675501 3304800950 74444 76541 11845 1242547 
1789438138.079996567	456000000	66	0 41793524 86070936 170287853 1071675501 3304999013 74444 76541 11845 1242547 
1789438138.380580868	456000000	66	0 41793524 86070936 170287853 1071675501 3305193068 74444 76541 11845 1242547 
1789438138.677009075	456000000	65	0 41793524 86070936 170287853 1071675501 3305392118 74444 76541 11845 1242547 
1789438138.972801083	456000000	65	0 41793524 86070936 170287853 1071675501 3305589334 74444 76541 11845 1242547 
1789438139.269291426	456000000	65	0 41793524 86070936 170287853 1071675501 3305783884 74444 76541 11845 1242547 
1789438139.564910257	456000000	66	0 41793524 86070936 170287853 1071675501 3305983598 74444 76541 11845 1242547 
1789438139.863090912	456000000	66	0 41793524 86070936 170287853 1071675501 3306180946 74444 76541 11845 1242547 
1789438140.162892035	456000000	66	0 41793524 86070936 170287853 1071675501 3306381842 74444 76541 11845 1242547 
1789438140.463395972	456000000	66	0 41793524 86070936 170287853 1071675501 3306582145 74444 76541 11845 1242547 
1789438140.763254439	456000000	66	0 41793524 86070936 170287853 1071675501 3306781990 74444 76541 11845 1242547 
1789438141.065343792	456000000	66	0 41793524 86070936 170287853 1071675501 3306982039 74444 76541 11845 1242547 
1789438141.367097572	456000000	66	0 41793524 86070936 170287853 1071675501 3307178622 74444 76541 11845 1242547 
1789438141.664182341	456000000	66	0 41793524 86070936 170287853 1071675501 3307377174 74444 76541 11845 1242547 
1789438141.965543725	456000000	66	0 41793524 86070936 170287853 1071675501 3307575836 74444 76541 11845 1242547 
1789438142.261172557	456000000	66	0 41793524 86070936 170287853 1071675501 3307768712 74444 76541 11845 1242547 
1789438142.558090399	456000000	66	0 41793524 86070936 170287853 1071675501 3307969983 74444 76541 11845 1242547 
1789438142.857245012	456000000	66	0 41793524 86070936 170287853 1071675501 3308166848 74444 76541 11845 1242547 
1789438143.159123115	456000000	66	0 41793524 86070936 170287853 1071675501 3308370816 74444 76541 11845 1242547 
1789438143.460438822	456000000	66	0 41793524 86070936 170287853 1071675501 3308570760 74444 76541 11845 1242547 
1789438143.760447238	456000000	66	0 41793524 86070936 170287853 1071675501 3308766892 74444 76541 11845 1242547 
1789438144.057375861	456000000	66	0 41793524 86070936 170287853 1071675501 3308966528 74444 76541 11845 1242547 
1789438144.355123338	456000000	66	0 41793524 86070936 170287853 1071675501 3309161293 74444 76541 11845 1242547 
1789438144.655173733	456000000	66	0 41793524 86070936 170287853 1071675501 3309360898 74444 76541 11845 1242547 
1789438144.956535586	456000000	66	0 41793524 86070936 170287853 1071675501 3309560442 74444 76541 11845 1242547 
1789438145.254648636	456000000	66	0 41793524 86070936 170287853 1071675501 3309758651 74444 76541 11845 1242547 
1789438145.554266375	456000000	66	0 41793524 86070936 170287853 1071675501 3309958685 74444 76541 11845 1242547 
1789438145.850943279	456000000	66	0 41793524 86070936 170287853 1071675501 3310155573 74444 76541 11845 1242547 
1789438146.146397006	456000000	66	0 41793524 86070936 170287853 1071675501 3310351799 74444 76541 11845 1242547 
1789438146.446012713	456000000	66	0 41793524 86070936 170287853 1071675501 3310550632 74444 76541 11845 1242547 
1789438146.746335504	456000000	66	0 41793524 86070936 170287853 1071675501 3310747473 74444 76541 11845 1242547 
1789438147.043312096	456000000	66	0 41793524 86070936 170287853 1071675501 3310948184 74444 76541 11845 1242547 
1789438147.344749209	456000000	66	0 41793524 86070936 170287853 1071675501 3311146421 74444 76541 11845 1242547 
1789438147.645106791	456000000	66	0 41793524 86070936 170287853 1071675501 3311348380 74444 76541 11845 1242547 
1789438147.946466352	456000000	66	0 41793524 86070936 170287853 1071675501 3311546802 74444 76541 11845 1242547 
1789438148.246474768	456000000	66	0 41793524 86070936 170287853 1071675501 3311745809 74444 76541 11845 1242547 
1789438148.543035526	456000000	66	0 41793524 86070936 170287853 1071675501 3311947386 74444 76541 11845 1242547 
1789438148.844307431	456000000	66	0 41793524 86070936 170287853 1071675501 3312150676 74444 76541 11845 1242547 
1789438149.145030326	456000000	66	0 41793524 86070936 170287853 1071675501 3312353158 74444 76541 11845 1242547 
1789438149.447409419	456000000	66	0 41793524 86070936 170287853 1071675501 3312557916 74444 76541 11845 1242547 
1789438149.746148094	456000000	67	0 41793524 86070936 170287853 1071675501 3312753245 74444 76541 11845 1242547 
1789438150.042909374	456000000	67	0 41793524 86070936 170287853 1071675501 3312949213 74444 76541 11845 1242547 
1789438150.341838258	456000000	67	0 41793524 86070936 170287853 1071675501 3313147181 74444 76541 11845 1242547 
1789438150.645072298	456000000	66	0 41793524 86070936 170287853 1071675501 3313348841 74444 76541 11845 1242547 
1789438150.943348422	456000000	66	0 41793524 86070936 170287853 1071675501 3313548329 74444 76541 11845 1242547 
1789438151.246864806	456000000	66	0 41793524 86070936 170287853 1071675501 3313748996 74444 76541 11845 1242547 
1789438151.549959472	456000000	66	0 41793524 86070936 170287853 1071675501 3313945636 74444 76541 11845 1242547 
1789438151.844048459	456000000	66	0 41793524 86070936 170287853 1071675501 3314146370 74444 76541 11845 1242547 
1789438152.144581198	456000000	66	0 41793524 86070936 170287853 1071675501 3314341391 74444 76541 11845 1242547 
1789438152.446051697	456000000	66	0 41793524 86070936 170287853 1071675501 3314543129 74444 76541 11845 1242547 
1789438152.745534278	456000000	66	0 41793524 86070936 170287853 1071675501 3314738827 74444 76541 11845 1242547 
1789438153.043672798	456000000	66	0 41793524 86070936 170287853 1071675501 3314937672 74444 76541 11845 1242547 
1789438153.344677359	456000000	66	0 41793524 86070936 170287853 1071675501 3315140080 74444 76541 11845 1242547 
1789438153.643539993	456000000	66	0 41793524 86070936 170287853 1071675501 3315338829 74444 76541 11845 1242547 
1789438153.942162575	456000000	66	0 41793524 86070936 170287853 1071675501 3315538604 74444 76541 11845 1242547 
1789438154.243833959	456000000	66	0 41793524 86070936 170287853 1071675501 3315736186 74444 76541 11845 1242547 
1789438154.544550812	456000000	66	0 41793524 86070936 170287853 1071675501 3315934079 74444 76541 11845 1242547 
1789438154.844604279	456000000	66	0 41793524 86070936 170287853 1071675501 3316137847 74444 76541 11845 1242547 
1789438155.145341861	456000000	66	0 41793524 86070936 170287853 1071675501 3316338234 74444 76541 11845 1242547 
1789438155.452774027	456000000	66	0 41793524 86070936 170287853 1071675501 3316536584 74444 76541 11845 1242547 
1789438155.756219474	456000000	66	0 41793524 86070936 170287853 1071675501 3316740962 74444 76541 11845 1242547 
1789438156.059461275	456000000	66	0 41793524 86070936 170287853 1071675501 3316939365 74444 76541 11845 1242547 
1789438156.356188492	456000000	66	0 41793524 86070936 170287853 1071675501 3317133295 74444 76541 11845 1242547 
1789438156.656004408	456000000	66	0 41793524 86070936 170287853 1071675501 3317332458 74444 76541 11845 1242547 
1789438156.957396208	456000000	66	0 41793524 86070936 170287853 1071675501 3317536741 74444 76541 11845 1242547 
1789438157.261314780	456000000	66	0 41793524 86070936 170287853 1071675501 3317736994 74444 76541 11845 1242547 
1789438157.560819966	456000000	66	0 41793524 86070936 170287853 1071675501 3317936885 74444 76541 11845 1242547 
1789438157.859946142	456000000	66	0 41793524 86070936 170287853 1071675501 3318132659 74444 76541 11845 1242547 
1789438158.156064505	456000000	66	0 41793524 86070936 170287853 1071675501 3318328365 74444 76541 11845 1242547 
1789438158.446123961	456000000	66	0 41793524 86070936 170287853 1071675501 3318521440 74444 76541 11845 1242547 
1789438158.745883887	456000000	66	0 41793524 86070936 170287853 1071675501 3318724492 74444 76541 11845 1242547 
1789438159.047626208	456000000	66	0 41793524 86070936 170287853 1071675501 3318923475 74444 76541 11845 1242547 
1789438159.346041134	456000000	66	0 41793524 86070936 170287853 1071675501 3319125736 74444 76541 11845 1242547 
1789438159.647609758	456000000	66	0 41793524 86070936 170287853 1071675501 3319321230 74444 76541 11845 1242547 
1789438159.946517027	456000000	66	0 41793524 86070936 170287853 1071675501 3319524412 74444 76541 11845 1242547 
1789438160.255190235	456000000	66	0 41793524 86070936 170287853 1071675501 3319724278 74444 76541 11845 1242547 
1789438160.554879015	456000000	66	0 41793524 86070936 170287853 1071675501 3319925437 74444 76541 11845 1242547 
1789438160.858693837	456000000	66	0 41793524 86070936 170287853 1071675501 3320128169 74444 76541 11845 1242547 
1789438161.157763450	456000000	66	0 41793524 86070936 170287853 1071675501 3320322799 74444 76541 11845 1242547 
1789438161.455011552	456000000	66	0 41793524 86070936 170287853 1071675501 3320521705 74444 76541 11845 1242547 
1789438161.752735280	456000000	66	0 41793524 86070936 170287853 1071675501 3320718829 74444 76541 11845 1242547 
1789438162.047092445	456000000	66	0 41793524 86070936 170287853 1071675501 3320912025 74444 76541 11845 1242547 
1789438162.343963047	456000000	66	0 41793524 86070936 170287853 1071675501 3321109932 74444 76541 11845 1242547 
1789438162.639572504	456000000	66	0 41793524 86070936 170287853 1071675501 3321309064 74444 76541 11845 1242547 
1789438162.941087169	456000000	66	0 41793524 86070936 170287853 1071675501 3321509606 74444 76541 11845 1242547 
1789438163.238875220	456000000	66	0 41793524 86070936 170287853 1071675501 3321707616 74444 76541 11845 1242547 
1789438163.539293114	456000000	66	0 41793524 86070936 170287853 1071675501 3321904390 74444 76541 11845 1242547 
1789438163.838748352	456000000	66	0 41793524 86070936 170287853 1071675501 3322105657 74444 76541 11845 1242547 
1789438164.140377914	456000000	66	0 41793524 86070936 170287853 1071675501 3322304253 74444 76541 11845 1242547 
1789438164.439327214	456000000	66	0 41793524 86070936 170287853 1071675501 3322501870 74444 76541 11845 1242547 
1789438164.741177661	456000000	66	0 41793524 86070936 170287853 1071675501 3322700838 74444 76541 11845 1242547 
1789438165.035323524	456000000	66	0 41793524 86070936 170287853 1071675501 3322892509 74444 76541 11845 1242547 
1789438165.336190793	456000000	66	0 41793524 86070936 170287853 1071675501 3323091793 74444 76541 11845 1242547 
1789438165.634636292	456000000	66	0 41793524 86070936 170287853 1071675501 3323291740 74444 76541 11845 1242547 
1789438165.934314186	456000000	66	0 41793524 86070936 170287853 1071675501 3323489632 74444 76541 11845 1242547 
1789438166.232100622	456000000	66	0 41793524 86070936 170287853 1071675501 3323688383 74444 76541 11845 1242547 
1789438166.527748099	456000000	66	0 41793524 86070936 170287853 1071675501 3323881865 74444 76541 11845 1242547 
1789438166.823810420	456000000	66	0 41793524 86070936 170287853 1071675501 3324079672 74444 76541 11845 1242547 
1789438167.124158680	456000000	66	0 41793524 86070936 170287853 1071675501 3324278984 74444 76541 11845 1242547 
1789438167.426434230	456000000	66	0 41793524 86070936 170287853 1071675501 3324476469 74444 76541 11845 1242547 
1789438167.724930771	456000000	65	0 41793524 86070936 170287853 1071675501 3324673420 74444 76541 11845 1242547 
1789438168.024406321	456000000	65	0 41793524 86070936 170287853 1071675501 3324871979 74444 76541 11845 1242547 
1789438168.324362289	456000000	65	0 41793524 86070936 170287853 1071675501 3325068802 74444 76541 11845 1242547 
1789438168.624107006	456000000	66	0 41793524 86070936 170287853 1071675501 3325267800 74444 76541 11845 1242547 
1789438168.927195942	456000000	66	0 41793524 86070936 170287853 1071675501 3325469076 74444 76541 11845 1242547 
1789438169.222339774	456000000	66	0 41793524 86070936 170287853 1071675501 3325667536 74444 76541 11845 1242547 
1789438169.525187460	456000000	66	0 41793524 86070936 170287853 1071675501 3325874261 74444 76541 11845 1242547 
1789438169.826886553	456000000	66	0 41793524 86070936 170287853 1071675501 3326075670 74444 76541 11845 1242547 
1789438170.129968614	456000000	66	0 41793524 86070936 170287853 1071675501 3326280146 74444 76541 11845 1242547 
1789438170.433871822	456000000	66	0 41793524 86070936 170287853 1071675501 3326485819 74444 76541 11845 1242547 
1789438170.734693102	456000000	67	0 41793524 86070936 170287853 1071675501 3326688189 74444 76541 11845 1242547 
1789438171.032308913	456000000	67	0 41793524 86070936 170287853 1071675501 3326892691 74444 76541 11845 1242547 
1789438171.331039515	456000000	67	0 41793524 86070936 170287853 1071675501 3327092309 74444 76541 11845 1242547 
1789438171.626947670	456000000	67	0 41793524 86070936 170287853 1071675501 3327287914 74444 76541 11845 1242547 
1789438171.923876137	456000000	67	0 41793524 86070936 170287853 1071675501 3327484645 74444 76541 11845 1242547 
1789438172.224253511	456000000	67	0 41793524 86070936 170287853 1071675501 3327688228 74444 76541 11845 1242547 
1789438172.529290468	456000000	66	0 41793524 86070936 170287853 1071675501 3327889952 74444 76541 11845 1242547 
1789438172.828841331	456000000	66	0 41793524 86070936 170287853 1071675501 3328088488 74444 76541 11845 1242547 
1789438173.129262194	456000000	66	0 41793524 86070936 170287853 1071675501 3328286447 74444 76541 11845 1242547 
1789438173.430102954	456000000	66	0 41793524 86070936 170287853 1071675501 3328483480 74444 76541 11845 1242547 
1789438173.728254077	456000000	66	0 41793524 86070936 170287853 1071675501 3328683643 74444 76541 11845 1242547 
1789438174.026508690	456000000	66	0 41793524 86070936 170287853 1071675501 3328879302 74444 76541 11845 1242547 
1789438174.325180647	456000000	66	0 41793524 86070936 170287853 1071675501 3329076118 74444 76541 11845 1242547 
1789438174.624543229	456000000	66	0 41793524 86070936 170287853 1071675501 3329271965 74444 76541 11845 1242547 
1789438174.922199977	456000000	66	0 41793524 86070936 170287853 1071675501 3329473128 74444 76541 11845 1242547 
1789438175.223076466	456000000	66	0 41793524 86070936 170287853 1071675501 3329669942 74444 76541 11845 1242547 
1789438175.515988682	456000000	66	0 41793524 86070936 170287853 1071675501 3329870108 74444 76541 11845 1242547 
1789438175.819354962	456000000	66	0 41793524 86070936 170287853 1071675501 3330068792 74444 76541 11845 1242547 
1789438176.120531138	456000000	66	0 41793524 86070936 170287853 1071675501 3330268190 74444 76541 11845 1242547 
1789438176.420370699	456000000	66	0 41793524 86070936 170287853 1071675501 3330465036 74444 76541 11845 1242547 
1789438176.716351510	456000000	66	0 41793524 86070936 170287853 1071675501 3330660518 74444 76541 11845 1242547 
1789438177.013297008	456000000	66	0 41793524 86070936 170287853 1071675501 3330856576 74444 76541 11845 1242547 
1789438177.310044850	456000000	66	0 41793524 86070936 170287853 1071675501 3331054487 74444 76541 11845 1242547 
1789438177.608700349	456000000	66	0 41793524 86070936 170287853 1071675501 3331253844 74444 76541 11845 1242547 
1789438177.911091733	456000000	66	0 41793524 86070936 170287853 1071675501 3331454014 74444 76541 11845 1242547 
1789438178.208225982	456000000	66	0 41793524 86070936 170287853 1071675501 3331651703 74444 76541 11845 1242547 
1789438178.505287157	456000000	66	0 41793524 86070936 170287853 1071675501 3331846875 74444 76541 11845 1242547 
1789438178.802419114	456000000	66	0 41793524 86070936 170287853 1071675501 3332047198 74444 76541 11845 1242547 
1789438179.102492008	456000000	66	0 41793524 86070936 170287853 1071675501 3332249448 74444 76541 11845 1242547 
1789438179.405230372	456000000	66	0 41793524 86070936 170287853 1071675501 3332446301 74444 76541 11845 1242547 
1789438179.703717016	456000000	66	0 41793524 86070936 170287853 1071675501 3332642595 74444 76541 11845 1242547 
1789438180.000476577	456000000	66	0 41793524 86070936 170287853 1071675501 3332842379 74444 76541 11845 1242547 
1789438180.301490201	456000000	66	0 41793524 86070936 170287853 1071675501 3333042187 74444 76541 11845 1242547 
1789438180.600232105	456000000	66	0 41793524 86070936 170287853 1071675501 3333238633 74444 76541 11845 1242547 
1789438180.895395781	456000000	66	0 41793524 86070936 170287853 1071675501 3333433962 74444 76541 11845 1242547 
1789438181.194888310	456000000	66	0 41793524 86070936 170287853 1071675501 3333634046 74444 76541 11845 1242547 
1789438181.492111621	456000000	66	0 41793524 86070936 170287853 1071675501 3333826885 74444 76541 11845 1242547 
1789438181.791901026	456000000	66	0 41793524 86070936 170287853 1071675501 3334026089 74444 76541 11845 1242547 
1789438182.087983399	456000000	66	0 41793524 86070936 170287853 1071675501 3334225019 74444 76541 11845 1242547 
1789438182.394353013	456000000	66	0 41793524 86070936 170287853 1071675501 3334431729 74444 76541 11845 1242547 
1789438182.700499658	456000000	66	0 41793524 86070936 170287853 1071675501 3334629503 74444 76541 11845 1242547 
1789438182.995478438	456000000	66	0 41793524 86070936 170287853 1071675501 3334825028 74444 76541 11845 1242547 
1789438183.295807374	456000000	66	0 41793524 86070936 170287853 1071675501 3335026012 74444 76541 11845 1242547 
1789438183.594715112	456000000	66	0 41793524 86070936 170287853 1071675501 3335220532 74444 76541 11845 1242547 
1789438183.892233162	456000000	66	0 41793524 86070936 170287853 1071675501 3335419787 74444 76541 11845 1242547 
1789438184.191677099	456000000	66	0 41793524 86070936 170287853 1071675501 3335617765 74444 76541 11845 1242547 
1789438184.488766139	456000000	66	0 41793524 86070936 170287853 1071675501 3335812312 74444 76541 11845 1242547 
1789438184.782974449	456000000	66	0 41793524 86070936 170287853 1071675501 3336007592 74444 76541 11845 1242547 
1789438185.077988385	456000000	66	0 41793524 86070936 170287853 1071675501 3336208712 74444 76541 11845 1242547 
1789438185.371689091	456000000	66	0 41793524 86070936 170287853 1071675501 3336399844 74444 76541 11845 1242547 
1789438185.666154641	456000000	66	0 41793524 86070936 170287853 1071675501 3336599443 74444 76541 11845 1242547 
1789438185.964371233	456000000	66	0 41793524 86070936 170287853 1071675501 3336799096 74444 76541 11845 1242547 
1789438186.262464024	456000000	66	0 41793524 86070936 170287853 1071675501 3336994240 74444 76541 11845 1242547 
1789438186.560759210	456000000	66	0 41793524 86070936 170287853 1071675501 3337194103 74444 76541 11845 1242547 
1789438186.862515750	456000000	66	0 41793524 86070936 170287853 1071675501 3337391596 74444 76541 11845 1242547 
1789438187.158332134	456000000	66	0 41793524 86070936 170287853 1071675501 3337588868 74444 76541 11845 1242547 
1789438187.459112737	456000000	66	0 41793524 86070936 170287853 1071675501 3337790780 74444 76541 11845 1242547 
1789438187.760154485	456000000	66	0 41793524 86070936 170287853 1071675501 3337990992 74444 76541 11845 1242547 
1789438188.059143630	456000000	66	0 41793524 86070936 170287853 1071675501 3338190411 74444 76541 11845 1242547 
1789438188.358924024	456000000	66	0 41793524 86070936 170287853 1071675501 3338386601 74444 76541 11845 1242547 
1789438188.657056189	456000000	66	0 41793524 86070936 170287853 1071675501 3338586016 74444 76541 11845 1242547 
1789438188.956625438	456000000	66	0 41793524 86070936 170287853 1071675501 3338785569 74444 76541 11845 1242547 
1789438189.252100363	456000000	66	0 41793524 86070936 170287853 1071675501 3338980633 74444 76541 11845 1242547 
1789438189.547179090	456000000	66	0 41793524 86070936 170287853 1071675501 3339179989 74444 76541 11845 1242547 
1789438189.848530006	456000000	66	0 41793524 86070936 170287853 1071675501 3339376867 74444 76541 11845 1242547 
1789438190.145797952	456000000	66	0 41793524 86070936 170287853 1071675501 3339575590 74444 76541 11845 1242547 
1789438190.446097774	456000000	66	0 41793524 86070936 170287853 1071675501 3339774171 74444 76541 11845 1242547 
1789438190.746607804	456000000	66	0 41793524 86070936 170287853 1071675501 3339976396 74444 76541 11845 1242547 
1789438191.047871115	456000000	66	0 41793524 86070936 170287853 1071675501 3340184922 74444 76541 11845 1242547 
1789438191.348752759	456000000	66	0 41793524 86070936 170287853 1071675501 3340387253 74444 76541 11845 1242547 
1789438191.648917477	456000000	67	0 41793524 86070936 170287853 1071675501 3340591547 74444 76541 11845 1242547 
1789438191.950319382	456000000	67	0 41793524 86070936 170287853 1071675501 3340796749 74444 76541 11845 1242547 
1789438192.248314984	456000000	67	0 41793524 86070936 170287853 1071675501 3340998456 74444 76541 11845 1242547 
1789438192.549842410	456000000	67	0 41793524 86070936 170287853 1071675501 3341192366 74444 76541 11845 1242547 
1789438192.846357232	456000000	67	0 41793524 86070936 170287853 1071675501 3341397849 74444 76541 11845 1242547 
1789438193.150448303	456000000	67	0 41793524 86070936 170287853 1071675501 3341591156 74444 76541 11845 1242547 
1789438193.448621094	456000000	67	0 41793524 86070936 170287853 1071675501 3341792091 74444 76541 11845 1242547 
1789438193.747779717	456000000	66	0 41793524 86070936 170287853 1071675501 3341991569 74444 76541 11845 1242547 
1789438194.046863497	456000000	66	0 41793524 86070936 170287853 1071675501 3342187072 74444 76541 11845 1242547 
1789438194.347529048	456000000	66	0 41793524 86070936 170287853 1071675501 3342389033 74444 76541 11845 1242547 
1789438194.646260952	456000000	66	0 41793524 86070936 170287853 1071675501 3342587151 74444 76541 11845 1242547 
1789438194.943296086	456000000	66	0 41793524 86070936 170287853 1071675501 3342785999 74444 76541 11845 1242547 
1789438195.245828773	456000000	66	0 41793524 86070936 170287853 1071675501 3342985783 74444 76541 11845 1242547 
1789438195.542367917	456000000	66	0 41793524 86070936 170287853 1071675501 3343184948 74444 76541 11845 1242547 
1789438195.841214405	456000000	66	0 41793524 86070936 170287853 1071675501 3343382379 74444 76541 11845 1242547 
1789438196.138851778	456000000	66	0 41793524 86070936 170287853 1071675501 3343581891 74444 76541 11845 1242547 
1789438196.441954725	456000000	66	0 41793524 86070936 170287853 1071675501 3343782153 74444 76541 11845 1242547 
1789438196.744801630	456000000	66	0 41793524 86070936 170287853 1071675501 3343982465 74444 76541 11845 1242547 
1789438197.048195306	456000000	66	0 41793524 86070936 170287853 1071675501 3344183160 74444 76541 11845 1242547 
1789438197.350563253	456000000	66	0 41793524 86070936 170287853 1071675501 3344388258 74444 76541 11845 1242547 
1789438197.656408857	456000000	66	0 41793524 86070936 170287853 1071675501 3344589211 74444 76541 11845 1242547 
1789438197.953960345	456000000	66	0 41793524 86070936 170287853 1071675501 3344788343 74444 76541 11845 1242547 
1789438198.257318864	456000000	66	0 41793524 86070936 170287853 1071675501 3344988316 74444 76541 11845 1242547 
1789438198.555666498	456000000	66	0 41793524 86070936 170287853 1071675501 3345184320 74444 76541 11845 1242547 
1789438198.850310746	456000000	66	0 41793524 86070936 170287853 1071675501 3345379778 74444 76541 11845 1242547 
1789438199.151050776	456000000	66	0 41793524 86070936 170287853 1071675501 3345578392 74444 76541 11845 1242547 
1789438199.451317942	456000000	66	0 41793524 86070936 170287853 1071675501 3345775875 74444 76541 11845 1242547 
1789438199.750237659	456000000	66	0 41793524 86070936 170287853 1071675501 3345973510 74444 76541 11845 1242547 
1789438200.047605241	456000000	66	0 41793524 86070936 170287853 1071675501 3346176419 74444 76541 11845 1242547 
1789438200.354628917	456000000	66	0 41793524 86070936 170287853 1071675501 3346376173 74444 76541 11845 1242547 
1789438200.649246394	456000000	66	0 41793524 86070936 170287853 1071675501 3346572264 74444 76541 11845 1242547 
1789438200.947068143	456000000	66	0 41793524 86070936 170287853 1071675501 3346773132 74444 76541 11845 1242547 
1789438201.249034527	456000000	66	0 41793524 86070936 170287853 1071675501 3346968207 74444 76541 11845 1242547 
1789438201.546801640	456000000	66	0 41793524 86070936 170287853 1071675501 3347167471 74444 76541 11845 1242547 
1789438201.846919118	456000000	66	0 41793524 86070936 170287853 1071675501 3347365598 74444 76541 11845 1242547 
1789438202.145683054	456000000	66	0 41793524 86070936 170287853 1071675501 3347565236 74444 76541 11845 1242547 
1789438202.445028448	456000000	66	0 41793524 86070936 170287853 1071675501 3347763463 74444 76541 11845 1242547 
1789438202.748513947	456000000	66	0 41793524 86070936 170287853 1071675501 3347962807 74444 76541 11845 1242547 
1789438203.049082831	456000000	66	0 41793524 86070936 170287853 1071675501 3348161828 74444 76541 11845 1242547 
1789438203.349752028	456000000	66	0 41793524 86070936 170287853 1071675501 3348364734 74444 76541 11845 1242547 
1789438203.648115808	456000000	66	0 41793524 86070936 170287853 1071675501 3348559955 74444 76541 11845 1242547 
1789438203.946100264	456000000	66	0 41793524 86070936 170287853 1071675501 3348757900 74444 76541 11845 1242547 
1789438204.244799461	456000000	66	0 41793524 86070936 170287853 1071675501 3348955923 74444 76541 11845 1242547 
1789438204.543600168	456000000	66	0 41793524 86070936 170287853 1071675501 3349151634 74444 76541 11845 1242547 
1789438204.838854572	456000000	66	0 41793524 86070936 170287853 1071675501 3349349450 74444 76541 11845 1242547 
1789438205.137575643	456000000	66	0 41793524 86070936 170287853 1071675501 3349547948 74444 76541 11845 1242547 
1789438205.436644527	456000000	66	0 41793524 86070936 170287853 1071675501 3349746758 74444 76541 11845 1242547 
1789438205.735592734	456000000	66	0 41793524 86070936 170287853 1071675501 3349945649 74444 76541 11845 1242547 
1789438206.031922608	456000000	66	0 41793524 86070936 170287853 1071675501 3350140128 74444 76541 11845 1242547 
1789438206.325083574	456000000	66	0 41793524 86070936 170287853 1071675501 3350338336 74444 76541 11845 1242547 
1789438206.626438761	456000000	66	0 41793524 86070936 170287853 1071675501 3350540560 74444 76541 11845 1242547 
1789438206.925516290	456000000	66	0 41793524 86070936 170287853 1071675501 3350739207 74444 76541 11845 1242547 
1789438207.227612935	456000000	66	0 41793524 86070936 170287853 1071675501 3350941116 74444 76541 11845 1242547 
1789438207.527974736	456000000	66	0 41793524 86070936 170287853 1071675501 3351138910 74444 76541 11845 1242547 
1789438207.825651849	456000000	66	0 41793524 86070936 170287853 1071675501 3351336994 74444 76541 11845 1242547 
1789438208.124105108	456000000	66	0 41793524 86070936 170287853 1071675501 3351536291 74444 76541 11845 1242547 
1789438208.419583314	456000000	66	0 41793524 86070936 170287853 1071675501 3351733835 74444 76541 11845 1242547 
1789438208.721877407	456000000	66	0 41793524 86070936 170287853 1071675501 3351933829 74444 76541 11845 1242547 
1789438209.024089260	456000000	66	0 41793524 86070936 170287853 1071675501 3352131731 74444 76541 11845 1242547 
1789438209.319329550	456000000	66	0 41793524 86070936 170287853 1071675501 3352331139 74444 76541 11845 1242547 
1789438209.623223747	456000000	66	0 41793524 86070936 170287853 1071675501 3352529500 74444 76541 11845 1242547 
1789438209.920142734	456000000	66	0 41793524 86070936 170287853 1071675501 3352726886 74444 76541 11845 1242547 
1789438210.219548181	456000000	66	0 41793524 86070936 170287853 1071675501 3352926520 74444 76541 11845 1242547 
1789438210.520975919	456000000	66	0 41793524 86070936 170287853 1071675501 3353128598 74444 76541 11845 1242547 
1789438210.822946939	456000000	66	0 41793524 86070936 170287853 1071675501 3353327612 74444 76541 11845 1242547 
1789438211.119483948	456000000	66	0 41793524 86070936 170287853 1071675501 3353523235 74444 76541 11845 1242547 
1789438211.413845800	456000000	66	0 41793524 86070936 170287853 1071675501 3353719454 74444 76541 11845 1242547 
1789438211.708709892	456000000	66	0 41793524 86070936 170287853 1071675501 3353913959 74444 76541 11845 1242547 
1789438212.008488411	456000000	66	0 41793524 86070936 170287853 1071675501 3354115201 74444 76541 11845 1242547 
1789438212.311054743	456000000	66	0 41793524 86070936 170287853 1071675501 3354320742 74444 76541 11845 1242547 
1789438212.612994878	456000000	66	0 41793524 86070936 170287853 1071675501 3354525091 74444 76541 11845 1242547 
1789438212.914811210	456000000	66	0 41793524 86070936 170287853 1071675501 3354729606 74444 76541 11845 1242547 
1789438213.217463532	456000000	66	0 41793524 86070936 170287853 1071675501 3354931131 74444 76541 11845 1242547 
1789438213.518901062	456000000	67	0 41793524 86070936 170287853 1071675501 3355131595 74444 76541 11845 1242547 
1789438213.816326352	456000000	67	0 41793524 86070936 170287853 1071675501 3355326865 74444 76541 11845 1242547 
1789438214.112443569	456000000	67	0 41793524 86070936 170287853 1071675501 3355524074 74444 76541 11845 1242547 
1789438214.409703494	456000000	67	0 41793524 86070936 170287853 1071675501 3355721497 74444 76541 11845 1242547 
1789438214.707998784	456000000	66	0 41793524 86070936 170287853 1071675501 3355921545 74444 76541 11845 1242547 
1789438215.006631158	456000000	66	0 41793524 86070936 170287853 1071675501 3356115735 74444 76541 11845 1242547 
1789438215.304859677	456000000	66	0 41793524 86070936 170287853 1071675501 3356315368 74444 76541 11845 1242547 
1789438215.601376946	456000000	66	0 41793524 86070936 170287853 1071675501 3356513924 74444 76541 11845 1242547 
1789438215.898588799	456000000	66	0 41793524 86070936 170287853 1071675501 3356708890 74444 76541 11845 1242547 
1789438216.196490287	456000000	66	0 41793524 86070936 170287853 1071675501 3356909173 74444 76541 11845 1242547 
1789438216.496435421	456000000	66	0 41793524 86070936 170287853 1071675501 3357106338 74444 76541 11845 1242547 
1789438216.796844565	456000000	66	0 41793524 86070936 170287853 1071675501 3357305194 74444 76541 11845 1242547 
1789438217.094736730	456000000	66	0 41793524 86070936 170287853 1071675501 3357504186 74444 76541 11845 1242547 
1789438217.394056135	456000000	66	0 41793524 86070936 170287853 1071675501 3357703506 74444 76541 11845 1242547 
1789438217.694679499	456000000	66	0 41793524 86070936 170287853 1071675501 3357904455 74444 76541 11845 1242547 
1789438217.997885258	456000000	66	0 41793524 86070936 170287853 1071675501 3358099188 74444 76541 11845 1242547 
1789438218.292735235	456000000	66	0 41793524 86070936 170287853 1071675501 3358297116 74444 76541 11845 1242547 
1789438218.587568910	456000000	66	0 41793524 86070936 170287853 1071675501 3358495814 74444 76541 11845 1242547 
1789438218.886488419	456000000	66	0 41793524 86070936 170287853 1071675501 3358693989 74444 76541 11845 1242547 
1789438219.190971731	456000000	66	0 41793524 86070936 170287853 1071675501 3358894072 74444 76541 11845 1242547 
1789438219.488857906	456000000	66	0 41793524 86070936 170287853 1071675501 3359091677 74444 76541 11845 1242547 
1789438219.784640488	456000000	66	0 41793524 86070936 170287853 1071675501 3359287677 74444 76541 11845 1242547 
1789438220.084186768	456000000	66	0 41793524 86070936 170287853 1071675501 3359489800 74444 76541 11845 1242547 
1789438220.386221277	456000000	66	0 41793524 86070936 170287853 1071675501 3359683535 74444 76541 11845 1242547 
1789438220.684394953	456000000	66	0 41793524 86070936 170287853 1071675501 3359884068 74444 76541 11845 1242547 
1789438220.982931649	456000000	66	0 41793524 86070936 170287853 1071675501 3360081706 74444 76541 11845 1242547 
1789438221.279597252	456000000	66	0 41793524 86070936 170287853 1071675501 3360281008 74444 76541 11845 1242547 
1789438221.581491917	456000000	66	0 41793524 86070936 170287853 1071675501 3360480209 74444 76541 11845 1242547 
1789438221.881179916	456000000	66	0 41793524 86070936 170287853 1071675501 3360677722 74444 76541 11845 1242547 
1789438222.179227237	456000000	66	0 41793524 86070936 170287853 1071675501 3360875358 74444 76541 11845 1242547 
1789438222.479339298	456000000	66	0 41793524 86070936 170287853 1071675501 3361075421 74444 76541 11845 1242547 
1789438222.780846307	456000000	66	0 41793524 86070936 170287853 1071675501 3361274942 74444 76541 11845 1242547 
1789438223.075009410	456000000	66	0 41793524 86070936 170287853 1071675501 3361472592 74444 76541 11845 1242547 
1789438223.373025273	456000000	66	0 41793524 86070936 170287853 1071675501 3361667276 74444 76541 11845 1242547 
1789438223.670941865	456000000	66	0 41793524 86070936 170287853 1071675501 3361866648 74444 76541 11845 1242547 
1789438223.972655697	456000000	66	0 41793524 86070936 170287853 1071675501 3362069421 74444 76541 11845 1242547 
1789438224.272824216	456000000	66	0 41793524 86070936 170287853 1071675501 3362270423 74444 76541 11845 1242547 
1789438224.573716278	456000000	66	0 41793524 86070936 170287853 1071675501 3362467735 74444 76541 11845 1242547 
1789438224.875617714	456000000	66	0 41793524 86070936 170287853 1071675501 3362670533 74444 76541 11845 1242547 
1789438225.179186338	456000000	66	0 41793524 86070936 170287853 1071675501 3362869352 74444 76541 11845 1242547 
1789438225.479380066	456000000	66	0 41793524 86070936 170287853 1071675501 3363067118 74444 76541 11845 1242547 
1789438225.782252231	456000000	66	0 41793524 86070936 170287853 1071675501 3363266633 74444 76541 11845 1242547 
1789438226.083568980	456000000	66	0 41793524 86070936 170287853 1071675501 3363468576 74444 76541 11845 1242547 
1789438226.385106302	456000000	66	0 41793524 86070936 170287853 1071675501 3363663529 74444 76541 11845 1242547 
1789438226.684099821	456000000	66	0 41793524 86070936 170287853 1071675501 3363865427 74444 76541 11845 1242547 
1789438226.983298028	456000000	66	0 41793524 86070936 170287853 1071675501 3364062928 74444 76541 11845 1242547 
1789438227.282233058	456000000	66	0 41793524 86070936 170287853 1071675501 3364259333 74444 76541 11845 1242547 
1789438227.578546785	456000000	66	0 41793524 86070936 170287853 1071675501 3364456032 74444 76541 11845 1242547 
1789438227.877556086	456000000	66	0 41793524 86070936 170287853 1071675501 3364651233 74444 76541 11845 1242547 
1789438228.174283199	456000000	66	0 41793524 86070936 170287853 1071675501 3364850232 74444 76541 11845 1242547 
1789438228.473974218	456000000	66	0 41793524 86070936 170287853 1071675501 3365051418 74444 76541 11845 1242547 
1789438228.774129925	456000000	66	0 41793524 86070936 170287853 1071675501 3365254715 74444 76541 11845 1242547 
1789438229.076379903	456000000	66	0 41793524 86070936 170287853 1071675501 3365452242 74444 76541 11845 1242547 
1789438229.374322641	456000000	66	0 41793524 86070936 170287853 1071675501 3365652234 74444 76541 11845 1242547 
1789438229.675482307	456000000	66	0 41793524 86070936 170287853 1071675501 3365847122 74444 76541 11845 1242547 
1789438229.974076347	456000000	66	0 41793524 86070936 170287853 1071675501 3366047359 74444 76541 11845 1242547 
1789438230.273253616	456000000	66	0 41793524 86070936 170287853 1071675501 3366245939 74444 76541 11845 1242547 
1789438230.573684427	456000000	66	0 41793524 86070936 170287853 1071675501 3366446540 74444 76541 11845 1242547 
1789438230.876324458	456000000	66	0 41793524 86070936 170287853 1071675501 3366643941 74444 76541 11845 1242547 
1789438231.171374956	456000000	66	0 41793524 86070936 170287853 1071675501 3366840418 74444 76541 11845 1242547 
1789438231.467435298	456000000	66	0 41793524 86070936 170287853 1071675501 3367035771 74444 76541 11845 1242547 
1789438231.765231421	456000000	66	0 41793524 86070936 170287853 1071675501 3367235707 74444 76541 11845 1242547 
1789438232.064965253	456000000	66	0 41793524 86070936 170287853 1071675501 3367437690 74444 76541 11845 1242547 
1789438232.366090752	456000000	66	0 41793524 86070936 170287853 1071675501 3367634204 74444 76541 11845 1242547 
1789438232.663830104	456000000	66	0 41793524 86070936 170287853 1071675501 3367831323 74444 76541 11845 1242547 
1789438232.962776801	456000000	66	0 41793524 86070936 170287853 1071675501 3368033825 74444 76541 11845 1242547 
1789438233.272244384	456000000	66	0 41793524 86070936 170287853 1071675501 3368234758 74444 76541 11845 1242547 
1789438233.572207851	456000000	66	0 41793524 86070936 170287853 1071675501 3368441326 74444 76541 11845 1242547 
1789438233.872262152	456000000	66	0 41793524 86070936 170287853 1071675501 3368640877 74444 76541 11845 1242547 
1789438234.174731297	456000000	66	0 41793524 86070936 170287853 1071675501 3368844417 74444 76541 11845 1242547 
1789438234.475109191	456000000	66	0 41793524 86070936 170287853 1071675501 3369044062 74444 76541 11845 1242547 
1789438234.771072293	456000000	67	0 41793524 86070936 170287853 1071675501 3369246833 74444 76541 11845 1242547 
1789438235.071360032	456000000	67	0 41793524 86070936 170287853 1071675501 3369455907 74444 76541 11845 1242547 
1789438235.373545218	456000000	67	0 41793524 86070936 170287853 1071675501 3369654171 74444 76541 11845 1242547 
1789438235.672481706	456000000	67	0 41793524 86070936 170287853 1071675501 3369853846 74444 76541 11845 1242547 
1789438235.972738403	456000000	67	0 41793524 86070936 170287853 1071675501 3370054896 74444 76541 11845 1242547 
1789438236.275844058	456000000	67	0 41793524 86070936 170287853 1071675501 3370260528 74444 76541 11845 1242547 
1789438236.578017421	456000000	66	0 41793524 86070936 170287853 1071675501 3370456053 74444 76541 11845 1242547 
1789438236.875594066	456000000	66	0 41793524 86070936 170287853 1071675501 3370654345 74444 76541 11845 1242547 
1789438237.174558835	456000000	66	0 41793524 86070936 170287853 1071675501 3370854517 74444 76541 11845 1242547 
1789438237.475247094	456000000	66	0 41793524 86070936 170287853 1071675501 3371053742 74444 76541 11845 1242547 
1789438237.774185874	456000000	66	0 41793524 86070936 170287853 1071675501 3371249238 74444 76541 11845 1242547 
1789438238.068692153	456000000	66	0 41793524 86070936 170287853 1071675501 3371448283 74444 76541 11845 1242547 
1789438238.369347235	456000000	66	0 41793524 86070936 170287853 1071675501 3371647981 74444 76541 11845 1242547 
1789438238.669034036	456000000	66	0 41793524 86070936 170287853 1071675501 3371843182 74444 76541 11845 1242547 
1789438238.962731617	456000000	66	0 41793524 86070936 170287853 1071675501 3372046304 74444 76541 11845 1242547 
1789438239.263939199	456000000	66	0 41793524 86070936 170287853 1071675501 3372243237 74444 76541 11845 1242547 
1789438239.563956833	456000000	66	0 41793524 86070936 170287853 1071675501 3372436779 74444 76541 11845 1242547 
1789438239.862126394	456000000	66	0 41793524 86070936 170287853 1071675501 3372636892 74444 76541 11845 1242547 
1789438240.160937310	456000000	66	0 41793524 86070936 170287853 1071675501 3372834529 74444 76541 11845 1242547 
1789438240.462831715	456000000	66	0 41793524 86070936 170287853 1071675501 3373035202 74444 76541 11845 1242547 
1789438240.761325546	456000000	66	0 41793524 86070936 170287853 1071675501 3373232249 74444 76541 11845 1242547 
1789438241.059883441	456000000	66	0 41793524 86070936 170287853 1071675501 3373431616 74444 76541 11845 1242547 
1789438241.357499668	456000000	66	0 41793524 86070936 170287853 1071675501 3373630011 74444 76541 11845 1242547 
1789438241.661750792	456000000	66	0 41793524 86070936 170287853 1071675501 3373829824 74444 76541 11845 1242547 
1789438241.964266448	456000000	66	0 41793524 86070936 170287853 1071675501 3374030884 74444 76541 11845 1242547 
1789438242.263699967	456000000	66	0 41793524 86070936 170287853 1071675501 3374229939 74444 76541 11845 1242547 
1789438242.567575674	456000000	66	0 41793524 86070936 170287853 1071675501 3374431291 74444 76541 11845 1242547 
1789438242.865000287	456000000	66	0 41793524 86070936 170287853 1071675501 3374624408 74444 76541 11845 1242547 
1789438243.167130526	456000000	66	0 41793524 86070936 170287853 1071675501 3374829022 74444 76541 11845 1242547 
1789438243.468574045	456000000	66	0 41793524 86070936 170287853 1071675501 3375029621 74444 76541 11845 1242547 
1789438243.771572096	456000000	66	0 41793524 86070936 170287853 1071675501 3375229233 74444 76541 11845 1242547 
1789438244.072264574	456000000	66	0 41793524 86070936 170287853 1071675501 3375430513 74444 76541 11845 1242547 
1789438244.372102937	456000000	66	0 41793524 86070936 170287853 1071675501 3375629896 74444 76541 11845 1242547 
1789438244.668528175	456000000	66	0 41793524 86070936 170287853 1071675501 3375826162 74444 76541 11845 1242547 
1789438244.973995706	456000000	66	0 41793524 86070936 170287853 1071675501 3376027745 74444 76541 11845 1242547 
1789438245.272873079	456000000	66	0 41793524 86070936 170287853 1071675501 3376229412 74444 76541 11845 1242547 
1789438245.572311547	456000000	66	0 41793524 86070936 170287853 1071675501 3376428028 74444 76541 11845 1242547 
1789438245.866105222	456000000	66	0 41793524 86070936 170287853 1071675501 3376620657 74444 76541 11845 1242547 
1789438246.161772491	456000000	66	0 41793524 86070936 170287853 1071675501 3376819718 74444 76541 11845 1242547 
1789438246.465468927	456000000	66	0 41793524 86070936 170287853 1071675501 3377022496 74444 76541 11845 1242547 
1789438246.763930780	456000000	66	0 41793524 86070936 170287853 1071675501 3377217406 74444 76541 11845 1242547 
1789438247.063369560	456000000	66	0 41793524 86070936 170287853 1071675501 3377417639 74444 76541 11845 1242547 
1789438247.361844225	456000000	66	0 41793524 86070936 170287853 1071675501 3377614667 74444 76541 11845 1242547 
1789438247.661098994	456000000	66	0 41793524 86070936 170287853 1071675501 3377814124 74444 76541 11845 1242547 
1789438247.953348971	456000000	66	0 41793524 86070936 170287853 1071675501 3378013262 74444 76541 11845 1242547 
1789438248.253964105	456000000	66	0 41793524 86070936 170287853 1071675501 3378210699 74444 76541 11845 1242547 
1789438248.552347312	456000000	66	0 41793524 86070936 170287853 1071675501 3378406388 74444 76541 11845 1242547 
1789438248.850889217	456000000	66	0 41793524 86070936 170287853 1071675501 3378606483 74444 76541 11845 1242547 
1789438249.151790966	456000000	66	0 41793524 86070936 170287853 1071675501 3378804115 74444 76541 11845 1242547 
1789438249.448728235	456000000	66	0 41793524 86070936 170287853 1071675501 3379004097 74444 76541 11845 1242547 
1789438249.747416702	456000000	66	0 41793524 86070936 170287853 1071675501 3379203362 74444 76541 11845 1242547 
1789438250.048037357	456000000	66	0 41793524 86070936 170287853 1071675501 3379400885 74444 76541 11845 1242547 
1789438250.345026293	456000000	66	0 41793524 86070936 170287853 1071675501 3379597025 74444 76541 11845 1242547 
1789438250.642185437	456000000	66	0 41793524 86070936 170287853 1071675501 3379793467 74444 76541 11845 1242547 
1789438250.940134790	456000000	66	0 41793524 86070936 170287853 1071675501 3379993307 74444 76541 11845 1242547 
1789438251.237532892	456000000	66	0 41793524 86070936 170287853 1071675501 3380192341 74444 76541 11845 1242547 
1789438251.537996620	456000000	66	0 41793524 86070936 170287853 1071675501 3380391069 74444 76541 11845 1242547 
1789438251.839025921	456000000	66	0 41793524 86070936 170287853 1071675501 3380589932 74444 76541 11845 1242547 
1789438252.137115065	456000000	66	0 41793524 86070936 170287853 1071675501 3380788358 74444 76541 11845 1242547 
1789438252.437987751	456000000	66	0 41793524 86070936 170287853 1071675501 3380986098 74444 76541 11845 1242547 
1789438252.732541687	456000000	66	0 41793524 86070936 170287853 1071675501 3381181991 74444 76541 11845 1242547 
1789438253.031867706	456000000	66	0 41793524 86070936 170287853 1071675501 3381384361 74444 76541 11845 1242547 
1789438253.337767581	456000000	66	0 41793524 86070936 170287853 1071675501 3381584311 74444 76541 11845 1242547 
1789438253.638601829	456000000	66	0 41793524 86070936 170287853 1071675501 3381782819 74444 76541 11845 1242547 
1789438253.935744307	456000000	66	0 41793524 86070936 170287853 1071675501 3381979146 74444 76541 11845 1242547 
1789438254.231733555	456000000	66	0 41793524 86070936 170287853 1071675501 3382176094 74444 76541 11845 1242547 
1789438254.531167231	456000000	66	0 41793524 86070936 170287853 1071675501 3382374588 74444 76541 11845 1242547 
1789438254.831871427	456000000	66	0 41793524 86070936 170287853 1071675501 3382577906 74444 76541 11845 1242547 
1789438255.134249739	456000000	66	0 41793524 86070936 170287853 1071675501 3382780088 74444 76541 11845 1242547 
1789438255.437042217	456000000	66	0 41793524 86070936 170287853 1071675501 3382981217 74444 76541 11845 1242547 
1789438255.740281987	456000000	67	0 41793524 86070936 170287853 1071675501 3383192943 74444 76541 11845 1242547 
1789438256.045581600	456000000	67	0 41793524 86070936 170287853 1071675501 3383388617 74444 76541 11845 1242547 
1789438256.342671526	456000000	67	0 41793524 86070936 170287853 1071675501 3383600862 74444 76541 11845 1242547 
1789438256.639043118	456000000	70	0 41793524 86070936 170287853 1071675501 3383840656 74444 76541 11845 1242547 
1789438256.937724397	456000000	70	0 41793524 86070936 170287853 1071675501 3384080484 74444 76541 11845 1242547 
1789438257.237028334	456000000	70	0 41793524 86070936 170287853 1071675501 3384319810 74444 76541 11845 1242547 
1789438257.539260499	456000000	80	0 41793524 86070936 170287853 1071675501 3384563602 74444 76541 11845 1242547 
1789438257.839345789	456000000	80	0 41793524 86070936 170287853 1071675501 3384806542 74444 76541 11845 1242547 
1789438258.145495768	456000000	80	0 41793524 86070936 170287853 1071675501 3385046517 74444 76541 11845 1242547 
1789438258.448095485	456000000	80	0 41793524 86070936 170287853 1071675501 3385278588 74444 76541 11845 1242547 
1789438258.745035671	456000000	79	0 41793524 86070936 170287853 1071675501 3385514051 74444 76541 11845 1242547 
1789438259.043270857	456000000	79	0 41793524 86070936 170287853 1071675501 3385745458 74444 76541 11845 1242547 
1789438259.345953700	456000000	79	0 41793524 86070936 170287853 1071675501 3385980897 74444 76541 11845 1242547 
1789438259.647658261	456000000	77	0 41793524 86070936 170287853 1071675501 3386215424 74444 76541 11845 1242547 
1789438259.948026468	456000000	77	0 41793524 86070936 170287853 1071675501 3386444774 74444 76541 11845 1242547 
1789438260.242044675	456000000	77	0 41793524 86070936 170287853 1071675501 3386673105 74444 76541 11845 1242547 
1789438260.537307777	456000000	77	0 41793524 86070936 170287853 1071675501 3386904593 74444 76541 11845 1242547 
1789438260.835579525	456000000	77	0 41793524 86070936 170287853 1071675501 3387133590 74444 76541 11845 1242547 
1789438261.129415180	456000000	77	0 41793524 86070936 170287853 1071675501 3387366529 74444 76541 11845 1242547 
1789438261.431089897	456000000	77	0 41793524 86070936 170287853 1071675501 3387611810 74444 76541 11845 1242547 
1789438261.730857687	456000000	78	0 41793524 86070936 170287853 1071675501 3387839153 74444 76541 11845 1242547 
1789438262.030475999	456000000	78	0 41793524 86070936 170287853 1071675501 3388064348 74444 76541 11845 1242547 
1789438262.329215976	456000000	78	0 41793524 86070936 170287853 1071675501 3388297626 74444 76541 11845 1242547 
1789438262.633832309	456000000	76	0 41793524 86070936 170287853 1071675501 3388525311 74444 76541 11845 1242547 
1789438262.929443380	456000000	76	0 41793524 86070936 170287853 1071675501 3388754949 74444 76541 11845 1242547 
1789438263.232009243	456000000	76	0 41793524 86070936 170287853 1071675501 3388982250 74444 76541 11845 1242547 
1789438263.530825106	456000000	76	0 41793524 86070936 170287853 1071675501 3389208189 74444 76541 11845 1242547 
1789438263.826710813	456000000	76	0 41793524 86070936 170287853 1071675501 3389437133 74444 76541 11845 1242547 
1789438264.121636988	456000000	76	0 41793524 86070936 170287853 1071675501 3389660190 74444 76541 11845 1242547 
1789438264.416682226	456000000	76	0 41793524 86070936 170287853 1071675501 3389890203 74444 76541 11845 1242547 
1789438264.719241527	456000000	76	0 41793524 86070936 170287853 1071675501 3390123826 74444 76541 11845 1242547 
1789438265.020883953	456000000	76	0 41793524 86070936 170287853 1071675501 3390354813 74444 76541 11845 1242547 
1789438265.318684764	456000000	76	0 41793524 86070936 170287853 1071675501 3390579816 74444 76541 11845 1242547 
1789438265.618796356	456000000	76	0 41793524 86070936 170287853 1071675501 3390810241 74444 76541 11845 1242547 
1789438265.916483209	456000000	76	0 41793524 86070936 170287853 1071675501 3391040171 74444 76541 11845 1242547 
1789438266.216140686	456000000	76	0 41793524 86070936 170287853 1071675501 3391269097 74444 76541 11845 1242547 
1789438266.510736341	456000000	76	0 41793524 86070936 170287853 1071675501 3391487294 74444 76541 11845 1242547 
1789438266.810355537	456000000	76	0 41793524 86070936 170287853 1071675501 3391691366 74444 76541 11845 1242547 
1789438267.107982442	456000000	76	0 41793524 86070936 170287853 1071675501 3391896416 74444 76541 11845 1242547 
1789438267.405934086	456000000	76	0 41793524 86070936 170287853 1071675501 3392095716 74444 76541 11845 1242547 
1789438267.698205782	456000000	67	0 41793524 86070936 170287853 1071675501 3392289505 74444 76541 11845 1242547 
1789438267.993240759	456000000	67	0 41793524 86070936 170287853 1071675501 3392489509 74444 76541 11845 1242547 
1789438268.291449591	456000000	67	0 41793524 86070936 170287853 1071675501 3392687858 74444 76541 11845 1242547 
1789438268.589908267	456000000	66	0 41793524 86070936 170287853 1071675501 3392883322 74444 76541 11845 1242547 
1789438268.889239494	456000000	66	0 41793524 86070936 170287853 1071675501 3393085026 74444 76541 11845 1242547 
1789438269.188790357	456000000	66	0 41793524 86070936 170287853 1071675501 3393283608 74444 76541 11845 1242547 
1789438269.487514971	456000000	66	0 41793524 86070936 170287853 1071675501 3393481114 74444 76541 11845 1242547 
1789438269.784260573	456000000	66	0 41793524 86070936 170287853 1071675501 3393679964 74444 76541 11845 1242547 
1789438270.083041072	456000000	66	0 41793524 86070936 170287853 1071675501 3393876949 74444 76541 11845 1242547 
1789438270.379651570	456000000	66	0 41793524 86070936 170287853 1071675501 3394074203 74444 76541 11845 1242547 
1789438270.679268214	456000000	66	0 41793524 86070936 170287853 1071675501 3394271804 74444 76541 11845 1242547 
1789438270.973455275	456000000	66	0 41793524 86070936 170287853 1071675501 3394467823 74444 76541 11845 1242547 
1789438271.271311711	456000000	66	0 41793524 86070936 170287853 1071675501 3394667089 74444 76541 11845 1242547 
1789438271.572758720	456000000	66	0 41793524 86070936 170287853 1071675501 3394865636 74444 76541 11845 1242547 
1789438271.874219167	456000000	66	0 41793524 86070936 170287853 1071675501 3395065328 74444 76541 11845 1242547 
1789438272.171846540	456000000	66	0 41793524 86070936 170287853 1071675501 3395261224 74444 76541 11845 1242547 
1789438272.466350684	456000000	66	0 41793524 86070936 170287853 1071675501 3395460419 74444 76541 11845 1242547 
1789438272.765542953	456000000	66	0 41793524 86070936 170287853 1071675501 3395659003 74444 76541 11845 1242547 
1789438273.065702254	456000000	66	0 41793524 86070936 170287853 1071675501 3395864271 74444 76541 11845 1242547 
1789438273.370470774	456000000	66	0 41793524 86070936 170287853 1071675501 3396059623 74444 76541 11845 1242547 
1789438273.665807001	456000000	66	0 41793524 86070936 170287853 1071675501 3396256376 74444 76541 11845 1242547 
1789438273.965946563	456000000	66	0 41793524 86070936 170287853 1071675501 3396462739 74444 76541 11845 1242547 
1789438274.268448728	456000000	66	0 41793524 86070936 170287853 1071675501 3396664803 74444 76541 11845 1242547 
1789438274.573500842	456000000	66	0 41793524 86070936 170287853 1071675501 3396863761 74444 76541 11845 1242547 
1789438274.872897017	456000000	66	0 41793524 86070936 170287853 1071675501 3397060702 74444 76541 11845 1242547 
1789438275.166868766	456000000	66	0 41793524 86070936 170287853 1071675501 3397255358 74444 76541 11845 1242547 
1789438275.462779732	456000000	66	0 41793524 86070936 170287853 1071675501 3397453148 74444 76541 11845 1242547 
1789438275.762687731	456000000	66	0 41793524 86070936 170287853 1071675501 3397654442 74444 76541 11845 1242547 
1789438276.066222084	456000000	66	0 41793524 86070936 170287853 1071675501 3397862030 74444 76541 11845 1242547 
1789438276.367659979	456000000	66	0 41793524 86070936 170287853 1071675501 3398064228 74444 76541 11845 1242547 
1789438276.670443863	456000000	67	0 41793524 86070936 170287853 1071675501 3398266960 74444 76541 11845 1242547 
1789438276.969472278	456000000	67	0 41793524 86070936 170287853 1071675501 3398471350 74444 76541 11845 1242547 
1789438277.282078247	456000000	67	0 41793524 86070936 170287853 1071675501 3398678062 74444 76541 11845 1242547 
1789438277.582206402	456000000	67	0 41793524 86070936 170287853 1071675501 3398879192 74444 76541 11845 1242547 
1789438277.878799973	456000000	67	0 41793524 86070936 170287853 1071675501 3399072637 74444 76541 11845 1242547 
1789438278.175279899	456000000	67	0 41793524 86070936 170287853 1071675501 3399270702 74444 76541 11845 1242547 
1789438278.475467741	456000000	67	0 41793524 86070936 170287853 1071675501 3399470792 74444 76541 11845 1242547 
1789438278.777367094	456000000	66	0 41793524 86070936 170287853 1071675501 3399665785 74444 76541 11845 1242547 
1789438279.073169675	456000000	66	0 41793524 86070936 170287853 1071675501 3399866224 74444 76541 11845 1242547 
1789438279.376530279	456000000	66	0 41793524 86070936 170287853 1071675501 3400067017 74444 76541 11845 1242547 
1789438279.677939840	456000000	66	0 41793524 86070936 170287853 1071675501 3400265463 74444 76541 11845 1242547 
1789438279.977277630	456000000	66	0 41793524 86070936 170287853 1071675501 3400464736 74444 76541 11845 1242547 
1789438280.274902035	456000000	66	0 41793524 86070936 170287853 1071675501 3400665254 74444 76541 11845 1242547 
1789438280.574201908	456000000	66	0 41793524 86070936 170287853 1071675501 3400863089 74444 76541 11845 1242547 
1789438280.871229594	456000000	66	0 41793524 86070936 170287853 1071675501 3401064130 74444 76541 11845 1242547 
1789438281.170203895	456000000	66	0 41793524 86070936 170287853 1071675501 3401264560 74444 76541 11845 1242547 
1789438281.472805435	456000000	66	0 41793524 86070936 170287853 1071675501 3401463087 74444 76541 11845 1242547 
1789438281.774521247	456000000	66	0 41793524 86070936 170287853 1071675501 3401662487 74444 76541 11845 1242547 
1789438282.075068620	456000000	66	0 41793524 86070936 170287853 1071675501 3401861328 74444 76541 11845 1242547 
1789438282.374968702	456000000	66	0 41793524 86070936 170287853 1071675501 3402061704 74444 76541 11845 1242547 
1789438282.675727795	456000000	66	0 41793524 86070936 170287853 1071675501 3402261212 74444 76541 11845 1242547 
1789438282.979477304	456000000	66	0 41793524 86070936 170287853 1071675501 3402460804 74444 76541 11845 1242547 
1789438283.277280355	456000000	66	0 41793524 86070936 170287853 1071675501 3402658594 74444 76541 11845 1242547 
1789438283.577572416	456000000	66	0 41793524 86070936 170287853 1071675501 3402860161 74444 76541 11845 1242547 
1789438283.878367185	456000000	66	0 41793524 86070936 170287853 1071675501 3403059104 74444 76541 11845 1242547 
1789438284.178482215	456000000	66	0 41793524 86070936 170287853 1071675501 3403259544 74444 76541 11845 1242547 
1789438284.478877922	456000000	66	0 41793524 86070936 170287853 1071675501 3403459504 74444 76541 11845 1242547 
1789438284.783114255	456000000	66	0 41793524 86070936 170287853 1071675501 3403657696 74444 76541 11845 1242547 
1789438285.081439962	456000000	66	0 41793524 86070936 170287853 1071675501 3403858098 74444 76541 11845 1242547 
1789438285.382108794	456000000	66	0 41793524 86070936 170287853 1071675501 3404055894 74444 76541 11845 1242547 
1789438285.682436115	456000000	66	0 41793524 86070936 170287853 1071675501 3404252424 74444 76541 11845 1242547 
1789438285.980269895	456000000	66	0 41793524 86070936 170287853 1071675501 3404456439 74444 76541 11845 1242547 
1789438286.279693675	456000000	66	0 41793524 86070936 170287853 1071675501 3404655323 74444 76541 11845 1242547 
1789438286.578477663	456000000	66	0 41793524 86070936 170287853 1071675501 3404850134 74444 76541 11845 1242547 
1789438286.875716599	456000000	66	0 41793524 86070936 170287853 1071675501 3405048716 74444 76541 11845 1242547 
1789438287.174552045	456000000	66	0 41793524 86070936 170287853 1071675501 3405246854 74444 76541 11845 1242547 
1789438287.471661918	456000000	66	0 41793524 86070936 170287853 1071675501 3405441083 74444 76541 11845 1242547 
1789438287.765001218	456000000	66	0 41793524 86070936 170287853 1071675501 3405637389 74444 76541 11845 1242547 
1789438288.059829946	456000000	66	0 41793524 86070936 170287853 1071675501 3405833263 74444 76541 11845 1242547 
1789438288.356238569	456000000	66	0 41793524 86070936 170287853 1071675501 3406035250 74444 76541 11845 1242547 
1789438288.657102818	456000000	66	0 41793524 86070936 170287853 1071675501 3406235840 74444 76541 11845 1242547 
1789438288.958746442	456000000	66	0 41793524 86070936 170287853 1071675501 3406433324 74444 76541 11845 1242547 
1789438289.259145846	456000000	66	0 41793524 86070936 170287853 1071675501 3406636555 74444 76541 11845 1242547 
1789438289.558849158	456000000	66	0 41793524 86070936 170287853 1071675501 3406835771 74444 76541 11845 1242547 
1789438289.863930855	456000000	66	0 41793524 86070936 170287853 1071675501 3407037984 74444 76541 11845 1242547 
1789438290.160750363	456000000	66	0 41793524 86070936 170287853 1071675501 3407239896 74444 76541 11845 1242547 
1789438290.463852841	456000000	66	0 41793524 86070936 170287853 1071675501 3407441014 74444 76541 11845 1242547 
1789438290.760739850	456000000	67	0 41793524 86070936 170287853 1071675501 3407637383 74444 76541 11845 1242547 
1789438291.056238317	456000000	67	0 41793524 86070936 170287853 1071675501 3407835244 74444 76541 11845 1242547 
1789438291.357775639	456000000	67	0 41793524 86070936 170287853 1071675501 3408034542 74444 76541 11845 1242547 
1789438291.656583481	456000000	66	0 41793524 86070936 170287853 1071675501 3408231994 74444 76541 11845 1242547 
1789438291.955623459	456000000	66	0 41793524 86070936 170287853 1071675501 3408431064 74444 76541 11845 1242547 
1789438292.256969374	456000000	66	0 41793524 86070936 170287853 1071675501 3408633062 74444 76541 11845 1242547 
1789438292.556367060	456000000	66	0 41793524 86070936 170287853 1071675501 3408829662 74444 76541 11845 1242547 
1789438292.858880476	456000000	66	0 41793524 86070936 170287853 1071675501 3409030864 74444 76541 11845 1242547 
1789438293.154363839	456000000	66	0 41793524 86070936 170287853 1071675501 3409228767 74444 76541 11845 1242547 
1789438293.455678139	456000000	66	0 41793524 86070936 170287853 1071675501 3409428844 74444 76541 11845 1242547 
1789438293.754623951	456000000	66	0 41793524 86070936 170287853 1071675501 3409629624 74444 76541 11845 1242547 
1789438294.054453928	456000000	66	0 41793524 86070936 170287853 1071675501 3409828313 74444 76541 11845 1242547 
1789438294.359310052	456000000	66	0 41793524 86070936 170287853 1071675501 3410028186 74444 76541 11845 1242547 
1789438294.652932634	456000000	66	0 41793524 86070936 170287853 1071675501 3410225031 74444 76541 11845 1242547 
1789438294.952324955	456000000	66	0 41793524 86070936 170287853 1071675501 3410423284 74444 76541 11845 1242547 
1789438295.253938267	456000000	66	0 41793524 86070936 170287853 1071675501 3410624098 74444 76541 11845 1242547 
1789438295.556081630	456000000	66	0 41793524 86070936 170287853 1071675501 3410822199 74444 76541 11845 1242547 
1789438295.854580670	456000000	66	0 41793524 86070936 170287853 1071675501 3411024229 74444 76541 11845 1242547 
1789438296.153048460	456000000	66	0 41793524 86070936 170287853 1071675501 3411225647 74444 76541 11845 1242547 
1789438296.450563542	456000000	66	0 41793524 86070936 170287853 1071675501 3411420605 74444 76541 11845 1242547 
1789438296.745986228	456000000	66	0 41793524 86070936 170287853 1071675501 3411619907 74444 76541 11845 1242547 
1789438297.048948445	456000000	66	0 41793524 86070936 170287853 1071675501 3411819629 74444 76541 11845 1242547 
1789438297.348034829	456000000	66	0 41793524 86070936 170287853 1071675501 3412020987 74444 76541 11845 1242547 
1789438297.651272932	456000000	66	0 41793524 86070936 170287853 1071675501 3412223927 74444 76541 11845 1242547 
1789438297.949189420	456000000	66	0 41793524 86070936 170287853 1071675501 3412423466 74444 76541 11845 1242547 
1789438298.248143096	456000000	66	0 41793524 86070936 170287853 1071675501 3412628362 74444 76541 11845 1242547 
1789438298.545106667	456000000	67	0 41793524 86070936 170287853 1071675501 3412824527 74444 76541 11845 1242547 
1789438298.845804458	456000000	67	0 41793524 86070936 170287853 1071675501 3413027590 74444 76541 11845 1242547 
1789438299.146531415	456000000	67	0 41793524 86070936 170287853 1071675501 3413223627 74444 76541 11845 1242547 
1789438299.445703580	456000000	67	0 41793524 86070936 170287853 1071675501 3413423320 74444 76541 11845 1242547 
1789438299.738986109	456000000	66	0 41793524 86070936 170287853 1071675501 3413622948 74444 76541 11845 1242547 
1789438300.039386295	456000000	66	0 41793524 86070936 170287853 1071675501 3413820819 74444 76541 11845 1242547 
1789438300.337624502	456000000	66	0 41793524 86070936 170287853 1071675501 3414021234 74444 76541 11845 1242547 
1789438300.639195782	456000000	66	0 41793524 86070936 170287853 1071675501 3414216644 74444 76541 11845 1242547 
1789438300.934965447	456000000	66	0 41793524 86070936 170287853 1071675501 3414416560 74444 76541 11845 1242547 
1789438301.234960581	456000000	66	0 41793524 86070936 170287853 1071675501 3414610559 74444 76541 11845 1242547 
1789438301.537034986	456000000	66	0 41793524 86070936 170287853 1071675501 3414816096 74444 76541 11845 1242547 
1789438301.834728714	456000000	66	0 41793524 86070936 170287853 1071675501 3415012013 74444 76541 11845 1242547 
1789438302.134944160	456000000	66	0 41793524 86070936 170287853 1071675501 3415211287 74444 76541 11845 1242547 
1789438302.433686221	456000000	66	0 41793524 86070936 170287853 1071675501 3415414937 74444 76541 11845 1242547 
1789438302.737611668	456000000	66	0 41793524 86070936 170287853 1071675501 3415614760 74444 76541 11845 1242547 
1789438303.037526125	456000000	66	0 41793524 86070936 170287853 1071675501 3415811374 74444 76541 11845 1242547 
1789438303.334130113	456000000	66	0 41793524 86070936 170287853 1071675501 3416007485 74444 76541 11845 1242547 
1789438303.630017851	456000000	66	0 41793524 86070936 170287853 1071675501 3416205631 74444 76541 11845 1242547 
1789438303.926820745	456000000	66	0 41793524 86070936 170287853 1071675501 3416401950 74444 76541 11845 1242547 
1789438304.222186712	456000000	66	0 41793524 86070936 170287853 1071675501 3416597023 74444 76541 11845 1242547 
1789438304.522590336	456000000	66	0 41793524 86070936 170287853 1071675501 3416796326 74444 76541 11845 1242547 
1789438304.819758490	456000000	66	0 41793524 86070936 170287853 1071675501 3416994840 74444 76541 11845 1242547 
1789438305.118402635	456000000	66	0 41793524 86070936 170287853 1071675501 3417192488 74444 76541 11845 1242547 
1789438305.420394748	456000000	66	0 41793524 86070936 170287853 1071675501 3417392840 74444 76541 11845 1242547 
1789438305.725225560	456000000	66	0 41793524 86070936 170287853 1071675501 3417593984 74444 76541 11845 1242547 
1789438306.024383037	456000000	66	0 41793524 86070936 170287853 1071675501 3417792096 74444 76541 11845 1242547 
1789438306.323736296	456000000	66	0 41793524 86070936 170287853 1071675501 3417988790 74444 76541 11845 1242547 
1789438306.615649867	456000000	66	0 41793524 86070936 170287853 1071675501 3418184327 74444 76541 11845 1242547 
1789438306.918950991	456000000	66	0 41793524 86070936 170287853 1071675501 3418383826 74444 76541 11845 1242547 
1789438307.213991854	456000000	66	0 41793524 86070936 170287853 1071675501 3418578685 74444 76541 11845 1242547 
1789438307.513691519	456000000	66	0 41793524 86070936 170287853 1071675501 3418780337 74444 76541 11845 1242547 
1789438307.815742018	456000000	66	0 41793524 86070936 170287853 1071675501 3418978705 74444 76541 11845 1242547 
1789438308.111895537	456000000	66	0 41793524 86070936 170287853 1071675501 3419177016 74444 76541 11845 1242547 
1789438308.414539369	456000000	66	0 41793524 86070936 170287853 1071675501 3419375811 74444 76541 11845 1242547 
1789438308.713599920	456000000	66	0 41793524 86070936 170287853 1071675501 3419580287 74444 76541 11845 1242547 
1789438309.020325419	456000000	66	0 41793524 86070936 170287853 1071675501 3419780056 74444 76541 11845 1242547 
1789438309.320217637	456000000	66	0 41793524 86070936 170287853 1071675501 3419980557 74444 76541 11845 1242547 
1789438309.619087041	456000000	66	0 41793524 86070936 170287853 1071675501 3420177717 74444 76541 11845 1242547 
1789438309.915782644	456000000	66	0 41793524 86070936 170287853 1071675501 3420376401 74444 76541 11845 1242547 
1789438310.214213403	456000000	66	0 41793524 86070936 170287853 1071675501 3420574117 74444 76541 11845 1242547 
1789438310.511542026	456000000	66	0 41793524 86070936 170287853 1071675501 3420770647 74444 76541 11845 1242547 
1789438310.811681639	456000000	66	0 41793524 86070936 170287853 1071675501 3420969243 74444 76541 11845 1242547 
1789438311.109007398	456000000	66	0 41793524 86070936 170287853 1071675501 3421166487 74444 76541 11845 1242547 
1789438311.408769511	456000000	66	0 41793524 86070936 170287853 1071675501 3421363939 74444 76541 11845 1242547 
1789438311.704844489	456000000	66	0 41793524 86070936 170287853 1071675501 3421562480 74444 76541 11845 1242547 
1789438312.002349779	456000000	66	0 41793524 86070936 170287853 1071675501 3421762390 74444 76541 11845 1242547 
1789438312.303312882	456000000	66	0 41793524 86070936 170287853 1071675501 3421958409 74444 76541 11845 1242547 
1789438312.604080828	456000000	66	0 41793524 86070936 170287853 1071675501 3422158758 74444 76541 11845 1242547 
1789438312.903892473	456000000	66	0 41793524 86070936 170287853 1071675501 3422359357 74444 76541 11845 1242547 
1789438313.202520419	456000000	66	0 41793524 86070936 170287853 1071675501 3422552266 74444 76541 11845 1242547 
1789438313.500173261	456000000	66	0 41793524 86070936 170287853 1071675501 3422749431 74444 76541 11845 1242547 
1789438313.799074489	456000000	65	0 41793524 86070936 170287853 1071675501 3422948558 74444 76541 11845 1242547 
1789438314.096082644	456000000	65	0 41793524 86070936 170287853 1071675501 3423143687 74444 76541 11845 1242547 
1789438314.391270590	456000000	65	0 41793524 86070936 170287853 1071675501 3423342735 74444 76541 11845 1242547 
1789438314.691819682	456000000	66	0 41793524 86070936 170287853 1071675501 3423537463 74444 76541 11845 1242547 
1789438314.992097785	456000000	66	0 41793524 86070936 170287853 1071675501 3423742664 74444 76541 11845 1242547 
1789438315.296876878	456000000	66	0 41793524 86070936 170287853 1071675501 3423939684 74444 76541 11845 1242547 
1789438315.592535709	456000000	66	0 41793524 86070936 170287853 1071675501 3424133866 74444 76541 11845 1242547 
1789438315.886909801	456000000	66	0 41793524 86070936 170287853 1071675501 3424336080 74444 76541 11845 1242547 
1789438316.187723842	456000000	66	0 41793524 86070936 170287853 1071675501 3424534102 74444 76541 11845 1242547 
1789438316.481171683	456000000	66	0 41793524 86070936 170287853 1071675501 3424734196 74444 76541 11845 1242547 
1789438316.781908744	456000000	66	0 41793524 86070936 170287853 1071675501 3424928031 74444 76541 11845 1242547 
1789438317.079668722	456000000	66	0 41793524 86070936 170287853 1071675501 3425132978 74444 76541 11845 1242547 
1789438317.387907242	456000000	66	0 41793524 86070936 170287853 1071675501 3425331850 74444 76541 11845 1242547 
1789438317.687010397	456000000	66	0 41793524 86070936 170287853 1071675501 3425530258 74444 76541 11845 1242547 
1789438317.988016729	456000000	66	0 41793524 86070936 170287853 1071675501 3425729681 74444 76541 11845 1242547 
1789438318.285598998	456000000	66	0 41793524 86070936 170287853 1071675501 3425926139 74444 76541 11845 1242547 
1789438318.581017101	456000000	66	0 41793524 86070936 170287853 1071675501 3426123798 74444 76541 11845 1242547 
1789438318.878448537	456000000	66	0 41793524 86070936 170287853 1071675501 3426326465 74444 76541 11845 1242547 
1789438319.179068254	456000000	66	0 41793524 86070936 170287853 1071675501 3426529403 74444 76541 11845 1242547 
1789438319.477477555	456000000	66	0 41793524 86070936 170287853 1071675501 3426729752 74444 76541 11845 1242547 
1789438319.775826386	456000000	67	0 41793524 86070936 170287853 1071675501 3426931109 74444 76541 11845 1242547 
1789438320.073136989	456000000	67	0 41793524 86070936 170287853 1071675501 3427125782 74444 76541 11845 1242547 
1789438320.369100612	456000000	67	0 41793524 86070936 170287853 1071675501 3427325456 74444 76541 11845 1242547 
1789438320.668536736	456000000	66	0 41793524 86070936 170287853 1071675501 3427519016 74444 76541 11845 1242547 
1789438320.968010255	456000000	66	0 41793524 86070936 170287853 1071675501 3427717602 74444 76541 11845 1242547 
1789438321.269662264	456000000	66	0 41793524 86070936 170287853 1071675501 3427920251 74444 76541 11845 1242547 
1789438321.570364899	456000000	66	0 41793524 86070936 170287853 1071675501 3428120515 74444 76541 11845 1242547 
1789438321.871499043	456000000	66	0 41793524 86070936 170287853 1071675501 3428319856 74444 76541 11845 1242547 
1789438322.173894230	456000000	66	0 41793524 86070936 170287853 1071675501 3428520999 74444 76541 11845 1242547 
1789438322.472361291	456000000	66	0 41793524 86070936 170287853 1071675501 3428719648 74444 76541 11845 1242547 
1789438322.767625018	456000000	66	0 41793524 86070936 170287853 1071675501 3428917315 74444 76541 11845 1242547 
1789438323.065548902	456000000	66	0 41793524 86070936 170287853 1071675501 3429117023 74444 76541 11845 1242547 
1789438323.358766691	456000000	66	0 41793524 86070936 170287853 1071675501 3429312014 74444 76541 11845 1242547 
1789438323.655070210	456000000	66	0 41793524 86070936 170287853 1071675501 3429512209 74444 76541 11845 1242547 
1789438323.955316230	456000000	66	0 41793524 86070936 170287853 1071675501 3429710802 74444 76541 11845 1242547 
1789438324.256351156	456000000	66	0 41793524 86070936 170287853 1071675501 3429908343 74444 76541 11845 1242547 
1789438324.551735404	456000000	66	0 41793524 86070936 170287853 1071675501 3430105164 74444 76541 11845 1242547 
1789438324.851508975	456000000	66	0 41793524 86070936 170287853 1071675501 3430306100 74444 76541 11845 1242547 
1789438325.150530880	456000000	66	0 41793524 86070936 170287853 1071675501 3430510555 74444 76541 11845 1242547 
1789438325.453593619	456000000	66	0 41793524 86070936 170287853 1071675501 3430710512 74444 76541 11845 1242547 
1789438325.759179066	456000000	66	0 41793524 86070936 170287853 1071675501 3430909134 74444 76541 11845 1242547 
1789438326.056863627	456000000	66	0 41793524 86070936 170287853 1071675501 3431108065 74444 76541 11845 1242547 
1789438326.353924281	456000000	66	0 41793524 86070936 170287853 1071675501 3431307876 74444 76541 11845 1242547 
1789438326.647717592	456000000	66	0 41793524 86070936 170287853 1071675501 3431500705 74444 76541 11845 1242547 
1789438326.941915746	456000000	66	0 41793524 86070936 170287853 1071675501 3431699334 74444 76541 11845 1242547 
1789438327.243222860	456000000	66	0 41793524 86070936 170287853 1071675501 3431898374 74444 76541 11845 1242547 
1789438327.544311900	456000000	66	0 41793524 86070936 170287853 1071675501 3432098031 74444 76541 11845 1242547 
1789438327.843995992	456000000	66	0 41793524 86070936 170287853 1071675501 3432297624 74444 76541 11845 1242547 
1789438328.140553522	456000000	66	0 41793524 86070936 170287853 1071675501 3432497215 74444 76541 11845 1242547 
1789438328.442688969	456000000	66	0 41793524 86070936 170287853 1071675501 3432696228 74444 76541 11845 1242547 
1789438328.739811186	456000000	66	0 41793524 86070936 170287853 1071675501 3432892720 74444 76541 11845 1242547 
1789438329.038144236	456000000	66	0 41793524 86070936 170287853 1071675501 3433093942 74444 76541 11845 1242547 
1789438329.337500933	456000000	66	0 41793524 86070936 170287853 1071675501 3433291024 74444 76541 11845 1242547 
1789438329.635996796	456000000	66	0 41793524 86070936 170287853 1071675501 3433492759 74444 76541 11845 1242547 
1789438329.936256982	456000000	66	0 41793524 86070936 170287853 1071675501 3433692128 74444 76541 11845 1242547 
1789438330.237796335	456000000	66	0 41793524 86070936 170287853 1071675501 3433890796 74444 76541 11845 1242547 
1789438330.536897875	456000000	66	0 41793524 86070936 170287853 1071675501 3434089583 74444 76541 11845 1242547 
1789438330.835890874	456000000	66	0 41793524 86070936 170287853 1071675501 3434293624 74444 76541 11845 1242547 
1789438331.135035435	456000000	66	0 41793524 86070936 170287853 1071675501 3434493128 74444 76541 11845 1242547 
1789438331.437207600	456000000	66	0 41793524 86070936 170287853 1071675501 3434692280 74444 76541 11845 1242547 
1789438331.735079244	456000000	67	0 41793524 86070936 170287853 1071675501 3434896968 74444 76541 11845 1242547 
1789438332.038046046	456000000	67	0 41793524 86070936 170287853 1071675501 3435096063 74444 76541 11845 1242547 
1789438332.336208940	456000000	67	0 41793524 86070936 170287853 1071675501 3435295196 74444 76541 11845 1242547 
1789438332.638655220	456000000	66	0 41793524 86070936 170287853 1071675501 3435501392 74444 76541 11845 1242547 
1789438332.941307802	456000000	66	0 41793524 86070936 170287853 1071675501 3435698833 74444 76541 11845 1242547 
1789438333.240142936	456000000	66	0 41793524 86070936 170287853 1071675501 3435894691 74444 76541 11845 1242547 
1789438333.537752862	456000000	66	0 41793524 86070936 170287853 1071675501 3436092165 74444 76541 11845 1242547 
1789438333.835064870	456000000	66	0 41793524 86070936 170287853 1071675501 3436290296 74444 76541 11845 1242547 
1789438334.135425213	456000000	66	0 41793524 86070936 170287853 1071675501 3436490101 74444 76541 11845 1242547 
1789438334.434818993	456000000	66	0 41793524 86070936 170287853 1071675501 3436687433 74444 76541 11845 1242547 
1789438334.727532928	456000000	66	0 41793524 86070936 170287853 1071675501 3436881232 74444 76541 11845 1242547 
1789438335.027791083	456000000	66	0 41793524 86070936 170287853 1071675501 3437079124 74444 76541 11845 1242547 
1789438335.325426581	456000000	66	0 41793524 86070936 170287853 1071675501 3437279203 74444 76541 11845 1242547 
1789438335.623644580	456000000	66	0 41793524 86070936 170287853 1071675501 3437479102 74444 76541 11845 1242547 
1789438335.926093672	456000000	66	0 41793524 86070936 170287853 1071675501 3437682989 74444 76541 11845 1242547 
1789438336.226974484	456000000	66	0 41793524 86070936 170287853 1071675501 3437880976 74444 76541 11845 1242547 
1789438336.523619982	456000000	66	0 41793524 86070936 170287853 1071675501 3438076192 74444 76541 11845 1242547 
1789438336.825227095	456000000	66	0 41793524 86070936 170287853 1071675501 3438274000 74444 76541 11845 1242547 
1789438337.125665667	456000000	66	0 41793524 86070936 170287853 1071675501 3438471587 74444 76541 11845 1242547 
1789438337.424848145	456000000	66	0 41793524 86070936 170287853 1071675501 3438672189 74444 76541 11845 1242547 
1789438337.725892029	456000000	66	0 41793524 86070936 170287853 1071675501 3438871670 74444 76541 11845 1242547 
1789438338.025541382	456000000	66	0 41793524 86070936 170287853 1071675501 3439071197 74444 76541 11845 1242547 
1789438338.325476099	456000000	66	0 41793524 86070936 170287853 1071675501 3439268171 74444 76541 11845 1242547 
1789438338.623089149	456000000	66	0 41793524 86070936 170287853 1071675501 3439467695 74444 76541 11845 1242547 
1789438338.923706992	456000000	66	0 41793524 86070936 170287853 1071675501 3439667477 74444 76541 11845 1242547 
1789438339.221054990	456000000	66	0 41793524 86070936 170287853 1071675501 3439864745 74444 76541 11845 1242547 
1789438339.515933353	456000000	66	0 41793524 86070936 170287853 1071675501 3440064529 74444 76541 11845 1242547 
1789438339.825639790	456000000	66	0 41793524 86070936 170287853 1071675501 3440266237 74444 76541 11845 1242547 
1789438340.127309924	456000000	66	0 41793524 86070936 170287853 1071675501 3440469332 74444 76541 11845 1242547 
1789438340.428796204	456000000	66	0 41793524 86070936 170287853 1071675501 3440673955 74444 76541 11845 1242547 
1789438340.729134151	456000000	67	0 41793524 86070936 170287853 1071675501 3440881168 74444 76541 11845 1242547 
1789438341.026602097	456000000	67	0 41793524 86070936 170287853 1071675501 3441082910 74444 76541 11845 1242547 
1789438341.325142752	456000000	67	0 41793524 86070936 170287853 1071675501 3441280801 74444 76541 11845 1242547 
1789438341.626861688	456000000	67	0 41793524 86070936 170287853 1071675501 3441483540 74444 76541 11845 1242547 
1789438341.924169999	456000000	67	0 41793524 86070936 170287853 1071675501 3441682830 74444 76541 11845 1242547 
1789438342.226067946	456000000	67	0 41793524 86070936 170287853 1071675501 3441883710 74444 76541 11845 1242547 
1789438342.525093444	456000000	67	0 41793524 86070936 170287853 1071675501 3442083780 74444 76541 11845 1242547 
1789438342.825132537	456000000	66	0 41793524 86070936 170287853 1071675501 3442282807 74444 76541 11845 1242547 
1789438343.126978140	456000000	66	0 41793524 86070936 170287853 1071675501 3442482483 74444 76541 11845 1242547 
1789438343.427220930	456000000	66	0 41793524 86070936 170287853 1071675501 3442680763 74444 76541 11845 1242547 
1789438343.723556012	456000000	66	0 41793524 86070936 170287853 1071675501 3442880121 74444 76541 11845 1242547 
1789438344.023163958	456000000	66	0 41793524 86070936 170287853 1071675501 3443078470 74444 76541 11845 1242547 
1789438344.324747322	456000000	66	0 41793524 86070936 170287853 1071675501 3443277908 74444 76541 11845 1242547 
1789438344.625584904	456000000	66	0 41793524 86070936 170287853 1071675501 3443478021 74444 76541 11845 1242547 
1789438344.924594204	456000000	66	0 41793524 86070936 170287853 1071675501 3443679568 74444 76541 11845 1242547 
1789438345.227442047	456000000	66	0 41793524 86070936 170287853 1071675501 3443878647 74444 76541 11845 1242547 
1789438345.525468900	456000000	66	0 41793524 86070936 170287853 1071675501 3444079700 74444 76541 11845 1242547 
1789438345.828802680	456000000	66	0 41793524 86070936 170287853 1071675501 3444278449 74444 76541 11845 1242547 
1789438346.126257189	456000000	66	0 41793524 86070936 170287853 1071675501 3444476216 74444 76541 11845 1242547 
1789438346.423891593	456000000	66	0 41793524 86070936 170287853 1071675501 3444675199 74444 76541 11845 1242547 
1789438346.722112404	456000000	66	0 41793524 86070936 170287853 1071675501 3444873588 74444 76541 11845 1242547 
1789438347.027176757	456000000	66	0 41793524 86070936 170287853 1071675501 3445074607 74444 76541 11845 1242547 
1789438347.326335016	456000000	66	0 41793524 86070936 170287853 1071675501 3445272592 74444 76541 11845 1242547 
1789438347.625273692	456000000	66	0 41793524 86070936 170287853 1071675501 3445471494 74444 76541 11845 1242547 
1789438347.921090805	456000000	66	0 41793524 86070936 170287853 1071675501 3445669791 74444 76541 11845 1242547 
1789438348.221799116	456000000	66	0 41793524 86070936 170287853 1071675501 3445869241 74444 76541 11845 1242547 
1789438348.521008156	456000000	66	0 41793524 86070936 170287853 1071675501 3446070661 74444 76541 11845 1242547 
1789438348.821345999	456000000	66	0 41793524 86070936 170287853 1071675501 3446267745 74444 76541 11845 1242547 
1789438349.118702487	456000000	66	0 41793524 86070936 170287853 1071675501 3446467936 74444 76541 11845 1242547 
1789438349.419027360	456000000	66	0 41793524 86070936 170287853 1071675501 3446665043 74444 76541 11845 1242547 
1789438349.720192859	456000000	66	0 41793524 86070936 170287853 1071675501 3446862257 74444 76541 11845 1242547 
1789438350.013735336	456000000	66	0 41793524 86070936 170287853 1071675501 3447058040 74444 76541 11845 1242547 
1789438350.309326564	456000000	66	0 41793524 86070936 170287853 1071675501 3447257880 74444 76541 11845 1242547 
1789438350.614404979	456000000	66	0 41793524 86070936 170287853 1071675501 3447457798 74444 76541 11845 1242547 
1789438350.916457562	456000000	66	0 41793524 86070936 170287853 1071675501 3447657394 74444 76541 11845 1242547 
1789438351.215460768	456000000	66	0 41793524 86070936 170287853 1071675501 3447858440 74444 76541 11845 1242547 
1789438351.515454340	456000000	66	0 41793524 86070936 170287853 1071675501 3448057043 74444 76541 11845 1242547 
1789438351.814920984	456000000	66	0 41793524 86070936 170287853 1071675501 3448257066 74444 76541 11845 1242547 
1789438352.114301535	456000000	66	0 41793524 86070936 170287853 1071675501 3448454924 74444 76541 11845 1242547 
1789438352.414762294	456000000	66	0 41793524 86070936 170287853 1071675501 3448654614 74444 76541 11845 1242547 
1789438352.707971125	456000000	66	0 41793524 86070936 170287853 1071675501 3448848973 74444 76541 11845 1242547 
1789438353.008786155	456000000	66	0 41793524 86070936 170287853 1071675501 3449047856 74444 76541 11845 1242547 
1789438353.304194831	456000000	66	0 41793524 86070936 170287853 1071675501 3449244791 74444 76541 11845 1242547 
1789438353.605046423	456000000	66	0 41793524 86070936 170287853 1071675501 3449444076 74444 76541 11845 1242547 
1789438353.904858172	456000000	66	0 41793524 86070936 170287853 1071675501 3449647337 74444 76541 11845 1242547 
1789438354.211142525	456000000	66	0 41793524 86070936 170287853 1071675501 3449848814 74444 76541 11845 1242547 
1789438354.506380263	456000000	66	0 41793524 86070936 170287853 1071675501 3450044827 74444 76541 11845 1242547 
1789438354.810503522	456000000	66	0 41793524 86070936 170287853 1071675501 3450244186 74444 76541 11845 1242547 
1789438355.107983187	456000000	66	0 41793524 86070936 170287853 1071675501 3450444584 74444 76541 11845 1242547 
1789438355.405652592	456000000	66	0 41793524 86070936 170287853 1071675501 3450646155 74444 76541 11845 1242547 
1789438355.705623455	456000000	67	0 41793524 86070936 170287853 1071675501 3450844378 74444 76541 11845 1242547 
1789438356.004647964	456000000	67	0 41793524 86070936 170287853 1071675501 3451045735 74444 76541 11845 1242547 
1789438356.307191744	456000000	67	0 41793524 86070936 170287853 1071675501 3451245921 74444 76541 11845 1242547 
1789438356.605955524	456000000	66	0 41793524 86070936 170287853 1071675501 3451443622 74444 76541 11845 1242547 
1789438356.905493783	456000000	66	0 41793524 86070936 170287853 1071675501 3451639658 74444 76541 11845 1242547 
1789438357.207520376	456000000	66	0 41793524 86070936 170287853 1071675501 3451840920 74444 76541 11845 1242547 
1789438357.504735666	456000000	66	0 41793524 86070936 170287853 1071675501 3452036763 74444 76541 11845 1242547 
1789438357.806488717	456000000	66	0 41793524 86070936 170287853 1071675501 3452236803 74444 76541 11845 1242547 
1789438358.105210257	456000000	66	0 41793524 86070936 170287853 1071675501 3452437492 74444 76541 11845 1242547 
1789438358.401924349	456000000	66	0 41793524 86070936 170287853 1071675501 3452636260 74444 76541 11845 1242547 
1789438358.701554066	456000000	66	0 41793524 86070936 170287853 1071675501 3452834148 74444 76541 11845 1242547 
1789438358.999713315	456000000	66	0 41793524 86070936 170287853 1071675501 3453034304 74444 76541 11845 1242547 
1789438359.296365011	456000000	66	0 41793524 86070936 170287853 1071675501 3453228279 74444 76541 11845 1242547 
1789438359.595974364	456000000	66	0 41793524 86070936 170287853 1071675501 3453425943 74444 76541 11845 1242547 
1789438359.892890747	456000000	66	0 41793524 86070936 170287853 1071675501 3453622083 74444 76541 11845 1242547 
1789438360.189578017	456000000	66	0 41793524 86070936 170287853 1071675501 3453820883 74444 76541 11845 1242547 
1789438360.494064141	456000000	66	0 41793524 86070936 170287853 1071675501 3454021043 74444 76541 11845 1242547 
1789438360.792252712	456000000	66	0 41793524 86070936 170287853 1071675501 3454220478 74444 76541 11845 1242547 
1789438361.091099044	456000000	66	0 41793524 86070936 170287853 1071675501 3454421195 74444 76541 11845 1242547 
1789438361.396746158	456000000	66	0 41793524 86070936 170287853 1071675501 3454631087 74444 76541 11845 1242547 
1789438361.695652958	456000000	67	0 41793524 86070936 170287853 1071675501 3454830589 74444 76541 11845 1242547 
1789438361.992508248	456000000	67	0 41793524 86070936 170287853 1071675501 3455026761 74444 76541 11845 1242547 
1789438362.292265205	456000000	67	0 41793524 86070936 170287853 1071675501 3455230353 74444 76541 11845 1242547 
1789438362.588961016	456000000	67	0 41793524 86070936 170287853 1071675501 3455428274 74444 76541 11845 1242547 
1789438362.884712556	456000000	67	0 41793524 86070936 170287853 1071675501 3455624072 74444 76541 11845 1242547 
1789438363.181444825	456000000	67	0 41793524 86070936 170287853 1071675501 3455826784 74444 76541 11845 1242547 
1789438363.484798293	456000000	67	0 41793524 86070936 170287853 1071675501 3456027813 74444 76541 11845 1242547 
1789438363.782517177	456000000	66	0 41793524 86070936 170287853 1071675501 3456222051 74444 76541 11845 1242547 
1789438364.078860696	456000000	66	0 41793524 86070936 170287853 1071675501 3456421649 74444 76541 11845 1242547 
1789438364.380346142	456000000	66	0 41793524 86070936 170287853 1071675501 3456620326 74444 76541 11845 1242547 
1789438364.681176172	456000000	66	0 41793524 86070936 170287853 1071675501 3456819916 74444 76541 11845 1242547 
1789438364.983652244	456000000	66	0 41793524 86070936 170287853 1071675501 3457020650 74444 76541 11845 1242547 
1789438365.282118159	456000000	66	0 41793524 86070936 170287853 1071675501 3457218559 74444 76541 11845 1242547 
1789438365.585826679	456000000	66	0 41793524 86070936 170287853 1071675501 3457420814 74444 76541 11845 1242547 
1789438365.882469573	456000000	66	0 41793524 86070936 170287853 1071675501 3457616407 74444 76541 11845 1242547 
1789438366.176374446	456000000	66	0 41793524 86070936 170287853 1071675501 3457811845 74444 76541 11845 1242547 
1789438366.473254580	456000000	66	0 41793524 86070936 170287853 1071675501 3458010247 74444 76541 11845 1242547 
1789438366.773161485	456000000	66	0 41793524 86070936 170287853 1071675501 3458206655 74444 76541 11845 1242547 
1789438367.069328389	456000000	66	0 41793524 86070936 170287853 1071675501 3458404195 74444 76541 11845 1242547 
1789438367.367339513	456000000	66	0 41793524 86070936 170287853 1071675501 3458603046 74444 76541 11845 1242547 
1789438367.664182563	456000000	66	0 41793524 86070936 170287853 1071675501 3458801647 74444 76541 11845 1242547 
1789438367.964081031	456000000	66	0 41793524 86070936 170287853 1071675501 3459000252 74444 76541 11845 1242547 
1789438368.263833561	456000000	66	0 41793524 86070936 170287853 1071675501 3459197633 74444 76541 11845 1242547 
1789438368.559963850	456000000	66	0 41793524 86070936 170287853 1071675501 3459398325 74444 76541 11845 1242547 
1789438368.860070703	456000000	66	0 41793524 86070936 170287853 1071675501 3459598273 74444 76541 11845 1242547 
1789438369.162204015	456000000	66	0 41793524 86070936 170287853 1071675501 3459795627 74444 76541 11845 1242547 
1789438369.461823576	456000000	66	0 41793524 86070936 170287853 1071675501 3459995228 74444 76541 11845 1242547 
1789438369.758137303	456000000	66	0 41793524 86070936 170287853 1071675501 3460193464 74444 76541 11845 1242547 
1789438370.057026187	456000000	66	0 41793524 86070936 170287853 1071675501 3460391817 74444 76541 11845 1242547 
1789438370.357051269	456000000	66	0 41793524 86070936 170287853 1071675501 3460592644 74444 76541 11845 1242547 
1789438370.653879528	456000000	66	0 41793524 86070936 170287853 1071675501 3460787062 74444 76541 11845 1242547 
1789438370.948989766	456000000	66	0 41793524 86070936 170287853 1071675501 3460985709 74444 76541 11845 1242547 
1789438371.244299222	456000000	66	0 41793524 86070936 170287853 1071675501 3461186632 74444 76541 11845 1242547 
1789438371.550198680	456000000	66	0 41793524 86070936 170287853 1071675501 3461386343 74444 76541 11845 1242547 
1789438371.848389647	456000000	66	0 41793524 86070936 170287853 1071675501 3461585575 74444 76541 11845 1242547 
1789438372.148978166	456000000	66	0 41793524 86070936 170287853 1071675501 3461784562 74444 76541 11845 1242547 
1789438372.448531998	456000000	66	0 41793524 86070936 170287853 1071675501 3461983830 74444 76541 11845 1242547 
1789438372.746303903	456000000	66	0 41793524 86070936 170287853 1071675501 3462182327 74444 76541 11845 1242547 
1789438373.043483255	492000000	66	0 41793524 86070936 170287853 1071685209 3462234952 74444 76541 11845 1242547 
1789438373.336167347	492000000	66	0 41793524 86070936 170287853 1071714097 3462234952 74444 76541 11845 1242547 
1789438373.638166492	492000000	26	0 41793524 86070936 170287853 1071771088 3462234952 74444 76541 11845 1242547 
1789438373.943934647	492000000	26	0 41793524 86070936 170287853 1071830914 3462234952 74444 76541 11845 1242547 
1789438374.251113219	492000000	26	0 41793524 86070936 170287853 1071895005 3462234952 74444 76541 11845 1242547 
1789438374.565702990	492000000	19	0 41793524 86070936 170287853 1071949400 3462234952 74444 76541 11845 1242547 
1789438374.864579687	492000000	19	0 41793524 86070936 170287853 1072004130 3462234952 74444 76541 11845 1242547 
1789438375.160003987	492000000	19	0 41793524 86070936 170287853 1072054758 3462234952 74444 76541 11845 1242547 
1789438375.456025527	492000000	19	0 41793524 86070936 170287853 1072106115 3462234952 74444 76541 11845 1242547 
1789438375.755085661	492000000	17	0 41793524 86070936 170287853 1072157166 3462234952 74444 76541 11845 1242547 
1789438376.052571472	492000000	17	0 41793524 86070936 170287853 1072209710 3462234952 74444 76541 11845 1242547 
1789438376.350238220	492000000	17	0 41793524 86070936 170287853 1072260844 3462234952 74444 76541 11845 1242547 
1789438376.646087312	492000000	17	0 41793524 86070936 170287853 1072312071 3462234952 74444 76541 11845 1242547 
1789438376.945774061	492000000	17	0 41793524 86070936 170287853 1072363287 3462234952 74444 76541 11845 1242547 
1789438377.244950445	492000000	17	0 41793524 86070936 170287853 1072414659 3462234952 74444 76541 11845 1242547 
1789438377.541291568	492000000	17	0 41793524 86070936 170287853 1072466076 3462234952 74444 76541 11845 1242547 
1789438377.838087327	492000000	17	0 41793524 86070936 170287853 1072516911 3462234952 74444 76541 11845 1242547 
1789438378.134278763	492000000	17	0 41793524 86070936 170287853 1072568130 3462234952 74444 76541 11845 1242547 
1789438378.430023688	492000000	17	0 41793524 86070936 170287853 1072617575 3462234952 74444 76541 11845 1242547 
1789438378.727708874	492000000	17	0 41793524 86070936 170287853 1072670220 3462234952 74444 76541 11845 1242547 
1789438379.027166716	492000000	17	0 41793524 86070936 170287853 1072721134 3462234952 74444 76541 11845 1242547 
1789438379.325210183	492000000	17	0 41793524 86070936 170287853 1072773143 3462234952 74444 76541 11845 1242547 
1789438379.624294276	492000000	17	0 41793524 86070936 170287853 1072823474 3462234952 74444 76541 11845 1242547 
1789438379.922090659	492000000	17	0 41793524 86070936 170287853 1072874139 3462234952 74444 76541 11845 1242547 
1789438380.219039283	492000000	17	0 41793524 86070936 170287853 1072925322 3462234952 74444 76541 11845 1242547 
1789438380.513469572	492000000	17	0 41793524 86070936 170287853 1072974989 3462234952 74444 76541 11845 1242547 
1789438380.808338664	492000000	17	0 41793524 86070936 170287853 1073026186 3462234952 74444 76541 11845 1242547 
1789438381.105947913	492000000	17	0 41793524 86070936 170287853 1073076728 3462234952 74444 76541 11845 1242547 
1789438381.401866796	492000000	17	0 41793524 86070936 170287853 1073127110 3462234952 74444 76541 11845 1242547 
1789438381.698240107	492000000	17	0 41793524 86070936 170287853 1073179776 3462234952 74444 76541 11845 1242547 
1789438381.997606335	492000000	17	0 41793524 86070936 170287853 1073231067 3462234952 74444 76541 11845 1242547 
1789438382.290922718	492000000	17	0 41793524 86070936 170287853 1073281048 3462234952 74444 76541 11845 1242547 
1789438382.586383529	492000000	17	0 41793524 86070936 170287853 1073331321 3462234952 74444 76541 11845 1242547 
1789438382.883246684	492000000	17	0 41793524 86070936 170287853 1073381837 3462234952 74444 76541 11845 1242547 
1789438383.180572911	492000000	17	0 41793524 86070936 170287853 1073433002 3462234952 74444 76541 11845 1242547 
1789438383.475463149	492000000	17	0 41793524 86070936 170287853 1073483837 3462234952 74444 76541 11845 1242547 
1789438383.771472137	492000000	17	0 41793524 86070936 170287853 1073534930 3462234952 74444 76541 11845 1242547 
1789438384.068082270	492000000	17	0 41793524 86070936 170287853 1073585244 3462234952 74444 76541 11845 1242547 
1789438384.365020894	492000000	17	0 41793524 86070936 170287853 1073636622 3462234952 74444 76541 11845 1242547 
1789438384.662643319	492000000	17	0 41793524 86070936 170287853 1073688161 3462234952 74444 76541 11845 1242547 
1789438384.958649026	492000000	17	0 41793524 86070936 170287853 1073737959 3462234952 74444 76541 11845 1242547 
1789438385.258639420	492000000	17	0 41793524 86070936 170287853 1073793493 3462234952 74444 76541 11845 1242547 
1789438385.553185127	545000000	17	0 41793524 86070936 170311395 1073818115 3462234952 74444 76541 11845 1242547 
1789438385.848842344	545000000	17	0 41793524 86070936 170352543 1073818115 3462234952 74444 76541 11845 1242547 
1789438386.147425498	545000000	17	0 41793524 86070936 170394402 1073818115 3462234952 74444 76541 11845 1242547 
1789438386.452539591	545000000	17	0 41793524 86070936 170436144 1073818115 3462234952 74444 76541 11845 1242547 
1789438386.745994152	545000000	13	0 41793524 86070936 170474959 1073818115 3462234952 74444 76541 11845 1242547 
1789438387.040980639	545000000	13	0 41793524 86070936 170515137 1073818115 3462234952 74444 76541 11845 1242547 
1789438387.342620982	545000000	13	0 41793524 86070936 170557545 1073818115 3462234952 74444 76541 11845 1242547 
1789438387.645393252	545000000	13	0 41793524 86070936 170599172 1073818115 3462234952 74444 76541 11845 1242547 
1789438387.942007344	545000000	13	0 41793524 86070936 170638326 1073818115 3462234952 74444 76541 11845 1242547 
1789438388.239420967	545000000	13	0 41793524 86070936 170677724 1073818115 3462234952 74444 76541 11845 1242547 
1789438388.539437924	545000000	13	0 41793524 86070936 170719184 1073818115 3462234952 74444 76541 11845 1242547 
1789438388.836574412	545000000	13	0 41793524 86070936 170759784 1073818115 3462234952 74444 76541 11845 1242547 
1789438389.135078608	545000000	13	0 41793524 86070936 170800642 1073818115 3462234952 74444 76541 11845 1242547 
1789438389.433724003	545000000	13	0 41793524 86070936 170842064 1073818115 3462234952 74444 76541 11845 1242547 
1789438389.730560647	545000000	13	0 41793524 86070936 170882447 1073818115 3462234952 74444 76541 11845 1242547 
1789438390.026425468	545000000	13	0 41793524 86070936 170922014 1073818115 3462234952 74444 76541 11845 1242547 
1789438390.330607634	545000000	13	0 41793524 86070936 170963841 1073818115 3462234952 74444 76541 11845 1242547 
1789438390.628169226	545000000	13	0 41793524 86070936 171003712 1073818115 3462234952 74444 76541 11845 1242547 
1789438390.925059412	545000000	13	0 41793524 86070936 171043554 1073818115 3462234952 74444 76541 11845 1242547 
1789438391.223539910	545000000	13	0 41793524 86070936 171083164 1073818115 3462234952 74444 76541 11845 1242547 
1789438391.519463742	545000000	13	0 41793524 86070936 171124336 1073818115 3462234952 74444 76541 11845 1242547 
1789438391.821019709	545000000	13	0 41793524 86070936 171164269 1073818115 3462234952 74444 76541 11845 1242547 
1789438392.118786145	545000000	13	0 41793524 86070936 171205266 1073818115 3462234952 74444 76541 11845 1242547 
1789438392.419147581	545000000	13	0 41793524 86070936 171246088 1073818115 3462234952 74444 76541 11845 1242547 
1789438392.717483653	545000000	13	0 41793524 86070936 171287548 1073818115 3462234952 74444 76541 11845 1242547 
1789438393.020423683	545000000	13	0 41793524 86070936 171329893 1073818115 3462234952 74444 76541 11845 1242547 
1789438393.324341786	545000000	13	0 41793524 86070936 171371735 1073818115 3462234952 74444 76541 11845 1242547 
1789438393.626240618	545000000	13	0 41793524 86070936 171413023 1073818115 3462234952 74444 76541 11845 1242547 
1789438393.925645700	545000000	13	0 41793524 86070936 171453541 1073818115 3462234952 74444 76541 11845 1242547 
1789438394.228520678	545000000	13	0 41793524 86070936 171494726 1073818115 3462234952 74444 76541 11845 1242547 
1789438394.529524458	545000000	13	0 41793524 86070936 171536385 1073818115 3462234952 74444 76541 11845 1242547 
1789438394.832628134	545000000	13	0 41793524 86070936 171577323 1073818115 3462234952 74444 76541 11845 1242547 
1789438395.132043008	545000000	13	0 41793524 86070936 171619331 1073818115 3462234952 74444 76541 11845 1242547 
1789438395.436380903	545000000	13	0 41793524 86070936 171661210 1073818115 3462234952 74444 76541 11845 1242547 
1789438395.740688954	545000000	13	0 41793524 86070936 171702936 1073818115 3462234952 74444 76541 11845 1242547 
1789438396.042100338	545000000	13	0 41793524 86070936 171743542 1073818115 3462234952 74444 76541 11845 1242547 
1789438396.341063858	545000000	13	0 41793524 86070936 171785393 1073818115 3462234952 74444 76541 11845 1242547 
1789438396.645640607	545000000	13	0 41793524 86070936 171827615 1073818115 3462234952 74444 76541 11845 1242547 
1789438396.950198762	545000000	13	0 41793524 86070936 171869235 1073818115 3462234952 74444 76541 11845 1242547 
1789438397.249791448	545000000	13	0 41793524 86070936 171910180 1073818115 3462234952 74444 76541 11845 1242547 
1789438397.549722363	545000000	13	0 41793524 86070936 171951230 1073818115 3462234952 74444 76541 11845 1242547 
1789438397.846216768	545000000	13	0 41793524 86070936 171992716 1073818115 3462234952 74444 76541 11845 1242547 
1789438398.142309714	545000000	13	0 41793524 86070936 172031819 1073818115 3462234952 74444 76541 11845 1242547 
1789438398.433797087	545000000	13	0 41793524 86070936 172072561 1073818115 3462234952 74444 76541 11845 1242547 
1789438398.732567481	545000000	13	0 41793524 86070936 172112410 1073818115 3462234952 74444 76541 11845 1242547 
1789438399.026519854	545000000	13	0 41793524 86070936 172152434 1073818115 3462234952 74444 76541 11845 1242547 
1789438399.320569727	545000000	13	0 41793524 86070936 172190804 1073818115 3462234952 74444 76541 11845 1242547 
1789438399.617335121	545000000	13	0 41793524 86070936 172232410 1073818115 3462234952 74444 76541 11845 1242547 
1789438399.917026141	545000000	13	0 41793524 86070936 172273261 1073818115 3462234952 74444 76541 11845 1242547 
1789438400.212649660	545000000	13	0 41793524 86070936 172314130 1073818115 3462234952 74444 76541 11845 1242547 
1789438400.515760784	545000000	13	0 41793524 86070936 172330681 1073818115 3462234952 74444 76541 11845 1242547 
1789438400.804883990	545000000	9	0 41793524 86070936 172330681 1073818115 3462234952 74444 76541 11845 1242547 
1789438401.099305738	545000000	9	0 41793524 86070936 172330681 1073818115 3462234952 74444 76541 11845 1242547 
1789438401.385644204	545000000	9	0 41793524 86070936 172330681 1073818115 3462234952 74444 76541 11845 1242547 
1789438401.682952671	545000000	9	0 41793524 86070936 172330681 1073818115 3462234952 74444 76541 11845 1242547 
1789438401.975034679	545000000	0	0 41793524 86070936 172330681 1073818115 3462234952 74444 76541 11845 1242547 
1789438402.268767521	545000000	0	0 41793524 86070936 172330681 1073818115 3462234952 74444 76541 11845 1242547 
1789438402.568379947	545000000	0	0 41793524 86070936 172330681 1073818115 3462234952 74444 76541 11845 1242547 
1789438402.868688518	545000000	0	0 41793524 86070936 172330681 1073818115 3462234952 74444 76541 11845 1242547 
1789438403.165256100	545000000	0	0 41793524 86070936 172330681 1073818115 3462234952 74444 76541 11845 1242547 
1789438403.465589099	545000000	0	0 41793524 86070936 172330681 1073818115 3462234952 74444 76541 11845 1242547 
1789438403.764758660	545000000	0	0 41793524 86070936 172330681 1073818115 3462234952 74444 76541 11845 1242547 
1789438404.062253012	545000000	0	0 41793524 86070936 172330681 1073818115 3462234952 74444 76541 11845 1242547 
1789438404.354562208	545000000	0	0 41793524 86070936 172330681 1073818115 3462234952 74444 76541 11845 1242547 
1789438404.649150154	545000000	0	0 41793524 86070936 172330681 1073818115 3462234952 74444 76541 11845 1242547 
1789438404.943077892	545000000	0	0 41793524 86070936 172330681 1073818115 3462234952 74444 76541 11845 1242547 
1789438405.239706515	545000000	0	0 41793524 86070936 172330681 1073818115 3462234952 74444 76541 11845 1242547 
1789438405.529554669	545000000	0	0 41793524 86070936 172330681 1073818115 3462234952 74444 76541 11845 1242547 
1789438405.827783396	545000000	0	0 41793524 86070936 172330681 1073818115 3462234952 74444 76541 11845 1242547 
1789438406.121003321	545000000	0	0 41793524 86070936 172330681 1073818115 3462234952 74444 76541 11845 1242547 
1789438406.415658090	545000000	0	0 41793524 86070936 172330681 1073818115 3462234952 74444 76541 11845 1242547 
1789438406.709740411	545000000	0	0 41793524 86070936 172330681 1073818115 3462234952 74444 76541 11845 1242547 
1789438406.997617888	545000000	0	0 41793524 86070936 172330681 1073818115 3462234952 74444 76541 11845 1242547 
1789438407.285928281	545000000	0	0 41793524 86070936 172330681 1073818115 3462234952 74444 76541 11845 1242547 
1789438407.575697216	545000000	0	0 41793524 86070936 172330681 1073818115 3462234952 74444 76541 11845 1242547 
1789438407.867853756	545000000	0	0 41793524 86070936 172330681 1073818115 3462234952 74444 76541 11845 1242547 
1789438408.160343993	545000000	0	0 41793524 86070936 172330681 1073818115 3462234952 74444 76541 11845 1242547 
1789438408.457460846	545000000	0	0 41793524 86070936 172330681 1073818115 3462234952 74444 76541 11845 1242547 
1789438408.755186761	545000000	0	0 41793524 86070936 172330681 1073818115 3462234952 74444 76541 11845 1242547 
1789438409.045352936	545000000	0	0 41793524 86070936 172330681 1073818115 3462234952 74444 76541 11845 1242547 
1789438409.333511558	545000000	0	0 41793524 86070936 172330681 1073818115 3462234952 74444 76541 11845 1242547 
1789438409.632118515	545000000	0	0 41793524 86070936 172330681 1073818115 3462234952 74444 76541 11845 1242547 
1789438409.931611045	545000000	0	0 41793524 86070936 172330681 1073818115 3462234952 74444 76541 11845 1242547 
1789438410.229324616	545000000	0	0 41793524 86070936 172330681 1073818115 3462234952 74444 76541 11845 1242547 
1789438410.527179281	545000000	0	0 41793524 86070936 172330681 1073818115 3462234952 74444 76541 11845 1242547 
1789438410.818692644	545000000	0	0 41793524 86070936 172330681 1073818115 3462234952 74444 76541 11845 1242547 
1789438411.116313663	545000000	0	0 41793524 86070936 172330681 1073818115 3462234952 74444 76541 11845 1242547 
1789438411.412105098	545000000	0	0 41793524 86070936 172330681 1073818115 3462234952 74444 76541 11845 1242547 
1789438411.707674086	545000000	0	0 41793524 86070936 172330681 1073818115 3462234952 74444 76541 11845 1242547 
1789438412.000636928	545000000	0	0 41793524 86070936 172330681 1073818115 3462234952 74444 76541 11845 1242547 
1789438412.296232687	545000000	0	0 41793524 86070936 172330681 1073818115 3462234952 74444 76541 11845 1242547 
1789438412.591401153	545000000	0	0 41793524 86070936 172330681 1073818115 3462234952 74444 76541 11845 1242547 
1789438412.887643995	545000000	0	0 41793524 86070936 172330681 1073818115 3462234952 74444 76541 11845 1242547 
1789438413.177348920	545000000	0	0 41793524 86070936 172330681 1073818115 3462234952 74444 76541 11845 1242547 
1789438413.471859991	545000000	0	0 41793524 86070936 172330681 1073818115 3462234952 74444 76541 11845 1242547 
1789438413.767644135	545000000	0	0 41793524 86070936 172330681 1073818115 3462234952 74444 76541 11845 1242547 
1789438414.063660779	545000000	0	0 41793524 86070936 172330681 1073818115 3462234952 74444 76541 11845 1242547 
1789438414.359140809	545000000	0	0 41793524 86070936 172330681 1073818115 3462234952 74444 76541 11845 1242547 
1789438414.651593130	545000000	0	0 41793524 86070936 172330681 1073818115 3462234952 74444 76541 11845 1242547 
1789438414.951761701	545000000	0	0 41793524 86070936 172330681 1073818115 3462234952 74444 76541 11845 1242547 
1789438415.254604804	545000000	0	0 41793524 86070936 172330681 1073818115 3462234952 74444 76541 11845 1242547 
1789438415.548711396	545000000	0	0 41793524 86070936 172330681 1073818115 3462234952 74444 76541 11845 1242547 
1789438415.841820800	545000000	0	0 41793524 86070936 172330681 1073818115 3462234952 74444 76541 11845 1242547 
1789438416.138923642	545000000	0	0 41793524 86070936 172330681 1073818115 3462234952 74444 76541 11845 1242547 
1789438416.433008255	545000000	0	0 41793524 86070936 172330681 1073818115 3462234952 74444 76541 11845 1242547 
1789438416.726669378	545000000	0	0 41793524 86070936 172330681 1073818115 3462234952 74444 76541 11845 1242547 
1789438417.017322532	545000000	0	0 41793524 86070936 172330681 1073818115 3462234952 74444 76541 11845 1242547 
1789438417.306218602	545000000	0	0 41793524 86070936 172330681 1073818115 3462234952 74444 76541 11845 1242547 
1789438417.605534986	545000000	0	0 41793524 86070936 172330681 1073818115 3462234952 74444 76541 11845 1242547 
1789438417.906066162	545000000	0	0 41793524 86070936 172330681 1073818115 3462234952 74444 76541 11845 1242547 
1789438418.199015358	545000000	0	0 41793524 86070936 172330681 1073818115 3462234952 74444 76541 11845 1242547 
1789438418.498727054	545000000	0	0 41793524 86070936 172330681 1073818115 3462234952 74444 76541 11845 1242547 
1789438418.799791512	545000000	0	0 41793524 86070936 172330681 1073818115 3462234952 74444 76541 11845 1242547 
1789438419.094892687	545000000	0	0 41793524 86070936 172330681 1073818115 3462234952 74444 76541 11845 1242547 
1789438419.386264747	545000000	0	0 41793524 86070936 172330681 1073818115 3462234952 74444 76541 11845 1242547 
1789438419.679098318	545000000	0	0 41793524 86070936 172330681 1073818115 3462234952 74444 76541 11845 1242547 
1789438419.975444962	545000000	0	0 41793524 86070936 172330681 1073818115 3462234952 74444 76541 11845 1242547 
1789438420.272251919	545000000	0	0 41793524 86070936 172330681 1073818115 3462234952 74444 76541 11845 1242547 
1789438420.563832104	545000000	0	0 41793524 86070936 172330681 1073818115 3462234952 74444 76541 11845 1242547 
1789438420.855216508	545000000	0	0 41793524 86070936 172330681 1073818115 3462234952 74444 76541 11845 1242547 
1789438421.147314766	545000000	0	0 41793524 86070936 172330681 1073818115 3462234952 74444 76541 11845 1242547 
1789438421.444103962	545000000	0	0 41793524 86070936 172330681 1073818115 3462234952 74444 76541 11845 1242547 
1789438421.741374148	545000000	0	0 41793524 86070936 172330681 1073818115 3462234952 74444 76541 11845 1242547 
1789438422.035039750	545000000	0	0 41793524 86070936 172330681 1073818115 3462234952 74444 76541 11845 1242547 
1789438422.334502801	545000000	0	0 41793524 86070936 172330681 1073818115 3462234952 74444 76541 11845 1242547 
1789438422.624077778	545000000	0	0 41793524 86070936 172330681 1073818115 3462234952 74444 76541 11845 1242547 
1789438422.917092182	545000000	0	0 41793524 86070936 172330681 1073818115 3462234952 74444 76541 11845 1242547 
1789438423.212703305	545000000	0	0 41793524 86070936 172330681 1073818115 3462234952 74444 76541 11845 1242547 
1789438423.511920991	545000000	0	0 41793524 86070936 172330681 1073818115 3462234952 74444 76541 11845 1242547 
1789438423.806648573	545000000	0	0 41793524 86070936 172330681 1073818115 3462234952 74444 76541 11845 1242547 
1789438424.096672768	545000000	0	0 41793524 86070936 172330681 1073818115 3462234952 74444 76541 11845 1242547 
1789438424.389440089	545000000	0	0 41793524 86070936 172330681 1073818115 3462234952 74444 76541 11845 1242547 
1789438424.681407670	545000000	0	0 41793524 86070936 172330681 1073818115 3462234952 74444 76541 11845 1242547 
1789438424.975054470	545000000	0	0 41793524 86070936 172330681 1073818115 3462234952 74444 76541 11845 1242547 
1789438425.269011687	545000000	0	0 41793524 86070936 172330681 1073818115 3462234952 74444 76541 11845 1242547 
1789438425.561623227	545000000	0	0 41793524 86070936 172330681 1073818115 3462234952 74444 76541 11845 1242547 
1789438425.855252944	545000000	0	0 41793524 86070936 172330681 1073818115 3462234952 74444 76541 11845 1242547 
1789438426.148003129	545000000	0	0 41793524 86070936 172330681 1073818115 3462234952 74444 76541 11845 1242547 
1789438426.441058731	545000000	0	0 41793524 86070936 172330681 1073818115 3462234952 74444 76541 11845 1242547 
1789438426.735301990	545000000	0	0 41793524 86070936 172330681 1073818115 3462234952 74444 76541 11845 1242547 
1789438427.028772383	545000000	0	0 41793524 86070936 172330681 1073818115 3462234952 74444 76541 11845 1242547 
1789438427.325016788	545000000	0	0 41793524 86070936 172330681 1073818115 3462234952 74444 76541 11845 1242547 
1789438427.620793484	545000000	0	0 41793524 86070936 172330681 1073818115 3462234952 74444 76541 11845 1242547 
1789438427.913632524	545000000	0	0 41793524 86070936 172330681 1073818115 3462234952 74444 76541 11845 1242547 
1789438428.205007240	545000000	0	0 41793524 86070936 172330681 1073818115 3462234952 74444 76541 11845 1242547 
1789438428.504934249	545000000	0	0 41793524 86070936 172330681 1073818115 3462234952 74444 76541 11845 1242547 
1789438428.804677769	545000000	0	0 41793524 86070936 172330681 1073818115 3462234952 74444 76541 11845 1242547 
1789438429.097752589	545000000	0	0 41793524 86070936 172330681 1073818115 3462234952 74444 76541 11845 1242547 
1789438429.394785692	545000000	0	0 41793524 86070936 172330681 1073818115 3462234952 74444 76541 11845 1242547 
1789438429.686784627	545000000	0	0 41793524 86070936 172330681 1073818115 3462234952 74444 76541 11845 1242547 
1789438429.976997000	545000000	0	0 41793524 86070936 172330681 1073818115 3462234952 74444 76541 11845 1242547 
1789438430.271709633	545000000	0	0 41793524 86070936 172330681 1073818115 3462234952 74444 76541 11845 1242547 
1789438430.569792476	545000000	0	0 41793524 86070936 172330681 1073818115 3462234952 74444 76541 11845 1242547 
1789438430.865085161	545000000	0	0 41793524 86070936 172330681 1073818115 3462234952 74444 76541 11845 1242547 
1789438431.154169044	545000000	0	0 41793524 86070936 172330681 1073818115 3462234952 74444 76541 11845 1242547 
1789438431.449215115	545000000	0	0 41793524 86070936 172330681 1073818115 3462234952 74444 76541 11845 1242547 
1789438431.740381863	545000000	0	0 41793524 86070936 172330681 1073818115 3462234952 74444 76541 11845 1242547 
1789438432.034832726	545000000	0	0 41793524 86070936 172330681 1073818115 3462234952 74444 76541 11845 1242547 
1789438432.330113953	545000000	0	0 41793524 86070936 172330681 1073818115 3462234952 74444 76541 11845 1242547 
1789438432.622904139	545000000	0	0 41793524 86070936 172330681 1073818115 3462234952 74444 76541 11845 1242547 
1789438432.919381303	545000000	0	0 41793524 86070936 172330681 1073818115 3462234952 74444 76541 11845 1242547 
1789438433.216013677	545000000	0	0 41793524 86070936 172330681 1073818115 3462234952 74444 76541 11845 1242547 
1789438433.512926571	545000000	0	0 41793524 86070936 172330681 1073818115 3462234952 74444 76541 11845 1242547 
1789438433.812698997	545000000	0	0 41793524 86070936 172330681 1073818115 3462234952 74444 76541 11845 1242547 
1789438434.106173453	545000000	0	0 41793524 86070936 172330681 1073818115 3462234952 74444 76541 11845 1242547 
1789438434.402537649	545000000	0	0 41793524 86070936 172330681 1073818115 3462234952 74444 76541 11845 1242547 
1789438434.701552314	545000000	0	0 41793524 86070936 172330681 1073818115 3462234952 74444 76541 11845 1242547 
1789438435.001868126	545000000	0	0 41793524 86070936 172330681 1073818115 3462234952 74444 76541 11845 1242547 
1789438435.295543988	545000000	0	0 41793524 86070936 172330681 1073818115 3462234952 74444 76541 11845 1242547 
1789438435.587892559	545000000	0	0 41793524 86070936 172330681 1073818115 3462234952 74444 76541 11845 1242547 
1789438435.882265557	545000000	0	0 41793524 86070936 172330681 1073818115 3462234952 74444 76541 11845 1242547 
1789438436.178105586	545000000	0	0 41793524 86070936 172330681 1073818115 3462234952 74444 76541 11845 1242547 
1789438436.472312960	545000000	0	0 41793524 86070936 172330681 1073818115 3462234952 74444 76541 11845 1242547 
1789438436.768370281	545000000	0	0 41793524 86070936 172330681 1073818115 3462234952 74444 76541 11845 1242547 
1789438437.060595570	545000000	0	0 41793524 86070936 172330681 1073818115 3462234952 74444 76541 11845 1242547 
1789438437.353428360	545000000	0	0 41793524 86070936 172330681 1073818115 3462234952 74444 76541 11845 1242547 
1789438437.646231254	545000000	0	0 41793524 86070936 172330681 1073818115 3462234952 74444 76541 11845 1242547 
1789438437.933709563	545000000	0	0 41793524 86070936 172330681 1073818115 3462234952 74444 76541 11845 1242547 
1789438438.229121260	545000000	0	0 41793524 86070936 172330681 1073818115 3462234952 74444 76541 11845 1242547 
1789438438.520147695	545000000	0	0 41793524 86070936 172330681 1073818115 3462234952 74444 76541 11845 1242547 
1789438438.811116265	545000000	0	0 41793524 86070936 172330681 1073818115 3462234952 74444 76541 11845 1242547 
1789438439.103535097	545000000	0	0 41793524 86070936 172330681 1073818115 3462234952 74444 76541 11845 1242547 
1789438439.396567001	545000000	0	0 41793524 86070936 172330681 1073818115 3462234952 74444 76541 11845 1242547 
1789438439.689526405	545000000	0	0 41793524 86070936 172330681 1073818115 3462234952 74444 76541 11845 1242547 
1789438439.985071278	545000000	0	0 41793524 86070936 172330681 1073818115 3462234952 74444 76541 11845 1242547 
1789438440.281769745	545000000	0	0 41793524 86070936 172330681 1073818115 3462234952 74444 76541 11845 1242547 
1789438440.577211493	545000000	0	0 41793524 86070936 172330681 1073818115 3462234952 74444 76541 11845 1242547 
1789438440.875284856	545000000	0	0 41793524 86070936 172330681 1073818115 3462234952 74444 76541 11845 1242547 
1789438441.167228323	545000000	0	0 41793524 86070936 172330681 1073818115 3462234952 74444 76541 11845 1242547 
1789438441.460672519	545000000	0	0 41793524 86070936 172330681 1073818115 3462234952 74444 76541 11845 1242547 
1789438441.753849163	545000000	0	0 41793524 86070936 172330681 1073818115 3462234952 74444 76541 11845 1242547 
1789438442.043738150	545000000	0	0 41793524 86070936 172330681 1073818115 3462234952 74444 76541 11845 1242547 
1789438442.337755367	545000000	0	0 41793524 86070936 172330681 1073818115 3462234952 74444 76541 11845 1242547 
1789438442.632854407	545000000	0	0 41793524 86070936 172330681 1073818115 3462234952 74444 76541 11845 1242547 
1789438442.928436467	545000000	0	0 41793524 86070936 172330681 1073818115 3462234952 74444 76541 11845 1242547 
1789438443.222039882	545000000	0	0 41793524 86070936 172330681 1073818115 3462234952 74444 76541 11845 1242547 
1789438443.522006266	545000000	0	0 41793524 86070936 172330681 1073818115 3462234952 74444 76541 11845 1242547 
1789438443.815674160	545000000	0	0 41793524 86070936 172330681 1073818115 3462234952 74444 76541 11845 1242547 
1789438444.106829918	545000000	0	0 41793524 86070936 172330681 1073818115 3462234952 74444 76541 11845 1242547 
1789438444.404067864	545000000	0	0 41793524 86070936 172330681 1073818115 3462234952 74444 76541 11845 1242547 
1789438444.704985655	545000000	0	0 41793524 86070936 172330681 1073818115 3462234952 74444 76541 11845 1242547 
1789438445.000114903	545000000	0	0 41793524 86070936 172330681 1073818115 3462234952 74444 76541 11845 1242547 
1789438445.293740922	545000000	0	0 41793524 86070936 172330681 1073818115 3462234952 74444 76541 11845 1242547 
1789438445.588265013	545000000	0	0 41793524 86070936 172330681 1073818115 3462234952 74444 76541 11845 1242547 
1789438445.880424522	545000000	0	0 41793524 86070936 172330681 1073818115 3462234952 74444 76541 11845 1242547 
1789438446.177449187	545000000	0	0 41793524 86070936 172330681 1073818115 3462234952 74444 76541 11845 1242547 
1789438446.469370726	545000000	0	0 41793524 86070936 172330681 1073818115 3462234952 74444 76541 11845 1242547 
1789438446.767726850	545000000	0	0 41793524 86070936 172330681 1073818115 3462234952 74444 76541 11845 1242547 
1789438447.063153129	545000000	0	0 41793524 86070936 172330681 1073818115 3462234952 74444 76541 11845 1242547 
1789438447.357034044	545000000	0	0 41793524 86070936 172330681 1073818115 3462234952 74444 76541 11845 1242547 
1789438447.650714959	545000000	0	0 41793524 86070936 172330681 1073818115 3462234952 74444 76541 11845 1242547 
1789438447.946358217	545000000	0	0 41793524 86070936 172330681 1073818115 3462234952 74444 76541 11845 1242547 
1789438448.237765954	545000000	0	0 41793524 86070936 172330681 1073818115 3462234952 74444 76541 11845 1242547 
1789438448.536916141	545000000	0	0 41793524 86070936 172330681 1073818115 3462234952 74444 76541 11845 1242547 
1789438448.833286274	545000000	0	0 41793524 86070936 172330681 1073818115 3462234952 74444 76541 11845 1242547 
1789438449.128078491	545000000	0	0 41793524 86070936 172330681 1073818115 3462234952 74444 76541 11845 1242547 
1789438449.425909094	545000000	0	0 41793524 86070936 172330681 1073818115 3462234952 74444 76541 11845 1242547 
1789438449.718970790	545000000	0	0 41793524 86070936 172330681 1073818115 3462234952 74444 76541 11845 1242547 
1789438450.013263319	545000000	0	0 41793524 86070936 172330681 1073818115 3462234952 74444 76541 11845 1242547 
1789438450.307995171	545000000	0	0 41793524 86070936 172330681 1073818115 3462234952 74444 76541 11845 1242547 
1789438450.604586451	545000000	0	0 41793524 86070936 172330681 1073818115 3462234952 74444 76541 11845 1242547 
1789438450.899766741	545000000	0	0 41793524 86070936 172330681 1073818115 3462234952 74444 76541 11845 1242547 
1789438451.194501509	545000000	0	0 41793524 86070936 172330681 1073818115 3462234952 74444 76541 11845 1242547 
1789438451.488036643	545000000	0	0 41793524 86070936 172330681 1073818115 3462234952 74444 76541 11845 1242547 
1789438451.782092714	545000000	0	0 41793524 86070936 172330681 1073818115 3462234952 74444 76541 11845 1242547 
1789438452.077202327	545000000	0	0 41793524 86070936 172330681 1073818115 3462234952 74444 76541 11845 1242547 
1789438452.370089127	545000000	0	0 41793524 86070936 172330681 1073818115 3462234952 74444 76541 11845 1242547 
1789438452.662088843	545000000	0	0 41793524 86070936 172330681 1073818115 3462234952 74444 76541 11845 1242547 
1789438452.953782622	545000000	0	0 41793524 86070936 172330681 1073818115 3462234952 74444 76541 11845 1242547 
1789438453.251782391	545000000	0	0 41793524 86070936 172330681 1073818115 3462234952 74444 76541 11845 1242547 
1789438453.545285077	545000000	0	0 41793524 86070936 172330681 1073818115 3462234952 74444 76541 11845 1242547 
1789438453.837992189	545000000	0	0 41793524 86070936 172330681 1073818115 3462234952 74444 76541 11845 1242547 
1789438454.132367375	545000000	0	0 41793524 86070936 172330681 1073818115 3462234952 74444 76541 11845 1242547 
1789438454.428122352	545000000	0	0 41793524 86070936 172330681 1073818115 3462234952 74444 76541 11845 1242547 
1789438454.726329882	545000000	0	0 41793524 86070936 172330681 1073818115 3462234952 74444 76541 11845 1242547 
1789438455.021291995	545000000	0	0 41793524 86070936 172330681 1073818115 3462234952 74444 76541 11845 1242547 
1789438455.318081972	545000000	0	0 41793524 86070936 172330681 1073818115 3462234952 74444 76541 11845 1242547 
1789438455.613677054	545000000	0	0 41793524 86070936 172330681 1073818115 3462234952 74444 76541 11845 1242547 
1789438455.911124636	545000000	0	0 41793524 86070936 172330681 1073818115 3462234952 74444 76541 11845 1242547 
1789438456.201594873	545000000	0	0 41793524 86070936 172330681 1073818115 3462234952 74444 76541 11845 1242547 
1789438456.493865892	545000000	0	0 41793524 86070936 172330681 1073818115 3462234952 74444 76541 11845 1242547 
1789438456.788132483	545000000	0	0 41793524 86070936 172330681 1073818115 3462234952 74444 76541 11845 1242547 
1789438457.084627825	545000000	0	0 41793524 86070936 172330681 1073818115 3462234952 74444 76541 11845 1242547 
1789438457.378503584	545000000	0	0 41793524 86070936 172330681 1073818115 3462234952 74444 76541 11845 1242547 
1789438457.675255749	545000000	0	0 41793524 86070936 172330681 1073818115 3462234952 74444 76541 11845 1242547 
1789438457.970821455	545000000	0	0 41793524 86070936 172330681 1073818115 3462234952 74444 76541 11845 1242547 
1789438458.265533933	545000000	0	0 41793524 86070936 172330681 1073818115 3462234952 74444 76541 11845 1242547 
1789438458.564518129	545000000	0	0 41793524 86070936 172330681 1073818115 3462234952 74444 76541 11845 1242547 
1789438458.862816648	545000000	0	0 41793524 86070936 172330681 1073818115 3462234952 74444 76541 11845 1242547 
1789438459.153790896	545000000	0	0 41793524 86070936 172330681 1073818115 3462234952 74444 76541 11845 1242547 
1789438459.448263478	545000000	0	0 41793524 86070936 172330681 1073818115 3462234952 74444 76541 11845 1242547 
1789438459.746921580	545000000	0	0 41793524 86070936 172330681 1073818115 3462234952 74444 76541 11845 1242547 
1789438460.037795463	545000000	0	0 41793524 86070936 172330681 1073818115 3462234952 74444 76541 11845 1242547 
1789438460.330325336	545000000	0	0 41793524 86070936 172330681 1073818115 3462234952 74444 76541 11845 1242547 
1789438460.634709012	545000000	0	0 41793524 86070936 172330681 1073818115 3462234952 74444 76541 11845 1242547 
1789438460.927298833	545000000	0	0 41793524 86070936 172330681 1073818115 3462234952 74444 76541 11845 1242547 
1789438461.229167978	545000000	0	0 41793524 86070936 172330681 1073818115 3462234952 74444 76541 11845 1242547 
1789438461.526313476	545000000	0	0 41793524 86070936 172330681 1073818115 3462234952 74444 76541 11845 1242547 
1789438461.821502776	545000000	0	0 41793524 86070936 172330681 1073818115 3462234952 74444 76541 11845 1242547 
1789438462.119628431	545000000	0	0 41793524 86070936 172330681 1073818115 3462234952 74444 76541 11845 1242547 
1789438462.418332367	545000000	0	0 41793524 86070936 172330681 1073818115 3462234952 74444 76541 11845 1242547 
1789438462.711035573	545000000	0	0 41793524 86070936 172330681 1073818115 3462234952 74444 76541 11845 1242547 
1789438463.007643624	545000000	0	0 41793524 86070936 172330681 1073818115 3462234952 74444 76541 11845 1242547 
1789438463.301530684	545000000	0	0 41793524 86070936 172330681 1073818115 3462234952 74444 76541 11845 1242547 
1789438463.593790453	545000000	0	0 41793524 86070936 172330681 1073818115 3462234952 74444 76541 11845 1242547 
1789438463.887747045	545000000	0	0 41793524 86070936 172330681 1073818115 3462234952 74444 76541 11845 1242547 
1789438464.179063168	545000000	0	0 41793524 86070936 172330681 1073818115 3462234952 74444 76541 11845 1242547 
1789438464.473065853	545000000	0	0 41793524 86070936 172330681 1073818115 3462234952 74444 76541 11845 1242547 
1789438464.770689476	545000000	0	0 41793524 86070936 172330681 1073818115 3462234952 74444 76541 11845 1242547 
1789438465.065908204	545000000	0	0 41793524 86070936 172330681 1073818115 3462234952 74444 76541 11845 1242547 
1789438465.358078337	545000000	0	0 41793524 86070936 172330681 1073818115 3462234952 74444 76541 11845 1242547 
1789438465.651150658	545000000	0	0 41793524 86070936 172330681 1073818115 3462234952 74444 76541 11845 1242547 
1789438465.945668187	545000000	0	0 41793524 86070936 172330681 1073818115 3462234952 74444 76541 11845 1242547 
1789438466.241397019	545000000	0	0 41793524 86070936 172330681 1073818115 3462234952 74444 76541 11845 1242547 
1789438466.534097777	545000000	0	0 41793524 86070936 172330681 1073818115 3462234952 74444 76541 11845 1242547 
1789438466.827331348	545000000	0	0 41793524 86070936 172330681 1073818115 3462234952 74444 76541 11845 1242547 
1789438467.125456638	545000000	0	0 41793524 86070936 172330681 1073818115 3462234952 74444 76541 11845 1242547 
1789438467.422440470	545000000	0	0 41793524 86070936 172330681 1073818115 3462234952 74444 76541 11845 1242547 
1789438467.713151124	545000000	0	0 41793524 86070936 172330681 1073818115 3462234952 74444 76541 11845 1242547 
1789438468.007554799	545000000	0	0 41793524 86070936 172330681 1073818115 3462234952 74444 76541 11845 1242547 
1789438468.308524985	545000000	0	0 41793524 86070936 172330681 1073818115 3462234952 74444 76541 11845 1242547 
1789438468.604404285	545000000	0	0 41793524 86070936 172330681 1073818115 3462234952 74444 76541 11845 1242547 
1789438468.900477544	545000000	0	0 41793524 86070936 172330681 1073818115 3462234952 74444 76541 11845 1242547 
1789438469.195912157	545000000	0	0 41793524 86070936 172330681 1073818115 3462234952 74444 76541 11845 1242547 
1789438469.491994374	545000000	0	0 41793524 86070936 172330681 1073818115 3462234952 74444 76541 11845 1242547 
1789438469.787528570	545000000	0	0 41793524 86070936 172330681 1073818115 3462234952 74444 76541 11845 1242547 
1789438470.082356516	545000000	0	0 41793524 86070936 172330681 1073818115 3462234952 74444 76541 11845 1242547 
1789438470.373078785	545000000	0	0 41793524 86070936 172330681 1073818115 3462234952 74444 76541 11845 1242547 
1789438470.668831158	545000000	0	0 41793524 86070936 172330681 1073818115 3462234952 74444 76541 11845 1242547 
1789438470.968159833	545000000	0	0 41793524 86070936 172330681 1073818115 3462234952 74444 76541 11845 1242547 
1789438471.260586738	545000000	0	0 41793524 86070936 172330681 1073818115 3462234952 74444 76541 11845 1242547 
1789438471.554420777	545000000	0	0 41793524 86070936 172330681 1073818115 3462234952 74444 76541 11845 1242547 
1789438471.845762004	545000000	0	0 41793524 86070936 172330681 1073818115 3462234952 74444 76541 11845 1242547 
1789438472.137859794	545000000	0	0 41793524 86070936 172330681 1073818115 3462234952 74444 76541 11845 1242547 
1789438472.430159823	545000000	0	0 41793524 86070936 172330681 1073818115 3462234952 74444 76541 11845 1242547 
1789438472.723734540	545000000	0	0 41793524 86070936 172330681 1073818115 3462234952 74444 76541 11845 1242547 
1789438473.019466496	545000000	0	0 41793524 86070936 172330681 1073818115 3462234952 74444 76541 11845 1242547 
1789438473.314566057	545000000	0	0 41793524 86070936 172330681 1073818115 3462234952 74444 76541 11845 1242547 
1789438473.605015617	545000000	0	0 41793524 86070936 172330681 1073818115 3462234952 74444 76541 11845 1242547 
1789438473.903886063	545000000	0	0 41793524 86070936 172330681 1073818115 3462234952 74444 76541 11845 1242547 
1789438474.194020155	545000000	0	0 41793524 86070936 172330681 1073818115 3462234952 74444 76541 11845 1242547 
1789438474.488276486	545000000	0	0 41793524 86070936 172330681 1073818115 3462234952 74444 76541 11845 1242547 
1789438474.776514015	545000000	0	0 41793524 86070936 172330681 1073818115 3462234952 74444 76541 11845 1242547 
1789438475.069005607	545000000	0	0 41793524 86070936 172330681 1073818115 3462234952 74444 76541 11845 1242547 
1789438475.364937198	545000000	0	0 41793524 86070936 172330681 1073818115 3462234952 74444 76541 11845 1242547 
1789438475.659371967	545000000	0	0 41793524 86070936 172330681 1073818115 3462234952 74444 76541 11845 1242547 
1789438475.957964758	545000000	0	0 41793524 86070936 172330681 1073818115 3462234952 74444 76541 11845 1242547 
1789438476.253541818	545000000	0	0 41793524 86070936 172330681 1073818115 3462234952 74444 76541 11845 1242547 
1789438476.547334920	545000000	0	0 41793524 86070936 172330681 1073818115 3462234952 74444 76541 11845 1242547 
1789438476.837477085	545000000	0	0 41793524 86070936 172330681 1073818115 3462234952 74444 76541 11845 1242547 
1789438477.133107948	545000000	0	0 41793524 86070936 172330681 1073818115 3462234952 74444 76541 11845 1242547 
1789438477.425619383	545000000	0	0 41793524 86070936 172330681 1073818115 3462234952 74444 76541 11845 1242547 
1789438477.718787798	545000000	0	0 41793524 86070936 172330681 1073818115 3462234952 74444 76541 11845 1242547 
1789438478.010518920	545000000	0	0 41793524 86070936 172330681 1073818115 3462234952 74444 76541 11845 1242547 
1789438478.301486137	545000000	0	0 41793524 86070936 172330681 1073818115 3462234952 74444 76541 11845 1242547 
1789438478.593642364	545000000	0	0 41793524 86070936 172330681 1073818115 3462234952 74444 76541 11845 1242547 
1789438478.895611092	545000000	0	0 41793524 86070936 172330681 1073818115 3462234952 74444 76541 11845 1242547 
1789438479.191443934	545000000	0	0 41793524 86070936 172330681 1073818115 3462234952 74444 76541 11845 1242547 
1789438479.490231568	545000000	0	0 41793524 86070936 172330681 1073818115 3462234952 74444 76541 11845 1242547 
1789438479.782716597	545000000	0	0 41793524 86070936 172330681 1073818115 3462234952 74444 76541 11845 1242547 
1789438480.078799751	545000000	0	0 41793524 86070936 172330681 1073818115 3462234952 74444 76541 11845 1242547 
1789438480.373868062	545000000	0	0 41793524 86070936 172330681 1073818115 3462234952 74444 76541 11845 1242547 
1789438480.665025331	545000000	0	0 41793524 86070936 172330681 1073818115 3462234952 74444 76541 11845 1242547 
1789438480.959982600	545000000	0	0 41793524 86070936 172330681 1073818115 3462234952 74444 76541 11845 1242547 
1789438481.255226692	545000000	0	0 41793524 86070936 172330681 1073818115 3462234952 74444 76541 11845 1242547 
1789438481.551871409	545000000	0	0 41793524 86070936 172330681 1073818115 3462234952 74444 76541 11845 1242547 
1789438481.846293782	545000000	0	0 41793524 86070936 172330681 1073818115 3462234952 74444 76541 11845 1242547 
1789438482.142886572	545000000	0	0 41793524 86070936 172330681 1073818115 3462234952 74444 76541 11845 1242547 
1789438482.438972226	545000000	0	0 41793524 86070936 172330681 1073818115 3462234952 74444 76541 11845 1242547 
1789438482.731912880	545000000	0	0 41793524 86070936 172330681 1073818115 3462234952 74444 76541 11845 1242547 
1789438483.027273743	545000000	0	0 41793524 86070936 172330681 1073818115 3462234952 74444 76541 11845 1242547 
1789438483.320652991	545000000	0	0 41793524 86070936 172330681 1073818115 3462234952 74444 76541 11845 1242547 
1789438483.613709687	545000000	0	0 41793524 86070936 172330681 1073818115 3462234952 74444 76541 11845 1242547 
1789438483.906455966	545000000	0	0 41793524 86070936 172330681 1073818115 3462234952 74444 76541 11845 1242547 
1789438484.204618756	545000000	0	0 41793524 86070936 172330681 1073818115 3462234952 74444 76541 11845 1242547 
1789438484.498572171	545000000	0	0 41793524 86070936 172330681 1073818115 3462234952 74444 76541 11845 1242547 
1789438484.793792252	545000000	0	0 41793524 86070936 172330681 1073818115 3462234952 74444 76541 11845 1242547 
1789438485.091488324	545000000	0	0 41793524 86070936 172330681 1073818115 3462234952 74444 76541 11845 1242547 
1789438485.389687051	545000000	0	0 41793524 86070936 172330681 1073818115 3462234952 74444 76541 11845 1242547 
1789438485.685533018	545000000	0	0 41793524 86070936 172330681 1073818115 3462234952 74444 76541 11845 1242547 
1789438485.978062318	545000000	0	0 41793524 86070936 172330681 1073818115 3462234952 74444 76541 11845 1242547 
1789438486.272319848	545000000	0	0 41793524 86070936 172330681 1073818115 3462234952 74444 76541 11845 1242547 
1789438486.566254252	545000000	0	0 41793524 86070936 172330681 1073818115 3462234952 74444 76541 11845 1242547 
1789438486.860137406	545000000	0	0 41793524 86070936 172330681 1073818115 3462234952 74444 76541 11845 1242547 
1789438487.153357383	545000000	0	0 41793524 86070936 172330681 1073818115 3462234952 74444 76541 11845 1242547 
1789438487.443577673	545000000	0	0 41793524 86070936 172330681 1073818115 3462234952 74444 76541 11845 1242547 
1789438487.741695567	545000000	0	0 41793524 86070936 172330681 1073818115 3462234952 74444 76541 11845 1242547 
1789438488.039121899	545000000	0	0 41793524 86070936 172330681 1073818115 3462234952 74444 76541 11845 1242547 
1789438488.332030001	545000000	0	0 41793524 86070936 172330681 1073818115 3462234952 74444 76541 11845 1242547 
1789438488.626653051	545000000	0	0 41793524 86070936 172330681 1073818115 3462234952 74444 76541 11845 1242547 
