# память GPU процесса org.flamti.vrge.probe (PID 31747), период 1 с
# unix_время	тип	total_KB	mapped_KB	count
1789398259.914098106	any(0)	660	84	13
1789398259.914098106	command	32	32	2
1789398259.914098106	gl	128	128	2
1789398259.914098106	vk_any	896	896	14
1789398259.914098106	vk_cmdbuffer	664	664	20
1789398259.914098106	vk_descriptorpo	528	528	10
1789398259.914098106	vk_device	212	212	10
1789398259.914098106	vk_devicememory	298712	229376	7
1789398259.914098106	vk_image	224	224	3
1789398259.914098106	vk_queue	8232	8232	3
1789398260.937072010	any(0)	660	84	13
1789398260.937072010	command	32	32	2
1789398260.937072010	gl	128	128	2
1789398260.937072010	vk_any	768	768	12
1789398260.937072010	vk_cmdbuffer	664	664	20
1789398260.937072010	vk_descriptorpo	528	528	10
1789398260.937072010	vk_device	212	212	10
1789398260.937072010	vk_devicememory	298712	229376	7
1789398260.937072010	vk_image	224	224	3
1789398260.937072010	vk_queue	8232	8232	3
1789398261.961564195	any(0)	660	84	13
1789398261.961564195	command	32	32	2
1789398261.961564195	gl	128	128	2
1789398261.961564195	vk_any	896	896	14
1789398261.961564195	vk_cmdbuffer	680	680	21
1789398261.961564195	vk_descriptorpo	528	528	10
1789398261.961564195	vk_device	212	212	10
1789398261.961564195	vk_devicememory	298712	229376	7
1789398261.961564195	vk_image	224	224	3
1789398261.961564195	vk_queue	8232	8232	3
1789398262.984793203	any(0)	660	84	13
1789398262.984793203	command	32	32	2
1789398262.984793203	gl	128	128	2
1789398262.984793203	vk_any	896	896	14
1789398262.984793203	vk_cmdbuffer	680	680	21
1789398262.984793203	vk_descriptorpo	528	528	10
1789398262.984793203	vk_device	212	212	10
1789398262.984793203	vk_devicememory	298712	229376	7
1789398262.984793203	vk_image	224	224	3
1789398262.984793203	vk_queue	8232	8232	3
1789398264.008712264	any(0)	660	84	13
1789398264.008712264	command	32	32	2
1789398264.008712264	gl	128	128	2
1789398264.008712264	vk_any	896	896	14
1789398264.008712264	vk_cmdbuffer	680	680	21
1789398264.008712264	vk_descriptorpo	528	528	10
1789398264.008712264	vk_device	212	212	10
1789398264.008712264	vk_devicememory	298712	229376	7
1789398264.008712264	vk_image	224	224	3
1789398264.008712264	vk_queue	8232	8232	3
1789398265.032263824	any(0)	660	84	13
1789398265.032263824	command	32	32	2
1789398265.032263824	gl	128	128	2
1789398265.032263824	vk_any	768	768	12
1789398265.032263824	vk_cmdbuffer	680	680	21
1789398265.032263824	vk_descriptorpo	528	528	10
1789398265.032263824	vk_device	212	212	10
1789398265.032263824	vk_devicememory	298712	229376	7
1789398265.032263824	vk_image	224	224	3
1789398265.032263824	vk_queue	8232	8232	3
1789398266.056631478	any(0)	660	84	13
1789398266.056631478	command	32	32	2
1789398266.056631478	gl	128	128	2
1789398266.056631478	vk_any	768	768	12
1789398266.056631478	vk_cmdbuffer	680	680	21
1789398266.056631478	vk_descriptorpo	528	528	10
1789398266.056631478	vk_device	212	212	10
1789398266.056631478	vk_devicememory	298712	229376	7
1789398266.056631478	vk_image	224	224	3
1789398266.056631478	vk_queue	8232	8232	3
1789398267.081011268	any(0)	660	84	13
1789398267.081011268	command	32	32	2
1789398267.081011268	gl	128	128	2
1789398267.081011268	vk_any	768	768	12
1789398267.081011268	vk_cmdbuffer	680	680	21
1789398267.081011268	vk_descriptorpo	528	528	10
1789398267.081011268	vk_device	212	212	10
1789398267.081011268	vk_devicememory	298712	229376	7
1789398267.081011268	vk_image	224	224	3
1789398267.081011268	vk_queue	8232	8232	3
1789398268.107611943	any(0)	660	84	13
1789398268.107611943	command	32	32	2
1789398268.107611943	gl	128	128	2
1789398268.107611943	vk_any	768	768	12
1789398268.107611943	vk_cmdbuffer	680	680	21
1789398268.107611943	vk_descriptorpo	528	528	10
1789398268.107611943	vk_device	212	212	10
1789398268.107611943	vk_devicememory	298712	229376	7
1789398268.107611943	vk_image	224	224	3
1789398268.107611943	vk_queue	8232	8232	3
1789398269.136439389	any(0)	660	84	13
1789398269.136439389	command	32	32	2
1789398269.136439389	gl	128	128	2
1789398269.136439389	vk_any	768	768	12
1789398269.136439389	vk_cmdbuffer	680	680	21
1789398269.136439389	vk_descriptorpo	528	528	10
1789398269.136439389	vk_device	212	212	10
1789398269.136439389	vk_devicememory	298712	229376	7
1789398269.136439389	vk_image	224	224	3
1789398269.136439389	vk_queue	8232	8232	3
1789398270.163544283	any(0)	660	84	13
1789398270.163544283	command	32	32	2
1789398270.163544283	gl	128	128	2
1789398270.163544283	vk_any	768	768	12
1789398270.163544283	vk_cmdbuffer	680	680	21
1789398270.163544283	vk_descriptorpo	528	528	10
1789398270.163544283	vk_device	212	212	10
1789398270.163544283	vk_devicememory	298712	229376	7
1789398270.163544283	vk_image	224	224	3
1789398270.163544283	vk_queue	8232	8232	3
1789398271.190563604	any(0)	660	84	13
1789398271.190563604	command	32	32	2
1789398271.190563604	gl	128	128	2
1789398271.190563604	vk_any	768	768	12
1789398271.190563604	vk_cmdbuffer	680	680	21
1789398271.190563604	vk_descriptorpo	528	528	10
1789398271.190563604	vk_device	212	212	10
1789398271.190563604	vk_devicememory	298712	229376	7
1789398271.190563604	vk_image	224	224	3
1789398271.190563604	vk_program	212	212	3
1789398271.190563604	vk_queue	8232	8232	3
1789398272.215048602	any(0)	660	84	13
1789398272.215048602	command	32	32	2
1789398272.215048602	gl	128	128	2
1789398272.215048602	vk_any	768	768	12
1789398272.215048602	vk_cmdbuffer	680	680	21
1789398272.215048602	vk_descriptorpo	528	528	10
1789398272.215048602	vk_device	212	212	10
1789398272.215048602	vk_devicememory	298712	229376	7
1789398272.215048602	vk_image	224	224	3
1789398272.215048602	vk_program	212	212	3
1789398272.215048602	vk_queue	8232	8232	3
1789398273.239158287	any(0)	660	84	13
1789398273.239158287	command	32	32	2
1789398273.239158287	gl	128	128	2
1789398273.239158287	vk_any	768	768	12
1789398273.239158287	vk_cmdbuffer	680	680	21
1789398273.239158287	vk_descriptorpo	528	528	10
1789398273.239158287	vk_device	212	212	10
1789398273.239158287	vk_devicememory	298712	229376	7
1789398273.239158287	vk_image	224	224	3
1789398273.239158287	vk_program	212	212	3
1789398273.239158287	vk_queue	8232	8232	3
1789398274.261166983	any(0)	660	84	13
1789398274.261166983	command	32	32	2
1789398274.261166983	gl	128	128	2
1789398274.261166983	vk_any	768	768	12
1789398274.261166983	vk_cmdbuffer	680	680	21
1789398274.261166983	vk_descriptorpo	528	528	10
1789398274.261166983	vk_device	212	212	10
1789398274.261166983	vk_devicememory	298712	229376	7
1789398274.261166983	vk_image	224	224	3
1789398274.261166983	vk_program	212	212	3
1789398274.261166983	vk_queue	8232	8232	3
1789398275.282174428	any(0)	660	84	13
1789398275.282174428	command	32	32	2
1789398275.282174428	gl	128	128	2
1789398275.282174428	vk_any	768	768	12
1789398275.282174428	vk_cmdbuffer	680	680	21
1789398275.282174428	vk_descriptorpo	528	528	10
1789398275.282174428	vk_device	212	212	10
1789398275.282174428	vk_devicememory	298712	229376	7
1789398275.282174428	vk_image	224	224	3
1789398275.282174428	vk_program	212	212	3
1789398275.282174428	vk_queue	8232	8232	3
1789398276.306839999	any(0)	660	84	13
1789398276.306839999	command	32	32	2
1789398276.306839999	gl	128	128	2
1789398276.306839999	vk_any	768	768	12
1789398276.306839999	vk_cmdbuffer	680	680	21
1789398276.306839999	vk_descriptorpo	528	528	10
1789398276.306839999	vk_device	212	212	10
1789398276.306839999	vk_devicememory	298712	229376	7
1789398276.306839999	vk_image	224	224	3
1789398276.306839999	vk_program	212	212	3
1789398276.306839999	vk_queue	8232	8232	3
1789398277.330947601	any(0)	660	84	13
1789398277.330947601	command	32	32	2
1789398277.330947601	gl	128	128	2
1789398277.330947601	vk_any	768	768	12
1789398277.330947601	vk_cmdbuffer	680	680	21
1789398277.330947601	vk_descriptorpo	528	528	10
1789398277.330947601	vk_device	212	212	10
1789398277.330947601	vk_devicememory	298712	229376	7
1789398277.330947601	vk_image	224	224	3
1789398277.330947601	vk_program	212	212	3
1789398277.330947601	vk_queue	8232	8232	3
1789398278.353846089	any(0)	660	84	13
1789398278.353846089	command	32	32	2
1789398278.353846089	gl	128	128	2
1789398278.353846089	vk_any	768	768	12
1789398278.353846089	vk_cmdbuffer	680	680	21
1789398278.353846089	vk_descriptorpo	528	528	10
1789398278.353846089	vk_device	212	212	10
1789398278.353846089	vk_devicememory	298712	229376	7
1789398278.353846089	vk_image	224	224	3
1789398278.353846089	vk_program	212	212	3
1789398278.353846089	vk_queue	8232	8232	3
1789398279.378016347	any(0)	660	84	13
1789398279.378016347	command	32	32	2
1789398279.378016347	gl	128	128	2
1789398279.378016347	vk_any	768	768	12
1789398279.378016347	vk_cmdbuffer	680	680	21
1789398279.378016347	vk_descriptorpo	528	528	10
1789398279.378016347	vk_device	212	212	10
1789398279.378016347	vk_devicememory	298712	229376	7
1789398279.378016347	vk_image	224	224	3
1789398279.378016347	vk_program	212	212	3
1789398279.378016347	vk_queue	8232	8232	3
1789398280.403147334	any(0)	660	84	13
1789398280.403147334	command	32	32	2
1789398280.403147334	gl	128	128	2
1789398280.403147334	vk_any	768	768	12
1789398280.403147334	vk_cmdbuffer	680	680	21
1789398280.403147334	vk_descriptorpo	528	528	10
1789398280.403147334	vk_device	212	212	10
1789398280.403147334	vk_devicememory	298712	229376	7
1789398280.403147334	vk_image	224	224	3
1789398280.403147334	vk_program	212	212	3
1789398280.403147334	vk_queue	8232	8232	3
1789398281.425928009	any(0)	660	84	13
1789398281.425928009	command	32	32	2
1789398281.425928009	gl	128	128	2
1789398281.425928009	vk_any	768	768	12
1789398281.425928009	vk_cmdbuffer	680	680	21
1789398281.425928009	vk_descriptorpo	528	528	10
1789398281.425928009	vk_device	212	212	10
1789398281.425928009	vk_devicememory	298712	229376	7
1789398281.425928009	vk_image	224	224	3
1789398281.425928009	vk_program	212	212	3
1789398281.425928009	vk_queue	8232	8232	3
1789398282.446721965	any(0)	660	84	13
1789398282.446721965	command	32	32	2
1789398282.446721965	gl	128	128	2
1789398282.446721965	vk_any	768	768	12
1789398282.446721965	vk_cmdbuffer	680	680	21
1789398282.446721965	vk_descriptorpo	560	560	12
1789398282.446721965	vk_device	212	212	10
1789398282.446721965	vk_devicememory	298712	229376	7
1789398282.446721965	vk_image	224	224	3
1789398282.446721965	vk_program	212	212	3
1789398282.446721965	vk_queue	8232	8232	3
1789398283.476179568	any(0)	660	84	13
1789398283.476179568	command	32	32	2
1789398283.476179568	gl	128	128	2
1789398283.476179568	vk_any	960	960	15
1789398283.476179568	vk_cmdbuffer	688	688	22
1789398283.476179568	vk_descriptorpo	560	560	12
1789398283.476179568	vk_device	212	212	10
1789398283.476179568	vk_devicememory	298712	229376	7
1789398283.476179568	vk_image	224	224	3
1789398283.476179568	vk_program	212	212	3
1789398283.476179568	vk_queue	8232	8232	3
1789398284.497478836	any(0)	660	84	13
1789398284.497478836	command	32	32	2
1789398284.497478836	gl	128	128	2
1789398284.497478836	vk_any	960	960	15
1789398284.497478836	vk_cmdbuffer	688	688	22
1789398284.497478836	vk_descriptorpo	560	560	12
1789398284.497478836	vk_device	212	212	10
1789398284.497478836	vk_devicememory	298712	229376	7
1789398284.497478836	vk_image	224	224	3
1789398284.497478836	vk_program	212	212	3
1789398284.497478836	vk_queue	8232	8232	3
1789398285.520540448	any(0)	660	84	13
1789398285.520540448	command	32	32	2
1789398285.520540448	gl	128	128	2
1789398285.520540448	vk_any	960	960	15
1789398285.520540448	vk_cmdbuffer	744	744	29
1789398285.520540448	vk_descriptorpo	592	592	14
1789398285.520540448	vk_device	212	212	10
1789398285.520540448	vk_devicememory	298712	229376	7
1789398285.520540448	vk_image	224	224	3
1789398285.520540448	vk_program	212	212	3
1789398285.520540448	vk_queue	8232	8232	3
1789398286.544495290	any(0)	660	84	13
1789398286.544495290	command	32	32	2
1789398286.544495290	gl	128	128	2
1789398286.544495290	vk_any	960	960	15
1789398286.544495290	vk_cmdbuffer	744	744	29
1789398286.544495290	vk_descriptorpo	592	592	14
1789398286.544495290	vk_device	212	212	10
1789398286.544495290	vk_devicememory	298712	229376	7
1789398286.544495290	vk_image	224	224	3
1789398286.544495290	vk_program	212	212	3
1789398286.544495290	vk_queue	8232	8232	3
1789398287.572265340	any(0)	660	84	13
1789398287.572265340	command	32	32	2
1789398287.572265340	gl	128	128	2
1789398287.572265340	vk_any	960	960	15
1789398287.572265340	vk_cmdbuffer	744	744	29
1789398287.572265340	vk_descriptorpo	592	592	14
1789398287.572265340	vk_device	212	212	10
1789398287.572265340	vk_devicememory	298712	229376	7
1789398287.572265340	vk_image	224	224	3
1789398287.572265340	vk_program	212	212	3
1789398287.572265340	vk_queue	8232	8232	3
1789398288.596386015	any(0)	660	84	13
1789398288.596386015	command	32	32	2
1789398288.596386015	gl	128	128	2
1789398288.596386015	vk_any	960	960	15
1789398288.596386015	vk_cmdbuffer	904	904	35
1789398288.596386015	vk_descriptorpo	608	608	15
1789398288.596386015	vk_device	212	212	10
1789398288.596386015	vk_devicememory	298712	229376	7
1789398288.596386015	vk_image	224	224	3
1789398288.596386015	vk_program	212	212	3
1789398288.596386015	vk_queue	8232	8232	3
1789398289.620667940	any(0)	660	84	13
1789398289.620667940	command	32	32	2
1789398289.620667940	gl	128	128	2
1789398289.620667940	vk_any	960	960	15
1789398289.620667940	vk_cmdbuffer	904	904	35
1789398289.620667940	vk_descriptorpo	608	608	15
1789398289.620667940	vk_device	212	212	10
1789398289.620667940	vk_devicememory	298712	229376	7
1789398289.620667940	vk_image	224	224	3
1789398289.620667940	vk_program	212	212	3
1789398289.620667940	vk_queue	8232	8232	3
1789398290.646830334	any(0)	660	84	13
1789398290.646830334	command	32	32	2
1789398290.646830334	gl	128	128	2
1789398290.646830334	vk_any	960	960	15
1789398290.646830334	vk_cmdbuffer	904	904	35
1789398290.646830334	vk_descriptorpo	608	608	15
1789398290.646830334	vk_device	212	212	10
1789398290.646830334	vk_devicememory	298712	229376	7
1789398290.646830334	vk_image	224	224	3
1789398290.646830334	vk_program	212	212	3
1789398290.646830334	vk_queue	8232	8232	3
1789398291.670933457	any(0)	660	84	13
1789398291.670933457	command	32	32	2
1789398291.670933457	gl	128	128	2
1789398291.670933457	vk_any	960	960	15
1789398291.670933457	vk_cmdbuffer	984	984	45
1789398291.670933457	vk_descriptorpo	624	624	16
1789398291.670933457	vk_device	212	212	10
1789398291.670933457	vk_devicememory	298712	229376	7
1789398291.670933457	vk_image	224	224	3
1789398291.670933457	vk_program	212	212	3
1789398291.670933457	vk_queue	8232	8232	3
1789398292.695373507	any(0)	660	84	13
1789398292.695373507	command	32	32	2
1789398292.695373507	gl	128	128	2
1789398292.695373507	vk_any	960	960	15
1789398292.695373507	vk_cmdbuffer	984	984	45
1789398292.695373507	vk_descriptorpo	624	624	16
1789398292.695373507	vk_device	212	212	10
1789398292.695373507	vk_devicememory	298712	229376	7
1789398292.695373507	vk_image	224	224	3
1789398292.695373507	vk_program	212	212	3
1789398292.695373507	vk_queue	8232	8232	3
1789398293.717034286	any(0)	660	84	13
1789398293.717034286	command	32	32	2
1789398293.717034286	gl	128	128	2
1789398293.717034286	vk_any	960	960	15
1789398293.717034286	vk_cmdbuffer	984	984	45
1789398293.717034286	vk_descriptorpo	624	624	16
1789398293.717034286	vk_device	212	212	10
1789398293.717034286	vk_devicememory	298712	229376	7
1789398293.717034286	vk_image	224	224	3
1789398293.717034286	vk_program	212	212	3
1789398293.717034286	vk_queue	8232	8232	3
1789398294.741582982	any(0)	660	84	13
1789398294.741582982	command	32	32	2
1789398294.741582982	gl	128	128	2
1789398294.741582982	vk_any	960	960	15
1789398294.741582982	vk_cmdbuffer	1008	1008	48
1789398294.741582982	vk_descriptorpo	640	640	17
1789398294.741582982	vk_device	212	212	10
1789398294.741582982	vk_devicememory	298712	229376	7
1789398294.741582982	vk_image	224	224	3
1789398294.741582982	vk_program	212	212	3
1789398294.741582982	vk_queue	8232	8232	3
1789398295.771531678	any(0)	660	84	13
1789398295.771531678	command	32	32	2
1789398295.771531678	gl	128	128	2
1789398295.771531678	vk_any	960	960	15
1789398295.771531678	vk_cmdbuffer	1008	1008	48
1789398295.771531678	vk_descriptorpo	640	640	17
1789398295.771531678	vk_device	212	212	10
1789398295.771531678	vk_devicememory	298712	229376	7
1789398295.771531678	vk_image	224	224	3
1789398295.771531678	vk_program	212	212	3
1789398295.771531678	vk_queue	8232	8232	3
1789398296.798722666	any(0)	660	84	13
1789398296.798722666	command	32	32	2
1789398296.798722666	gl	128	128	2
1789398296.798722666	vk_any	960	960	15
1789398296.798722666	vk_cmdbuffer	1008	1008	48
1789398296.798722666	vk_descriptorpo	640	640	17
1789398296.798722666	vk_device	212	212	10
1789398296.798722666	vk_devicememory	298712	229376	7
1789398296.798722666	vk_image	224	224	3
1789398296.798722666	vk_program	212	212	3
1789398296.798722666	vk_queue	8232	8232	3
1789398297.821933601	any(0)	660	84	13
1789398297.821933601	command	32	32	2
1789398297.821933601	gl	128	128	2
1789398297.821933601	vk_any	960	960	15
1789398297.821933601	vk_cmdbuffer	1032	1032	51
1789398297.821933601	vk_descriptorpo	656	656	18
1789398297.821933601	vk_device	212	212	10
1789398297.821933601	vk_devicememory	298712	229376	7
1789398297.821933601	vk_image	224	224	3
1789398297.821933601	vk_program	212	212	3
1789398297.821933601	vk_queue	8232	8232	3
1789398298.845348130	any(0)	660	84	13
1789398298.845348130	command	32	32	2
1789398298.845348130	gl	128	128	2
1789398298.845348130	vk_any	960	960	15
1789398298.845348130	vk_cmdbuffer	1032	1032	51
1789398298.845348130	vk_descriptorpo	656	656	18
1789398298.845348130	vk_device	212	212	10
1789398298.845348130	vk_devicememory	298712	229376	7
1789398298.845348130	vk_image	224	224	3
1789398298.845348130	vk_program	212	212	3
1789398298.845348130	vk_queue	8232	8232	3
1789398299.869407815	any(0)	660	84	13
1789398299.869407815	command	32	32	2
1789398299.869407815	gl	128	128	2
1789398299.869407815	vk_any	960	960	15
1789398299.869407815	vk_cmdbuffer	1032	1032	51
1789398299.869407815	vk_descriptorpo	656	656	18
1789398299.869407815	vk_device	212	212	10
1789398299.869407815	vk_devicememory	298712	229376	7
1789398299.869407815	vk_image	224	224	3
1789398299.869407815	vk_program	212	212	3
1789398299.869407815	vk_queue	8232	8232	3
1789398300.891903594	any(0)	660	84	13
1789398300.891903594	command	32	32	2
1789398300.891903594	gl	128	128	2
1789398300.891903594	vk_any	960	960	15
1789398300.891903594	vk_cmdbuffer	1240	1240	55
1789398300.891903594	vk_descriptorpo	656	656	18
1789398300.891903594	vk_device	212	212	10
1789398300.891903594	vk_devicememory	298712	229376	7
1789398300.891903594	vk_image	224	224	3
1789398300.891903594	vk_program	212	212	3
1789398300.891903594	vk_queue	8232	8232	3
1789398301.913973800	any(0)	660	84	13
1789398301.913973800	command	32	32	2
1789398301.913973800	gl	128	128	2
1789398301.913973800	vk_any	960	960	15
1789398301.913973800	vk_cmdbuffer	1304	1304	56
1789398301.913973800	vk_descriptorpo	656	656	18
1789398301.913973800	vk_device	212	212	10
1789398301.913973800	vk_devicememory	298712	229376	7
1789398301.913973800	vk_image	224	224	3
1789398301.913973800	vk_program	212	212	3
1789398301.913973800	vk_queue	8232	8232	3
1789398302.937687184	any(0)	660	84	13
1789398302.937687184	command	32	32	2
1789398302.937687184	gl	128	128	2
1789398302.937687184	vk_any	960	960	15
1789398302.937687184	vk_cmdbuffer	1304	1304	56
1789398302.937687184	vk_descriptorpo	656	656	18
1789398302.937687184	vk_device	212	212	10
1789398302.937687184	vk_devicememory	298712	229376	7
1789398302.937687184	vk_image	224	224	3
1789398302.937687184	vk_program	212	212	3
1789398302.937687184	vk_queue	8232	8232	3
1789398303.963244994	any(0)	660	84	13
1789398303.963244994	command	32	32	2
1789398303.963244994	gl	128	128	2
1789398303.963244994	vk_any	832	832	13
1789398303.963244994	vk_cmdbuffer	1304	1304	56
1789398303.963244994	vk_descriptorpo	528	528	10
1789398303.963244994	vk_device	212	212	10
1789398303.963244994	vk_devicememory	298712	229376	7
1789398303.963244994	vk_image	224	224	3
1789398303.963244994	vk_program	212	212	3
1789398303.963244994	vk_queue	8232	8232	3
1789398304.989660096	any(0)	660	84	13
1789398304.989660096	command	32	32	2
1789398304.989660096	gl	128	128	2
1789398304.989660096	vk_any	960	960	15
1789398304.989660096	vk_cmdbuffer	1448	1448	59
1789398304.989660096	vk_descriptorpo	672	672	19
1789398304.989660096	vk_device	212	212	10
1789398304.989660096	vk_devicememory	298712	229376	7
1789398304.989660096	vk_image	224	224	3
1789398304.989660096	vk_program	212	212	3
1789398304.989660096	vk_queue	8232	8232	3
1789398306.013683271	any(0)	660	84	13
1789398306.013683271	command	32	32	2
1789398306.013683271	gl	128	128	2
1789398306.013683271	vk_any	960	960	15
1789398306.013683271	vk_cmdbuffer	1448	1448	59
1789398306.013683271	vk_descriptorpo	672	672	19
1789398306.013683271	vk_device	212	212	10
1789398306.013683271	vk_devicememory	298712	229376	7
1789398306.013683271	vk_image	224	224	3
1789398306.013683271	vk_program	212	212	3
1789398306.013683271	vk_queue	8232	8232	3
1789398307.039551655	any(0)	660	84	13
1789398307.039551655	command	32	32	2
1789398307.039551655	gl	128	128	2
1789398307.039551655	vk_any	960	960	15
1789398307.039551655	vk_cmdbuffer	1448	1448	59
1789398307.039551655	vk_descriptorpo	672	672	19
1789398307.039551655	vk_device	212	212	10
1789398307.039551655	vk_devicememory	298712	229376	7
1789398307.039551655	vk_image	224	224	3
1789398307.039551655	vk_program	212	212	3
1789398307.039551655	vk_queue	8232	8232	3
1789398308.062349100	any(0)	660	84	13
1789398308.062349100	command	32	32	2
1789398308.062349100	gl	128	128	2
1789398308.062349100	vk_any	960	960	15
1789398308.062349100	vk_cmdbuffer	1464	1464	61
1789398308.062349100	vk_descriptorpo	688	688	20
1789398308.062349100	vk_device	212	212	10
1789398308.062349100	vk_devicememory	298712	229376	7
1789398308.062349100	vk_image	224	224	3
1789398308.062349100	vk_program	212	212	3
1789398308.062349100	vk_queue	8232	8232	3
1789398309.085708213	any(0)	660	84	13
1789398309.085708213	command	32	32	2
1789398309.085708213	gl	128	128	2
1789398309.085708213	vk_any	960	960	15
1789398309.085708213	vk_cmdbuffer	1464	1464	61
1789398309.085708213	vk_descriptorpo	688	688	20
1789398309.085708213	vk_device	212	212	10
1789398309.085708213	vk_devicememory	298712	229376	7
1789398309.085708213	vk_image	224	224	3
1789398309.085708213	vk_program	212	212	3
1789398309.085708213	vk_queue	8232	8232	3
1789398310.108136700	any(0)	660	84	13
1789398310.108136700	command	32	32	2
1789398310.108136700	gl	128	128	2
1789398310.108136700	vk_any	960	960	15
1789398310.108136700	vk_cmdbuffer	1464	1464	61
1789398310.108136700	vk_descriptorpo	688	688	20
1789398310.108136700	vk_device	212	212	10
1789398310.108136700	vk_devicememory	298712	229376	7
1789398310.108136700	vk_image	224	224	3
1789398310.108136700	vk_program	212	212	3
1789398310.108136700	vk_queue	8232	8232	3
1789398311.134431750	any(0)	660	84	13
1789398311.134431750	command	32	32	2
1789398311.134431750	gl	128	128	2
1789398311.134431750	vk_any	960	960	15
1789398311.134431750	vk_cmdbuffer	1480	1480	63
1789398311.134431750	vk_descriptorpo	704	704	21
1789398311.134431750	vk_device	212	212	10
1789398311.134431750	vk_devicememory	298712	229376	7
1789398311.134431750	vk_image	224	224	3
1789398311.134431750	vk_program	212	212	3
1789398311.134431750	vk_queue	8232	8232	3
1789398312.159030654	any(0)	660	84	13
1789398312.159030654	command	32	32	2
1789398312.159030654	gl	128	128	2
1789398312.159030654	vk_any	960	960	15
1789398312.159030654	vk_cmdbuffer	1480	1480	63
1789398312.159030654	vk_descriptorpo	704	704	21
1789398312.159030654	vk_device	212	212	10
1789398312.159030654	vk_devicememory	298712	229376	7
1789398312.159030654	vk_image	224	224	3
1789398312.159030654	vk_program	212	212	3
1789398312.159030654	vk_queue	8232	8232	3
1789398313.185472475	any(0)	660	84	13
1789398313.185472475	command	32	32	2
1789398313.185472475	gl	128	128	2
1789398313.185472475	vk_any	960	960	15
1789398313.185472475	vk_cmdbuffer	1480	1480	63
1789398313.185472475	vk_descriptorpo	704	704	21
1789398313.185472475	vk_device	212	212	10
1789398313.185472475	vk_devicememory	298712	229376	7
1789398313.185472475	vk_image	224	224	3
1789398313.185472475	vk_program	212	212	3
1789398313.185472475	vk_queue	8232	8232	3
1789398314.210741275	any(0)	660	84	13
1789398314.210741275	command	32	32	2
1789398314.210741275	gl	128	128	2
1789398314.210741275	vk_any	960	960	15
1789398314.210741275	vk_cmdbuffer	1488	1488	64
1789398314.210741275	vk_descriptorpo	704	704	21
1789398314.210741275	vk_device	212	212	10
1789398314.210741275	vk_devicememory	298712	229376	7
1789398314.210741275	vk_image	224	224	3
1789398314.210741275	vk_program	212	212	3
1789398314.210741275	vk_queue	8232	8232	3
1789398315.236742940	any(0)	660	84	13
1789398315.236742940	command	32	32	2
1789398315.236742940	gl	128	128	2
1789398315.236742940	vk_any	960	960	15
1789398315.236742940	vk_cmdbuffer	1488	1488	64
1789398315.236742940	vk_descriptorpo	704	704	21
1789398315.236742940	vk_device	212	212	10
1789398315.236742940	vk_devicememory	298712	229376	7
1789398315.236742940	vk_image	224	224	3
1789398315.236742940	vk_program	212	212	3
1789398315.236742940	vk_queue	8232	8232	3
1789398316.263330646	any(0)	660	84	13
1789398316.263330646	command	32	32	2
1789398316.263330646	gl	128	128	2
1789398316.263330646	vk_any	960	960	15
1789398316.263330646	vk_cmdbuffer	1488	1488	64
1789398316.263330646	vk_descriptorpo	704	704	21
1789398316.263330646	vk_device	212	212	10
1789398316.263330646	vk_devicememory	298712	229376	7
1789398316.263330646	vk_image	224	224	3
1789398316.263330646	vk_program	212	212	3
1789398316.263330646	vk_queue	8232	8232	3
1789398317.288885176	any(0)	660	84	13
1789398317.288885176	command	32	32	2
1789398317.288885176	gl	128	128	2
1789398317.288885176	vk_any	960	960	15
1789398317.288885176	vk_cmdbuffer	1632	1632	68
1789398317.288885176	vk_descriptorpo	720	720	22
1789398317.288885176	vk_device	212	212	10
1789398317.288885176	vk_devicememory	298712	229376	7
1789398317.288885176	vk_image	224	224	3
1789398317.288885176	vk_program	212	212	3
1789398317.288885176	vk_queue	8232	8232	3
1789398318.316534549	any(0)	660	84	13
1789398318.316534549	command	32	32	2
1789398318.316534549	gl	128	128	2
1789398318.316534549	vk_any	960	960	15
1789398318.316534549	vk_cmdbuffer	1632	1632	68
1789398318.316534549	vk_descriptorpo	720	720	22
1789398318.316534549	vk_device	212	212	10
1789398318.316534549	vk_devicememory	298712	229376	7
1789398318.316534549	vk_image	224	224	3
1789398318.316534549	vk_program	212	212	3
1789398318.316534549	vk_queue	8232	8232	3
1789398319.341136995	any(0)	660	84	13
1789398319.341136995	command	32	32	2
1789398319.341136995	gl	128	128	2
1789398319.341136995	vk_any	960	960	15
1789398319.341136995	vk_cmdbuffer	1632	1632	68
1789398319.341136995	vk_descriptorpo	720	720	22
1789398319.341136995	vk_device	212	212	10
1789398319.341136995	vk_devicememory	298712	229376	7
1789398319.341136995	vk_image	224	224	3
1789398319.341136995	vk_program	212	212	3
1789398319.341136995	vk_queue	8232	8232	3
1789398320.366824909	any(0)	660	84	13
1789398320.366824909	command	32	32	2
1789398320.366824909	gl	128	128	2
1789398320.366824909	vk_any	960	960	15
1789398320.366824909	vk_cmdbuffer	1648	1648	70
1789398320.366824909	vk_descriptorpo	736	736	23
1789398320.366824909	vk_device	212	212	10
1789398320.366824909	vk_devicememory	298712	229376	7
1789398320.366824909	vk_image	224	224	3
1789398320.366824909	vk_program	212	212	3
1789398320.366824909	vk_queue	8232	8232	3
1789398321.389177407	any(0)	660	84	13
1789398321.389177407	command	32	32	2
1789398321.389177407	gl	128	128	2
1789398321.389177407	vk_any	960	960	15
1789398321.389177407	vk_cmdbuffer	1648	1648	70
1789398321.389177407	vk_descriptorpo	736	736	23
1789398321.389177407	vk_device	212	212	10
1789398321.389177407	vk_devicememory	298712	229376	7
1789398321.389177407	vk_image	224	224	3
1789398321.389177407	vk_program	212	212	3
1789398321.389177407	vk_queue	8232	8232	3
1789398322.413845322	any(0)	660	84	13
1789398322.413845322	command	32	32	2
1789398322.413845322	gl	128	128	2
1789398322.413845322	vk_any	960	960	15
1789398322.413845322	vk_cmdbuffer	1648	1648	70
1789398322.413845322	vk_descriptorpo	736	736	23
1789398322.413845322	vk_device	212	212	10
1789398322.413845322	vk_devicememory	298712	229376	7
1789398322.413845322	vk_image	224	224	3
1789398322.413845322	vk_program	212	212	3
1789398322.413845322	vk_queue	8232	8232	3
1789398323.437153653	any(0)	660	84	13
1789398323.437153653	command	32	32	2
1789398323.437153653	gl	128	128	2
1789398323.437153653	vk_any	960	960	15
1789398323.437153653	vk_cmdbuffer	1680	1680	74
1789398323.437153653	vk_descriptorpo	768	768	25
1789398323.437153653	vk_device	212	212	10
1789398323.437153653	vk_devicememory	298712	229376	7
1789398323.437153653	vk_image	224	224	3
1789398323.437153653	vk_program	212	212	3
1789398323.437153653	vk_queue	8232	8232	3
1789398324.460936515	any(0)	660	84	13
1789398324.460936515	command	32	32	2
1789398324.460936515	gl	128	128	2
1789398324.460936515	vk_any	960	960	15
1789398324.460936515	vk_cmdbuffer	1680	1680	74
1789398324.460936515	vk_descriptorpo	768	768	25
1789398324.460936515	vk_device	212	212	10
1789398324.460936515	vk_devicememory	298712	229376	7
1789398324.460936515	vk_image	224	224	3
1789398324.460936515	vk_program	212	212	3
1789398324.460936515	vk_queue	8232	8232	3
1789398325.485713648	any(0)	660	84	13
1789398325.485713648	command	32	32	2
1789398325.485713648	gl	128	128	2
1789398325.485713648	vk_any	960	960	15
1789398325.485713648	vk_cmdbuffer	1680	1680	74
1789398325.485713648	vk_descriptorpo	768	768	25
1789398325.485713648	vk_device	212	212	10
1789398325.485713648	vk_devicememory	298712	229376	7
1789398325.485713648	vk_image	224	224	3
1789398325.485713648	vk_program	212	212	3
1789398325.485713648	vk_queue	8232	8232	3
1789398326.507083073	any(0)	660	84	13
1789398326.507083073	command	32	32	2
1789398326.507083073	gl	128	128	2
1789398326.507083073	vk_any	960	960	15
1789398326.507083073	vk_cmdbuffer	1992	1992	99
1789398326.507083073	vk_descriptorpo	784	784	26
1789398326.507083073	vk_device	212	212	10
1789398326.507083073	vk_devicememory	298712	229376	7
1789398326.507083073	vk_image	224	224	3
1789398326.507083073	vk_program	212	212	3
1789398326.507083073	vk_queue	8232	8232	3
1789398327.530263331	any(0)	660	84	13
1789398327.530263331	command	32	32	2
1789398327.530263331	gl	128	128	2
1789398327.530263331	vk_any	960	960	15
1789398327.530263331	vk_cmdbuffer	1992	1992	99
1789398327.530263331	vk_descriptorpo	784	784	26
1789398327.530263331	vk_device	212	212	10
1789398327.530263331	vk_devicememory	298712	229376	7
1789398327.530263331	vk_image	224	224	3
1789398327.530263331	vk_program	212	212	3
1789398327.530263331	vk_queue	8232	8232	3
1789398328.552520673	any(0)	660	84	13
1789398328.552520673	command	32	32	2
1789398328.552520673	gl	128	128	2
1789398328.552520673	vk_any	960	960	15
1789398328.552520673	vk_cmdbuffer	1992	1992	99
1789398328.552520673	vk_descriptorpo	784	784	26
1789398328.552520673	vk_device	212	212	10
1789398328.552520673	vk_devicememory	298712	229376	7
1789398328.552520673	vk_image	224	224	3
1789398328.552520673	vk_program	212	212	3
1789398328.552520673	vk_queue	8232	8232	3
1789398329.573986712	any(0)	660	84	13
1789398329.573986712	command	32	32	2
1789398329.573986712	gl	128	128	2
1789398329.573986712	vk_any	960	960	15
1789398329.573986712	vk_cmdbuffer	2304	2304	108
1789398329.573986712	vk_descriptorpo	832	832	29
1789398329.573986712	vk_device	212	212	10
1789398329.573986712	vk_devicememory	298712	229376	7
1789398329.573986712	vk_image	224	224	3
1789398329.573986712	vk_program	212	212	3
1789398329.573986712	vk_queue	8232	8232	3
1789398330.594566553	any(0)	660	84	13
1789398330.594566553	command	32	32	2
1789398330.594566553	gl	128	128	2
1789398330.594566553	vk_any	960	960	15
1789398330.594566553	vk_cmdbuffer	2304	2304	108
1789398330.594566553	vk_descriptorpo	832	832	29
1789398330.594566553	vk_device	212	212	10
1789398330.594566553	vk_devicememory	298712	229376	7
1789398330.594566553	vk_image	224	224	3
1789398330.594566553	vk_program	212	212	3
1789398330.594566553	vk_queue	8232	8232	3
1789398331.617122332	any(0)	660	84	13
1789398331.617122332	command	32	32	2
1789398331.617122332	gl	128	128	2
1789398331.617122332	vk_any	960	960	15
1789398331.617122332	vk_cmdbuffer	2304	2304	108
1789398331.617122332	vk_descriptorpo	832	832	29
1789398331.617122332	vk_device	212	212	10
1789398331.617122332	vk_devicememory	298712	229376	7
1789398331.617122332	vk_image	224	224	3
1789398331.617122332	vk_program	212	212	3
1789398331.617122332	vk_queue	8232	8232	3
1789398332.641416445	any(0)	660	84	13
1789398332.641416445	command	32	32	2
1789398332.641416445	gl	128	128	2
1789398332.641416445	vk_any	960	960	15
1789398332.641416445	vk_cmdbuffer	3024	3024	140
1789398332.641416445	vk_descriptorpo	928	928	35
1789398332.641416445	vk_device	212	212	10
1789398332.641416445	vk_devicememory	298712	229376	7
1789398332.641416445	vk_image	224	224	3
1789398332.641416445	vk_program	212	212	3
1789398332.641416445	vk_queue	8264	8264	3
1789398333.664643630	any(0)	660	84	13
1789398333.664643630	command	32	32	2
1789398333.664643630	gl	128	128	2
1789398333.664643630	vk_any	960	960	15
1789398333.664643630	vk_cmdbuffer	3024	3024	140
1789398333.664643630	vk_descriptorpo	928	928	35
1789398333.664643630	vk_device	212	212	10
1789398333.664643630	vk_devicememory	298712	229376	7
1789398333.664643630	vk_image	224	224	3
1789398333.664643630	vk_program	212	212	3
1789398333.664643630	vk_queue	8264	8264	3
1789398334.692485555	any(0)	660	84	13
1789398334.692485555	command	32	32	2
1789398334.692485555	gl	128	128	2
1789398334.692485555	vk_any	960	960	15
1789398334.692485555	vk_cmdbuffer	3024	3024	140
1789398334.692485555	vk_descriptorpo	928	928	35
1789398334.692485555	vk_device	212	212	10
1789398334.692485555	vk_devicememory	298712	229376	7
1789398334.692485555	vk_image	224	224	3
1789398334.692485555	vk_program	212	212	3
1789398334.692485555	vk_queue	8264	8264	3
1789398335.716118938	any(0)	660	84	13
1789398335.716118938	command	32	32	2
1789398335.716118938	gl	128	128	2
1789398335.716118938	vk_any	960	960	15
1789398335.716118938	vk_cmdbuffer	3024	3024	140
1789398335.716118938	vk_descriptorpo	528	528	10
1789398335.716118938	vk_device	212	212	10
1789398335.716118938	vk_devicememory	560856	491520	8
1789398335.716118938	vk_image	628	628	4
1789398335.716118938	vk_program	212	212	3
1789398335.716118938	vk_queue	8264	8264	3
1789398336.741577426	any(0)	660	84	13
1789398336.741577426	command	32	32	2
1789398336.741577426	gl	128	128	2
1789398336.741577426	vk_any	960	960	15
1789398336.741577426	vk_cmdbuffer	3024	3024	140
1789398336.741577426	vk_descriptorpo	528	528	10
1789398336.741577426	vk_device	212	212	10
1789398336.741577426	vk_devicememory	560856	491520	8
1789398336.741577426	vk_image	628	628	4
1789398336.741577426	vk_program	212	212	3
1789398336.741577426	vk_queue	8264	8264	3
1789398337.763991747	any(0)	660	84	13
1789398337.763991747	command	32	32	2
1789398337.763991747	gl	128	128	2
1789398337.763991747	vk_any	960	960	15
1789398337.763991747	vk_cmdbuffer	3024	3024	140
1789398337.763991747	vk_descriptorpo	528	528	10
1789398337.763991747	vk_device	212	212	10
1789398337.763991747	vk_devicememory	560856	491520	8
1789398337.763991747	vk_image	628	628	4
1789398337.763991747	vk_program	212	212	3
1789398337.763991747	vk_queue	8264	8264	3
1789398338.785573567	any(0)	660	84	13
1789398338.785573567	command	32	32	2
1789398338.785573567	gl	128	128	2
1789398338.785573567	vk_any	960	960	15
1789398338.785573567	vk_cmdbuffer	3024	3024	140
1789398338.785573567	vk_descriptorpo	528	528	10
1789398338.785573567	vk_device	212	212	10
1789398338.785573567	vk_devicememory	560856	491520	8
1789398338.785573567	vk_image	628	628	4
1789398338.785573567	vk_program	212	212	3
1789398338.785573567	vk_queue	8264	8264	3
1789398339.808133409	any(0)	660	84	13
1789398339.808133409	command	32	32	2
1789398339.808133409	gl	128	128	2
1789398339.808133409	vk_any	960	960	15
1789398339.808133409	vk_cmdbuffer	3024	3024	140
1789398339.808133409	vk_descriptorpo	528	528	10
1789398339.808133409	vk_device	212	212	10
1789398339.808133409	vk_devicememory	560856	491520	8
1789398339.808133409	vk_image	628	628	4
1789398339.808133409	vk_program	212	212	3
1789398339.808133409	vk_queue	8264	8264	3
1789398340.831283563	any(0)	660	84	13
1789398340.831283563	command	32	32	2
1789398340.831283563	gl	128	128	2
1789398340.831283563	vk_any	960	960	15
1789398340.831283563	vk_cmdbuffer	3024	3024	140
1789398340.831283563	vk_descriptorpo	528	528	10
1789398340.831283563	vk_device	212	212	10
1789398340.831283563	vk_devicememory	560856	491520	8
1789398340.831283563	vk_image	628	628	4
1789398340.831283563	vk_program	212	212	3
1789398340.831283563	vk_queue	8264	8264	3
1789398341.856714238	any(0)	660	84	13
1789398341.856714238	command	32	32	2
1789398341.856714238	gl	128	128	2
1789398341.856714238	vk_any	960	960	15
1789398341.856714238	vk_cmdbuffer	3024	3024	140
1789398341.856714238	vk_descriptorpo	528	528	10
1789398341.856714238	vk_device	212	212	10
1789398341.856714238	vk_devicememory	560856	491520	8
1789398341.856714238	vk_image	628	628	4
1789398341.856714238	vk_program	212	212	3
1789398341.856714238	vk_queue	8264	8264	3
1789398342.879597621	any(0)	660	84	13
1789398342.879597621	command	32	32	2
1789398342.879597621	gl	128	128	2
1789398342.879597621	vk_any	1024	1024	16
1789398342.879597621	vk_cmdbuffer	3024	3024	140
1789398342.879597621	vk_descriptorpo	560	560	12
1789398342.879597621	vk_device	212	212	10
1789398342.879597621	vk_devicememory	560856	491520	8
1789398342.879597621	vk_image	628	628	4
1789398342.879597621	vk_program	212	212	3
1789398342.879597621	vk_queue	8264	8264	3
1789398343.904966108	any(0)	660	84	13
1789398343.904966108	command	32	32	2
1789398343.904966108	gl	128	128	2
1789398343.904966108	vk_any	1024	1024	16
1789398343.904966108	vk_cmdbuffer	3024	3024	140
1789398343.904966108	vk_descriptorpo	560	560	12
1789398343.904966108	vk_device	212	212	10
1789398343.904966108	vk_devicememory	560856	491520	8
1789398343.904966108	vk_image	628	628	4
1789398343.904966108	vk_program	212	212	3
1789398343.904966108	vk_queue	8264	8264	3
1789398344.929600117	any(0)	660	84	13
1789398344.929600117	command	32	32	2
1789398344.929600117	gl	128	128	2
1789398344.929600117	vk_any	1024	1024	16
1789398344.929600117	vk_cmdbuffer	3024	3024	140
1789398344.929600117	vk_descriptorpo	560	560	12
1789398344.929600117	vk_device	212	212	10
1789398344.929600117	vk_devicememory	560856	491520	8
1789398344.929600117	vk_image	628	628	4
1789398344.929600117	vk_program	212	212	3
1789398344.929600117	vk_queue	8264	8264	3
1789398345.955664854	any(0)	660	84	13
1789398345.955664854	command	32	32	2
1789398345.955664854	gl	128	128	2
1789398345.955664854	vk_any	1024	1024	16
1789398345.955664854	vk_cmdbuffer	3024	3024	140
1789398345.955664854	vk_descriptorpo	592	592	14
1789398345.955664854	vk_device	212	212	10
1789398345.955664854	vk_devicememory	560856	491520	8
1789398345.955664854	vk_image	628	628	4
1789398345.955664854	vk_program	212	212	3
1789398345.955664854	vk_queue	8264	8264	3
1789398346.980192769	any(0)	660	84	13
1789398346.980192769	command	32	32	2
1789398346.980192769	gl	128	128	2
1789398346.980192769	vk_any	1024	1024	16
1789398346.980192769	vk_cmdbuffer	3024	3024	140
1789398346.980192769	vk_descriptorpo	592	592	14
1789398346.980192769	vk_device	212	212	10
1789398346.980192769	vk_devicememory	560856	491520	8
1789398346.980192769	vk_image	628	628	4
1789398346.980192769	vk_program	212	212	3
1789398346.980192769	vk_queue	8264	8264	3
1789398348.006616204	any(0)	660	84	13
1789398348.006616204	command	32	32	2
1789398348.006616204	gl	128	128	2
1789398348.006616204	vk_any	1024	1024	16
1789398348.006616204	vk_cmdbuffer	3024	3024	140
1789398348.006616204	vk_descriptorpo	592	592	14
1789398348.006616204	vk_device	212	212	10
1789398348.006616204	vk_devicememory	560856	491520	8
1789398348.006616204	vk_image	628	628	4
1789398348.006616204	vk_program	212	212	3
1789398348.006616204	vk_queue	8264	8264	3
1789398349.036971203	any(0)	660	84	13
1789398349.036971203	command	32	32	2
1789398349.036971203	gl	128	128	2
1789398349.036971203	vk_any	1024	1024	16
1789398349.036971203	vk_cmdbuffer	3024	3024	140
1789398349.036971203	vk_descriptorpo	608	608	15
1789398349.036971203	vk_device	212	212	10
1789398349.036971203	vk_devicememory	560856	491520	8
1789398349.036971203	vk_image	628	628	4
1789398349.036971203	vk_program	212	212	3
1789398349.036971203	vk_queue	8264	8264	3
1789398350.066047920	any(0)	660	84	13
1789398350.066047920	command	32	32	2
1789398350.066047920	gl	128	128	2
1789398350.066047920	vk_any	1024	1024	16
1789398350.066047920	vk_cmdbuffer	3024	3024	140
1789398350.066047920	vk_descriptorpo	608	608	15
1789398350.066047920	vk_device	212	212	10
1789398350.066047920	vk_devicememory	560856	491520	8
1789398350.066047920	vk_image	628	628	4
1789398350.066047920	vk_program	212	212	3
1789398350.066047920	vk_queue	8264	8264	3
1789398351.097646200	any(0)	660	84	13
1789398351.097646200	command	32	32	2
1789398351.097646200	gl	128	128	2
1789398351.097646200	vk_any	1024	1024	16
1789398351.097646200	vk_cmdbuffer	3024	3024	140
1789398351.097646200	vk_descriptorpo	608	608	15
1789398351.097646200	vk_device	212	212	10
1789398351.097646200	vk_devicememory	560856	491520	8
1789398351.097646200	vk_image	628	628	4
1789398351.097646200	vk_program	212	212	3
1789398351.097646200	vk_queue	8264	8264	3
1789398352.125447917	any(0)	660	84	13
1789398352.125447917	command	32	32	2
1789398352.125447917	gl	128	128	2
1789398352.125447917	vk_any	1024	1024	16
1789398352.125447917	vk_cmdbuffer	3024	3024	140
1789398352.125447917	vk_descriptorpo	624	624	16
1789398352.125447917	vk_device	212	212	10
1789398352.125447917	vk_devicememory	560856	491520	8
1789398352.125447917	vk_image	628	628	4
1789398352.125447917	vk_program	212	212	3
1789398352.125447917	vk_queue	8264	8264	3
1789398353.150437654	any(0)	660	84	13
1789398353.150437654	command	32	32	2
1789398353.150437654	gl	128	128	2
1789398353.150437654	vk_any	1024	1024	16
1789398353.150437654	vk_cmdbuffer	3024	3024	140
1789398353.150437654	vk_descriptorpo	624	624	16
1789398353.150437654	vk_device	212	212	10
1789398353.150437654	vk_devicememory	560856	491520	8
1789398353.150437654	vk_image	628	628	4
1789398353.150437654	vk_program	212	212	3
1789398353.150437654	vk_queue	8264	8264	3
1789398354.174847496	any(0)	660	84	13
1789398354.174847496	command	32	32	2
1789398354.174847496	gl	128	128	2
1789398354.174847496	vk_any	1024	1024	16
1789398354.174847496	vk_cmdbuffer	3024	3024	140
1789398354.174847496	vk_descriptorpo	624	624	16
1789398354.174847496	vk_device	212	212	10
1789398354.174847496	vk_devicememory	560856	491520	8
1789398354.174847496	vk_image	628	628	4
1789398354.174847496	vk_program	212	212	3
1789398354.174847496	vk_queue	8264	8264	3
1789398355.199420775	any(0)	660	84	13
1789398355.199420775	command	32	32	2
1789398355.199420775	gl	128	128	2
1789398355.199420775	vk_any	960	960	15
1789398355.199420775	vk_cmdbuffer	3024	3024	140
1789398355.199420775	vk_descriptorpo	640	640	17
1789398355.199420775	vk_device	212	212	10
1789398355.199420775	vk_devicememory	560856	491520	8
1789398355.199420775	vk_image	628	628	4
1789398355.199420775	vk_program	212	212	3
1789398355.199420775	vk_queue	8264	8264	3
1789398356.229462128	any(0)	660	84	13
1789398356.229462128	command	32	32	2
1789398356.229462128	gl	128	128	2
1789398356.229462128	vk_any	1024	1024	16
1789398356.229462128	vk_cmdbuffer	3024	3024	140
1789398356.229462128	vk_descriptorpo	640	640	17
1789398356.229462128	vk_device	212	212	10
1789398356.229462128	vk_devicememory	560856	491520	8
1789398356.229462128	vk_image	628	628	4
1789398356.229462128	vk_program	212	212	3
1789398356.229462128	vk_queue	8264	8264	3
1789398357.257136866	any(0)	660	84	13
1789398357.257136866	command	32	32	2
1789398357.257136866	gl	128	128	2
1789398357.257136866	vk_any	1024	1024	16
1789398357.257136866	vk_cmdbuffer	3024	3024	140
1789398357.257136866	vk_descriptorpo	640	640	17
1789398357.257136866	vk_device	212	212	10
1789398357.257136866	vk_devicememory	560856	491520	8
1789398357.257136866	vk_image	628	628	4
1789398357.257136866	vk_program	212	212	3
1789398357.257136866	vk_queue	8264	8264	3
1789398358.279561655	any(0)	660	84	13
1789398358.279561655	command	32	32	2
1789398358.279561655	gl	128	128	2
1789398358.279561655	vk_any	960	960	15
1789398358.279561655	vk_cmdbuffer	3024	3024	140
1789398358.279561655	vk_descriptorpo	528	528	10
1789398358.279561655	vk_device	212	212	10
1789398358.279561655	vk_devicememory	560856	491520	8
1789398358.279561655	vk_image	628	628	4
1789398358.279561655	vk_program	212	212	3
1789398358.279561655	vk_queue	8264	8264	3
1789398359.301996340	any(0)	660	84	13
1789398359.301996340	command	32	32	2
1789398359.301996340	gl	128	128	2
1789398359.301996340	vk_any	1024	1024	16
1789398359.301996340	vk_cmdbuffer	3024	3024	140
1789398359.301996340	vk_descriptorpo	656	656	18
1789398359.301996340	vk_device	212	212	10
1789398359.301996340	vk_devicememory	560856	491520	8
1789398359.301996340	vk_image	628	628	4
1789398359.301996340	vk_program	212	212	3
1789398359.301996340	vk_queue	8264	8264	3
1789398360.327140817	any(0)	660	84	13
1789398360.327140817	command	32	32	2
1789398360.327140817	gl	128	128	2
1789398360.327140817	vk_any	1024	1024	16
1789398360.327140817	vk_cmdbuffer	3024	3024	140
1789398360.327140817	vk_descriptorpo	656	656	18
1789398360.327140817	vk_device	212	212	10
1789398360.327140817	vk_devicememory	560856	491520	8
1789398360.327140817	vk_image	628	628	4
1789398360.327140817	vk_program	212	212	3
1789398360.327140817	vk_queue	8264	8264	3
1789398361.351086909	any(0)	660	84	13
1789398361.351086909	command	32	32	2
1789398361.351086909	gl	128	128	2
1789398361.351086909	vk_any	1024	1024	16
1789398361.351086909	vk_cmdbuffer	3024	3024	140
1789398361.351086909	vk_descriptorpo	656	656	18
1789398361.351086909	vk_device	212	212	10
1789398361.351086909	vk_devicememory	560856	491520	8
1789398361.351086909	vk_image	628	628	4
1789398361.351086909	vk_program	212	212	3
1789398361.351086909	vk_queue	8264	8264	3
1789398362.378917636	any(0)	660	84	13
1789398362.378917636	command	32	32	2
1789398362.378917636	gl	128	128	2
1789398362.378917636	vk_any	1024	1024	16
1789398362.378917636	vk_cmdbuffer	3024	3024	140
1789398362.378917636	vk_descriptorpo	656	656	18
1789398362.378917636	vk_device	212	212	10
1789398362.378917636	vk_devicememory	560856	491520	8
1789398362.378917636	vk_image	628	628	4
1789398362.378917636	vk_program	212	212	3
1789398362.378917636	vk_queue	8264	8264	3
1789398363.408236176	any(0)	660	84	13
1789398363.408236176	command	32	32	2
1789398363.408236176	gl	128	128	2
1789398363.408236176	vk_any	1024	1024	16
1789398363.408236176	vk_cmdbuffer	3024	3024	140
1789398363.408236176	vk_descriptorpo	656	656	18
1789398363.408236176	vk_device	212	212	10
1789398363.408236176	vk_devicememory	560856	491520	8
1789398363.408236176	vk_image	628	628	4
1789398363.408236176	vk_program	212	212	3
1789398363.408236176	vk_queue	8264	8264	3
1789398364.440910862	any(0)	660	84	13
1789398364.440910862	command	32	32	2
1789398364.440910862	gl	128	128	2
1789398364.440910862	vk_any	1024	1024	16
1789398364.440910862	vk_cmdbuffer	3024	3024	140
1789398364.440910862	vk_descriptorpo	656	656	18
1789398364.440910862	vk_device	212	212	10
1789398364.440910862	vk_devicememory	560856	491520	8
1789398364.440910862	vk_image	628	628	4
1789398364.440910862	vk_program	212	212	3
1789398364.440910862	vk_queue	8264	8264	3
1789398365.469872580	any(0)	660	84	13
1789398365.469872580	command	32	32	2
1789398365.469872580	gl	128	128	2
1789398365.469872580	vk_any	1024	1024	16
1789398365.469872580	vk_cmdbuffer	3024	3024	140
1789398365.469872580	vk_descriptorpo	672	672	19
1789398365.469872580	vk_device	212	212	10
1789398365.469872580	vk_devicememory	560856	491520	8
1789398365.469872580	vk_image	628	628	4
1789398365.469872580	vk_program	212	212	3
1789398365.469872580	vk_queue	8264	8264	3
1789398366.493299556	any(0)	660	84	13
1789398366.493299556	command	32	32	2
1789398366.493299556	gl	128	128	2
1789398366.493299556	vk_any	1024	1024	16
1789398366.493299556	vk_cmdbuffer	3024	3024	140
1789398366.493299556	vk_descriptorpo	672	672	19
1789398366.493299556	vk_device	212	212	10
1789398366.493299556	vk_devicememory	560856	491520	8
1789398366.493299556	vk_image	628	628	4
1789398366.493299556	vk_program	212	212	3
1789398366.493299556	vk_queue	8264	8264	3
1789398367.524231899	any(0)	660	84	13
1789398367.524231899	command	32	32	2
1789398367.524231899	gl	128	128	2
1789398367.524231899	vk_any	1024	1024	16
1789398367.524231899	vk_cmdbuffer	3024	3024	140
1789398367.524231899	vk_descriptorpo	672	672	19
1789398367.524231899	vk_device	212	212	10
1789398367.524231899	vk_devicememory	560856	491520	8
1789398367.524231899	vk_image	628	628	4
1789398367.524231899	vk_program	212	212	3
1789398367.524231899	vk_queue	8264	8264	3
1789398368.547612782	any(0)	660	84	13
1789398368.547612782	command	32	32	2
1789398368.547612782	gl	128	128	2
1789398368.547612782	vk_any	1024	1024	16
1789398368.547612782	vk_cmdbuffer	3024	3024	140
1789398368.547612782	vk_descriptorpo	688	688	20
1789398368.547612782	vk_device	212	212	10
1789398368.547612782	vk_devicememory	560856	491520	8
1789398368.547612782	vk_image	628	628	4
1789398368.547612782	vk_program	212	212	3
1789398368.547612782	vk_queue	8264	8264	3
1789398369.569452103	any(0)	660	84	13
1789398369.569452103	command	32	32	2
1789398369.569452103	gl	128	128	2
1789398369.569452103	vk_any	1024	1024	16
1789398369.569452103	vk_cmdbuffer	3024	3024	140
1789398369.569452103	vk_descriptorpo	688	688	20
1789398369.569452103	vk_device	212	212	10
1789398369.569452103	vk_devicememory	560856	491520	8
1789398369.569452103	vk_image	628	628	4
1789398369.569452103	vk_program	212	212	3
1789398369.569452103	vk_queue	8264	8264	3
1789398370.596804132	any(0)	660	84	13
1789398370.596804132	command	32	32	2
1789398370.596804132	gl	128	128	2
1789398370.596804132	vk_any	1024	1024	16
1789398370.596804132	vk_cmdbuffer	3024	3024	140
1789398370.596804132	vk_descriptorpo	688	688	20
1789398370.596804132	vk_device	212	212	10
1789398370.596804132	vk_devicememory	560856	491520	8
1789398370.596804132	vk_image	628	628	4
1789398370.596804132	vk_program	212	212	3
1789398370.596804132	vk_queue	8264	8264	3
1789398371.622416057	any(0)	660	84	13
1789398371.622416057	command	32	32	2
1789398371.622416057	gl	128	128	2
1789398371.622416057	vk_any	1024	1024	16
1789398371.622416057	vk_cmdbuffer	3024	3024	140
1789398371.622416057	vk_descriptorpo	704	704	21
1789398371.622416057	vk_device	212	212	10
1789398371.622416057	vk_devicememory	560856	491520	8
1789398371.622416057	vk_image	628	628	4
1789398371.622416057	vk_program	212	212	3
1789398371.622416057	vk_queue	8264	8264	3
1789398372.642607461	any(0)	660	84	13
1789398372.642607461	command	32	32	2
1789398372.642607461	gl	128	128	2
1789398372.642607461	vk_any	1024	1024	16
1789398372.642607461	vk_cmdbuffer	3024	3024	140
1789398372.642607461	vk_descriptorpo	704	704	21
1789398372.642607461	vk_device	212	212	10
1789398372.642607461	vk_devicememory	560856	491520	8
1789398372.642607461	vk_image	628	628	4
1789398372.642607461	vk_program	212	212	3
1789398372.642607461	vk_queue	8264	8264	3
1789398373.668238605	any(0)	660	84	13
1789398373.668238605	command	32	32	2
1789398373.668238605	gl	128	128	2
1789398373.668238605	vk_any	1024	1024	16
1789398373.668238605	vk_cmdbuffer	3024	3024	140
1789398373.668238605	vk_descriptorpo	704	704	21
1789398373.668238605	vk_device	212	212	10
1789398373.668238605	vk_devicememory	560856	491520	8
1789398373.668238605	vk_image	628	628	4
1789398373.668238605	vk_program	212	212	3
1789398373.668238605	vk_queue	8264	8264	3
1789398374.692498811	any(0)	660	84	13
1789398374.692498811	command	32	32	2
1789398374.692498811	gl	128	128	2
1789398374.692498811	vk_any	1024	1024	16
1789398374.692498811	vk_cmdbuffer	3024	3024	140
1789398374.692498811	vk_descriptorpo	704	704	21
1789398374.692498811	vk_device	212	212	10
1789398374.692498811	vk_devicememory	560856	491520	8
1789398374.692498811	vk_image	628	628	4
1789398374.692498811	vk_program	212	212	3
1789398374.692498811	vk_queue	8264	8264	3
1789398375.723522768	any(0)	660	84	13
1789398375.723522768	command	32	32	2
1789398375.723522768	gl	128	128	2
1789398375.723522768	vk_any	1024	1024	16
1789398375.723522768	vk_cmdbuffer	3024	3024	140
1789398375.723522768	vk_descriptorpo	704	704	21
1789398375.723522768	vk_device	212	212	10
1789398375.723522768	vk_devicememory	560856	491520	8
1789398375.723522768	vk_image	628	628	4
1789398375.723522768	vk_program	212	212	3
1789398375.723522768	vk_queue	8264	8264	3
1789398376.747041307	any(0)	660	84	13
1789398376.747041307	command	32	32	2
1789398376.747041307	gl	128	128	2
1789398376.747041307	vk_any	1024	1024	16
1789398376.747041307	vk_cmdbuffer	3024	3024	140
1789398376.747041307	vk_descriptorpo	704	704	21
1789398376.747041307	vk_device	212	212	10
1789398376.747041307	vk_devicememory	560856	491520	8
1789398376.747041307	vk_image	628	628	4
1789398376.747041307	vk_program	212	212	3
1789398376.747041307	vk_queue	8264	8264	3
1789398377.770468857	any(0)	660	84	13
1789398377.770468857	command	32	32	2
1789398377.770468857	gl	128	128	2
1789398377.770468857	vk_any	1024	1024	16
1789398377.770468857	vk_cmdbuffer	3024	3024	140
1789398377.770468857	vk_descriptorpo	720	720	22
1789398377.770468857	vk_device	212	212	10
1789398377.770468857	vk_devicememory	560856	491520	8
1789398377.770468857	vk_image	628	628	4
1789398377.770468857	vk_program	212	212	3
1789398377.770468857	vk_queue	8264	8264	3
1789398378.798481720	any(0)	660	84	13
1789398378.798481720	command	32	32	2
1789398378.798481720	gl	128	128	2
1789398378.798481720	vk_any	1024	1024	16
1789398378.798481720	vk_cmdbuffer	3024	3024	140
1789398378.798481720	vk_descriptorpo	720	720	22
1789398378.798481720	vk_device	212	212	10
1789398378.798481720	vk_devicememory	560856	491520	8
1789398378.798481720	vk_image	628	628	4
1789398378.798481720	vk_program	212	212	3
1789398378.798481720	vk_queue	8264	8264	3
1789398379.824797968	any(0)	660	84	13
1789398379.824797968	command	32	32	2
1789398379.824797968	gl	128	128	2
1789398379.824797968	vk_any	1024	1024	16
1789398379.824797968	vk_cmdbuffer	3024	3024	140
1789398379.824797968	vk_descriptorpo	720	720	22
1789398379.824797968	vk_device	212	212	10
1789398379.824797968	vk_devicememory	560856	491520	8
1789398379.824797968	vk_image	628	628	4
1789398379.824797968	vk_program	212	212	3
1789398379.824797968	vk_queue	8264	8264	3
1789398380.851267549	any(0)	660	84	13
1789398380.851267549	command	32	32	2
1789398380.851267549	gl	128	128	2
1789398380.851267549	vk_any	1024	1024	16
1789398380.851267549	vk_cmdbuffer	3024	3024	140
1789398380.851267549	vk_descriptorpo	736	736	23
1789398380.851267549	vk_device	212	212	10
1789398380.851267549	vk_devicememory	560856	491520	8
1789398380.851267549	vk_image	628	628	4
1789398380.851267549	vk_program	212	212	3
1789398380.851267549	vk_queue	8264	8264	3
1789398381.871951870	any(0)	660	84	13
1789398381.871951870	command	32	32	2
1789398381.871951870	gl	128	128	2
1789398381.871951870	vk_any	1024	1024	16
1789398381.871951870	vk_cmdbuffer	3024	3024	140
1789398381.871951870	vk_descriptorpo	736	736	23
1789398381.871951870	vk_device	212	212	10
1789398381.871951870	vk_devicememory	560856	491520	8
1789398381.871951870	vk_image	628	628	4
1789398381.871951870	vk_program	212	212	3
1789398381.871951870	vk_queue	8264	8264	3
1789398382.895042753	any(0)	660	84	13
1789398382.895042753	command	32	32	2
1789398382.895042753	gl	128	128	2
1789398382.895042753	vk_any	1024	1024	16
1789398382.895042753	vk_cmdbuffer	3024	3024	140
1789398382.895042753	vk_descriptorpo	736	736	23
1789398382.895042753	vk_device	212	212	10
1789398382.895042753	vk_devicememory	560856	491520	8
1789398382.895042753	vk_image	628	628	4
1789398382.895042753	vk_program	212	212	3
1789398382.895042753	vk_queue	8264	8264	3
1789398383.919047594	any(0)	660	84	13
1789398383.919047594	command	32	32	2
1789398383.919047594	gl	128	128	2
1789398383.919047594	vk_any	1024	1024	16
1789398383.919047594	vk_cmdbuffer	3024	3024	140
1789398383.919047594	vk_descriptorpo	768	768	25
1789398383.919047594	vk_device	212	212	10
1789398383.919047594	vk_devicememory	560856	491520	8
1789398383.919047594	vk_image	628	628	4
1789398383.919047594	vk_program	212	212	3
1789398383.919047594	vk_queue	8264	8264	3
1789398384.942996290	any(0)	660	84	13
1789398384.942996290	command	32	32	2
1789398384.942996290	gl	128	128	2
1789398384.942996290	vk_any	1024	1024	16
1789398384.942996290	vk_cmdbuffer	3024	3024	140
1789398384.942996290	vk_descriptorpo	768	768	25
1789398384.942996290	vk_device	212	212	10
1789398384.942996290	vk_devicememory	560856	491520	8
1789398384.942996290	vk_image	628	628	4
1789398384.942996290	vk_program	212	212	3
1789398384.942996290	vk_queue	8264	8264	3
1789398385.970877643	any(0)	660	84	13
1789398385.970877643	command	32	32	2
1789398385.970877643	gl	128	128	2
1789398385.970877643	vk_any	1024	1024	16
1789398385.970877643	vk_cmdbuffer	3024	3024	140
1789398385.970877643	vk_descriptorpo	768	768	25
1789398385.970877643	vk_device	212	212	10
1789398385.970877643	vk_devicememory	560856	491520	8
1789398385.970877643	vk_image	628	628	4
1789398385.970877643	vk_program	212	212	3
1789398385.970877643	vk_queue	8264	8264	3
1789398386.993198890	any(0)	660	84	13
1789398386.993198890	command	32	32	2
1789398386.993198890	gl	128	128	2
1789398386.993198890	vk_any	1024	1024	16
1789398386.993198890	vk_cmdbuffer	3024	3024	140
1789398386.993198890	vk_descriptorpo	784	784	26
1789398386.993198890	vk_device	212	212	10
1789398386.993198890	vk_devicememory	560856	491520	8
1789398386.993198890	vk_image	628	628	4
1789398386.993198890	vk_program	212	212	3
1789398386.993198890	vk_queue	8264	8264	3
1789398388.018168836	any(0)	660	84	13
1789398388.018168836	command	32	32	2
1789398388.018168836	gl	128	128	2
1789398388.018168836	vk_any	1024	1024	16
1789398388.018168836	vk_cmdbuffer	3024	3024	140
1789398388.018168836	vk_descriptorpo	784	784	26
1789398388.018168836	vk_device	212	212	10
1789398388.018168836	vk_devicememory	560856	491520	8
1789398388.018168836	vk_image	628	628	4
1789398388.018168836	vk_program	212	212	3
1789398388.018168836	vk_queue	8264	8264	3
1789398389.044918001	any(0)	660	84	13
1789398389.044918001	command	32	32	2
1789398389.044918001	gl	128	128	2
1789398389.044918001	vk_any	1024	1024	16
1789398389.044918001	vk_cmdbuffer	3024	3024	140
1789398389.044918001	vk_descriptorpo	784	784	26
1789398389.044918001	vk_device	212	212	10
1789398389.044918001	vk_devicememory	560856	491520	8
1789398389.044918001	vk_image	628	628	4
1789398389.044918001	vk_program	212	212	3
1789398389.044918001	vk_queue	8264	8264	3
1789398390.068666957	any(0)	660	84	13
1789398390.068666957	command	32	32	2
1789398390.068666957	gl	128	128	2
1789398390.068666957	vk_any	1024	1024	16
1789398390.068666957	vk_cmdbuffer	3024	3024	140
1789398390.068666957	vk_descriptorpo	832	832	29
1789398390.068666957	vk_device	212	212	10
1789398390.068666957	vk_devicememory	560856	491520	8
1789398390.068666957	vk_image	628	628	4
1789398390.068666957	vk_program	212	212	3
1789398390.068666957	vk_queue	8264	8264	3
1789398391.091520965	any(0)	660	84	13
1789398391.091520965	command	32	32	2
1789398391.091520965	gl	128	128	2
1789398391.091520965	vk_any	1024	1024	16
1789398391.091520965	vk_cmdbuffer	3024	3024	140
1789398391.091520965	vk_descriptorpo	832	832	29
1789398391.091520965	vk_device	212	212	10
1789398391.091520965	vk_devicememory	560856	491520	8
1789398391.091520965	vk_image	628	628	4
1789398391.091520965	vk_program	212	212	3
1789398391.091520965	vk_queue	8264	8264	3
1789398392.116412265	any(0)	660	84	13
1789398392.116412265	command	32	32	2
1789398392.116412265	gl	128	128	2
1789398392.116412265	vk_any	1024	1024	16
1789398392.116412265	vk_cmdbuffer	3024	3024	140
1789398392.116412265	vk_descriptorpo	832	832	29
1789398392.116412265	vk_device	212	212	10
1789398392.116412265	vk_devicememory	560856	491520	8
1789398392.116412265	vk_image	628	628	4
1789398392.116412265	vk_program	212	212	3
1789398392.116412265	vk_queue	8264	8264	3
1789398393.144260024	any(0)	660	84	13
1789398393.144260024	command	32	32	2
1789398393.144260024	gl	128	128	2
1789398393.144260024	vk_any	1024	1024	16
1789398393.144260024	vk_cmdbuffer	3024	3024	140
1789398393.144260024	vk_descriptorpo	928	928	35
1789398393.144260024	vk_device	212	212	10
1789398393.144260024	vk_devicememory	560856	491520	8
1789398393.144260024	vk_image	628	628	4
1789398393.144260024	vk_program	212	212	3
1789398393.144260024	vk_queue	8264	8264	3
1789398394.168218251	any(0)	660	84	13
1789398394.168218251	command	32	32	2
1789398394.168218251	gl	128	128	2
1789398394.168218251	vk_any	1024	1024	16
1789398394.168218251	vk_cmdbuffer	3024	3024	140
1789398394.168218251	vk_descriptorpo	928	928	35
1789398394.168218251	vk_device	212	212	10
1789398394.168218251	vk_devicememory	560856	491520	8
1789398394.168218251	vk_image	628	628	4
1789398394.168218251	vk_program	212	212	3
1789398394.168218251	vk_queue	8264	8264	3
1789398395.192746478	any(0)	660	84	13
1789398395.192746478	command	32	32	2
1789398395.192746478	gl	128	128	2
1789398395.192746478	vk_any	1024	1024	16
1789398395.192746478	vk_cmdbuffer	3024	3024	140
1789398395.192746478	vk_descriptorpo	928	928	35
1789398395.192746478	vk_device	212	212	10
1789398395.192746478	vk_devicememory	560856	491520	8
1789398395.192746478	vk_image	628	628	4
1789398395.192746478	vk_program	212	212	3
1789398395.192746478	vk_queue	8264	8264	3
1789398396.217073247	any(0)	660	84	13
1789398396.217073247	command	32	32	2
1789398396.217073247	gl	128	128	2
1789398396.217073247	vk_any	960	960	15
1789398396.217073247	vk_cmdbuffer	3024	3024	140
1789398396.217073247	vk_descriptorpo	528	528	10
1789398396.217073247	vk_device	212	212	10
1789398396.217073247	vk_devicememory	560856	491520	8
1789398396.217073247	vk_image	628	628	4
1789398396.217073247	vk_program	212	212	3
1789398396.217073247	vk_queue	8264	8264	3
1789398397.241280432	any(0)	660	84	13
1789398397.241280432	command	32	32	2
1789398397.241280432	gl	128	128	2
1789398397.241280432	vk_any	960	960	15
1789398397.241280432	vk_cmdbuffer	3024	3024	140
1789398397.241280432	vk_descriptorpo	528	528	10
1789398397.241280432	vk_device	212	212	10
1789398397.241280432	vk_devicememory	560856	491520	8
1789398397.241280432	vk_image	628	628	4
1789398397.241280432	vk_program	212	212	3
1789398397.241280432	vk_queue	8264	8264	3
1789398398.265725951	any(0)	660	84	13
1789398398.265725951	command	32	32	2
1789398398.265725951	gl	128	128	2
1789398398.265725951	vk_any	960	960	15
1789398398.265725951	vk_cmdbuffer	3024	3024	140
1789398398.265725951	vk_descriptorpo	528	528	10
1789398398.265725951	vk_device	212	212	10
1789398398.265725951	vk_devicememory	560856	491520	8
1789398398.265725951	vk_image	628	628	4
1789398398.265725951	vk_program	212	212	3
1789398398.265725951	vk_queue	8264	8264	3
1789398399.293974855	any(0)	660	84	13
1789398399.293974855	command	32	32	2
1789398399.293974855	gl	128	128	2
1789398399.293974855	vk_any	960	960	15
1789398399.293974855	vk_cmdbuffer	3024	3024	140
1789398399.293974855	vk_descriptorpo	528	528	10
1789398399.293974855	vk_device	212	212	10
1789398399.293974855	vk_devicememory	560856	491520	8
1789398399.293974855	vk_image	628	628	4
1789398399.293974855	vk_program	212	212	3
1789398399.293974855	vk_queue	8264	8264	3
1789398400.315643863	any(0)	660	84	13
1789398400.315643863	command	32	32	2
1789398400.315643863	gl	128	128	2
1789398400.315643863	vk_any	1024	1024	16
1789398400.315643863	vk_cmdbuffer	3144	3144	155
1789398400.315643863	vk_descriptorpo	928	928	35
1789398400.315643863	vk_device	212	212	10
1789398400.315643863	vk_devicememory	560856	491520	8
1789398400.315643863	vk_image	628	628	4
1789398400.315643863	vk_program	212	212	3
1789398400.315643863	vk_queue	8264	8264	3
1789398401.342761726	any(0)	660	84	13
1789398401.342761726	command	32	32	2
1789398401.342761726	gl	128	128	2
1789398401.342761726	vk_any	1024	1024	16
1789398401.342761726	vk_cmdbuffer	3144	3144	155
1789398401.342761726	vk_descriptorpo	928	928	35
1789398401.342761726	vk_device	212	212	10
1789398401.342761726	vk_devicememory	560856	491520	8
1789398401.342761726	vk_image	628	628	4
1789398401.342761726	vk_program	212	212	3
1789398401.342761726	vk_queue	8264	8264	3
1789398402.368026516	any(0)	660	84	13
1789398402.368026516	command	32	32	2
1789398402.368026516	gl	128	128	2
1789398402.368026516	vk_any	1024	1024	16
1789398402.368026516	vk_cmdbuffer	3144	3144	155
1789398402.368026516	vk_descriptorpo	928	928	35
1789398402.368026516	vk_device	212	212	10
1789398402.368026516	vk_devicememory	560856	491520	8
1789398402.368026516	vk_image	628	628	4
1789398402.368026516	vk_program	212	212	3
1789398402.368026516	vk_queue	8264	8264	3
1789398403.396366670	any(0)	660	84	13
1789398403.396366670	command	32	32	2
1789398403.396366670	gl	128	128	2
1789398403.396366670	vk_any	960	960	15
1789398403.396366670	vk_cmdbuffer	3144	3144	155
1789398403.396366670	vk_descriptorpo	528	528	10
1789398403.396366670	vk_device	212	212	10
1789398403.396366670	vk_devicememory	560856	491520	8
1789398403.396366670	vk_image	628	628	4
1789398403.396366670	vk_program	212	212	3
1789398403.396366670	vk_queue	8264	8264	3
1789398404.420798283	any(0)	660	84	13
1789398404.420798283	command	32	32	2
1789398404.420798283	gl	128	128	2
1789398404.420798283	vk_any	1024	1024	16
1789398404.420798283	vk_cmdbuffer	3144	3144	155
1789398404.420798283	vk_descriptorpo	832	832	29
1789398404.420798283	vk_device	212	212	10
1789398404.420798283	vk_devicememory	560856	491520	8
1789398404.420798283	vk_image	628	628	4
1789398404.420798283	vk_program	212	212	3
1789398404.420798283	vk_queue	8264	8264	3
1789398405.444502864	any(0)	660	84	13
1789398405.444502864	command	32	32	2
1789398405.444502864	gl	128	128	2
1789398405.444502864	vk_any	1024	1024	16
1789398405.444502864	vk_cmdbuffer	3144	3144	155
1789398405.444502864	vk_descriptorpo	832	832	29
1789398405.444502864	vk_device	212	212	10
1789398405.444502864	vk_devicememory	560856	491520	8
1789398405.444502864	vk_image	628	628	4
1789398405.444502864	vk_program	212	212	3
1789398405.444502864	vk_queue	8264	8264	3
1789398406.473036300	any(0)	660	84	13
1789398406.473036300	command	32	32	2
1789398406.473036300	gl	128	128	2
1789398406.473036300	vk_any	960	960	15
1789398406.473036300	vk_cmdbuffer	3144	3144	155
1789398406.473036300	vk_descriptorpo	528	528	10
1789398406.473036300	vk_device	212	212	10
1789398406.473036300	vk_devicememory	560856	491520	8
1789398406.473036300	vk_image	628	628	4
1789398406.473036300	vk_program	212	212	3
1789398406.473036300	vk_queue	8264	8264	3
1789398407.497693954	any(0)	660	84	13
1789398407.497693954	command	32	32	2
1789398407.497693954	gl	128	128	2
1789398407.497693954	vk_any	1024	1024	16
1789398407.497693954	vk_cmdbuffer	3144	3144	155
1789398407.497693954	vk_descriptorpo	784	784	26
1789398407.497693954	vk_device	212	212	10
1789398407.497693954	vk_devicememory	560856	491520	8
1789398407.497693954	vk_image	628	628	4
1789398407.497693954	vk_program	212	212	3
1789398407.497693954	vk_queue	8264	8264	3
1789398408.522131920	any(0)	660	84	13
1789398408.522131920	command	32	32	2
1789398408.522131920	gl	128	128	2
1789398408.522131920	vk_any	1024	1024	16
1789398408.522131920	vk_cmdbuffer	3144	3144	155
1789398408.522131920	vk_descriptorpo	784	784	26
1789398408.522131920	vk_device	212	212	10
1789398408.522131920	vk_devicememory	560856	491520	8
1789398408.522131920	vk_image	628	628	4
1789398408.522131920	vk_program	212	212	3
1789398408.522131920	vk_queue	8264	8264	3
1789398409.546268325	any(0)	660	84	13
1789398409.546268325	command	32	32	2
1789398409.546268325	gl	128	128	2
1789398409.546268325	vk_any	1024	1024	16
1789398409.546268325	vk_cmdbuffer	3144	3144	155
1789398409.546268325	vk_descriptorpo	784	784	26
1789398409.546268325	vk_device	212	212	10
1789398409.546268325	vk_devicememory	560856	491520	8
1789398409.546268325	vk_image	628	628	4
1789398409.546268325	vk_program	212	212	3
1789398409.546268325	vk_queue	8264	8264	3
1789398410.566816082	any(0)	660	84	13
1789398410.566816082	command	32	32	2
1789398410.566816082	gl	128	128	2
1789398410.566816082	vk_any	1024	1024	16
1789398410.566816082	vk_cmdbuffer	3144	3144	155
1789398410.566816082	vk_descriptorpo	768	768	25
1789398410.566816082	vk_device	212	212	10
1789398410.566816082	vk_devicememory	560856	491520	8
1789398410.566816082	vk_image	628	628	4
1789398410.566816082	vk_program	212	212	3
1789398410.566816082	vk_queue	8264	8264	3
1789398411.590390403	any(0)	660	84	13
1789398411.590390403	command	32	32	2
1789398411.590390403	gl	128	128	2
1789398411.590390403	vk_any	1024	1024	16
1789398411.590390403	vk_cmdbuffer	3144	3144	155
1789398411.590390403	vk_descriptorpo	768	768	25
1789398411.590390403	vk_device	212	212	10
1789398411.590390403	vk_devicememory	560856	491520	8
1789398411.590390403	vk_image	628	628	4
1789398411.590390403	vk_program	212	212	3
1789398411.590390403	vk_queue	8264	8264	3
1789398412.615485818	any(0)	660	84	13
1789398412.615485818	command	32	32	2
1789398412.615485818	gl	128	128	2
1789398412.615485818	vk_any	1024	1024	16
1789398412.615485818	vk_cmdbuffer	3144	3144	155
1789398412.615485818	vk_descriptorpo	768	768	25
1789398412.615485818	vk_device	212	212	10
1789398412.615485818	vk_devicememory	560856	491520	8
1789398412.615485818	vk_image	628	628	4
1789398412.615485818	vk_program	212	212	3
1789398412.615485818	vk_queue	8264	8264	3
1789398413.640235659	any(0)	660	84	13
1789398413.640235659	command	32	32	2
1789398413.640235659	gl	128	128	2
1789398413.640235659	vk_any	1024	1024	16
1789398413.640235659	vk_cmdbuffer	3144	3144	155
1789398413.640235659	vk_descriptorpo	736	736	23
1789398413.640235659	vk_device	212	212	10
1789398413.640235659	vk_devicememory	560856	491520	8
1789398413.640235659	vk_image	628	628	4
1789398413.640235659	vk_program	212	212	3
1789398413.640235659	vk_queue	8264	8264	3
1789398414.665821178	any(0)	660	84	13
1789398414.665821178	command	32	32	2
1789398414.665821178	gl	128	128	2
1789398414.665821178	vk_any	1024	1024	16
1789398414.665821178	vk_cmdbuffer	3144	3144	155
1789398414.665821178	vk_descriptorpo	736	736	23
1789398414.665821178	vk_device	212	212	10
1789398414.665821178	vk_devicememory	560856	491520	8
1789398414.665821178	vk_image	628	628	4
1789398414.665821178	vk_program	212	212	3
1789398414.665821178	vk_queue	8264	8264	3
1789398415.694121697	any(0)	660	84	13
1789398415.694121697	command	32	32	2
1789398415.694121697	gl	128	128	2
1789398415.694121697	vk_any	1024	1024	16
1789398415.694121697	vk_cmdbuffer	3144	3144	155
1789398415.694121697	vk_descriptorpo	736	736	23
1789398415.694121697	vk_device	212	212	10
1789398415.694121697	vk_devicememory	560856	491520	8
1789398415.694121697	vk_image	628	628	4
1789398415.694121697	vk_program	212	212	3
1789398415.694121697	vk_queue	8264	8264	3
1789398416.719868102	any(0)	660	84	13
1789398416.719868102	command	32	32	2
1789398416.719868102	gl	128	128	2
1789398416.719868102	vk_any	1024	1024	16
1789398416.719868102	vk_cmdbuffer	3144	3144	155
1789398416.719868102	vk_descriptorpo	720	720	22
1789398416.719868102	vk_device	212	212	10
1789398416.719868102	vk_devicememory	560856	491520	8
1789398416.719868102	vk_image	628	628	4
1789398416.719868102	vk_program	212	212	3
1789398416.719868102	vk_queue	8264	8264	3
1789398417.748351017	any(0)	660	84	13
1789398417.748351017	command	32	32	2
1789398417.748351017	gl	128	128	2
1789398417.748351017	vk_any	1024	1024	16
1789398417.748351017	vk_cmdbuffer	3144	3144	155
1789398417.748351017	vk_descriptorpo	720	720	22
1789398417.748351017	vk_device	212	212	10
1789398417.748351017	vk_devicememory	560856	491520	8
1789398417.748351017	vk_image	628	628	4
1789398417.748351017	vk_program	212	212	3
1789398417.748351017	vk_queue	8264	8264	3
1789398418.772163567	any(0)	660	84	13
1789398418.772163567	command	32	32	2
1789398418.772163567	gl	128	128	2
1789398418.772163567	vk_any	1024	1024	16
1789398418.772163567	vk_cmdbuffer	3144	3144	155
1789398418.772163567	vk_descriptorpo	720	720	22
1789398418.772163567	vk_device	212	212	10
1789398418.772163567	vk_devicememory	560856	491520	8
1789398418.772163567	vk_image	628	628	4
1789398418.772163567	vk_program	212	212	3
1789398418.772163567	vk_queue	8264	8264	3
1789398419.797604033	any(0)	660	84	13
1789398419.797604033	command	32	32	2
1789398419.797604033	gl	128	128	2
1789398419.797604033	vk_any	1024	1024	16
1789398419.797604033	vk_cmdbuffer	3144	3144	155
1789398419.797604033	vk_descriptorpo	704	704	21
1789398419.797604033	vk_device	212	212	10
1789398419.797604033	vk_devicememory	560856	491520	8
1789398419.797604033	vk_image	628	628	4
1789398419.797604033	vk_program	212	212	3
1789398419.797604033	vk_queue	8264	8264	3
1789398420.824252938	any(0)	660	84	13
1789398420.824252938	command	32	32	2
1789398420.824252938	gl	128	128	2
1789398420.824252938	vk_any	1024	1024	16
1789398420.824252938	vk_cmdbuffer	3144	3144	155
1789398420.824252938	vk_descriptorpo	704	704	21
1789398420.824252938	vk_device	212	212	10
1789398420.824252938	vk_devicememory	560856	491520	8
1789398420.824252938	vk_image	628	628	4
1789398420.824252938	vk_program	212	212	3
1789398420.824252938	vk_queue	8264	8264	3
1789398421.848157571	any(0)	660	84	13
1789398421.848157571	command	32	32	2
1789398421.848157571	gl	128	128	2
1789398421.848157571	vk_any	1024	1024	16
1789398421.848157571	vk_cmdbuffer	3144	3144	155
1789398421.848157571	vk_descriptorpo	704	704	21
1789398421.848157571	vk_device	212	212	10
1789398421.848157571	vk_devicememory	560856	491520	8
1789398421.848157571	vk_image	628	628	4
1789398421.848157571	vk_program	212	212	3
1789398421.848157571	vk_queue	8264	8264	3
1789398422.870458506	any(0)	660	84	13
1789398422.870458506	command	32	32	2
1789398422.870458506	gl	128	128	2
1789398422.870458506	vk_any	1024	1024	16
1789398422.870458506	vk_cmdbuffer	3144	3144	155
1789398422.870458506	vk_descriptorpo	704	704	21
1789398422.870458506	vk_device	212	212	10
1789398422.870458506	vk_devicememory	560856	491520	8
1789398422.870458506	vk_image	628	628	4
1789398422.870458506	vk_program	212	212	3
1789398422.870458506	vk_queue	8264	8264	3
1789398423.899482671	any(0)	660	84	13
1789398423.899482671	command	32	32	2
1789398423.899482671	gl	128	128	2
1789398423.899482671	vk_any	1024	1024	16
1789398423.899482671	vk_cmdbuffer	3144	3144	155
1789398423.899482671	vk_descriptorpo	704	704	21
1789398423.899482671	vk_device	212	212	10
1789398423.899482671	vk_devicememory	560856	491520	8
1789398423.899482671	vk_image	628	628	4
1789398423.899482671	vk_program	212	212	3
1789398423.899482671	vk_queue	8264	8264	3
1789398424.928170690	any(0)	660	84	13
1789398424.928170690	command	32	32	2
1789398424.928170690	gl	128	128	2
1789398424.928170690	vk_any	1024	1024	16
1789398424.928170690	vk_cmdbuffer	3144	3144	155
1789398424.928170690	vk_descriptorpo	704	704	21
1789398424.928170690	vk_device	212	212	10
1789398424.928170690	vk_devicememory	560856	491520	8
1789398424.928170690	vk_image	628	628	4
1789398424.928170690	vk_program	212	212	3
1789398424.928170690	vk_queue	8264	8264	3
1789398425.951980792	any(0)	660	84	13
1789398425.951980792	command	32	32	2
1789398425.951980792	gl	128	128	2
1789398425.951980792	vk_any	1024	1024	16
1789398425.951980792	vk_cmdbuffer	3144	3144	155
1789398425.951980792	vk_descriptorpo	688	688	20
1789398425.951980792	vk_device	212	212	10
1789398425.951980792	vk_devicememory	560856	491520	8
1789398425.951980792	vk_image	628	628	4
1789398425.951980792	vk_program	212	212	3
1789398425.951980792	vk_queue	8264	8264	3
1789398426.976087248	any(0)	660	84	13
1789398426.976087248	command	32	32	2
1789398426.976087248	gl	128	128	2
1789398426.976087248	vk_any	1024	1024	16
1789398426.976087248	vk_cmdbuffer	3144	3144	155
1789398426.976087248	vk_descriptorpo	688	688	20
1789398426.976087248	vk_device	212	212	10
1789398426.976087248	vk_devicememory	560856	491520	8
1789398426.976087248	vk_image	628	628	4
1789398426.976087248	vk_program	212	212	3
1789398426.976087248	vk_queue	8264	8264	3
1789398428.001595476	any(0)	660	84	13
1789398428.001595476	command	32	32	2
1789398428.001595476	gl	128	128	2
1789398428.001595476	vk_any	1024	1024	16
1789398428.001595476	vk_cmdbuffer	3144	3144	155
1789398428.001595476	vk_descriptorpo	688	688	20
1789398428.001595476	vk_device	212	212	10
1789398428.001595476	vk_devicememory	560856	491520	8
1789398428.001595476	vk_image	628	628	4
1789398428.001595476	vk_program	212	212	3
1789398428.001595476	vk_queue	8264	8264	3
1789398429.026757609	any(0)	660	84	13
1789398429.026757609	command	32	32	2
1789398429.026757609	gl	128	128	2
1789398429.026757609	vk_any	1024	1024	16
1789398429.026757609	vk_cmdbuffer	3144	3144	155
1789398429.026757609	vk_descriptorpo	672	672	19
1789398429.026757609	vk_device	212	212	10
1789398429.026757609	vk_devicememory	560856	491520	8
1789398429.026757609	vk_image	628	628	4
1789398429.026757609	vk_program	212	212	3
1789398429.026757609	vk_queue	8264	8264	3
1789398430.052018909	any(0)	660	84	13
1789398430.052018909	command	32	32	2
1789398430.052018909	gl	128	128	2
1789398430.052018909	vk_any	1024	1024	16
1789398430.052018909	vk_cmdbuffer	3144	3144	155
1789398430.052018909	vk_descriptorpo	672	672	19
1789398430.052018909	vk_device	212	212	10
1789398430.052018909	vk_devicememory	560856	491520	8
1789398430.052018909	vk_image	628	628	4
1789398430.052018909	vk_program	212	212	3
1789398430.052018909	vk_queue	8264	8264	3
1789398431.074950417	any(0)	660	84	13
1789398431.074950417	command	32	32	2
1789398431.074950417	gl	128	128	2
1789398431.074950417	vk_any	1024	1024	16
1789398431.074950417	vk_cmdbuffer	3144	3144	155
1789398431.074950417	vk_descriptorpo	672	672	19
1789398431.074950417	vk_device	212	212	10
1789398431.074950417	vk_devicememory	560856	491520	8
1789398431.074950417	vk_image	628	628	4
1789398431.074950417	vk_program	212	212	3
1789398431.074950417	vk_queue	8264	8264	3
1789398432.099093852	any(0)	660	84	13
1789398432.099093852	command	32	32	2
1789398432.099093852	gl	128	128	2
1789398432.099093852	vk_any	1024	1024	16
1789398432.099093852	vk_cmdbuffer	3144	3144	155
1789398432.099093852	vk_descriptorpo	656	656	18
1789398432.099093852	vk_device	212	212	10
1789398432.099093852	vk_devicememory	560856	491520	8
1789398432.099093852	vk_image	628	628	4
1789398432.099093852	vk_program	212	212	3
1789398432.099093852	vk_queue	8264	8264	3
1789398433.122958902	any(0)	660	84	13
1789398433.122958902	command	32	32	2
1789398433.122958902	gl	128	128	2
1789398433.122958902	vk_any	1024	1024	16
1789398433.122958902	vk_cmdbuffer	3144	3144	155
1789398433.122958902	vk_descriptorpo	656	656	18
1789398433.122958902	vk_device	212	212	10
1789398433.122958902	vk_devicememory	560856	491520	8
1789398433.122958902	vk_image	628	628	4
1789398433.122958902	vk_program	212	212	3
1789398433.122958902	vk_queue	8264	8264	3
1789398434.152699682	any(0)	660	84	13
1789398434.152699682	command	32	32	2
1789398434.152699682	gl	128	128	2
1789398434.152699682	vk_any	1024	1024	16
1789398434.152699682	vk_cmdbuffer	3144	3144	155
1789398434.152699682	vk_descriptorpo	656	656	18
1789398434.152699682	vk_device	212	212	10
1789398434.152699682	vk_devicememory	560856	491520	8
1789398434.152699682	vk_image	628	628	4
1789398434.152699682	vk_program	212	212	3
1789398434.152699682	vk_queue	8264	8264	3
1789398435.182074732	any(0)	660	84	13
1789398435.182074732	command	32	32	2
1789398435.182074732	gl	128	128	2
1789398435.182074732	vk_any	1024	1024	16
1789398435.182074732	vk_cmdbuffer	3144	3144	155
1789398435.182074732	vk_descriptorpo	656	656	18
1789398435.182074732	vk_device	212	212	10
1789398435.182074732	vk_devicememory	560856	491520	8
1789398435.182074732	vk_image	628	628	4
1789398435.182074732	vk_program	212	212	3
1789398435.182074732	vk_queue	8264	8264	3
1789398436.207071553	any(0)	660	84	13
1789398436.207071553	command	32	32	2
1789398436.207071553	gl	128	128	2
1789398436.207071553	vk_any	1024	1024	16
1789398436.207071553	vk_cmdbuffer	3144	3144	155
1789398436.207071553	vk_descriptorpo	656	656	18
1789398436.207071553	vk_device	212	212	10
1789398436.207071553	vk_devicememory	560856	491520	8
1789398436.207071553	vk_image	628	628	4
1789398436.207071553	vk_program	212	212	3
1789398436.207071553	vk_queue	8264	8264	3
1789398437.233122749	any(0)	660	84	13
1789398437.233122749	command	32	32	2
1789398437.233122749	gl	128	128	2
1789398437.233122749	vk_any	1024	1024	16
1789398437.233122749	vk_cmdbuffer	3144	3144	155
1789398437.233122749	vk_descriptorpo	656	656	18
1789398437.233122749	vk_device	212	212	10
1789398437.233122749	vk_devicememory	560856	491520	8
1789398437.233122749	vk_image	628	628	4
1789398437.233122749	vk_program	212	212	3
1789398437.233122749	vk_queue	8264	8264	3
1789398438.259435820	any(0)	660	84	13
1789398438.259435820	command	32	32	2
1789398438.259435820	gl	128	128	2
1789398438.259435820	vk_any	1024	1024	16
1789398438.259435820	vk_cmdbuffer	3144	3144	155
1789398438.259435820	vk_descriptorpo	640	640	17
1789398438.259435820	vk_device	212	212	10
1789398438.259435820	vk_devicememory	560856	491520	8
1789398438.259435820	vk_image	628	628	4
1789398438.259435820	vk_program	212	212	3
1789398438.259435820	vk_queue	8264	8264	3
1789398439.281175245	any(0)	660	84	13
1789398439.281175245	command	32	32	2
1789398439.281175245	gl	128	128	2
1789398439.281175245	vk_any	1024	1024	16
1789398439.281175245	vk_cmdbuffer	3144	3144	155
1789398439.281175245	vk_descriptorpo	640	640	17
1789398439.281175245	vk_device	212	212	10
1789398439.281175245	vk_devicememory	560856	491520	8
1789398439.281175245	vk_image	628	628	4
1789398439.281175245	vk_program	212	212	3
1789398439.281175245	vk_queue	8264	8264	3
1789398440.303647743	any(0)	660	84	13
1789398440.303647743	command	32	32	2
1789398440.303647743	gl	128	128	2
1789398440.303647743	vk_any	1024	1024	16
1789398440.303647743	vk_cmdbuffer	3144	3144	155
1789398440.303647743	vk_descriptorpo	640	640	17
1789398440.303647743	vk_device	212	212	10
1789398440.303647743	vk_devicememory	560856	491520	8
1789398440.303647743	vk_image	628	628	4
1789398440.303647743	vk_program	212	212	3
1789398440.303647743	vk_queue	8264	8264	3
1789398441.328109980	any(0)	660	84	13
1789398441.328109980	command	32	32	2
1789398441.328109980	gl	128	128	2
1789398441.328109980	vk_any	1024	1024	16
1789398441.328109980	vk_cmdbuffer	3144	3144	155
1789398441.328109980	vk_descriptorpo	624	624	16
1789398441.328109980	vk_device	212	212	10
1789398441.328109980	vk_devicememory	560856	491520	8
1789398441.328109980	vk_image	628	628	4
1789398441.328109980	vk_program	212	212	3
1789398441.328109980	vk_queue	8264	8264	3
1789398442.351062895	any(0)	660	84	13
1789398442.351062895	command	32	32	2
1789398442.351062895	gl	128	128	2
1789398442.351062895	vk_any	1024	1024	16
1789398442.351062895	vk_cmdbuffer	3144	3144	155
1789398442.351062895	vk_descriptorpo	624	624	16
1789398442.351062895	vk_device	212	212	10
1789398442.351062895	vk_devicememory	560856	491520	8
1789398442.351062895	vk_image	628	628	4
1789398442.351062895	vk_program	212	212	3
1789398442.351062895	vk_queue	8264	8264	3
1789398443.373288361	any(0)	660	84	13
1789398443.373288361	command	32	32	2
1789398443.373288361	gl	128	128	2
1789398443.373288361	vk_any	1024	1024	16
1789398443.373288361	vk_cmdbuffer	3144	3144	155
1789398443.373288361	vk_descriptorpo	624	624	16
1789398443.373288361	vk_device	212	212	10
1789398443.373288361	vk_devicememory	560856	491520	8
1789398443.373288361	vk_image	628	628	4
1789398443.373288361	vk_program	212	212	3
1789398443.373288361	vk_queue	8264	8264	3
1789398444.398286328	any(0)	660	84	13
1789398444.398286328	command	32	32	2
1789398444.398286328	gl	128	128	2
1789398444.398286328	vk_any	1024	1024	16
1789398444.398286328	vk_cmdbuffer	3144	3144	155
1789398444.398286328	vk_descriptorpo	608	608	15
1789398444.398286328	vk_device	212	212	10
1789398444.398286328	vk_devicememory	560856	491520	8
1789398444.398286328	vk_image	628	628	4
1789398444.398286328	vk_program	212	212	3
1789398444.398286328	vk_queue	8264	8264	3
1789398445.425671222	any(0)	660	84	13
1789398445.425671222	command	32	32	2
1789398445.425671222	gl	128	128	2
1789398445.425671222	vk_any	1024	1024	16
1789398445.425671222	vk_cmdbuffer	3144	3144	155
1789398445.425671222	vk_descriptorpo	608	608	15
1789398445.425671222	vk_device	212	212	10
1789398445.425671222	vk_devicememory	560856	491520	8
1789398445.425671222	vk_image	628	628	4
1789398445.425671222	vk_program	212	212	3
1789398445.425671222	vk_queue	8264	8264	3
1789398446.455108980	any(0)	660	84	13
1789398446.455108980	command	32	32	2
1789398446.455108980	gl	128	128	2
1789398446.455108980	vk_any	1024	1024	16
1789398446.455108980	vk_cmdbuffer	3144	3144	155
1789398446.455108980	vk_descriptorpo	608	608	15
1789398446.455108980	vk_device	212	212	10
1789398446.455108980	vk_devicememory	560856	491520	8
1789398446.455108980	vk_image	628	628	4
1789398446.455108980	vk_program	212	212	3
1789398446.455108980	vk_queue	8264	8264	3
1789398447.481472572	any(0)	660	84	13
1789398447.481472572	command	32	32	2
1789398447.481472572	gl	128	128	2
1789398447.481472572	vk_any	1024	1024	16
1789398447.481472572	vk_cmdbuffer	3144	3144	155
1789398447.481472572	vk_descriptorpo	592	592	14
1789398447.481472572	vk_device	212	212	10
1789398447.481472572	vk_devicememory	560856	491520	8
1789398447.481472572	vk_image	628	628	4
1789398447.481472572	vk_program	212	212	3
1789398447.481472572	vk_queue	8264	8264	3
1789398448.508538456	any(0)	660	84	13
1789398448.508538456	command	32	32	2
1789398448.508538456	gl	128	128	2
1789398448.508538456	vk_any	1024	1024	16
1789398448.508538456	vk_cmdbuffer	3144	3144	155
1789398448.508538456	vk_descriptorpo	592	592	14
1789398448.508538456	vk_device	212	212	10
1789398448.508538456	vk_devicememory	560856	491520	8
1789398448.508538456	vk_image	628	628	4
1789398448.508538456	vk_program	212	212	3
1789398448.508538456	vk_queue	8264	8264	3
1789398449.538957829	any(0)	660	84	13
1789398449.538957829	command	32	32	2
1789398449.538957829	gl	128	128	2
1789398449.538957829	vk_any	1024	1024	16
1789398449.538957829	vk_cmdbuffer	3144	3144	155
1789398449.538957829	vk_descriptorpo	592	592	14
1789398449.538957829	vk_device	212	212	10
1789398449.538957829	vk_devicememory	560856	491520	8
1789398449.538957829	vk_image	628	628	4
1789398449.538957829	vk_program	212	212	3
1789398449.538957829	vk_queue	8264	8264	3
1789398450.563144546	any(0)	660	84	13
1789398450.563144546	command	32	32	2
1789398450.563144546	gl	128	128	2
1789398450.563144546	vk_any	1024	1024	16
1789398450.563144546	vk_cmdbuffer	3144	3144	155
1789398450.563144546	vk_descriptorpo	560	560	12
1789398450.563144546	vk_device	212	212	10
1789398450.563144546	vk_devicememory	560856	491520	8
1789398450.563144546	vk_image	628	628	4
1789398450.563144546	vk_program	212	212	3
1789398450.563144546	vk_queue	8264	8264	3
1789398451.590939492	any(0)	660	84	13
1789398451.590939492	command	32	32	2
1789398451.590939492	gl	128	128	2
1789398451.590939492	vk_any	1024	1024	16
1789398451.590939492	vk_cmdbuffer	3144	3144	155
1789398451.590939492	vk_descriptorpo	560	560	12
1789398451.590939492	vk_device	212	212	10
1789398451.590939492	vk_devicememory	560856	491520	8
1789398451.590939492	vk_image	628	628	4
1789398451.590939492	vk_program	212	212	3
1789398451.590939492	vk_queue	8264	8264	3
1789398452.619301105	any(0)	660	84	13
1789398452.619301105	command	32	32	2
1789398452.619301105	gl	128	128	2
1789398452.619301105	vk_any	1024	1024	16
1789398452.619301105	vk_cmdbuffer	3144	3144	155
1789398452.619301105	vk_descriptorpo	560	560	12
1789398452.619301105	vk_device	212	212	10
1789398452.619301105	vk_devicememory	560856	491520	8
1789398452.619301105	vk_image	628	628	4
1789398452.619301105	vk_program	212	212	3
1789398452.619301105	vk_queue	8264	8264	3
1789398453.645805895	any(0)	660	84	13
1789398453.645805895	command	32	32	2
1789398453.645805895	gl	128	128	2
1789398453.645805895	vk_any	960	960	15
1789398453.645805895	vk_cmdbuffer	3144	3144	155
1789398453.645805895	vk_descriptorpo	528	528	10
1789398453.645805895	vk_device	212	212	10
1789398453.645805895	vk_devicememory	560856	491520	8
1789398453.645805895	vk_image	628	628	4
1789398453.645805895	vk_program	212	212	3
1789398453.645805895	vk_queue	8264	8264	3
1789398454.678422821	any(0)	660	84	13
1789398454.678422821	command	32	32	2
1789398454.678422821	gl	128	128	2
1789398454.678422821	vk_any	960	960	15
1789398454.678422821	vk_cmdbuffer	3144	3144	155
1789398454.678422821	vk_descriptorpo	528	528	10
1789398454.678422821	vk_device	212	212	10
1789398454.678422821	vk_devicememory	560856	491520	8
1789398454.678422821	vk_image	628	628	4
1789398454.678422821	vk_program	212	212	3
1789398454.678422821	vk_queue	8264	8264	3
1789398455.704814277	any(0)	660	84	13
1789398455.704814277	command	32	32	2
1789398455.704814277	gl	128	128	2
1789398455.704814277	vk_any	960	960	15
1789398455.704814277	vk_cmdbuffer	3144	3144	155
1789398455.704814277	vk_descriptorpo	528	528	10
1789398455.704814277	vk_device	212	212	10
1789398455.704814277	vk_devicememory	560856	491520	8
1789398455.704814277	vk_image	628	628	4
1789398455.704814277	vk_program	212	212	3
1789398455.704814277	vk_queue	8264	8264	3
1789398456.728911827	any(0)	660	84	13
1789398456.728911827	command	32	32	2
1789398456.728911827	gl	128	128	2
1789398456.728911827	vk_any	896	896	14
1789398456.728911827	vk_cmdbuffer	3144	3144	155
1789398456.728911827	vk_descriptorpo	528	528	10
1789398456.728911827	vk_device	212	212	10
1789398456.728911827	vk_devicememory	560856	491520	8
1789398456.728911827	vk_image	224	224	3
1789398456.728911827	vk_program	212	212	3
1789398456.728911827	vk_queue	8264	8264	3
1789398457.752024689	any(0)	660	84	13
1789398457.752024689	command	32	32	2
1789398457.752024689	gl	128	128	2
1789398457.752024689	vk_any	896	896	14
1789398457.752024689	vk_cmdbuffer	3144	3144	155
1789398457.752024689	vk_descriptorpo	528	528	10
1789398457.752024689	vk_device	212	212	10
1789398457.752024689	vk_devicememory	560856	491520	8
1789398457.752024689	vk_image	224	224	3
1789398457.752024689	vk_program	212	212	3
1789398457.752024689	vk_queue	8264	8264	3
1789398458.776774114	any(0)	660	84	13
1789398458.776774114	command	32	32	2
1789398458.776774114	gl	128	128	2
1789398458.776774114	vk_any	896	896	14
1789398458.776774114	vk_cmdbuffer	3144	3144	155
1789398458.776774114	vk_descriptorpo	528	528	10
1789398458.776774114	vk_device	212	212	10
1789398458.776774114	vk_devicememory	560856	491520	8
1789398458.776774114	vk_image	224	224	3
1789398458.776774114	vk_program	212	212	3
1789398458.776774114	vk_queue	8264	8264	3
1789398459.804666560	any(0)	660	84	13
1789398459.804666560	command	32	32	2
1789398459.804666560	gl	128	128	2
1789398459.804666560	vk_any	896	896	14
1789398459.804666560	vk_cmdbuffer	3144	3144	155
1789398459.804666560	vk_descriptorpo	528	528	10
1789398459.804666560	vk_device	212	212	10
1789398459.804666560	vk_devicememory	560856	491520	8
1789398459.804666560	vk_image	224	224	3
1789398459.804666560	vk_program	212	212	3
1789398459.804666560	vk_queue	8264	8264	3
1789398460.826513485	any(0)	660	84	13
1789398460.826513485	command	32	32	2
1789398460.826513485	gl	128	128	2
1789398460.826513485	vk_any	1024	1024	16
1789398460.826513485	vk_cmdbuffer	3144	3144	155
1789398460.826513485	vk_descriptorpo	928	928	35
1789398460.826513485	vk_device	212	212	10
1789398460.826513485	vk_devicememory	560856	491520	8
1789398460.826513485	vk_image	224	224	3
1789398460.826513485	vk_program	212	212	3
1789398460.826513485	vk_queue	8264	8264	3
1789398461.848716608	any(0)	660	84	13
1789398461.848716608	command	32	32	2
1789398461.848716608	gl	128	128	2
1789398461.848716608	vk_any	1024	1024	16
1789398461.848716608	vk_cmdbuffer	3144	3144	155
1789398461.848716608	vk_descriptorpo	928	928	35
1789398461.848716608	vk_device	212	212	10
1789398461.848716608	vk_devicememory	560856	491520	8
1789398461.848716608	vk_image	224	224	3
1789398461.848716608	vk_program	212	212	3
1789398461.848716608	vk_queue	8264	8264	3
1789398462.871649210	any(0)	660	84	13
1789398462.871649210	command	32	32	2
1789398462.871649210	gl	128	128	2
1789398462.871649210	vk_any	1024	1024	16
1789398462.871649210	vk_cmdbuffer	3144	3144	155
1789398462.871649210	vk_descriptorpo	928	928	35
1789398462.871649210	vk_device	212	212	10
1789398462.871649210	vk_devicememory	560856	491520	8
1789398462.871649210	vk_image	224	224	3
1789398462.871649210	vk_program	212	212	3
1789398462.871649210	vk_queue	8264	8264	3
1789398463.897213947	any(0)	660	84	13
1789398463.897213947	command	32	32	2
1789398463.897213947	gl	128	128	2
1789398463.897213947	vk_any	960	960	15
1789398463.897213947	vk_cmdbuffer	3152	3152	156
1789398463.897213947	vk_descriptorpo	608	608	15
1789398463.897213947	vk_device	212	212	10
1789398463.897213947	vk_devicememory	560856	491520	8
1789398463.897213947	vk_image	224	224	3
1789398463.897213947	vk_program	212	212	3
1789398463.897213947	vk_queue	8264	8264	3
1789398464.918192955	any(0)	660	84	13
1789398464.918192955	command	32	32	2
1789398464.918192955	gl	128	128	2
1789398464.918192955	vk_any	1024	1024	16
1789398464.918192955	vk_cmdbuffer	3144	3144	155
1789398464.918192955	vk_descriptorpo	832	832	29
1789398464.918192955	vk_device	212	212	10
1789398464.918192955	vk_devicememory	560856	491520	8
1789398464.918192955	vk_image	224	224	3
1789398464.918192955	vk_program	212	212	3
1789398464.918192955	vk_queue	8264	8264	3
1789398465.941491182	any(0)	660	84	13
1789398465.941491182	command	32	32	2
1789398465.941491182	gl	128	128	2
1789398465.941491182	vk_any	1024	1024	16
1789398465.941491182	vk_cmdbuffer	3144	3144	155
1789398465.941491182	vk_descriptorpo	832	832	29
1789398465.941491182	vk_device	212	212	10
1789398465.941491182	vk_devicememory	560856	491520	8
1789398465.941491182	vk_image	224	224	3
1789398465.941491182	vk_program	212	212	3
1789398465.941491182	vk_queue	8264	8264	3
1789398466.963768732	any(0)	660	84	13
1789398466.963768732	command	32	32	2
1789398466.963768732	gl	128	128	2
1789398466.963768732	vk_any	960	960	15
1789398466.963768732	vk_cmdbuffer	3144	3144	155
1789398466.963768732	vk_descriptorpo	528	528	10
1789398466.963768732	vk_device	212	212	10
1789398466.963768732	vk_devicememory	560856	491520	8
1789398466.963768732	vk_image	224	224	3
1789398466.963768732	vk_program	212	212	3
1789398466.963768732	vk_queue	8264	8264	3
1789398467.985988677	any(0)	660	84	13
1789398467.985988677	command	32	32	2
1789398467.985988677	gl	128	128	2
1789398467.985988677	vk_any	1024	1024	16
1789398467.985988677	vk_cmdbuffer	3144	3144	155
1789398467.985988677	vk_descriptorpo	784	784	26
1789398467.985988677	vk_device	212	212	10
1789398467.985988677	vk_devicememory	560856	491520	8
1789398467.985988677	vk_image	224	224	3
1789398467.985988677	vk_program	212	212	3
1789398467.985988677	vk_queue	8264	8264	3
1789398469.010345707	any(0)	660	84	13
1789398469.010345707	command	32	32	2
1789398469.010345707	gl	128	128	2
1789398469.010345707	vk_any	1024	1024	16
1789398469.010345707	vk_cmdbuffer	3144	3144	155
1789398469.010345707	vk_descriptorpo	784	784	26
1789398469.010345707	vk_device	212	212	10
1789398469.010345707	vk_devicememory	560856	491520	8
1789398469.010345707	vk_image	224	224	3
1789398469.010345707	vk_program	212	212	3
1789398469.010345707	vk_queue	8264	8264	3
1789398470.035253257	any(0)	660	84	13
1789398470.035253257	command	32	32	2
1789398470.035253257	gl	128	128	2
1789398470.035253257	vk_any	1024	1024	16
1789398470.035253257	vk_cmdbuffer	3144	3144	155
1789398470.035253257	vk_descriptorpo	784	784	26
1789398470.035253257	vk_device	212	212	10
1789398470.035253257	vk_devicememory	560856	491520	8
1789398470.035253257	vk_image	224	224	3
1789398470.035253257	vk_program	212	212	3
1789398470.035253257	vk_queue	8264	8264	3
1789398471.059332057	any(0)	660	84	13
1789398471.059332057	command	32	32	2
1789398471.059332057	gl	128	128	2
1789398471.059332057	vk_any	1024	1024	16
1789398471.059332057	vk_cmdbuffer	3144	3144	155
1789398471.059332057	vk_descriptorpo	768	768	25
1789398471.059332057	vk_device	212	212	10
1789398471.059332057	vk_devicememory	560856	491520	8
1789398471.059332057	vk_image	224	224	3
1789398471.059332057	vk_program	212	212	3
1789398471.059332057	vk_queue	8264	8264	3
1789398472.085321898	any(0)	660	84	13
1789398472.085321898	command	32	32	2
1789398472.085321898	gl	128	128	2
1789398472.085321898	vk_any	1024	1024	16
1789398472.085321898	vk_cmdbuffer	3144	3144	155
1789398472.085321898	vk_descriptorpo	768	768	25
1789398472.085321898	vk_device	212	212	10
1789398472.085321898	vk_devicememory	560856	491520	8
1789398472.085321898	vk_image	224	224	3
1789398472.085321898	vk_program	212	212	3
1789398472.085321898	vk_queue	8264	8264	3
1789398473.106280958	any(0)	660	84	13
1789398473.106280958	command	32	32	2
1789398473.106280958	gl	128	128	2
1789398473.106280958	vk_any	1024	1024	16
1789398473.106280958	vk_cmdbuffer	3144	3144	155
1789398473.106280958	vk_descriptorpo	768	768	25
1789398473.106280958	vk_device	212	212	10
1789398473.106280958	vk_devicememory	560856	491520	8
1789398473.106280958	vk_image	224	224	3
1789398473.106280958	vk_program	212	212	3
1789398473.106280958	vk_queue	8264	8264	3
1789398474.130203300	any(0)	660	84	13
1789398474.130203300	command	32	32	2
1789398474.130203300	gl	128	128	2
1789398474.130203300	vk_any	1024	1024	16
1789398474.130203300	vk_cmdbuffer	3144	3144	155
1789398474.130203300	vk_descriptorpo	736	736	23
1789398474.130203300	vk_device	212	212	10
1789398474.130203300	vk_devicememory	560856	491520	8
1789398474.130203300	vk_image	224	224	3
1789398474.130203300	vk_program	212	212	3
1789398474.130203300	vk_queue	8264	8264	3
1789398475.155456423	any(0)	660	84	13
1789398475.155456423	command	32	32	2
1789398475.155456423	gl	128	128	2
1789398475.155456423	vk_any	1024	1024	16
1789398475.155456423	vk_cmdbuffer	3144	3144	155
1789398475.155456423	vk_descriptorpo	736	736	23
1789398475.155456423	vk_device	212	212	10
1789398475.155456423	vk_devicememory	560856	491520	8
1789398475.155456423	vk_image	224	224	3
1789398475.155456423	vk_program	212	212	3
1789398475.155456423	vk_queue	8264	8264	3
1789398476.181330379	any(0)	660	84	13
1789398476.181330379	command	32	32	2
1789398476.181330379	gl	128	128	2
1789398476.181330379	vk_any	1024	1024	16
1789398476.181330379	vk_cmdbuffer	3144	3144	155
1789398476.181330379	vk_descriptorpo	736	736	23
1789398476.181330379	vk_device	212	212	10
1789398476.181330379	vk_devicememory	560856	491520	8
1789398476.181330379	vk_image	224	224	3
1789398476.181330379	vk_program	212	212	3
1789398476.181330379	vk_queue	8264	8264	3
1789398477.205815221	any(0)	660	84	13
1789398477.205815221	command	32	32	2
1789398477.205815221	gl	128	128	2
1789398477.205815221	vk_any	1024	1024	16
1789398477.205815221	vk_cmdbuffer	3144	3144	155
1789398477.205815221	vk_descriptorpo	720	720	22
1789398477.205815221	vk_device	212	212	10
1789398477.205815221	vk_devicememory	560856	491520	8
1789398477.205815221	vk_image	224	224	3
1789398477.205815221	vk_program	212	212	3
1789398477.205815221	vk_queue	8264	8264	3
1789398478.228253448	any(0)	660	84	13
1789398478.228253448	command	32	32	2
1789398478.228253448	gl	128	128	2
1789398478.228253448	vk_any	1024	1024	16
1789398478.228253448	vk_cmdbuffer	3144	3144	155
1789398478.228253448	vk_descriptorpo	720	720	22
1789398478.228253448	vk_device	212	212	10
1789398478.228253448	vk_devicememory	560856	491520	8
1789398478.228253448	vk_image	224	224	3
1789398478.228253448	vk_program	212	212	3
1789398478.228253448	vk_queue	8264	8264	3
1789398479.252211623	any(0)	660	84	13
1789398479.252211623	command	32	32	2
1789398479.252211623	gl	128	128	2
1789398479.252211623	vk_any	1024	1024	16
1789398479.252211623	vk_cmdbuffer	3144	3144	155
1789398479.252211623	vk_descriptorpo	720	720	22
1789398479.252211623	vk_device	212	212	10
1789398479.252211623	vk_devicememory	560856	491520	8
1789398479.252211623	vk_image	224	224	3
1789398479.252211623	vk_program	212	212	3
1789398479.252211623	vk_queue	8264	8264	3
1789398480.277654277	any(0)	660	84	13
1789398480.277654277	command	32	32	2
1789398480.277654277	gl	128	128	2
1789398480.277654277	vk_any	1024	1024	16
1789398480.277654277	vk_cmdbuffer	3144	3144	155
1789398480.277654277	vk_descriptorpo	704	704	21
1789398480.277654277	vk_device	212	212	10
1789398480.277654277	vk_devicememory	560856	491520	8
1789398480.277654277	vk_image	224	224	3
1789398480.277654277	vk_program	212	212	3
1789398480.277654277	vk_queue	8264	8264	3
1789398481.302659119	any(0)	660	84	13
1789398481.302659119	command	32	32	2
1789398481.302659119	gl	128	128	2
1789398481.302659119	vk_any	1024	1024	16
1789398481.302659119	vk_cmdbuffer	3144	3144	155
1789398481.302659119	vk_descriptorpo	704	704	21
1789398481.302659119	vk_device	212	212	10
1789398481.302659119	vk_devicememory	560856	491520	8
1789398481.302659119	vk_image	224	224	3
1789398481.302659119	vk_program	212	212	3
1789398481.302659119	vk_queue	8264	8264	3
1789398482.327035210	any(0)	660	84	13
1789398482.327035210	command	32	32	2
1789398482.327035210	gl	128	128	2
1789398482.327035210	vk_any	1024	1024	16
1789398482.327035210	vk_cmdbuffer	3144	3144	155
1789398482.327035210	vk_descriptorpo	704	704	21
1789398482.327035210	vk_device	212	212	10
1789398482.327035210	vk_devicememory	560856	491520	8
1789398482.327035210	vk_image	224	224	3
1789398482.327035210	vk_program	212	212	3
1789398482.327035210	vk_queue	8264	8264	3
1789398483.352985104	any(0)	660	84	13
1789398483.352985104	command	32	32	2
1789398483.352985104	gl	128	128	2
1789398483.352985104	vk_any	1024	1024	16
1789398483.352985104	vk_cmdbuffer	3144	3144	155
1789398483.352985104	vk_descriptorpo	704	704	21
1789398483.352985104	vk_device	212	212	10
1789398483.352985104	vk_devicememory	560856	491520	8
1789398483.352985104	vk_image	224	224	3
1789398483.352985104	vk_program	212	212	3
1789398483.352985104	vk_queue	8264	8264	3
1789398484.381667707	any(0)	660	84	13
1789398484.381667707	command	32	32	2
1789398484.381667707	gl	128	128	2
1789398484.381667707	vk_any	1024	1024	16
1789398484.381667707	vk_cmdbuffer	3144	3144	155
1789398484.381667707	vk_descriptorpo	704	704	21
1789398484.381667707	vk_device	212	212	10
1789398484.381667707	vk_devicememory	560856	491520	8
1789398484.381667707	vk_image	224	224	3
1789398484.381667707	vk_program	212	212	3
1789398484.381667707	vk_queue	8264	8264	3
1789398485.409389684	any(0)	660	84	13
1789398485.409389684	command	32	32	2
1789398485.409389684	gl	128	128	2
1789398485.409389684	vk_any	1024	1024	16
1789398485.409389684	vk_cmdbuffer	3144	3144	155
1789398485.409389684	vk_descriptorpo	704	704	21
1789398485.409389684	vk_device	212	212	10
1789398485.409389684	vk_devicememory	560856	491520	8
1789398485.409389684	vk_image	224	224	3
1789398485.409389684	vk_program	212	212	3
1789398485.409389684	vk_queue	8264	8264	3
1789398486.436730463	any(0)	660	84	13
1789398486.436730463	command	32	32	2
1789398486.436730463	gl	128	128	2
1789398486.436730463	vk_any	1024	1024	16
1789398486.436730463	vk_cmdbuffer	3144	3144	155
1789398486.436730463	vk_descriptorpo	688	688	20
1789398486.436730463	vk_device	212	212	10
1789398486.436730463	vk_devicememory	560856	491520	8
1789398486.436730463	vk_image	224	224	3
1789398486.436730463	vk_program	212	212	3
1789398486.436730463	vk_queue	8264	8264	3
1789398487.459681294	any(0)	660	84	13
1789398487.459681294	command	32	32	2
1789398487.459681294	gl	128	128	2
1789398487.459681294	vk_any	1024	1024	16
1789398487.459681294	vk_cmdbuffer	3144	3144	155
1789398487.459681294	vk_descriptorpo	688	688	20
1789398487.459681294	vk_device	212	212	10
1789398487.459681294	vk_devicememory	560856	491520	8
1789398487.459681294	vk_image	224	224	3
1789398487.459681294	vk_program	212	212	3
1789398487.459681294	vk_queue	8264	8264	3
1789398488.485621240	any(0)	660	84	13
1789398488.485621240	command	32	32	2
1789398488.485621240	gl	128	128	2
1789398488.485621240	vk_any	1024	1024	16
1789398488.485621240	vk_cmdbuffer	3144	3144	155
1789398488.485621240	vk_descriptorpo	688	688	20
1789398488.485621240	vk_device	212	212	10
1789398488.485621240	vk_devicememory	560856	491520	8
1789398488.485621240	vk_image	224	224	3
1789398488.485621240	vk_program	212	212	3
1789398488.485621240	vk_queue	8264	8264	3
1789398489.511918009	any(0)	660	84	13
1789398489.511918009	command	32	32	2
1789398489.511918009	gl	128	128	2
1789398489.511918009	vk_any	1024	1024	16
1789398489.511918009	vk_cmdbuffer	3144	3144	155
1789398489.511918009	vk_descriptorpo	672	672	19
1789398489.511918009	vk_device	212	212	10
1789398489.511918009	vk_devicememory	560856	491520	8
1789398489.511918009	vk_image	224	224	3
1789398489.511918009	vk_program	212	212	3
1789398489.511918009	vk_queue	8264	8264	3
1789398490.535474101	any(0)	660	84	13
1789398490.535474101	command	32	32	2
1789398490.535474101	gl	128	128	2
1789398490.535474101	vk_any	1024	1024	16
1789398490.535474101	vk_cmdbuffer	3144	3144	155
1789398490.535474101	vk_descriptorpo	672	672	19
1789398490.535474101	vk_device	212	212	10
1789398490.535474101	vk_devicememory	560856	491520	8
1789398490.535474101	vk_image	224	224	3
1789398490.535474101	vk_program	212	212	3
1789398490.535474101	vk_queue	8264	8264	3
1789398491.561764047	any(0)	660	84	13
1789398491.561764047	command	32	32	2
1789398491.561764047	gl	128	128	2
1789398491.561764047	vk_any	1024	1024	16
1789398491.561764047	vk_cmdbuffer	3144	3144	155
1789398491.561764047	vk_descriptorpo	672	672	19
1789398491.561764047	vk_device	212	212	10
1789398491.561764047	vk_devicememory	560856	491520	8
1789398491.561764047	vk_image	224	224	3
1789398491.561764047	vk_program	212	212	3
1789398491.561764047	vk_queue	8264	8264	3
1789398492.591405868	any(0)	660	84	13
1789398492.591405868	command	32	32	2
1789398492.591405868	gl	128	128	2
1789398492.591405868	vk_any	1024	1024	16
1789398492.591405868	vk_cmdbuffer	3144	3144	155
1789398492.591405868	vk_descriptorpo	656	656	18
1789398492.591405868	vk_device	212	212	10
1789398492.591405868	vk_devicememory	560856	491520	8
1789398492.591405868	vk_image	224	224	3
1789398492.591405868	vk_program	212	212	3
1789398492.591405868	vk_queue	8264	8264	3
1789398493.616493574	any(0)	660	84	13
1789398493.616493574	command	32	32	2
1789398493.616493574	gl	128	128	2
1789398493.616493574	vk_any	1024	1024	16
1789398493.616493574	vk_cmdbuffer	3144	3144	155
1789398493.616493574	vk_descriptorpo	656	656	18
1789398493.616493574	vk_device	212	212	10
1789398493.616493574	vk_devicememory	560856	491520	8
1789398493.616493574	vk_image	224	224	3
1789398493.616493574	vk_program	212	212	3
1789398493.616493574	vk_queue	8264	8264	3
1789398494.643208052	any(0)	660	84	13
1789398494.643208052	command	32	32	2
1789398494.643208052	gl	128	128	2
1789398494.643208052	vk_any	1024	1024	16
1789398494.643208052	vk_cmdbuffer	3144	3144	155
1789398494.643208052	vk_descriptorpo	656	656	18
1789398494.643208052	vk_device	212	212	10
1789398494.643208052	vk_devicememory	560856	491520	8
1789398494.643208052	vk_image	224	224	3
1789398494.643208052	vk_program	212	212	3
1789398494.643208052	vk_queue	8264	8264	3
1789398495.668127633	any(0)	660	84	13
1789398495.668127633	command	32	32	2
1789398495.668127633	gl	128	128	2
1789398495.668127633	vk_any	1024	1024	16
1789398495.668127633	vk_cmdbuffer	3144	3144	155
1789398495.668127633	vk_descriptorpo	656	656	18
1789398495.668127633	vk_device	212	212	10
1789398495.668127633	vk_devicememory	560856	491520	8
1789398495.668127633	vk_image	224	224	3
1789398495.668127633	vk_program	212	212	3
1789398495.668127633	vk_queue	8264	8264	3
1789398496.693613829	any(0)	660	84	13
1789398496.693613829	command	32	32	2
1789398496.693613829	gl	128	128	2
1789398496.693613829	vk_any	1024	1024	16
1789398496.693613829	vk_cmdbuffer	3144	3144	155
1789398496.693613829	vk_descriptorpo	656	656	18
1789398496.693613829	vk_device	212	212	10
1789398496.693613829	vk_devicememory	560856	491520	8
1789398496.693613829	vk_image	224	224	3
1789398496.693613829	vk_program	212	212	3
1789398496.693613829	vk_queue	8264	8264	3
1789398497.719974244	any(0)	660	84	13
1789398497.719974244	command	32	32	2
1789398497.719974244	gl	128	128	2
1789398497.719974244	vk_any	1024	1024	16
1789398497.719974244	vk_cmdbuffer	3144	3144	155
1789398497.719974244	vk_descriptorpo	656	656	18
1789398497.719974244	vk_device	212	212	10
1789398497.719974244	vk_devicememory	560856	491520	8
1789398497.719974244	vk_image	224	224	3
1789398497.719974244	vk_program	212	212	3
1789398497.719974244	vk_queue	8264	8264	3
1789398498.745188200	any(0)	660	84	13
1789398498.745188200	command	32	32	2
1789398498.745188200	gl	128	128	2
1789398498.745188200	vk_any	1024	1024	16
1789398498.745188200	vk_cmdbuffer	3144	3144	155
1789398498.745188200	vk_descriptorpo	640	640	17
1789398498.745188200	vk_device	212	212	10
1789398498.745188200	vk_devicememory	560856	491520	8
1789398498.745188200	vk_image	224	224	3
1789398498.745188200	vk_program	212	212	3
1789398498.745188200	vk_queue	8264	8264	3
1789398499.776342157	any(0)	660	84	13
1789398499.776342157	command	32	32	2
1789398499.776342157	gl	128	128	2
1789398499.776342157	vk_any	1024	1024	16
1789398499.776342157	vk_cmdbuffer	3144	3144	155
1789398499.776342157	vk_descriptorpo	640	640	17
1789398499.776342157	vk_device	212	212	10
1789398499.776342157	vk_devicememory	560856	491520	8
1789398499.776342157	vk_image	224	224	3
1789398499.776342157	vk_program	212	212	3
1789398499.776342157	vk_queue	8264	8264	3
1789398500.803427676	any(0)	660	84	13
1789398500.803427676	command	32	32	2
1789398500.803427676	gl	128	128	2
1789398500.803427676	vk_any	1024	1024	16
1789398500.803427676	vk_cmdbuffer	3144	3144	155
1789398500.803427676	vk_descriptorpo	640	640	17
1789398500.803427676	vk_device	212	212	10
1789398500.803427676	vk_devicememory	560856	491520	8
1789398500.803427676	vk_image	224	224	3
1789398500.803427676	vk_program	212	212	3
1789398500.803427676	vk_queue	8264	8264	3
1789398501.829818039	any(0)	660	84	13
1789398501.829818039	command	32	32	2
1789398501.829818039	gl	128	128	2
1789398501.829818039	vk_any	1024	1024	16
1789398501.829818039	vk_cmdbuffer	3144	3144	155
1789398501.829818039	vk_descriptorpo	624	624	16
1789398501.829818039	vk_device	212	212	10
1789398501.829818039	vk_devicememory	560856	491520	8
1789398501.829818039	vk_image	224	224	3
1789398501.829818039	vk_program	212	212	3
1789398501.829818039	vk_queue	8264	8264	3
1789398502.855668922	any(0)	660	84	13
1789398502.855668922	command	32	32	2
1789398502.855668922	gl	128	128	2
1789398502.855668922	vk_any	1024	1024	16
1789398502.855668922	vk_cmdbuffer	3144	3144	155
1789398502.855668922	vk_descriptorpo	624	624	16
1789398502.855668922	vk_device	212	212	10
1789398502.855668922	vk_devicememory	560856	491520	8
1789398502.855668922	vk_image	224	224	3
1789398502.855668922	vk_program	212	212	3
1789398502.855668922	vk_queue	8264	8264	3
1789398503.879406784	any(0)	660	84	13
1789398503.879406784	command	32	32	2
1789398503.879406784	gl	128	128	2
1789398503.879406784	vk_any	1024	1024	16
1789398503.879406784	vk_cmdbuffer	3144	3144	155
1789398503.879406784	vk_descriptorpo	624	624	16
1789398503.879406784	vk_device	212	212	10
1789398503.879406784	vk_devicememory	560856	491520	8
1789398503.879406784	vk_image	224	224	3
1789398503.879406784	vk_program	212	212	3
1789398503.879406784	vk_queue	8264	8264	3
1789398504.905604595	any(0)	660	84	13
1789398504.905604595	command	32	32	2
1789398504.905604595	gl	128	128	2
1789398504.905604595	vk_any	1024	1024	16
1789398504.905604595	vk_cmdbuffer	3144	3144	155
1789398504.905604595	vk_descriptorpo	608	608	15
1789398504.905604595	vk_device	212	212	10
1789398504.905604595	vk_devicememory	560856	491520	8
1789398504.905604595	vk_image	224	224	3
1789398504.905604595	vk_program	212	212	3
1789398504.905604595	vk_queue	8264	8264	3
1789398505.927771936	any(0)	660	84	13
1789398505.927771936	command	32	32	2
1789398505.927771936	gl	128	128	2
1789398505.927771936	vk_any	1024	1024	16
1789398505.927771936	vk_cmdbuffer	3144	3144	155
1789398505.927771936	vk_descriptorpo	608	608	15
1789398505.927771936	vk_device	212	212	10
1789398505.927771936	vk_devicememory	560856	491520	8
1789398505.927771936	vk_image	224	224	3
1789398505.927771936	vk_program	212	212	3
1789398505.927771936	vk_queue	8264	8264	3
1789398506.958339591	any(0)	660	84	13
1789398506.958339591	command	32	32	2
1789398506.958339591	gl	128	128	2
1789398506.958339591	vk_any	1024	1024	16
1789398506.958339591	vk_cmdbuffer	3144	3144	155
1789398506.958339591	vk_descriptorpo	608	608	15
1789398506.958339591	vk_device	212	212	10
1789398506.958339591	vk_devicememory	560856	491520	8
1789398506.958339591	vk_image	224	224	3
1789398506.958339591	vk_program	212	212	3
1789398506.958339591	vk_queue	8264	8264	3
1789398507.981809953	any(0)	660	84	13
1789398507.981809953	command	32	32	2
1789398507.981809953	gl	128	128	2
1789398507.981809953	vk_any	1024	1024	16
1789398507.981809953	vk_cmdbuffer	3144	3144	155
1789398507.981809953	vk_descriptorpo	592	592	14
1789398507.981809953	vk_device	212	212	10
1789398507.981809953	vk_devicememory	560856	491520	8
1789398507.981809953	vk_image	224	224	3
1789398507.981809953	vk_program	212	212	3
1789398507.981809953	vk_queue	8264	8264	3
1789398509.007654639	any(0)	660	84	13
1789398509.007654639	command	32	32	2
1789398509.007654639	gl	128	128	2
1789398509.007654639	vk_any	1024	1024	16
1789398509.007654639	vk_cmdbuffer	3144	3144	155
1789398509.007654639	vk_descriptorpo	592	592	14
1789398509.007654639	vk_device	212	212	10
1789398509.007654639	vk_devicememory	560856	491520	8
1789398509.007654639	vk_image	224	224	3
1789398509.007654639	vk_program	212	212	3
1789398509.007654639	vk_queue	8264	8264	3
1789398510.035900210	any(0)	660	84	13
1789398510.035900210	command	32	32	2
1789398510.035900210	gl	128	128	2
1789398510.035900210	vk_any	1024	1024	16
1789398510.035900210	vk_cmdbuffer	3144	3144	155
1789398510.035900210	vk_descriptorpo	592	592	14
1789398510.035900210	vk_device	212	212	10
1789398510.035900210	vk_devicememory	560856	491520	8
1789398510.035900210	vk_image	224	224	3
1789398510.035900210	vk_program	212	212	3
1789398510.035900210	vk_queue	8264	8264	3
1789398511.062682708	any(0)	660	84	13
1789398511.062682708	command	32	32	2
1789398511.062682708	gl	128	128	2
1789398511.062682708	vk_any	1024	1024	16
1789398511.062682708	vk_cmdbuffer	3144	3144	155
1789398511.062682708	vk_descriptorpo	560	560	12
1789398511.062682708	vk_device	212	212	10
1789398511.062682708	vk_devicememory	560856	491520	8
1789398511.062682708	vk_image	224	224	3
1789398511.062682708	vk_program	212	212	3
1789398511.062682708	vk_queue	8264	8264	3
1789398512.086963592	any(0)	660	84	13
1789398512.086963592	command	32	32	2
1789398512.086963592	gl	128	128	2
1789398512.086963592	vk_any	1024	1024	16
1789398512.086963592	vk_cmdbuffer	3144	3144	155
1789398512.086963592	vk_descriptorpo	560	560	12
1789398512.086963592	vk_device	212	212	10
1789398512.086963592	vk_devicememory	560856	491520	8
1789398512.086963592	vk_image	224	224	3
1789398512.086963592	vk_program	212	212	3
1789398512.086963592	vk_queue	8264	8264	3
1789398513.112568433	any(0)	660	84	13
1789398513.112568433	command	32	32	2
1789398513.112568433	gl	128	128	2
1789398513.112568433	vk_any	1024	1024	16
1789398513.112568433	vk_cmdbuffer	3144	3144	155
1789398513.112568433	vk_descriptorpo	560	560	12
1789398513.112568433	vk_device	212	212	10
1789398513.112568433	vk_devicememory	560856	491520	8
1789398513.112568433	vk_image	224	224	3
1789398513.112568433	vk_program	212	212	3
1789398513.112568433	vk_queue	8264	8264	3
1789398514.138564056	any(0)	660	84	13
1789398514.138564056	command	32	32	2
1789398514.138564056	gl	128	128	2
1789398514.138564056	vk_any	960	960	15
1789398514.138564056	vk_cmdbuffer	3144	3144	155
1789398514.138564056	vk_descriptorpo	528	528	10
1789398514.138564056	vk_device	212	212	10
1789398514.138564056	vk_devicememory	560856	491520	8
1789398514.138564056	vk_image	224	224	3
1789398514.138564056	vk_program	212	212	3
1789398514.138564056	vk_queue	8264	8264	3
1789398515.166421450	any(0)	660	84	13
1789398515.166421450	command	32	32	2
1789398515.166421450	gl	128	128	2
1789398515.166421450	vk_any	960	960	15
1789398515.166421450	vk_cmdbuffer	3144	3144	155
1789398515.166421450	vk_descriptorpo	528	528	10
1789398515.166421450	vk_device	212	212	10
1789398515.166421450	vk_devicememory	560856	491520	8
1789398515.166421450	vk_image	224	224	3
1789398515.166421450	vk_program	212	212	3
1789398515.166421450	vk_queue	8264	8264	3
1789398516.193575199	any(0)	660	84	13
1789398516.193575199	command	32	32	2
1789398516.193575199	gl	128	128	2
1789398516.193575199	vk_any	960	960	15
1789398516.193575199	vk_cmdbuffer	3144	3144	155
1789398516.193575199	vk_descriptorpo	528	528	10
1789398516.193575199	vk_device	212	212	10
1789398516.193575199	vk_devicememory	560856	491520	8
1789398516.193575199	vk_image	224	224	3
1789398516.193575199	vk_program	212	212	3
1789398516.193575199	vk_queue	8264	8264	3
1789398517.219594676	any(0)	660	84	13
1789398517.219594676	command	32	32	2
1789398517.219594676	gl	128	128	2
1789398517.219594676	vk_any	960	960	15
1789398517.219594676	vk_cmdbuffer	3144	3144	155
1789398517.219594676	vk_descriptorpo	528	528	10
1789398517.219594676	vk_device	212	212	10
1789398517.219594676	vk_devicememory	560856	491520	8
1789398517.219594676	vk_image	224	224	3
1789398517.219594676	vk_program	212	212	3
1789398517.219594676	vk_queue	8264	8264	3
1789398518.244885299	any(0)	660	84	13
1789398518.244885299	command	32	32	2
1789398518.244885299	gl	128	128	2
1789398518.244885299	vk_any	960	960	15
1789398518.244885299	vk_cmdbuffer	3144	3144	155
1789398518.244885299	vk_descriptorpo	528	528	10
1789398518.244885299	vk_device	212	212	10
1789398518.244885299	vk_devicememory	560856	491520	8
1789398518.244885299	vk_image	224	224	3
1789398518.244885299	vk_program	212	212	3
1789398518.244885299	vk_queue	8264	8264	3
1789398519.269806911	any(0)	660	84	13
1789398519.269806911	command	32	32	2
1789398519.269806911	gl	128	128	2
1789398519.269806911	vk_any	960	960	15
1789398519.269806911	vk_cmdbuffer	3144	3144	155
1789398519.269806911	vk_descriptorpo	528	528	10
1789398519.269806911	vk_device	212	212	10
1789398519.269806911	vk_devicememory	560856	491520	8
1789398519.269806911	vk_image	224	224	3
1789398519.269806911	vk_program	212	212	3
1789398519.269806911	vk_queue	8264	8264	3
1789398520.295107222	any(0)	660	84	13
1789398520.295107222	command	32	32	2
1789398520.295107222	gl	128	128	2
1789398520.295107222	vk_any	960	960	15
1789398520.295107222	vk_cmdbuffer	3144	3144	155
1789398520.295107222	vk_descriptorpo	528	528	10
1789398520.295107222	vk_device	212	212	10
1789398520.295107222	vk_devicememory	560856	491520	8
1789398520.295107222	vk_image	224	224	3
1789398520.295107222	vk_program	212	212	3
1789398520.295107222	vk_queue	8264	8264	3
1789398521.319393105	any(0)	660	84	13
1789398521.319393105	command	32	32	2
1789398521.319393105	gl	128	128	2
1789398521.319393105	vk_any	1024	1024	16
1789398521.319393105	vk_cmdbuffer	3144	3144	155
1789398521.319393105	vk_descriptorpo	544	544	11
1789398521.319393105	vk_device	212	212	10
1789398521.319393105	vk_devicememory	560856	491520	8
1789398521.319393105	vk_image	224	224	3
1789398521.319393105	vk_program	212	212	3
1789398521.319393105	vk_queue	8264	8264	3
1789398522.341834717	any(0)	660	84	13
1789398522.341834717	command	32	32	2
1789398522.341834717	gl	128	128	2
1789398522.341834717	vk_any	1024	1024	16
1789398522.341834717	vk_cmdbuffer	3144	3144	155
1789398522.341834717	vk_descriptorpo	544	544	11
1789398522.341834717	vk_device	212	212	10
1789398522.341834717	vk_devicememory	560856	491520	8
1789398522.341834717	vk_image	224	224	3
1789398522.341834717	vk_program	212	212	3
1789398522.341834717	vk_queue	8264	8264	3
1789398523.366105288	any(0)	660	84	13
1789398523.366105288	command	32	32	2
1789398523.366105288	gl	128	128	2
1789398523.366105288	vk_any	1024	1024	16
1789398523.366105288	vk_cmdbuffer	3144	3144	155
1789398523.366105288	vk_descriptorpo	544	544	11
1789398523.366105288	vk_device	212	212	10
1789398523.366105288	vk_devicememory	560856	491520	8
1789398523.366105288	vk_image	224	224	3
1789398523.366105288	vk_program	212	212	3
1789398523.366105288	vk_queue	8264	8264	3
1789398524.390158671	any(0)	660	84	13
1789398524.390158671	command	32	32	2
1789398524.390158671	gl	128	128	2
1789398524.390158671	vk_any	1024	1024	16
1789398524.390158671	vk_cmdbuffer	3144	3144	155
1789398524.390158671	vk_descriptorpo	544	544	11
1789398524.390158671	vk_device	212	212	10
1789398524.390158671	vk_devicememory	560856	491520	8
1789398524.390158671	vk_image	224	224	3
1789398524.390158671	vk_program	212	212	3
1789398524.390158671	vk_queue	8264	8264	3
1789398525.415533357	any(0)	660	84	13
1789398525.415533357	command	32	32	2
1789398525.415533357	gl	128	128	2
1789398525.415533357	vk_any	1024	1024	16
1789398525.415533357	vk_cmdbuffer	3144	3144	155
1789398525.415533357	vk_descriptorpo	544	544	11
1789398525.415533357	vk_device	212	212	10
1789398525.415533357	vk_devicememory	560856	491520	8
1789398525.415533357	vk_image	224	224	3
1789398525.415533357	vk_program	212	212	3
1789398525.415533357	vk_queue	8264	8264	3
1789398526.442135230	any(0)	660	84	13
1789398526.442135230	command	32	32	2
1789398526.442135230	gl	128	128	2
1789398526.442135230	vk_any	1024	1024	16
1789398526.442135230	vk_cmdbuffer	3144	3144	155
1789398526.442135230	vk_descriptorpo	544	544	11
1789398526.442135230	vk_device	212	212	10
1789398526.442135230	vk_devicememory	560856	491520	8
1789398526.442135230	vk_image	224	224	3
1789398526.442135230	vk_program	212	212	3
1789398526.442135230	vk_queue	8264	8264	3
1789398527.467699603	any(0)	660	84	13
1789398527.467699603	command	32	32	2
1789398527.467699603	gl	128	128	2
1789398527.467699603	vk_any	1024	1024	16
1789398527.467699603	vk_cmdbuffer	3144	3144	155
1789398527.467699603	vk_descriptorpo	544	544	11
1789398527.467699603	vk_device	212	212	10
1789398527.467699603	vk_devicememory	560856	491520	8
1789398527.467699603	vk_image	224	224	3
1789398527.467699603	vk_program	212	212	3
1789398527.467699603	vk_queue	8264	8264	3
1789398528.495272362	any(0)	660	84	13
1789398528.495272362	command	32	32	2
1789398528.495272362	gl	128	128	2
1789398528.495272362	vk_any	1024	1024	16
1789398528.495272362	vk_cmdbuffer	3144	3144	155
1789398528.495272362	vk_descriptorpo	544	544	11
1789398528.495272362	vk_device	212	212	10
1789398528.495272362	vk_devicememory	560856	491520	8
1789398528.495272362	vk_image	224	224	3
1789398528.495272362	vk_program	212	212	3
1789398528.495272362	vk_queue	8264	8264	3
1789398529.518008401	any(0)	660	84	13
1789398529.518008401	command	32	32	2
1789398529.518008401	gl	128	128	2
1789398529.518008401	vk_any	1024	1024	16
1789398529.518008401	vk_cmdbuffer	3144	3144	155
1789398529.518008401	vk_descriptorpo	544	544	11
1789398529.518008401	vk_device	212	212	10
1789398529.518008401	vk_devicememory	560856	491520	8
1789398529.518008401	vk_image	224	224	3
1789398529.518008401	vk_program	212	212	3
1789398529.518008401	vk_queue	8264	8264	3
1789398530.546815326	any(0)	660	84	13
1789398530.546815326	command	32	32	2
1789398530.546815326	gl	128	128	2
1789398530.546815326	vk_any	1024	1024	16
1789398530.546815326	vk_cmdbuffer	3144	3144	155
1789398530.546815326	vk_descriptorpo	544	544	11
1789398530.546815326	vk_device	212	212	10
1789398530.546815326	vk_devicememory	560856	491520	8
1789398530.546815326	vk_image	224	224	3
1789398530.546815326	vk_program	212	212	3
1789398530.546815326	vk_queue	8264	8264	3
1789398531.573442147	any(0)	660	84	13
1789398531.573442147	command	32	32	2
1789398531.573442147	gl	128	128	2
1789398531.573442147	vk_any	1024	1024	16
1789398531.573442147	vk_cmdbuffer	3144	3144	155
1789398531.573442147	vk_descriptorpo	544	544	11
1789398531.573442147	vk_device	212	212	10
1789398531.573442147	vk_devicememory	560856	491520	8
1789398531.573442147	vk_image	224	224	3
1789398531.573442147	vk_program	212	212	3
1789398531.573442147	vk_queue	8264	8264	3
1789398532.598875895	any(0)	660	84	13
1789398532.598875895	command	32	32	2
1789398532.598875895	gl	128	128	2
1789398532.598875895	vk_any	1024	1024	16
1789398532.598875895	vk_cmdbuffer	3144	3144	155
1789398532.598875895	vk_descriptorpo	544	544	11
1789398532.598875895	vk_device	212	212	10
1789398532.598875895	vk_devicememory	560856	491520	8
1789398532.598875895	vk_image	224	224	3
1789398532.598875895	vk_program	212	212	3
1789398532.598875895	vk_queue	8264	8264	3
1789398533.627806987	any(0)	660	84	13
1789398533.627806987	command	32	32	2
1789398533.627806987	gl	128	128	2
1789398533.627806987	vk_any	1024	1024	16
1789398533.627806987	vk_cmdbuffer	3144	3144	155
1789398533.627806987	vk_descriptorpo	544	544	11
1789398533.627806987	vk_device	212	212	10
1789398533.627806987	vk_devicememory	298712	229376	7
1789398533.627806987	vk_image	224	224	3
1789398533.627806987	vk_program	212	212	3
1789398533.627806987	vk_queue	8264	8264	3
1789398534.654937350	any(0)	660	84	13
1789398534.654937350	command	32	32	2
1789398534.654937350	gl	128	128	2
1789398534.654937350	vk_any	1024	1024	16
1789398534.654937350	vk_cmdbuffer	3144	3144	155
1789398534.654937350	vk_descriptorpo	544	544	11
1789398534.654937350	vk_device	212	212	10
1789398534.654937350	vk_devicememory	298712	229376	7
1789398534.654937350	vk_image	224	224	3
1789398534.654937350	vk_program	212	212	3
1789398534.654937350	vk_queue	8264	8264	3
1789398535.680384744	any(0)	660	84	13
1789398535.680384744	command	32	32	2
1789398535.680384744	gl	128	128	2
1789398535.680384744	vk_any	1024	1024	16
1789398535.680384744	vk_cmdbuffer	3144	3144	155
1789398535.680384744	vk_descriptorpo	544	544	11
1789398535.680384744	vk_device	212	212	10
1789398535.680384744	vk_devicememory	298712	229376	7
1789398535.680384744	vk_image	224	224	3
1789398535.680384744	vk_program	212	212	3
1789398535.680384744	vk_queue	8264	8264	3
1789398536.706123961	any(0)	660	84	13
1789398536.706123961	command	32	32	2
1789398536.706123961	gl	128	128	2
1789398536.706123961	vk_any	1024	1024	16
1789398536.706123961	vk_cmdbuffer	3144	3144	155
1789398536.706123961	vk_descriptorpo	544	544	11
1789398536.706123961	vk_device	212	212	10
1789398536.706123961	vk_devicememory	298712	229376	7
1789398536.706123961	vk_image	224	224	3
1789398536.706123961	vk_program	212	212	3
1789398536.706123961	vk_queue	8264	8264	3
1789398537.732800573	any(0)	660	84	13
1789398537.732800573	command	32	32	2
1789398537.732800573	gl	128	128	2
1789398537.732800573	vk_any	1024	1024	16
1789398537.732800573	vk_cmdbuffer	3144	3144	155
1789398537.732800573	vk_descriptorpo	544	544	11
1789398537.732800573	vk_device	212	212	10
1789398537.732800573	vk_devicememory	298712	229376	7
1789398537.732800573	vk_image	224	224	3
1789398537.732800573	vk_program	212	212	3
1789398537.732800573	vk_queue	8264	8264	3
1789398538.758137134	any(0)	660	84	13
1789398538.758137134	command	32	32	2
1789398538.758137134	gl	128	128	2
1789398538.758137134	vk_any	1024	1024	16
1789398538.758137134	vk_cmdbuffer	3144	3144	155
1789398538.758137134	vk_descriptorpo	544	544	11
1789398538.758137134	vk_device	212	212	10
1789398538.758137134	vk_devicememory	298712	229376	7
1789398538.758137134	vk_image	224	224	3
1789398538.758137134	vk_program	212	212	3
1789398538.758137134	vk_queue	8264	8264	3
1789398539.789335257	any(0)	660	84	13
1789398539.789335257	command	32	32	2
1789398539.789335257	gl	128	128	2
1789398539.789335257	vk_any	960	960	15
1789398539.789335257	vk_cmdbuffer	3144	3144	155
1789398539.789335257	vk_descriptorpo	528	528	10
1789398539.789335257	vk_device	212	212	10
1789398539.789335257	vk_devicememory	298712	229376	7
1789398539.789335257	vk_image	224	224	3
1789398539.789335257	vk_program	212	212	3
1789398539.789335257	vk_queue	8264	8264	3
1789398540.819284995	any(0)	660	84	13
1789398540.819284995	command	32	32	2
1789398540.819284995	gl	128	128	2
1789398540.819284995	vk_any	1024	1024	16
1789398540.819284995	vk_cmdbuffer	3144	3144	155
1789398540.819284995	vk_descriptorpo	544	544	11
1789398540.819284995	vk_device	212	212	10
1789398540.819284995	vk_devicememory	298712	229376	7
1789398540.819284995	vk_image	224	224	3
1789398540.819284995	vk_program	212	212	3
1789398540.819284995	vk_queue	8264	8264	3
1789398541.846275098	any(0)	660	84	13
1789398541.846275098	command	32	32	2
1789398541.846275098	gl	128	128	2
1789398541.846275098	vk_any	1024	1024	16
1789398541.846275098	vk_cmdbuffer	3144	3144	155
1789398541.846275098	vk_descriptorpo	544	544	11
1789398541.846275098	vk_device	212	212	10
1789398541.846275098	vk_devicememory	298712	229376	7
1789398541.846275098	vk_image	224	224	3
1789398541.846275098	vk_program	212	212	3
1789398541.846275098	vk_queue	8264	8264	3
1789398542.875733221	any(0)	660	84	13
1789398542.875733221	command	32	32	2
1789398542.875733221	gl	128	128	2
1789398542.875733221	vk_any	960	960	15
1789398542.875733221	vk_cmdbuffer	3144	3144	155
1789398542.875733221	vk_descriptorpo	528	528	10
1789398542.875733221	vk_device	212	212	10
1789398542.875733221	vk_devicememory	298712	229376	7
1789398542.875733221	vk_image	224	224	3
1789398542.875733221	vk_program	212	212	3
1789398542.875733221	vk_queue	8264	8264	3
1789398543.904668063	any(0)	660	84	13
1789398543.904668063	command	32	32	2
1789398543.904668063	gl	128	128	2
1789398543.904668063	vk_any	1024	1024	16
1789398543.904668063	vk_cmdbuffer	3144	3144	155
1789398543.904668063	vk_descriptorpo	544	544	11
1789398543.904668063	vk_device	212	212	10
1789398543.904668063	vk_devicememory	298712	229376	7
1789398543.904668063	vk_image	224	224	3
1789398543.904668063	vk_program	212	212	3
1789398543.904668063	vk_queue	8264	8264	3
1789398544.934340197	any(0)	660	84	13
1789398544.934340197	command	32	32	2
1789398544.934340197	gl	128	128	2
1789398544.934340197	vk_any	1024	1024	16
1789398544.934340197	vk_cmdbuffer	3144	3144	155
1789398544.934340197	vk_descriptorpo	544	544	11
1789398544.934340197	vk_device	212	212	10
1789398544.934340197	vk_devicememory	298712	229376	7
1789398544.934340197	vk_image	224	224	3
1789398544.934340197	vk_program	212	212	3
1789398544.934340197	vk_queue	8264	8264	3
1789398545.961093945	any(0)	660	84	13
1789398545.961093945	command	32	32	2
1789398545.961093945	gl	128	128	2
1789398545.961093945	vk_any	960	960	15
1789398545.961093945	vk_cmdbuffer	3144	3144	155
1789398545.961093945	vk_descriptorpo	528	528	10
1789398545.961093945	vk_device	212	212	10
1789398545.961093945	vk_devicememory	298712	229376	7
1789398545.961093945	vk_image	224	224	3
1789398545.961093945	vk_program	212	212	3
1789398545.961093945	vk_queue	8264	8264	3
1789398546.991687642	any(0)	660	84	13
1789398546.991687642	command	32	32	2
1789398546.991687642	gl	128	128	2
1789398546.991687642	vk_any	1024	1024	16
1789398546.991687642	vk_cmdbuffer	3144	3144	155
1789398546.991687642	vk_descriptorpo	544	544	11
1789398546.991687642	vk_device	212	212	10
1789398546.991687642	vk_devicememory	298712	229376	7
1789398546.991687642	vk_image	224	224	3
1789398546.991687642	vk_program	212	212	3
1789398546.991687642	vk_queue	8264	8264	3
1789398548.019377171	any(0)	660	84	13
1789398548.019377171	command	32	32	2
1789398548.019377171	gl	128	128	2
1789398548.019377171	vk_any	1024	1024	16
1789398548.019377171	vk_cmdbuffer	3144	3144	155
1789398548.019377171	vk_descriptorpo	544	544	11
1789398548.019377171	vk_device	212	212	10
1789398548.019377171	vk_devicememory	298712	229376	7
1789398548.019377171	vk_image	224	224	3
1789398548.019377171	vk_program	212	212	3
1789398548.019377171	vk_queue	8264	8264	3
1789398549.047821649	any(0)	660	84	13
1789398549.047821649	command	32	32	2
1789398549.047821649	gl	128	128	2
1789398549.047821649	vk_any	1024	1024	16
1789398549.047821649	vk_cmdbuffer	3144	3144	155
1789398549.047821649	vk_descriptorpo	544	544	11
1789398549.047821649	vk_device	212	212	10
1789398549.047821649	vk_devicememory	298712	229376	7
1789398549.047821649	vk_image	224	224	3
1789398549.047821649	vk_program	212	212	3
1789398549.047821649	vk_queue	8264	8264	3
1789398550.078476647	any(0)	660	84	13
1789398550.078476647	command	32	32	2
1789398550.078476647	gl	128	128	2
1789398550.078476647	vk_any	1024	1024	16
1789398550.078476647	vk_cmdbuffer	3144	3144	155
1789398550.078476647	vk_descriptorpo	544	544	11
1789398550.078476647	vk_device	212	212	10
1789398550.078476647	vk_devicememory	298712	229376	7
1789398550.078476647	vk_image	224	224	3
1789398550.078476647	vk_program	212	212	3
1789398550.078476647	vk_queue	8264	8264	3
1789398551.107289718	any(0)	660	84	13
1789398551.107289718	command	32	32	2
1789398551.107289718	gl	128	128	2
1789398551.107289718	vk_any	1024	1024	16
1789398551.107289718	vk_cmdbuffer	3144	3144	155
1789398551.107289718	vk_descriptorpo	544	544	11
1789398551.107289718	vk_device	212	212	10
1789398551.107289718	vk_devicememory	298712	229376	7
1789398551.107289718	vk_image	224	224	3
1789398551.107289718	vk_program	212	212	3
1789398551.107289718	vk_queue	8264	8264	3
1789398552.134686227	any(0)	660	84	13
1789398552.134686227	command	32	32	2
1789398552.134686227	gl	128	128	2
1789398552.134686227	vk_any	1024	1024	16
1789398552.134686227	vk_cmdbuffer	3144	3144	155
1789398552.134686227	vk_descriptorpo	544	544	11
1789398552.134686227	vk_device	212	212	10
1789398552.134686227	vk_devicememory	298712	229376	7
1789398552.134686227	vk_image	224	224	3
1789398552.134686227	vk_program	212	212	3
1789398552.134686227	vk_queue	8264	8264	3
1789398553.163837788	any(0)	660	84	13
1789398553.163837788	command	32	32	2
1789398553.163837788	gl	128	128	2
1789398553.163837788	vk_any	1024	1024	16
1789398553.163837788	vk_cmdbuffer	3144	3144	155
1789398553.163837788	vk_descriptorpo	544	544	11
1789398553.163837788	vk_device	212	212	10
1789398553.163837788	vk_devicememory	298712	229376	7
1789398553.163837788	vk_image	224	224	3
1789398553.163837788	vk_program	212	212	3
1789398553.163837788	vk_queue	8264	8264	3
1789398554.193126849	any(0)	660	84	13
1789398554.193126849	command	32	32	2
1789398554.193126849	gl	128	128	2
1789398554.193126849	vk_any	1024	1024	16
1789398554.193126849	vk_cmdbuffer	3144	3144	155
1789398554.193126849	vk_descriptorpo	544	544	11
1789398554.193126849	vk_device	212	212	10
1789398554.193126849	vk_devicememory	298712	229376	7
1789398554.193126849	vk_image	224	224	3
1789398554.193126849	vk_program	212	212	3
1789398554.193126849	vk_queue	8264	8264	3
1789398555.226458358	any(0)	660	84	13
1789398555.226458358	command	32	32	2
1789398555.226458358	gl	128	128	2
1789398555.226458358	vk_any	1024	1024	16
1789398555.226458358	vk_cmdbuffer	3144	3144	155
1789398555.226458358	vk_descriptorpo	544	544	11
1789398555.226458358	vk_device	212	212	10
1789398555.226458358	vk_devicememory	298712	229376	7
1789398555.226458358	vk_image	224	224	3
1789398555.226458358	vk_program	212	212	3
1789398555.226458358	vk_queue	8264	8264	3
1789398556.250595908	any(0)	660	84	13
1789398556.250595908	command	32	32	2
1789398556.250595908	gl	128	128	2
1789398556.250595908	vk_any	1024	1024	16
1789398556.250595908	vk_cmdbuffer	3144	3144	155
1789398556.250595908	vk_descriptorpo	544	544	11
1789398556.250595908	vk_device	212	212	10
1789398556.250595908	vk_devicememory	298712	229376	7
1789398556.250595908	vk_image	224	224	3
1789398556.250595908	vk_program	212	212	3
1789398556.250595908	vk_queue	8264	8264	3
1789398557.273269655	any(0)	660	84	13
1789398557.273269655	command	32	32	2
1789398557.273269655	gl	128	128	2
1789398557.273269655	vk_any	1024	1024	16
1789398557.273269655	vk_cmdbuffer	3144	3144	155
1789398557.273269655	vk_descriptorpo	544	544	11
1789398557.273269655	vk_device	212	212	10
1789398557.273269655	vk_devicememory	298712	229376	7
1789398557.273269655	vk_image	224	224	3
1789398557.273269655	vk_program	212	212	3
1789398557.273269655	vk_queue	8264	8264	3
1789398558.297812466	any(0)	660	84	13
1789398558.297812466	command	32	32	2
1789398558.297812466	gl	128	128	2
1789398558.297812466	vk_any	1024	1024	16
1789398558.297812466	vk_cmdbuffer	3144	3144	155
1789398558.297812466	vk_descriptorpo	544	544	11
1789398558.297812466	vk_device	212	212	10
1789398558.297812466	vk_devicememory	298712	229376	7
1789398558.297812466	vk_image	224	224	3
1789398558.297812466	vk_program	212	212	3
1789398558.297812466	vk_queue	8264	8264	3
1789398559.324127620	any(0)	660	84	13
1789398559.324127620	command	32	32	2
1789398559.324127620	gl	128	128	2
1789398559.324127620	vk_any	1024	1024	16
1789398559.324127620	vk_cmdbuffer	3144	3144	155
1789398559.324127620	vk_descriptorpo	544	544	11
1789398559.324127620	vk_device	212	212	10
1789398559.324127620	vk_devicememory	298712	229376	7
1789398559.324127620	vk_image	224	224	3
1789398559.324127620	vk_program	212	212	3
1789398559.324127620	vk_queue	8264	8264	3
1789398560.351684754	any(0)	660	84	13
1789398560.351684754	command	32	32	2
1789398560.351684754	gl	128	128	2
1789398560.351684754	vk_any	1024	1024	16
1789398560.351684754	vk_cmdbuffer	3144	3144	155
1789398560.351684754	vk_descriptorpo	544	544	11
1789398560.351684754	vk_device	212	212	10
1789398560.351684754	vk_devicememory	298712	229376	7
1789398560.351684754	vk_image	224	224	3
1789398560.351684754	vk_program	212	212	3
1789398560.351684754	vk_queue	8264	8264	3
1789398561.374089335	any(0)	660	84	13
1789398561.374089335	command	32	32	2
1789398561.374089335	gl	128	128	2
1789398561.374089335	vk_any	1024	1024	16
1789398561.374089335	vk_cmdbuffer	3144	3144	155
1789398561.374089335	vk_descriptorpo	544	544	11
1789398561.374089335	vk_device	212	212	10
1789398561.374089335	vk_devicememory	298712	229376	7
1789398561.374089335	vk_image	224	224	3
1789398561.374089335	vk_program	212	212	3
1789398561.374089335	vk_queue	8264	8264	3
1789398562.396147822	any(0)	660	84	13
1789398562.396147822	command	32	32	2
1789398562.396147822	gl	128	128	2
1789398562.396147822	vk_any	1024	1024	16
1789398562.396147822	vk_cmdbuffer	3144	3144	155
1789398562.396147822	vk_descriptorpo	544	544	11
1789398562.396147822	vk_device	212	212	10
1789398562.396147822	vk_devicememory	298712	229376	7
1789398562.396147822	vk_image	224	224	3
1789398562.396147822	vk_program	212	212	3
1789398562.396147822	vk_queue	8264	8264	3
1789398563.423216310	any(0)	660	84	13
1789398563.423216310	command	32	32	2
1789398563.423216310	gl	128	128	2
1789398563.423216310	vk_any	1024	1024	16
1789398563.423216310	vk_cmdbuffer	3144	3144	155
1789398563.423216310	vk_descriptorpo	544	544	11
1789398563.423216310	vk_device	212	212	10
1789398563.423216310	vk_devicememory	298712	229376	7
1789398563.423216310	vk_image	224	224	3
1789398563.423216310	vk_program	212	212	3
1789398563.423216310	vk_queue	8264	8264	3
1789398564.452198183	any(0)	660	84	13
1789398564.452198183	command	32	32	2
1789398564.452198183	gl	128	128	2
1789398564.452198183	vk_any	1024	1024	16
1789398564.452198183	vk_cmdbuffer	3144	3144	155
1789398564.452198183	vk_descriptorpo	544	544	11
1789398564.452198183	vk_device	212	212	10
1789398564.452198183	vk_devicememory	298712	229376	7
1789398564.452198183	vk_image	224	224	3
1789398564.452198183	vk_program	212	212	3
1789398564.452198183	vk_queue	8264	8264	3
1789398565.480080785	any(0)	660	84	13
1789398565.480080785	command	32	32	2
1789398565.480080785	gl	128	128	2
1789398565.480080785	vk_any	1024	1024	16
1789398565.480080785	vk_cmdbuffer	3144	3144	155
1789398565.480080785	vk_descriptorpo	544	544	11
1789398565.480080785	vk_device	212	212	10
1789398565.480080785	vk_devicememory	298712	229376	7
1789398565.480080785	vk_image	224	224	3
1789398565.480080785	vk_program	212	212	3
1789398565.480080785	vk_queue	8264	8264	3
1789398566.507904586	any(0)	660	84	13
1789398566.507904586	command	32	32	2
1789398566.507904586	gl	128	128	2
1789398566.507904586	vk_any	1024	1024	16
1789398566.507904586	vk_cmdbuffer	3144	3144	155
1789398566.507904586	vk_descriptorpo	544	544	11
1789398566.507904586	vk_device	212	212	10
1789398566.507904586	vk_devicememory	298712	229376	7
1789398566.507904586	vk_image	224	224	3
1789398566.507904586	vk_program	212	212	3
1789398566.507904586	vk_queue	8264	8264	3
1789398567.538698959	any(0)	660	84	13
1789398567.538698959	command	32	32	2
1789398567.538698959	gl	128	128	2
1789398567.538698959	vk_any	1024	1024	16
1789398567.538698959	vk_cmdbuffer	3144	3144	155
1789398567.538698959	vk_descriptorpo	544	544	11
1789398567.538698959	vk_device	212	212	10
1789398567.538698959	vk_devicememory	298712	229376	7
1789398567.538698959	vk_image	224	224	3
1789398567.538698959	vk_program	212	212	3
1789398567.538698959	vk_queue	8264	8264	3
1789398568.565205207	any(0)	660	84	13
1789398568.565205207	command	32	32	2
1789398568.565205207	gl	128	128	2
1789398568.565205207	vk_any	1024	1024	16
1789398568.565205207	vk_cmdbuffer	3144	3144	155
1789398568.565205207	vk_descriptorpo	544	544	11
1789398568.565205207	vk_device	212	212	10
1789398568.565205207	vk_devicememory	298712	229376	7
1789398568.565205207	vk_image	224	224	3
1789398568.565205207	vk_program	212	212	3
1789398568.565205207	vk_queue	8264	8264	3
1789398569.593173695	any(0)	660	84	13
1789398569.593173695	command	32	32	2
1789398569.593173695	gl	128	128	2
1789398569.593173695	vk_any	1024	1024	16
1789398569.593173695	vk_cmdbuffer	3144	3144	155
1789398569.593173695	vk_descriptorpo	544	544	11
1789398569.593173695	vk_device	212	212	10
1789398569.593173695	vk_devicememory	298712	229376	7
1789398569.593173695	vk_image	224	224	3
1789398569.593173695	vk_program	212	212	3
1789398569.593173695	vk_queue	8264	8264	3
1789398570.618443329	any(0)	660	84	13
1789398570.618443329	command	32	32	2
1789398570.618443329	gl	128	128	2
1789398570.618443329	vk_any	1024	1024	16
1789398570.618443329	vk_cmdbuffer	3144	3144	155
1789398570.618443329	vk_descriptorpo	544	544	11
1789398570.618443329	vk_device	212	212	10
1789398570.618443329	vk_devicememory	298712	229376	7
1789398570.618443329	vk_image	224	224	3
1789398570.618443329	vk_program	212	212	3
1789398570.618443329	vk_queue	8264	8264	3
1789398571.647026087	any(0)	660	84	13
1789398571.647026087	command	32	32	2
1789398571.647026087	gl	128	128	2
1789398571.647026087	vk_any	1024	1024	16
1789398571.647026087	vk_cmdbuffer	3144	3144	155
1789398571.647026087	vk_descriptorpo	544	544	11
1789398571.647026087	vk_device	212	212	10
1789398571.647026087	vk_devicememory	298712	229376	7
1789398571.647026087	vk_image	224	224	3
1789398571.647026087	vk_program	212	212	3
1789398571.647026087	vk_queue	8264	8264	3
1789398572.674520408	any(0)	660	84	13
1789398572.674520408	command	32	32	2
1789398572.674520408	gl	128	128	2
1789398572.674520408	vk_any	1024	1024	16
1789398572.674520408	vk_cmdbuffer	3144	3144	155
1789398572.674520408	vk_descriptorpo	544	544	11
1789398572.674520408	vk_device	212	212	10
1789398572.674520408	vk_devicememory	298712	229376	7
1789398572.674520408	vk_image	224	224	3
1789398572.674520408	vk_program	212	212	3
1789398572.674520408	vk_queue	8264	8264	3
1789398573.702160250	any(0)	660	84	13
1789398573.702160250	command	32	32	2
1789398573.702160250	gl	128	128	2
1789398573.702160250	vk_any	1024	1024	16
1789398573.702160250	vk_cmdbuffer	3144	3144	155
1789398573.702160250	vk_descriptorpo	544	544	11
1789398573.702160250	vk_device	212	212	10
1789398573.702160250	vk_devicememory	298712	229376	7
1789398573.702160250	vk_image	224	224	3
1789398573.702160250	vk_program	212	212	3
1789398573.702160250	vk_queue	8264	8264	3
1789398574.731113009	any(0)	660	84	13
1789398574.731113009	command	32	32	2
1789398574.731113009	gl	128	128	2
1789398574.731113009	vk_any	1024	1024	16
1789398574.731113009	vk_cmdbuffer	3144	3144	155
1789398574.731113009	vk_descriptorpo	544	544	11
1789398574.731113009	vk_device	212	212	10
1789398574.731113009	vk_devicememory	298712	229376	7
1789398574.731113009	vk_image	224	224	3
1789398574.731113009	vk_program	212	212	3
1789398574.731113009	vk_queue	8264	8264	3
1789398575.756832070	any(0)	660	84	13
1789398575.756832070	command	32	32	2
1789398575.756832070	gl	128	128	2
1789398575.756832070	vk_any	1024	1024	16
1789398575.756832070	vk_cmdbuffer	3144	3144	155
1789398575.756832070	vk_descriptorpo	544	544	11
1789398575.756832070	vk_device	212	212	10
1789398575.756832070	vk_devicememory	298712	229376	7
1789398575.756832070	vk_image	224	224	3
1789398575.756832070	vk_program	212	212	3
1789398575.756832070	vk_queue	8264	8264	3
1789398576.782783422	any(0)	660	84	13
1789398576.782783422	command	32	32	2
1789398576.782783422	gl	128	128	2
1789398576.782783422	vk_any	1024	1024	16
1789398576.782783422	vk_cmdbuffer	3144	3144	155
1789398576.782783422	vk_descriptorpo	544	544	11
1789398576.782783422	vk_device	212	212	10
1789398576.782783422	vk_devicememory	298712	229376	7
1789398576.782783422	vk_image	224	224	3
1789398576.782783422	vk_program	212	212	3
1789398576.782783422	vk_queue	8264	8264	3
1789398577.809009410	any(0)	660	84	13
1789398577.809009410	command	32	32	2
1789398577.809009410	gl	128	128	2
1789398577.809009410	vk_any	960	960	15
1789398577.809009410	vk_cmdbuffer	3144	3144	155
1789398577.809009410	vk_descriptorpo	528	528	10
1789398577.809009410	vk_device	212	212	10
1789398577.809009410	vk_devicememory	298712	229376	7
1789398577.809009410	vk_image	224	224	3
1789398577.809009410	vk_program	212	212	3
1789398577.809009410	vk_queue	8264	8264	3
1789398578.830506855	any(0)	660	84	13
1789398578.830506855	command	32	32	2
1789398578.830506855	gl	128	128	2
1789398578.830506855	vk_any	960	960	15
1789398578.830506855	vk_cmdbuffer	3144	3144	155
1789398578.830506855	vk_descriptorpo	528	528	10
1789398578.830506855	vk_device	212	212	10
1789398578.830506855	vk_devicememory	298712	229376	7
1789398578.830506855	vk_image	224	224	3
1789398578.830506855	vk_program	212	212	3
1789398578.830506855	vk_queue	8264	8264	3
1789398579.856446645	any(0)	660	84	13
1789398579.856446645	command	32	32	2
1789398579.856446645	gl	128	128	2
1789398579.856446645	vk_any	960	960	15
1789398579.856446645	vk_cmdbuffer	3144	3144	155
1789398579.856446645	vk_descriptorpo	528	528	10
1789398579.856446645	vk_device	212	212	10
1789398579.856446645	vk_devicememory	298712	229376	7
1789398579.856446645	vk_image	224	224	3
1789398579.856446645	vk_program	212	212	3
1789398579.856446645	vk_queue	8264	8264	3
