# сэмплер частоты GPU, период 0.25 с
# лестница: 690000000 640000000 599000000 545000000 492000000 456000000 421000000 350000000 317000000 285000000 
# unix_время	клок_Гц	загрузка_%	резиденция_по_ступеням
1789398259.928251441	456000000	40	0 27148209 61657569 125737205 976989508 2298946885 74444 76541 11845 1195928 
1789398260.227247981	456000000	40	0 27148209 61657569 125737205 976989508 2299071668 74444 76541 11845 1195928 
1789398260.529401657	456000000	40	0 27148209 61657569 125737205 976989508 2299178350 74444 76541 11845 1195928 
1789398260.828457364	456000000	37	0 27148209 61657569 125737205 976989508 2299284782 74444 76541 11845 1195928 
1789398261.129263279	456000000	37	0 27148209 61657569 125737205 976989508 2299391404 74444 76541 11845 1195928 
1789398261.431891538	456000000	37	0 27148209 61657569 125737205 976989508 2299489136 74444 76541 11845 1195928 
1789398261.737932715	456000000	37	0 27148209 61657569 125737205 976989508 2299625297 74444 76541 11845 1195928 
1789398262.041211287	456000000	37	0 27148209 61657569 125737205 976989508 2299768241 74444 76541 11845 1195928 
1789398262.352704443	456000000	37	0 27148209 61657569 125737205 976989508 2299910303 74444 76541 11845 1195928 
1789398262.653122493	456000000	37	0 27148209 61657569 125737205 976989508 2300051960 74444 76541 11845 1195928 
1789398262.961162524	456000000	46	0 27148209 61657569 125737205 976989508 2300192505 74444 76541 11845 1195928 
1789398263.260335887	456000000	46	0 27148209 61657569 125737205 976989508 2300331889 74444 76541 11845 1195928 
1789398263.569007220	456000000	46	0 27148209 61657569 125737205 976989508 2300475051 74444 76541 11845 1195928 
1789398263.874800011	456000000	46	0 27148209 61657569 125737205 976989508 2300615460 74444 76541 11845 1195928 
1789398264.182298791	456000000	46	0 27148209 61657569 125737205 976989508 2300757804 74444 76541 11845 1195928 
1789398264.486221374	456000000	46	0 27148209 61657569 125737205 976989508 2300882367 74444 76541 11845 1195928 
1789398264.794548905	456000000	42	0 27148209 61657569 125737205 976989508 2301008303 74444 76541 11845 1195928 
1789398265.101185810	456000000	42	0 27148209 61657569 125737205 976989508 2301132066 74444 76541 11845 1195928 
1789398265.406073549	456000000	42	0 27148209 61657569 125737205 976989508 2301278812 74444 76541 11845 1195928 
1789398265.704034047	456000000	42	0 27148209 61657569 125737205 976989508 2301409012 74444 76541 11845 1195928 
1789398266.010492359	456000000	44	0 27148209 61657569 125737205 976989508 2301560133 74444 76541 11845 1195928 
1789398266.314702129	456000000	44	0 27148209 61657569 125737205 976989508 2301706949 74444 76541 11845 1195928 
1789398266.619373305	456000000	44	0 27148209 61657569 125737205 976989508 2301846683 74444 76541 11845 1195928 
1789398266.925843856	456000000	47	0 27148209 61657569 125737205 976989508 2301988864 74444 76541 11845 1195928 
1789398267.229007480	456000000	47	0 27148209 61657569 125737205 976989508 2302127791 74444 76541 11845 1195928 
1789398267.534331782	456000000	47	0 27148209 61657569 125737205 976989508 2302266872 74444 76541 11845 1195928 
1789398267.836902124	456000000	45	0 27148209 61657569 125737205 976989508 2302404883 74444 76541 11845 1195928 
1789398268.141511738	456000000	45	0 27148209 61657569 125737205 976989508 2302537505 74444 76541 11845 1195928 
1789398268.445944893	456000000	45	0 27148209 61657569 125737205 976989508 2302661678 74444 76541 11845 1195928 
1789398268.751025809	456000000	45	0 27148209 61657569 125737205 976989508 2302786518 74444 76541 11845 1195928 
1789398269.053471985	456000000	41	0 27148209 61657569 125737205 976989508 2302902122 74444 76541 11845 1195928 
1789398269.362829047	456000000	41	0 27148209 61657569 125737205 976989508 2302932717 74444 76541 11845 1195928 
1789398269.686667621	456000000	41	0 27148209 61657569 125737205 976989508 2302963217 74444 76541 11845 1195928 
1789398270.004094892	456000000	16	0 27148209 61657569 125737205 976989508 2302994076 74444 76541 11845 1195928 
1789398270.328558310	456000000	16	0 27148209 61657569 125737205 976989508 2303024716 74444 76541 11845 1195928 
1789398270.637588132	456000000	16	0 27148209 61657569 125737205 976989508 2303082972 74444 76541 11845 1195928 
1789398270.932545818	456000000	18	0 27148209 61657569 125737205 976989508 2303224512 74444 76541 11845 1195928 
1789398271.237817828	492000000	18	0 27148209 61657569 125737205 977094639 2303247682 74444 76541 11845 1195928 
1789398271.535319107	492000000	18	0 27148209 61657569 125737205 977210972 2303247682 74444 76541 11845 1195928 
1789398271.832077418	492000000	42	0 27148209 61657569 125737205 977330471 2303247682 74444 76541 11845 1195928 
1789398272.131451406	456000000	42	0 27148209 61657569 125737205 977432462 2303265698 74444 76541 11845 1195928 
1789398272.426583415	456000000	42	0 27148209 61657569 125737205 977432462 2303391778 74444 76541 11845 1195928 
1789398272.728072143	456000000	42	0 27148209 61657569 125737205 977432462 2303518193 74444 76541 11845 1195928 
1789398273.030270090	456000000	41	0 27148209 61657569 125737205 977432462 2303644354 74444 76541 11845 1195928 
1789398273.327750953	456000000	41	0 27148209 61657569 125737205 977432462 2303770207 74444 76541 11845 1195928 
1789398273.629354212	456000000	41	0 27148209 61657569 125737205 977432462 2303880249 74444 76541 11845 1195928 
1789398273.926818825	456000000	39	0 27148209 61657569 125737205 977432462 2303984708 74444 76541 11845 1195928 
1789398274.220532239	456000000	39	0 27148209 61657569 125737205 977432462 2304089828 74444 76541 11845 1195928 
1789398274.520187165	456000000	39	0 27148209 61657569 125737205 977432462 2304195936 74444 76541 11845 1195928 
1789398274.819510945	456000000	35	0 27148209 61657569 125737205 977432462 2304302570 74444 76541 11845 1195928 
1789398275.121299673	456000000	35	0 27148209 61657569 125737205 977432462 2304408968 74444 76541 11845 1195928 
1789398275.415685900	456000000	35	0 27148209 61657569 125737205 977432462 2304516435 74444 76541 11845 1195928 
1789398275.715327909	456000000	35	0 27148209 61657569 125737205 977432462 2304627907 74444 76541 11845 1195928 
1789398276.014696533	456000000	36	0 27148209 61657569 125737205 977432462 2304738799 74444 76541 11845 1195928 
1789398276.315106771	456000000	36	0 27148209 61657569 125737205 977432462 2304851900 74444 76541 11845 1195928 
1789398276.613512478	456000000	36	0 27148209 61657569 125737205 977432462 2304957633 74444 76541 11845 1195928 
1789398276.911465945	456000000	36	0 27148209 61657569 125737205 977432462 2305062898 74444 76541 11845 1195928 
1789398277.210591548	456000000	36	0 27148209 61657569 125737205 977432462 2305168576 74444 76541 11845 1195928 
1789398277.509102880	456000000	36	0 27148209 61657569 125737205 977432462 2305275123 74444 76541 11845 1195928 
1789398277.810385201	456000000	36	0 27148209 61657569 125737205 977432462 2305381806 74444 76541 11845 1195928 
1789398278.107476481	456000000	35	0 27148209 61657569 125737205 977432462 2305487262 74444 76541 11845 1195928 
1789398278.407673646	456000000	35	0 27148209 61657569 125737205 977432462 2305592602 74444 76541 11845 1195928 
1789398278.705244457	456000000	35	0 27148209 61657569 125737205 977432462 2305696080 74444 76541 11845 1195928 
1789398279.005584227	456000000	35	0 27148209 61657569 125737205 977432462 2305803591 74444 76541 11845 1195928 
1789398279.305524048	456000000	35	0 27148209 61657569 125737205 977432462 2305910006 74444 76541 11845 1195928 
1789398279.602961890	456000000	35	0 27148209 61657569 125737205 977432462 2306015682 74444 76541 11845 1195928 
1789398279.902589264	456000000	35	0 27148209 61657569 125737205 977432462 2306121199 74444 76541 11845 1195928 
1789398280.199471741	456000000	35	0 27148209 61657569 125737205 977432462 2306226936 74444 76541 11845 1195928 
1789398280.493699166	456000000	35	0 27148209 61657569 125737205 977432462 2306331242 74444 76541 11845 1195928 
1789398280.790082373	456000000	35	0 27148209 61657569 125737205 977432462 2306436123 74444 76541 11845 1195928 
1789398281.085806257	456000000	35	0 27148209 61657569 125737205 977432462 2306541071 74444 76541 11845 1195928 
1789398281.385801964	456000000	35	0 27148209 61657569 125737205 977432462 2306646889 74444 76541 11845 1195928 
1789398281.686996212	456000000	35	0 27148209 61657569 125737205 977432462 2306685928 74444 76541 11845 1195928 
1789398282.006336713	456000000	25	0 27148209 61657569 125737205 977432462 2306716464 74444 76541 11845 1195928 
1789398282.321476536	456000000	25	0 27148209 61657569 125737205 977432462 2306746935 74444 76541 11845 1195928 
1789398282.628527869	456000000	25	0 27148209 61657569 125737205 977432462 2306792104 74444 76541 11845 1195928 
1789398282.923840398	492000000	16	0 27148209 61657569 125737205 977448608 2306888611 74444 76541 11845 1195928 
1789398283.221482459	492000000	16	0 27148209 61657569 125737205 977554575 2306888611 74444 76541 11845 1195928 
1789398283.514912749	492000000	16	0 27148209 61657569 125737205 977661274 2306888611 74444 76541 11845 1195928 
1789398283.809938924	492000000	16	0 27148209 61657569 125737205 977770422 2306888611 74444 76541 11845 1195928 
1789398284.105813485	456000000	36	0 27148209 61657569 125737205 977840027 2306931547 74444 76541 11845 1195928 
1789398284.409354244	456000000	36	0 27148209 61657569 125737205 977840027 2307046846 74444 76541 11845 1195928 
1789398284.707535367	456000000	36	0 27148209 61657569 125737205 977840027 2307163000 74444 76541 11845 1195928 
1789398285.006384356	456000000	38	0 27148209 61657569 125737205 977840027 2307276513 74444 76541 11845 1195928 
1789398285.306266104	456000000	38	0 27148209 61657569 125737205 977840027 2307376752 74444 76541 11845 1195928 
1789398285.612681708	456000000	38	0 27148209 61657569 125737205 977840027 2307520589 74444 76541 11845 1195928 
1789398285.923581530	456000000	41	0 27148209 61657569 125737205 977840027 2307671858 74444 76541 11845 1195928 
1789398286.227999998	456000000	41	0 27148209 61657569 125737205 977840027 2307819443 74444 76541 11845 1195928 
1789398286.529145809	456000000	41	0 27148209 61657569 125737205 977840027 2307964013 74444 76541 11845 1195928 
1789398286.831125266	456000000	48	0 27148209 61657569 125737205 977840027 2308108208 74444 76541 11845 1195928 
1789398287.135726703	456000000	48	0 27148209 61657569 125737205 977840027 2308255886 74444 76541 11845 1195928 
1789398287.435412827	456000000	48	0 27148209 61657569 125737205 977840027 2308402183 74444 76541 11845 1195928 
1789398287.740555774	456000000	48	0 27148209 61657569 125737205 977840027 2308547904 74444 76541 11845 1195928 
1789398288.045999606	456000000	48	0 27148209 61657569 125737205 977840027 2308698608 74444 76541 11845 1195928 
1789398288.350426460	456000000	48	0 27148209 61657569 125737205 977840027 2308802755 74444 76541 11845 1195928 
1789398288.645747426	456000000	48	0 27148209 61657569 125737205 977840027 2308939572 74444 76541 11845 1195928 
1789398288.945525529	456000000	43	0 27148209 61657569 125737205 977840027 2309094002 74444 76541 11845 1195928 
1789398289.257182696	456000000	43	0 27148209 61657569 125737205 977840027 2309261097 74444 76541 11845 1195928 
1789398289.561123611	456000000	43	0 27148209 61657569 125737205 977840027 2309422713 74444 76541 11845 1195928 
1789398289.865029735	456000000	53	0 27148209 61657569 125737205 977840027 2309576679 74444 76541 11845 1195928 
1789398290.165678203	456000000	53	0 27148209 61657569 125737205 977840027 2309715672 74444 76541 11845 1195928 
1789398290.467687191	456000000	53	0 27148209 61657569 125737205 977840027 2309854345 74444 76541 11845 1195928 
1789398290.765809461	456000000	53	0 27148209 61657569 125737205 977840027 2309996096 74444 76541 11845 1195928 
1789398291.066538345	456000000	46	0 27148209 61657569 125737205 977840027 2310155020 74444 76541 11845 1195928 
1789398291.371248427	456000000	46	0 27148209 61657569 125737205 977840027 2310302110 74444 76541 11845 1195928 
1789398291.679949031	456000000	46	0 27148209 61657569 125737205 977840027 2310432722 74444 76541 11845 1195928 
1789398291.983168748	456000000	48	0 27148209 61657569 125737205 977840027 2310593093 74444 76541 11845 1195928 
1789398292.290850550	456000000	48	0 27148209 61657569 125737205 977840027 2310757960 74444 76541 11845 1195928 
1789398292.587136204	492000000	48	0 27148209 61657569 125737205 977890544 2310866951 74444 76541 11845 1195928 
1789398292.887586443	492000000	51	0 27148209 61657569 125737205 978026551 2310866951 74444 76541 11845 1195928 
1789398293.181959285	492000000	51	0 27148209 61657569 125737205 978162356 2310866951 74444 76541 11845 1195928 
1789398293.486142232	492000000	51	0 27148209 61657569 125737205 978301082 2310866951 74444 76541 11845 1195928 
1789398293.784760803	456000000	51	0 27148209 61657569 125737205 978357109 2310951882 74444 76541 11845 1195928 
1789398294.087325416	456000000	46	0 27148209 61657569 125737205 978357109 2311097032 74444 76541 11845 1195928 
1789398294.390034405	456000000	46	0 27148209 61657569 125737205 978357109 2311241793 74444 76541 11845 1195928 
1789398294.693439018	456000000	46	0 27148209 61657569 125737205 978357109 2311350915 74444 76541 11845 1195928 
1789398294.992410298	456000000	45	0 27148209 61657569 125737205 978357109 2311512704 74444 76541 11845 1195928 
1789398295.297964391	456000000	45	0 27148209 61657569 125737205 978357109 2311692364 74444 76541 11845 1195928 
1789398295.605993849	456000000	45	0 27148209 61657569 125737205 978357109 2311872035 74444 76541 11845 1195928 
1789398295.914086536	456000000	57	0 27148209 61657569 125737205 978357109 2312057113 74444 76541 11845 1195928 
1789398296.222380681	456000000	57	0 27148209 61657569 125737205 978357109 2312240880 74444 76541 11845 1195928 
1789398296.529901285	456000000	57	0 27148209 61657569 125737205 978357109 2312407280 74444 76541 11845 1195928 
1789398296.829323606	456000000	57	0 27148209 61657569 125737205 978357109 2312560620 74444 76541 11845 1195928 
1789398297.129951188	456000000	55	0 27148209 61657569 125737205 978357109 2312741799 74444 76541 11845 1195928 
1789398297.436156271	456000000	55	0 27148209 61657569 125737205 978357109 2312938646 74444 76541 11845 1195928 
1789398297.739228489	456000000	55	0 27148209 61657569 125737205 978357109 2313068964 74444 76541 11845 1195928 
1789398298.035146174	456000000	56	0 27148209 61657569 125737205 978357109 2313224136 74444 76541 11845 1195928 
1789398298.332821204	456000000	56	0 27148209 61657569 125737205 978357109 2313390724 74444 76541 11845 1195928 
1789398298.636418213	456000000	56	0 27148209 61657569 125737205 978357109 2313574590 74444 76541 11845 1195928 
1789398298.942499025	456000000	57	0 27148209 61657569 125737205 978357109 2313764861 74444 76541 11845 1195928 
1789398299.247075618	456000000	57	0 27148209 61657569 125737205 978357109 2313947645 74444 76541 11845 1195928 
1789398299.552817575	456000000	57	0 27148209 61657569 125737205 978357109 2314135138 74444 76541 11845 1195928 
1789398299.858181981	456000000	60	0 27148209 61657569 125737205 978357109 2314319026 74444 76541 11845 1195928 
1789398300.159438625	456000000	60	0 27148209 61657569 125737205 978357109 2314504601 74444 76541 11845 1195928 
1789398300.466073239	456000000	60	0 27148209 61657569 125737205 978357109 2314691350 74444 76541 11845 1195928 
1789398300.777334989	456000000	60	0 27148209 61657569 125737205 978357109 2314857031 74444 76541 11845 1195928 
1789398301.086862937	456000000	56	0 27148209 61657569 125737205 978362602 2314985816 74444 76541 11845 1195928 
1789398301.389318331	492000000	56	0 27148209 61657569 125737205 978504962 2314985816 74444 76541 11845 1195928 
1789398301.689949924	492000000	56	0 27148209 61657569 125737205 978657551 2314985816 74444 76541 11845 1195928 
1789398301.990526308	492000000	49	0 27148209 61657569 125737205 978810589 2314985816 74444 76541 11845 1195928 
1789398302.289718890	456000000	49	0 27148209 61657569 125737205 978871480 2315081308 74444 76541 11845 1195928 
1789398302.593503139	456000000	49	0 27148209 61657569 125737205 978871480 2315252754 74444 76541 11845 1195928 
1789398302.893008950	456000000	54	0 27148209 61657569 125737205 978871480 2315422763 74444 76541 11845 1195928 
1789398303.188521583	456000000	54	0 27148209 61657569 125737205 978871480 2315595254 74444 76541 11845 1195928 
1789398303.485989686	456000000	54	0 27148209 61657569 125737205 978871480 2315768186 74444 76541 11845 1195928 
1789398303.789462841	456000000	54	0 27148209 61657569 125737205 978871480 2315946674 74444 76541 11845 1195928 
1789398304.091578288	456000000	57	0 27148209 61657569 125737205 978877277 2316065061 74444 76541 11845 1195928 
1789398304.388548891	492000000	57	0 27148209 61657569 125737205 979026727 2316065061 74444 76541 11845 1195928 
1789398304.691431421	492000000	57	0 27148209 61657569 125737205 979179746 2316065061 74444 76541 11845 1195928 
1789398304.991006503	492000000	47	0 27148209 61657569 125737205 979337231 2316065061 74444 76541 11845 1195928 
1789398305.294717731	456000000	47	0 27148209 61657569 125737205 979456653 2316108294 74444 76541 11845 1195928 
1789398305.595800261	456000000	47	0 27148209 61657569 125737205 979456653 2316286516 74444 76541 11845 1195928 
1789398305.892340030	456000000	56	0 27148209 61657569 125737205 979456653 2316464756 74444 76541 11845 1195928 
1789398306.195961935	456000000	56	0 27148209 61657569 125737205 979456653 2316643894 74444 76541 11845 1195928 
1789398306.498386288	456000000	56	0 27148209 61657569 125737205 979456653 2316823230 74444 76541 11845 1195928 
1789398306.804279444	456000000	56	0 27148209 61657569 125737205 979456653 2317006200 74444 76541 11845 1195928 
1789398307.103057651	456000000	59	0 27148209 61657569 125737205 979456653 2317150776 74444 76541 11845 1195928 
1789398307.397349815	492000000	59	0 27148209 61657569 125737205 979508692 2317249781 74444 76541 11845 1195928 
1789398307.696344064	492000000	59	0 27148209 61657569 125737205 979666206 2317249781 74444 76541 11845 1195928 
1789398308.001379407	492000000	50	0 27148209 61657569 125737205 979832386 2317249781 74444 76541 11845 1195928 
1789398308.300775166	492000000	50	0 27148209 61657569 125737205 980006724 2317249781 74444 76541 11845 1195928 
1789398308.599621758	456000000	50	0 27148209 61657569 125737205 980056836 2317378779 74444 76541 11845 1195928 
1789398308.900410486	456000000	58	0 27148209 61657569 125737205 980056836 2317563745 74444 76541 11845 1195928 
1789398309.202025933	456000000	58	0 27148209 61657569 125737205 980056836 2317749959 74444 76541 11845 1195928 
1789398309.503921015	456000000	58	0 27148209 61657569 125737205 980056836 2317938511 74444 76541 11845 1195928 
1789398309.804961201	456000000	58	0 27148209 61657569 125737205 980056836 2318120976 74444 76541 11845 1195928 
1789398310.100755814	456000000	61	0 27148209 61657569 125737205 980056836 2318300338 74444 76541 11845 1195928 
1789398310.397856468	456000000	61	0 27148209 61657569 125737205 980056836 2318415415 74444 76541 11845 1195928 
1789398310.696884623	456000000	61	0 27148209 61657569 125737205 980056836 2318599043 74444 76541 11845 1195928 
1789398311.010571217	456000000	54	0 27148209 61657569 125737205 980056836 2318801642 74444 76541 11845 1195928 
1789398311.313693487	456000000	54	0 27148209 61657569 125737205 980056836 2319009918 74444 76541 11845 1195928 
1789398311.618007111	456000000	54	0 27148209 61657569 125737205 980056836 2319224769 74444 76541 11845 1195928 
1789398311.925750475	456000000	68	0 27148209 61657569 125737205 980056836 2319440434 74444 76541 11845 1195928 
1789398312.229911807	456000000	68	0 27148209 61657569 125737205 980056836 2319651222 74444 76541 11845 1195928 
1789398312.534791369	456000000	68	0 27148209 61657569 125737205 980056836 2319863878 74444 76541 11845 1195928 
1789398312.840934837	456000000	68	0 27148209 61657569 125737205 980056836 2320076661 74444 76541 11845 1195928 
1789398313.144171325	456000000	69	0 27148209 61657569 125737205 980056836 2320286329 74444 76541 11845 1195928 
1789398313.444860522	456000000	69	0 27148209 61657569 125737205 980056836 2320423574 74444 76541 11845 1195928 
1789398313.744648781	456000000	69	0 27148209 61657569 125737205 980056836 2320611594 74444 76541 11845 1195928 
1789398314.050423030	456000000	59	0 27148209 61657569 125737205 980056836 2320812186 74444 76541 11845 1195928 
1789398314.357782071	456000000	59	0 27148209 61657569 125737205 980056836 2321028778 74444 76541 11845 1195928 
1789398314.659852935	456000000	59	0 27148209 61657569 125737205 980056836 2321248618 74444 76541 11845 1195928 
1789398314.966903434	456000000	70	0 27148209 61657569 125737205 980056836 2321464356 74444 76541 11845 1195928 
1789398315.266301745	456000000	70	0 27148209 61657569 125737205 980056836 2321660280 74444 76541 11845 1195928 
1789398315.566887140	456000000	70	0 27148209 61657569 125737205 980056836 2321855052 74444 76541 11845 1195928 
1789398315.867094305	456000000	67	0 27148209 61657569 125737205 980056836 2322076908 74444 76541 11845 1195928 
1789398316.178730482	456000000	67	0 27148209 61657569 125737205 980056836 2322296373 74444 76541 11845 1195928 
1789398316.482289470	456000000	67	0 27148209 61657569 125737205 980056836 2322503149 74444 76541 11845 1195928 
1789398316.790540855	492000000	67	0 27148209 61657569 125737205 980120158 2322569378 74444 76541 11845 1195928 
1789398317.088581041	492000000	61	0 27148209 61657569 125737205 980284549 2322569378 74444 76541 11845 1195928 
1789398317.383784508	492000000	61	0 27148209 61657569 125737205 980468554 2322569378 74444 76541 11845 1195928 
1789398317.679692402	492000000	61	0 27148209 61657569 125737205 980656027 2322569378 74444 76541 11845 1195928 
1789398317.981863838	456000000	60	0 27148209 61657569 125737205 980681557 2322747346 74444 76541 11845 1195928 
1789398318.285359806	456000000	60	0 27148209 61657569 125737205 980681557 2322947941 74444 76541 11845 1195928 
1789398318.586584524	456000000	60	0 27148209 61657569 125737205 980681557 2323155586 74444 76541 11845 1195928 
1789398318.886467783	456000000	67	0 27148209 61657569 125737205 980681557 2323359808 74444 76541 11845 1195928 
1789398319.186238750	456000000	67	0 27148209 61657569 125737205 980681557 2323558723 74444 76541 11845 1195928 
1789398319.486592842	456000000	67	0 27148209 61657569 125737205 980681557 2323757200 74444 76541 11845 1195928 
1789398319.786936310	456000000	67	0 27148209 61657569 125737205 980681557 2323874486 74444 76541 11845 1195928 
1789398320.089169725	492000000	58	0 27148209 61657569 125737205 980808033 2323937856 74444 76541 11845 1195928 
1789398320.388071161	492000000	58	0 27148209 61657569 125737205 980985356 2323937856 74444 76541 11845 1195928 
1789398320.689525619	492000000	58	0 27148209 61657569 125737205 981178237 2323937856 74444 76541 11845 1195928 
1789398320.988415805	456000000	61	0 27148209 61657569 125737205 981307068 2324006304 74444 76541 11845 1195928 
1789398321.288329272	456000000	61	0 27148209 61657569 125737205 981307068 2324212423 74444 76541 11845 1195928 
1789398321.586253260	456000000	61	0 27148209 61657569 125737205 981307068 2324419490 74444 76541 11845 1195928 
1789398321.885512873	456000000	68	0 27148209 61657569 125737205 981307068 2324623197 74444 76541 11845 1195928 
1789398322.181828007	456000000	68	0 27148209 61657569 125737205 981307068 2324827024 74444 76541 11845 1195928 
1789398322.486196527	456000000	68	0 27148209 61657569 125737205 981307068 2325031260 74444 76541 11845 1195928 
1789398322.788486296	456000000	68	0 27148209 61657569 125737205 981307068 2325227637 74444 76541 11845 1195928 
1789398323.093545441	456000000	64	0 27148209 61657569 125737205 981314573 2325345191 74444 76541 11845 1195928 
1789398323.392530419	492000000	64	0 27148209 61657569 125737205 981498971 2325345191 74444 76541 11845 1195928 
1789398323.691343626	492000000	64	0 27148209 61657569 125737205 981700457 2325345191 74444 76541 11845 1195928 
1789398323.990327718	492000000	59	0 27148209 61657569 125737205 981905908 2325345191 74444 76541 11845 1195928 
1789398324.296116447	456000000	59	0 27148209 61657569 125737205 981991311 2325482402 74444 76541 11845 1195928 
1789398324.592667622	456000000	59	0 27148209 61657569 125737205 981991311 2325706112 74444 76541 11845 1195928 
1789398324.893150829	456000000	72	0 27148209 61657569 125737205 981991311 2325924870 74444 76541 11845 1195928 
1789398325.191098619	456000000	72	0 27148209 61657569 125737205 981991311 2326143648 74444 76541 11845 1195928 
1789398325.495558545	456000000	72	0 27148209 61657569 125737205 981991311 2326358799 74444 76541 11845 1195928 
1789398325.790670918	456000000	72	0 27148209 61657569 125737205 981991311 2326577231 74444 76541 11845 1195928 
1789398326.089981782	456000000	72	0 27148209 61657569 125737205 981991311 2326700194 74444 76541 11845 1195928 
1789398326.386201030	492000000	72	0 27148209 61657569 125737205 982133148 2326757303 74444 76541 11845 1195928 
1789398326.685072622	492000000	72	0 27148209 61657569 125737205 982332429 2326757303 74444 76541 11845 1195928 
1789398326.980270099	492000000	59	0 27148209 61657569 125737205 982546635 2326757303 74444 76541 11845 1195928 
1789398327.279308098	492000000	59	0 27148209 61657569 125737205 982764900 2326757303 74444 76541 11845 1195928 
1789398327.578295836	456000000	59	0 27148209 61657569 125737205 982850674 2326896366 74444 76541 11845 1195928 
1789398327.877783678	456000000	74	0 27148209 61657569 125737205 982850674 2327123254 74444 76541 11845 1195928 
1789398328.178858969	456000000	74	0 27148209 61657569 125737205 982850674 2327351976 74444 76541 11845 1195928 
1789398328.475856238	456000000	74	0 27148209 61657569 125737205 982850674 2327580466 74444 76541 11845 1195928 
1789398328.776177257	456000000	74	0 27148209 61657569 125737205 982850674 2327809070 74444 76541 11845 1195928 
1789398329.076125152	456000000	76	0 27148209 61657569 125737205 982850674 2328036771 74444 76541 11845 1195928 
1789398329.372255129	456000000	76	0 27148209 61657569 125737205 982863676 2328144083 74444 76541 11845 1195928 
1789398329.669927711	492000000	76	0 27148209 61657569 125737205 983069835 2328154687 74444 76541 11845 1195928 
1789398329.966880814	456000000	65	0 27148209 61657569 125737205 983069835 2328393886 74444 76541 11845 1195928 
1789398330.268695167	456000000	65	0 27148209 61657569 125737205 983069835 2328641214 74444 76541 11845 1195928 
1789398330.569626238	456000000	65	0 27148209 61657569 125737205 983069835 2328889434 74444 76541 11845 1195928 
1789398330.867546580	456000000	82	0 27148209 61657569 125737205 983069835 2329135720 74444 76541 11845 1195928 
1789398331.166101610	456000000	82	0 27148209 61657569 125737205 983069835 2329378939 74444 76541 11845 1195928 
1789398331.464953827	456000000	82	0 27148209 61657569 125737205 983069835 2329625576 74444 76541 11845 1195928 
1789398331.763348336	456000000	82	0 27148209 61657569 125737205 983069835 2329871845 74444 76541 11845 1195928 
1789398332.068325033	456000000	82	0 27148209 61657569 125737205 983069835 2330120591 74444 76541 11845 1195928 
1789398332.366461209	456000000	82	0 27148209 61657569 125737205 983069835 2330298938 74444 76541 11845 1195928 
1789398332.662086134	599000000	82	0 27152653 61668431 125748396 983205185 2330300046 74444 76541 11845 1195928 
1789398332.960785174	599000000	65	0 27335983 61696077 125748396 983205185 2330300046 74444 76541 11845 1195928 
1789398333.263348746	599000000	65	0 27335983 61938973 125748396 983205185 2330300046 74444 76541 11845 1195928 
1789398333.566794401	599000000	65	0 27335983 62185251 125748396 983205185 2330300046 74444 76541 11845 1195928 
1789398333.873988286	599000000	78	0 27335983 62426134 125748396 983205185 2330300046 74444 76541 11845 1195928 
1789398334.169399253	599000000	78	0 27335983 62666299 125748396 983205185 2330300046 74444 76541 11845 1195928 
1789398334.472026627	545000000	78	0 27335983 62874307 125783456 983205185 2330300046 74444 76541 11845 1195928 
1789398334.772555407	545000000	78	0 27335983 62874307 126037611 983205185 2330300046 74444 76541 11845 1195928 
1789398335.069737572	545000000	82	0 27335983 62874307 126292489 983205185 2330300046 74444 76541 11845 1195928 
1789398335.372625102	545000000	82	0 27335983 62874307 126548781 983205185 2330300046 74444 76541 11845 1195928 
1789398335.670208101	599000000	82	0 27335983 62901212 126662992 983205185 2330300046 74444 76541 11845 1195928 
1789398335.969329745	599000000	63	0 27335983 62986451 126662992 983205185 2330300046 74444 76541 11845 1195928 
1789398336.271085817	599000000	63	0 27335983 63076307 126662992 983205185 2330300046 74444 76541 11845 1195928 
1789398336.572276420	599000000	63	0 27335983 63165987 126662992 983205185 2330300046 74444 76541 11845 1195928 
1789398336.869553272	545000000	63	0 27335983 63182036 126739059 983205185 2330300046 74444 76541 11845 1195928 
1789398337.168356948	545000000	29	0 27335983 63182036 126831046 983205185 2330300046 74444 76541 11845 1195928 
1789398337.468173123	545000000	29	0 27335983 63182036 126923490 983205185 2330300046 74444 76541 11845 1195928 
1789398337.766676799	492000000	29	0 27335983 63182036 126988827 983235168 2330300046 74444 76541 11845 1195928 
1789398338.065983235	492000000	31	0 27335983 63182036 126988827 983336633 2330300046 74444 76541 11845 1195928 
1789398338.365311129	492000000	31	0 27335983 63182036 126988827 983436327 2330300046 74444 76541 11845 1195928 
1789398338.661459024	492000000	31	0 27335983 63182036 126988827 983537131 2330300046 74444 76541 11845 1195928 
1789398338.962731866	456000000	33	0 27335983 63182036 126988827 983542923 2330397546 74444 76541 11845 1195928 
1789398339.260140333	456000000	33	0 27335983 63182036 126988827 983542923 2330504770 74444 76541 11845 1195928 
1789398339.564769791	456000000	33	0 27335983 63182036 126988827 983542923 2330618842 74444 76541 11845 1195928 
1789398339.870912373	456000000	33	0 27335983 63182036 126988827 983542923 2330732519 74444 76541 11845 1195928 
1789398340.172233445	456000000	36	0 27335983 63182036 126988827 983542923 2330841440 74444 76541 11845 1195928 
1789398340.472817381	456000000	36	0 27335983 63182036 126988827 983542923 2330949828 74444 76541 11845 1195928 
1789398340.773256057	456000000	36	0 27335983 63182036 126988827 983542923 2331053704 74444 76541 11845 1195928 
1789398341.070516034	456000000	35	0 27335983 63182036 126988827 983542923 2331158258 74444 76541 11845 1195928 
1789398341.370992939	456000000	35	0 27335983 63182036 126988827 983542923 2331262211 74444 76541 11845 1195928 
1789398341.671090261	456000000	35	0 27335983 63182036 126988827 983542923 2331365944 74444 76541 11845 1195928 
1789398341.969235551	456000000	34	0 27335983 63182036 126988827 983542923 2331470087 74444 76541 11845 1195928 
1789398342.270604539	456000000	34	0 27335983 63182036 126988827 983542923 2331573272 74444 76541 11845 1195928 
1789398342.568163319	456000000	34	0 27335983 63182036 126988827 983542923 2331678688 74444 76541 11845 1195928 
1789398342.879248194	456000000	32	0 27335983 63182036 126988827 983542923 2331763660 74444 76541 11845 1195928 
1789398343.181314526	456000000	32	0 27335983 63182036 126988827 983542923 2331859080 74444 76541 11845 1195928 
1789398343.481244087	456000000	32	0 27335983 63182036 126988827 983542923 2331957726 74444 76541 11845 1195928 
1789398343.783918857	456000000	32	0 27335983 63182036 126988827 983542923 2332057032 74444 76541 11845 1195928 
1789398344.085564356	456000000	32	0 27335983 63182036 126988827 983542923 2332157509 74444 76541 11845 1195928 
1789398344.390625323	456000000	32	0 27335983 63182036 126988827 983542923 2332257462 74444 76541 11845 1195928 
1789398344.694020927	456000000	32	0 27335983 63182036 126988827 983542923 2332356920 74444 76541 11845 1195928 
1789398345.000230020	456000000	32	0 27335983 63182036 126988827 983542923 2332458671 74444 76541 11845 1195928 
1789398345.304596612	456000000	32	0 27335983 63182036 126988827 983542923 2332558548 74444 76541 11845 1195928 
1789398345.607003517	456000000	32	0 27335983 63182036 126988827 983542923 2332659163 74444 76541 11845 1195928 
1789398345.912747090	456000000	31	0 27335983 63182036 126988827 983542923 2332751329 74444 76541 11845 1195928 
1789398346.214893266	456000000	31	0 27335983 63182036 126988827 983542923 2332858188 74444 76541 11845 1195928 
1789398346.522621525	456000000	31	0 27335983 63182036 126988827 983542923 2332971863 74444 76541 11845 1195928 
1789398346.830830046	456000000	31	0 27335983 63182036 126988827 983542923 2333085070 74444 76541 11845 1195928 
1789398347.137541326	456000000	36	0 27335983 63182036 126988827 983542923 2333195179 74444 76541 11845 1195928 
1789398347.445384169	456000000	36	0 27335983 63182036 126988827 983542923 2333309360 74444 76541 11845 1195928 
1789398347.749379929	456000000	36	0 27335983 63182036 126988827 983542923 2333424019 74444 76541 11845 1195928 
1789398348.055007720	456000000	36	0 27335983 63182036 126988827 983542923 2333535018 74444 76541 11845 1195928 
1789398348.357295510	456000000	36	0 27335983 63182036 126988827 983542923 2333645014 74444 76541 11845 1195928 
1789398348.665177520	456000000	36	0 27335983 63182036 126988827 983542923 2333757413 74444 76541 11845 1195928 
1789398348.966327446	456000000	34	0 27335983 63182036 126988827 983542923 2333847566 74444 76541 11845 1195928 
1789398349.260154611	456000000	34	0 27335983 63182036 126988827 983542923 2333967024 74444 76541 11845 1195928 
1789398349.566519954	456000000	34	0 27335983 63182036 126988827 983542923 2334086923 74444 76541 11845 1195928 
1789398349.873795765	456000000	34	0 27335983 63182036 126988827 983542923 2334213493 74444 76541 11845 1195928 
1789398350.185592932	456000000	39	0 27335983 63182036 126988827 983542923 2334337562 74444 76541 11845 1195928 
1789398350.489511243	456000000	39	0 27335983 63182036 126988827 983542923 2334459330 74444 76541 11845 1195928 
1789398350.794172524	456000000	39	0 27335983 63182036 126988827 983542923 2334585003 74444 76541 11845 1195928 
1789398351.107297920	456000000	40	0 27335983 63182036 126988827 983542923 2334709618 74444 76541 11845 1195928 
1789398351.412926440	456000000	40	0 27335983 63182036 126988827 983542923 2334829303 74444 76541 11845 1195928 
1789398351.713879438	456000000	40	0 27335983 63182036 126988827 983542923 2334952203 74444 76541 11845 1195928 
1789398352.014617281	456000000	40	0 27335983 63182036 126988827 983542923 2335050662 74444 76541 11845 1195928 
1789398352.313745019	456000000	40	0 27335983 63182036 126988827 983542923 2335175267 74444 76541 11845 1195928 
1789398352.616556455	456000000	40	0 27335983 63182036 126988827 983542923 2335299304 74444 76541 11845 1195928 
1789398352.924931851	456000000	39	0 27335983 63182036 126988827 983542923 2335427983 74444 76541 11845 1195928 
1789398353.227936673	456000000	39	0 27335983 63182036 126988827 983542923 2335557878 74444 76541 11845 1195928 
1789398353.538044516	456000000	39	0 27335983 63182036 126988827 983542923 2335684101 74444 76541 11845 1195928 
1789398353.845585224	456000000	39	0 27335983 63182036 126988827 983542923 2335818074 74444 76541 11845 1195928 
1789398354.156968119	456000000	42	0 27335983 63182036 126988827 983542923 2335946965 74444 76541 11845 1195928 
1789398354.459781847	456000000	42	0 27335983 63182036 126988827 983542923 2336078072 74444 76541 11845 1195928 
1789398354.767575315	456000000	42	0 27335983 63182036 126988827 983542923 2336205160 74444 76541 11845 1195928 
1789398355.074897898	456000000	42	0 27335983 63182036 126988827 983542923 2336334613 74444 76541 11845 1195928 
1789398355.378440168	456000000	42	0 27335983 63182036 126988827 983542923 2336444047 74444 76541 11845 1195928 
1789398355.691708585	456000000	42	0 27335983 63182036 126988827 983542923 2336576180 74444 76541 11845 1195928 
1789398355.995746063	456000000	40	0 27335983 63182036 126988827 983542923 2336713074 74444 76541 11845 1195928 
1789398356.308366771	456000000	40	0 27335983 63182036 126988827 983542923 2336849807 74444 76541 11845 1195928 
1789398356.620709927	456000000	40	0 27335983 63182036 126988827 983542923 2336985723 74444 76541 11845 1195928 
1789398356.922650166	456000000	44	0 27335983 63182036 126988827 983542923 2337117989 74444 76541 11845 1195928 
1789398357.236112593	456000000	44	0 27335983 63182036 126988827 983542923 2337255464 74444 76541 11845 1195928 
1789398357.540387206	456000000	44	0 27335983 63182036 126988827 983542923 2337389577 74444 76541 11845 1195928 
1789398357.840320726	456000000	44	0 27335983 63182036 126988827 983542923 2337507155 74444 76541 11845 1195928 
1789398358.138188568	456000000	42	0 27335983 63182036 126988827 983542923 2337635886 74444 76541 11845 1195928 
1789398358.439987608	456000000	42	0 27335983 63182036 126988827 983542923 2337726609 74444 76541 11845 1195928 
1789398358.740158576	456000000	42	0 27335983 63182036 126988827 983542923 2337862939 74444 76541 11845 1195928 
1789398359.047065377	456000000	39	0 27335983 63182036 126988827 983542923 2338001284 74444 76541 11845 1195928 
1789398359.354963793	456000000	39	0 27335983 63182036 126988827 983542923 2338141203 74444 76541 11845 1195928 
1789398359.654129136	456000000	39	0 27335983 63182036 126988827 983542923 2338279099 74444 76541 11845 1195928 
1789398359.960485781	456000000	45	0 27335983 63182036 126988827 983542923 2338418974 74444 76541 11845 1195928 
1789398360.265742217	456000000	45	0 27335983 63182036 126988827 983542923 2338561272 74444 76541 11845 1195928 
1789398360.575271623	456000000	45	0 27335983 63182036 126988827 983542923 2338691732 74444 76541 11845 1195928 
1789398360.878018528	456000000	45	0 27335983 63182036 126988827 983542923 2338843360 74444 76541 11845 1195928 
1789398361.180480694	456000000	46	0 27335983 63182036 126988827 983542923 2338976114 74444 76541 11845 1195928 
1789398361.482451609	456000000	46	0 27335983 63182036 126988827 983542923 2339073353 74444 76541 11845 1195928 
1789398361.786060806	456000000	46	0 27335983 63182036 126988827 983542923 2339208497 74444 76541 11845 1195928 
1789398362.085284013	456000000	40	0 27335983 63182036 126988827 983542923 2339340212 74444 76541 11845 1195928 
1789398362.393436752	456000000	40	0 27335983 63182036 126988827 983542923 2339485781 74444 76541 11845 1195928 
1789398362.696992720	456000000	40	0 27335983 63182036 126988827 983542923 2339634136 74444 76541 11845 1195928 
1789398363.007446240	456000000	47	0 27335983 63182036 126988827 983542923 2339781642 74444 76541 11845 1195928 
1789398363.321445959	456000000	47	0 27335983 63182036 126988827 983542923 2339929790 74444 76541 11845 1195928 
1789398363.627625677	456000000	47	0 27335983 63182036 126988827 983542923 2340076468 74444 76541 11845 1195928 
1789398363.932824874	456000000	47	0 27335983 63182036 126988827 983542923 2340221924 74444 76541 11845 1195928 
1789398364.244907926	456000000	47	0 27335983 63182036 126988827 983542923 2340369490 74444 76541 11845 1195928 
1789398364.552800822	456000000	47	0 27335983 63182036 126988827 983542923 2340490270 74444 76541 11845 1195928 
1789398364.861002779	456000000	47	0 27335983 63182036 126988827 983542923 2340629087 74444 76541 11845 1195928 
1789398365.169966664	456000000	44	0 27335983 63182036 126988827 983542923 2340782742 74444 76541 11845 1195928 
1789398365.474506226	456000000	44	0 27335983 63182036 126988827 983542923 2340951339 74444 76541 11845 1195928 
1789398365.786295319	456000000	44	0 27335983 63182036 126988827 983542923 2341113358 74444 76541 11845 1195928 
1789398366.093991808	456000000	52	0 27335983 63182036 126988827 983542923 2341279134 74444 76541 11845 1195928 
1789398366.402164860	456000000	52	0 27335983 63182036 126988827 983542923 2341436373 74444 76541 11845 1195928 
1789398366.712906714	456000000	52	0 27335983 63182036 126988827 983542923 2341593804 74444 76541 11845 1195928 
1789398367.018175703	456000000	51	0 27335983 63182036 126988827 983542923 2341746817 74444 76541 11845 1195928 
1789398367.321044795	456000000	51	0 27335983 63182036 126988827 983542923 2341898611 74444 76541 11845 1195928 
1789398367.630897430	456000000	51	0 27335983 63182036 126988827 983542923 2342048670 74444 76541 11845 1195928 
1789398367.934408033	456000000	46	0 27335983 63182036 126988827 983542923 2342170460 74444 76541 11845 1195928 
1789398368.239284574	456000000	46	0 27335983 63182036 126988827 983542923 2342324079 74444 76541 11845 1195928 
1789398368.540943458	492000000	46	0 27335983 63182036 126988827 983620410 2342399564 74444 76541 11845 1195928 
1789398368.841194061	492000000	46	0 27335983 63182036 126988827 983761145 2342399564 74444 76541 11845 1195928 
1789398369.147214769	492000000	49	0 27335983 63182036 126988827 983899676 2342399564 74444 76541 11845 1195928 
1789398369.449652455	456000000	49	0 27335983 63182036 126988827 984015921 2342421430 74444 76541 11845 1195928 
1789398369.750420818	456000000	49	0 27335983 63182036 126988827 984015921 2342567451 74444 76541 11845 1195928 
1789398370.053257463	456000000	46	0 27335983 63182036 126988827 984015921 2342709419 74444 76541 11845 1195928 
1789398370.351416712	456000000	46	0 27335983 63182036 126988827 984015921 2342854578 74444 76541 11845 1195928 
1789398370.657083617	456000000	46	0 27335983 63182036 126988827 984015921 2343000266 74444 76541 11845 1195928 
1789398370.957046928	456000000	43	0 27335983 63182036 126988827 984015921 2343109003 74444 76541 11845 1195928 
1789398371.263355500	456000000	43	0 27335983 63182036 126988827 984015921 2343264097 74444 76541 11845 1195928 
1789398371.572430479	492000000	43	0 27335983 63182036 126988827 984062052 2343386793 74444 76541 11845 1195928 
1789398371.875968426	492000000	43	0 27335983 63182036 126988827 984208191 2343386793 74444 76541 11845 1195928 
1789398372.175578195	492000000	51	0 27335983 63182036 126988827 984347258 2343386793 74444 76541 11845 1195928 
1789398372.477292236	492000000	51	0 27335983 63182036 126988827 984491682 2343386793 74444 76541 11845 1195928 
1789398372.778807631	456000000	51	0 27335983 63182036 126988827 984562702 2343462407 74444 76541 11845 1195928 
1789398373.079275265	456000000	48	0 27335983 63182036 126988827 984562702 2343612760 74444 76541 11845 1195928 
1789398373.379317222	456000000	48	0 27335983 63182036 126988827 984562702 2343762980 74444 76541 11845 1195928 
1789398373.679688085	456000000	48	0 27335983 63182036 126988827 984562702 2343913298 74444 76541 11845 1195928 
1789398373.974806812	456000000	49	0 27335983 63182036 126988827 984562702 2344025565 74444 76541 11845 1195928 
1789398374.272035592	456000000	49	0 27335983 63182036 126988827 984562702 2344180815 74444 76541 11845 1195928 
1789398374.571642236	456000000	49	0 27335983 63182036 126988827 984562702 2344344276 74444 76541 11845 1195928 
1789398374.871872683	456000000	49	0 27335983 63182036 126988827 984562702 2344527939 74444 76541 11845 1195928 
1789398375.173916619	456000000	52	0 27335983 63182036 126988827 984562702 2344712723 74444 76541 11845 1195928 
1789398375.485039515	456000000	52	0 27335983 63182036 126988827 984562702 2344900667 74444 76541 11845 1195928 
1789398375.793475327	456000000	52	0 27335983 63182036 126988827 984562702 2345080265 74444 76541 11845 1195928 
1789398376.099547493	456000000	60	0 27335983 63182036 126988827 984562702 2345266197 74444 76541 11845 1195928 
1789398376.404700231	456000000	60	0 27335983 63182036 126988827 984562702 2345450570 74444 76541 11845 1195928 
1789398376.712824012	456000000	60	0 27335983 63182036 126988827 984562702 2345631875 74444 76541 11845 1195928 
1789398377.019105657	456000000	58	0 27335983 63182036 126988827 984562702 2345793530 74444 76541 11845 1195928 
1789398377.320024333	456000000	58	0 27335983 63182036 126988827 984562702 2345922772 74444 76541 11845 1195928 
1789398377.624512228	456000000	58	0 27335983 63182036 126988827 984562702 2346108159 74444 76541 11845 1195928 
1789398377.928926060	456000000	53	0 27335983 63182036 126988827 984562702 2346283729 74444 76541 11845 1195928 
1789398378.228448538	492000000	53	0 27335983 63182036 126988827 984638021 2346372375 74444 76541 11845 1195928 
1789398378.527249245	492000000	53	0 27335983 63182036 126988827 984789219 2346372375 74444 76541 11845 1195928 
1789398378.827607400	492000000	53	0 27335983 63182036 126988827 984944494 2346372375 74444 76541 11845 1195928 
1789398379.129775763	492000000	52	0 27335983 63182036 126988827 985097370 2346372375 74444 76541 11845 1195928 
1789398379.425882564	456000000	52	0 27335983 63182036 126988827 985097412 2346541117 74444 76541 11845 1195928 
1789398379.726618896	456000000	52	0 27335983 63182036 126988827 985097412 2346713633 74444 76541 11845 1195928 
1789398380.028127780	456000000	55	0 27335983 63182036 126988827 985097412 2346892412 74444 76541 11845 1195928 
1789398380.329406351	456000000	55	0 27335983 63182036 126988827 985097412 2346995226 74444 76541 11845 1195928 
1789398380.626048100	456000000	55	0 27335983 63182036 126988827 985097412 2347157363 74444 76541 11845 1195928 
1789398380.923573077	456000000	55	0 27335983 63182036 126988827 985097412 2347326308 74444 76541 11845 1195928 
1789398381.222683576	492000000	49	0 27335983 63182036 126988827 985123029 2347490786 74444 76541 11845 1195928 
1789398381.525174700	492000000	49	0 27335983 63182036 126988827 985286851 2347490786 74444 76541 11845 1195928 
1789398381.829805563	492000000	49	0 27335983 63182036 126988827 985453031 2347490786 74444 76541 11845 1195928 
1789398382.132052729	492000000	57	0 27335983 63182036 126988827 985628364 2347490786 74444 76541 11845 1195928 
1789398382.435139686	456000000	57	0 27335983 63182036 126988827 985719339 2347579659 74444 76541 11845 1195928 
1789398382.735524612	456000000	57	0 27335983 63182036 126988827 985719339 2347760796 74444 76541 11845 1195928 
1789398383.035626777	456000000	59	0 27335983 63182036 126988827 985719339 2347936391 74444 76541 11845 1195928 
1789398383.335405974	456000000	59	0 27335983 63182036 126988827 985719339 2348088043 74444 76541 11845 1195928 
1789398383.634705691	456000000	59	0 27335983 63182036 126988827 985719339 2348225549 74444 76541 11845 1195928 
1789398383.936578950	456000000	59	0 27335983 63182036 126988827 985719339 2348395051 74444 76541 11845 1195928 
1789398384.234957470	456000000	51	0 27335983 63182036 126988827 985719339 2348586358 74444 76541 11845 1195928 
1789398384.535546354	456000000	51	0 27335983 63182036 126988827 985719339 2348779781 74444 76541 11845 1195928 
1789398384.835102582	456000000	51	0 27335983 63182036 126988827 985719339 2348973919 74444 76541 11845 1195928 
1789398385.138150060	456000000	64	0 27335983 63182036 126988827 985719339 2349166650 74444 76541 11845 1195928 
1789398385.439966652	456000000	64	0 27335983 63182036 126988827 985719339 2349359710 74444 76541 11845 1195928 
1789398385.736186265	456000000	64	0 27335983 63182036 126988827 985719339 2349550098 74444 76541 11845 1195928 
1789398386.038538795	456000000	64	0 27335983 63182036 126988827 985719339 2349742620 74444 76541 11845 1195928 
1789398386.339787367	456000000	64	0 27335983 63182036 126988827 985719339 2349935088 74444 76541 11845 1195928 
1789398386.635518855	456000000	64	0 27335983 63182036 126988827 985719339 2350043575 74444 76541 11845 1195928 
1789398386.934136228	456000000	64	0 27335983 63182036 126988827 985719339 2350230238 74444 76541 11845 1195928 
1789398387.232374539	456000000	55	0 27335983 63182036 126988827 985719339 2350430469 74444 76541 11845 1195928 
1789398387.530613111	456000000	55	0 27335983 63182036 126988827 985719339 2350638610 74444 76541 11845 1195928 
1789398387.830927099	456000000	55	0 27335983 63182036 126988827 985719339 2350846978 74444 76541 11845 1195928 
1789398388.135593379	456000000	68	0 27335983 63182036 126988827 985719339 2351059520 74444 76541 11845 1195928 
1789398388.436404086	456000000	68	0 27335983 63182036 126988827 985719339 2351272079 74444 76541 11845 1195928 
1789398388.738616616	456000000	68	0 27335983 63182036 126988827 985719339 2351481392 74444 76541 11845 1195928 
1789398389.040753417	456000000	70	0 27335983 63182036 126988827 985719339 2351696748 74444 76541 11845 1195928 
1789398389.341058760	456000000	70	0 27335983 63182036 126988827 985719339 2351905120 74444 76541 11845 1195928 
1789398389.641044883	456000000	70	0 27335983 63182036 126988827 985719339 2352094033 74444 76541 11845 1195928 
1789398389.942415434	492000000	70	0 27335983 63182036 126988827 985761598 2352172679 74444 76541 11845 1195928 
1789398390.242576141	492000000	59	0 27335983 63182036 126988827 985954154 2352172679 74444 76541 11845 1195928 
1789398390.546127421	492000000	59	0 27335983 63182036 126988827 986177154 2352172679 74444 76541 11845 1195928 
1789398390.848254326	492000000	59	0 27335983 63182036 126988827 986403022 2352172679 74444 76541 11845 1195928 
1789398391.150752169	456000000	70	0 27335983 63182036 126988827 986524950 2352279724 74444 76541 11845 1195928 
1789398391.451795480	456000000	70	0 27335983 63182036 126988827 986524950 2352517446 74444 76541 11845 1195928 
1789398391.754142958	456000000	70	0 27335983 63182036 126988827 986524950 2352754240 74444 76541 11845 1195928 
1789398392.057541582	456000000	77	0 27335983 63182036 126988827 986524950 2352987022 74444 76541 11845 1195928 
1789398392.360462915	456000000	77	0 27335983 63182036 126988827 986524950 2353219686 74444 76541 11845 1195928 
1789398392.658548517	456000000	77	0 27335983 63182036 126988827 986524950 2353452808 74444 76541 11845 1195928 
1789398392.955080474	456000000	77	0 27335983 63182036 126988827 986524950 2353570941 74444 76541 11845 1195928 
1789398393.250261284	492000000	66	0 27335983 63182036 126988827 986667760 2353642194 74444 76541 11845 1195928 
1789398393.550182200	599000000	66	0 27335983 63234539 127136031 986689360 2353642194 74444 76541 11845 1195928 
1789398393.845993583	599000000	66	0 27335983 63468417 127136031 986689360 2353642194 74444 76541 11845 1195928 
1789398394.146685645	599000000	74	0 27335983 63703828 127136031 986689360 2353642194 74444 76541 11845 1195928 
1789398394.448768018	599000000	74	0 27335983 63941718 127136031 986689360 2353642194 74444 76541 11845 1195928 
1789398394.755207841	599000000	74	0 27335983 64181005 127136031 986689360 2353642194 74444 76541 11845 1195928 
1789398395.062623757	599000000	77	0 27335983 64418515 127136031 986689360 2353642194 74444 76541 11845 1195928 
1789398395.364826703	599000000	77	0 27335983 64655882 127136031 986689360 2353642194 74444 76541 11845 1195928 
1789398395.667534598	599000000	77	0 27335983 64888299 127136031 986689360 2353642194 74444 76541 11845 1195928 
1789398395.966251138	599000000	77	0 27335983 65122606 127136031 986689360 2353642194 74444 76541 11845 1195928 
1789398396.267179502	599000000	77	0 27335983 65209108 127136031 986689360 2353642194 74444 76541 11845 1195928 
1789398396.569169480	545000000	77	0 27335983 65229419 127208496 986689360 2353642194 74444 76541 11845 1195928 
1789398396.868957947	545000000	77	0 27335983 65229419 127299432 986689360 2353642194 74444 76541 11845 1195928 
1789398397.169064435	545000000	30	0 27335983 65229419 127390956 986689360 2353642194 74444 76541 11845 1195928 
1789398397.464092277	492000000	30	0 27335983 65229419 127425651 986752661 2353642194 74444 76541 11845 1195928 
1789398397.761837307	492000000	30	0 27335983 65229419 127425651 986853156 2353642194 74444 76541 11845 1195928 
1789398398.062776139	492000000	32	0 27335983 65229419 127425651 986954619 2353642194 74444 76541 11845 1195928 
1789398398.360794710	456000000	32	0 27335983 65229419 127425651 987041091 2353657345 74444 76541 11845 1195928 
1789398398.659136927	456000000	32	0 27335983 65229419 127425651 987041091 2353761776 74444 76541 11845 1195928 
1789398398.959652374	456000000	32	0 27335983 65229419 127425651 987041091 2353865197 74444 76541 11845 1195928 
1789398399.263295581	456000000	34	0 27335983 65229419 127425651 987041091 2353969673 74444 76541 11845 1195928 
1789398399.563335872	456000000	34	0 27335983 65229419 127425651 987041091 2354072721 74444 76541 11845 1195928 
1789398399.862124964	456000000	34	0 27335983 65229419 127425651 987041091 2354177625 74444 76541 11845 1195928 
1789398400.163684786	456000000	34	0 27335983 65229419 127425651 987041091 2354246506 74444 76541 11845 1195928 
1789398400.457156898	640000000	34	0 27400488 65239703 127438886 987051185 2354340144 74444 76541 11845 1195928 
1789398400.757337293	545000000	34	0 27534138 65271038 127474745 987051185 2354340144 74444 76541 11845 1195928 
1789398401.057363208	545000000	59	0 27534138 65271038 127718765 987051185 2354340144 74444 76541 11845 1195928 
1789398401.359416415	545000000	59	0 27534138 65271038 127971051 987051185 2354340144 74444 76541 11845 1195928 
1789398401.666714519	545000000	59	0 27534138 65271038 128222772 987051185 2354340144 74444 76541 11845 1195928 
1789398401.970316320	545000000	59	0 27534138 65271038 128468974 987051185 2354340144 74444 76541 11845 1195928 
1789398402.276400621	545000000	82	0 27534138 65271038 128721612 987051185 2354340144 74444 76541 11845 1195928 
1789398402.579433464	545000000	82	0 27534138 65271038 128974727 987051185 2354340144 74444 76541 11845 1195928 
1789398402.887623651	545000000	82	0 27534138 65271038 129224079 987051185 2354340144 74444 76541 11845 1195928 
1789398403.188146233	545000000	82	0 27534138 65271038 129477706 987051185 2354340144 74444 76541 11845 1195928 
1789398403.493795430	545000000	82	0 27534138 65271038 129576120 987051185 2354340144 74444 76541 11845 1195928 
1789398403.793676501	545000000	82	0 27534138 65271038 129764176 987051185 2354340144 74444 76541 11845 1195928 
1789398404.092994604	545000000	59	0 27534138 65271038 129971207 987051185 2354340144 74444 76541 11845 1195928 
1789398404.395720051	492000000	59	0 27534138 65271038 130129746 987113644 2354340144 74444 76541 11845 1195928 
1789398404.697299248	492000000	59	0 27534138 65271038 130129746 987332101 2354340144 74444 76541 11845 1195928 
1789398404.999942507	492000000	72	0 27534138 65271038 130129746 987557865 2354340144 74444 76541 11845 1195928 
1789398405.301309360	492000000	72	0 27534138 65271038 130129746 987779152 2354340144 74444 76541 11845 1195928 
1789398405.601068036	456000000	72	0 27534138 65271038 130129746 987873601 2354478226 74444 76541 11845 1195928 
1789398405.901665201	456000000	72	0 27534138 65271038 130129746 987873601 2354711907 74444 76541 11845 1195928 
1789398406.204849815	456000000	76	0 27534138 65271038 130129746 987873601 2354947368 74444 76541 11845 1195928 
1789398406.506275053	456000000	76	0 27534138 65271038 130129746 987873601 2355118737 74444 76541 11845 1195928 
1789398406.813356959	492000000	76	0 27534138 65271038 130129746 987941321 2355201275 74444 76541 11845 1195928 
1789398407.112536520	492000000	60	0 27534138 65271038 130129746 988115043 2355201275 74444 76541 11845 1195928 
1789398407.414977643	492000000	60	0 27534138 65271038 130129746 988306915 2355201275 74444 76541 11845 1195928 
1789398407.709563975	492000000	60	0 27534138 65271038 130129746 988497594 2355201275 74444 76541 11845 1195928 
1789398408.007813432	456000000	63	0 27534138 65271038 130129746 988503690 2355400067 74444 76541 11845 1195928 
1789398408.311089868	456000000	63	0 27534138 65271038 130129746 988503690 2355606916 74444 76541 11845 1195928 
1789398408.609322502	456000000	63	0 27534138 65271038 130129746 988503690 2355815430 74444 76541 11845 1195928 
1789398408.911680501	456000000	63	0 27534138 65271038 130129746 988503690 2356023849 74444 76541 11845 1195928 
1789398409.213481781	456000000	69	0 27534138 65271038 130129746 988503690 2356237748 74444 76541 11845 1195928 
1789398409.515306134	456000000	69	0 27534138 65271038 130129746 988503690 2356451051 74444 76541 11845 1195928 
1789398409.816062310	456000000	69	0 27534138 65271038 130129746 988503690 2356566679 74444 76541 11845 1195928 
1789398410.116705361	492000000	59	0 27534138 65271038 130129746 988631027 2356601433 74444 76541 11845 1195928 
1789398410.414607682	492000000	59	0 27534138 65271038 130129746 988805127 2356601433 74444 76541 11845 1195928 
1789398410.709376565	492000000	59	0 27534138 65271038 130129746 988987006 2356601433 74444 76541 11845 1195928 
1789398411.008021803	456000000	59	0 27534138 65271038 130129746 989089886 2356683145 74444 76541 11845 1195928 
1789398411.308064281	456000000	59	0 27534138 65271038 130129746 989089886 2356876626 74444 76541 11845 1195928 
1789398411.607899728	456000000	59	0 27534138 65271038 130129746 989089886 2357070584 74444 76541 11845 1195928 
1789398411.909523716	456000000	59	0 27534138 65271038 130129746 989089886 2357259612 74444 76541 11845 1195928 
1789398412.212878538	456000000	63	0 27534138 65271038 130129746 989089886 2357450088 74444 76541 11845 1195928 
1789398412.513262474	456000000	63	0 27534138 65271038 130129746 989089886 2357642839 74444 76541 11845 1195928 
1789398412.809167660	456000000	63	0 27534138 65271038 130129746 989089886 2357790531 74444 76541 11845 1195928 
1789398413.107301388	456000000	55	0 27534138 65271038 130129746 989089886 2357925366 74444 76541 11845 1195928 
1789398413.405012823	456000000	55	0 27534138 65271038 130129746 989089886 2358099269 74444 76541 11845 1195928 
1789398413.702098218	456000000	55	0 27534138 65271038 130129746 989089886 2358291860 74444 76541 11845 1195928 
1789398414.009417780	456000000	60	0 27534138 65271038 130129746 989089886 2358485456 74444 76541 11845 1195928 
1789398414.310377445	456000000	60	0 27534138 65271038 130129746 989089886 2358678351 74444 76541 11845 1195928 
1789398414.608953360	456000000	60	0 27534138 65271038 130129746 989089886 2358848623 74444 76541 11845 1195928 
1789398414.908035629	456000000	60	0 27534138 65271038 130129746 989089886 2359016012 74444 76541 11845 1195928 
1789398415.212004462	456000000	58	0 27534138 65271038 130129746 989089886 2359208192 74444 76541 11845 1195928 
1789398415.511867460	456000000	58	0 27534138 65271038 130129746 989089886 2359404990 74444 76541 11845 1195928 
1789398415.823613012	456000000	58	0 27534138 65271038 130129746 989089886 2359603799 74444 76541 11845 1195928 
1789398416.129707835	492000000	59	0 27534138 65271038 130129746 989116552 2359690420 74444 76541 11845 1195928 
1789398416.428703021	492000000	59	0 27534138 65271038 130129746 989259561 2359690420 74444 76541 11845 1195928 
1789398416.726178831	492000000	59	0 27534138 65271038 130129746 989423565 2359690420 74444 76541 11845 1195928 
1789398417.023316465	492000000	50	0 27534138 65271038 130129746 989582265 2359690420 74444 76541 11845 1195928 
1789398417.320423943	456000000	50	0 27534138 65271038 130129746 989621478 2359816045 74444 76541 11845 1195928 
1789398417.619299441	456000000	50	0 27534138 65271038 130129746 989621478 2359984133 74444 76541 11845 1195928 
1789398417.918306606	456000000	50	0 27534138 65271038 130129746 989621478 2360152847 74444 76541 11845 1195928 
1789398418.221327053	456000000	55	0 27534138 65271038 130129746 989621478 2360326077 74444 76541 11845 1195928 
1789398418.523098281	456000000	55	0 27534138 65271038 130129746 989621478 2360505141 74444 76541 11845 1195928 
1789398418.824491228	456000000	55	0 27534138 65271038 130129746 989621478 2360682110 74444 76541 11845 1195928 
1789398419.124310789	456000000	58	0 27534138 65271038 130129746 989621478 2360808548 74444 76541 11845 1195928 
1789398419.425927017	492000000	58	0 27534138 65271038 130129746 989681487 2360885069 74444 76541 11845 1195928 
1789398419.723951526	492000000	58	0 27534138 65271038 130129746 989823559 2360885069 74444 76541 11845 1195928 
1789398420.021178066	492000000	44	0 27534138 65271038 130129746 989969929 2360885069 74444 76541 11845 1195928 
1789398420.321420179	492000000	44	0 27534138 65271038 130129746 990119168 2360885742 74444 76541 11845 1195928 
1789398420.620920626	456000000	44	0 27534138 65271038 130129746 990119168 2361043298 74444 76541 11845 1195928 
1789398420.922928104	456000000	44	0 27534138 65271038 130129746 990119168 2361208058 74444 76541 11845 1195928 
1789398421.224767352	456000000	52	0 27534138 65271038 130129746 990119168 2361373995 74444 76541 11845 1195928 
1789398421.525571653	456000000	52	0 27534138 65271038 130129746 990119168 2361541008 74444 76541 11845 1195928 
1789398421.825956006	456000000	52	0 27534138 65271038 130129746 990119168 2361709390 74444 76541 11845 1195928 
1789398422.127861922	456000000	55	0 27534138 65271038 130129746 990119168 2361870261 74444 76541 11845 1195928 
1789398422.424892889	456000000	55	0 27534138 65271038 130129746 990119168 2361975866 74444 76541 11845 1195928 
1789398422.725345887	456000000	55	0 27534138 65271038 130129746 990119168 2362129468 74444 76541 11845 1195928 
1789398423.032787845	456000000	48	0 27534138 65271038 130129746 990119168 2362310178 74444 76541 11845 1195928 
1789398423.342765011	456000000	48	0 27534138 65271038 130129746 990119168 2362484254 74444 76541 11845 1195928 
1789398423.646022177	456000000	48	0 27534138 65271038 130129746 990119168 2362654655 74444 76541 11845 1195928 
1789398423.955428250	456000000	48	0 27534138 65271038 130129746 990119168 2362829602 74444 76541 11845 1195928 
1789398424.265626249	456000000	56	0 27534138 65271038 130129746 990119168 2362987089 74444 76541 11845 1195928 
1789398424.571455863	456000000	56	0 27534138 65271038 130129746 990119168 2363145840 74444 76541 11845 1195928 
1789398424.877209696	456000000	56	0 27534138 65271038 130129746 990119168 2363319641 74444 76541 11845 1195928 
1789398425.186102070	456000000	53	0 27534138 65271038 130129746 990119168 2363494290 74444 76541 11845 1195928 
1789398425.495828715	456000000	53	0 27534138 65271038 130129746 990119168 2363615339 74444 76541 11845 1195928 
1789398425.795112287	492000000	53	0 27534138 65271038 130129746 990172517 2363706066 74444 76541 11845 1195928 
1789398426.098100650	492000000	46	0 27534138 65271038 130129746 990300590 2363706066 74444 76541 11845 1195928 
1789398426.397156305	492000000	46	0 27534138 65271038 130129746 990438195 2363706066 74444 76541 11845 1195928 
1789398426.692680814	492000000	46	0 27534138 65271038 130129746 990576380 2363706066 74444 76541 11845 1195928 
1789398426.994509490	456000000	46	0 27534138 65271038 130129746 990581568 2363842951 74444 76541 11845 1195928 
1789398427.289954103	456000000	46	0 27534138 65271038 130129746 990581568 2363988373 74444 76541 11845 1195928 
1789398427.595699706	456000000	46	0 27534138 65271038 130129746 990581568 2364133695 74444 76541 11845 1195928 
1789398427.896598382	456000000	46	0 27534138 65271038 130129746 990581568 2364278219 74444 76541 11845 1195928 
1789398428.198923151	456000000	48	0 27534138 65271038 130129746 990581568 2364424042 74444 76541 11845 1195928 
1789398428.498197504	456000000	48	0 27534138 65271038 130129746 990581568 2364562432 74444 76541 11845 1195928 
1789398428.804768576	456000000	48	0 27534138 65271038 130129746 990581568 2364680129 74444 76541 11845 1195928 
1789398429.107299231	492000000	43	0 27534138 65271038 130129746 990677032 2364717033 74444 76541 11845 1195928 
1789398429.406078220	492000000	43	0 27534138 65271038 130129746 990808475 2364717033 74444 76541 11845 1195928 
1789398429.700357624	492000000	43	0 27534138 65271038 130129746 990938403 2364717033 74444 76541 11845 1195928 
1789398430.005280519	456000000	44	0 27534138 65271038 130129746 991040272 2364753118 74444 76541 11845 1195928 
1789398430.306926955	456000000	44	0 27534138 65271038 130129746 991040272 2364892462 74444 76541 11845 1195928 
1789398430.607835006	456000000	44	0 27534138 65271038 130129746 991040272 2365031276 74444 76541 11845 1195928 
1789398430.906198057	456000000	44	0 27534138 65271038 130129746 991040272 2365169441 74444 76541 11845 1195928 
1789398431.206171732	456000000	46	0 27534138 65271038 130129746 991040272 2365308703 74444 76541 11845 1195928 
1789398431.511162596	456000000	46	0 27534138 65271038 130129746 991040272 2365449004 74444 76541 11845 1195928 
1789398431.811198095	456000000	46	0 27534138 65271038 130129746 991040272 2365550735 74444 76541 11845 1195928 
1789398432.108764739	456000000	42	0 27534138 65271038 130129746 991040272 2365685682 74444 76541 11845 1195928 
1789398432.413760498	456000000	42	0 27534138 65271038 130129746 991040272 2365833169 74444 76541 11845 1195928 
1789398432.725424852	456000000	42	0 27534138 65271038 130129746 991040272 2365979801 74444 76541 11845 1195928 
1789398433.030054518	456000000	47	0 27534138 65271038 130129746 991040272 2366126377 74444 76541 11845 1195928 
1789398433.339656059	456000000	47	0 27534138 65271038 130129746 991040272 2366274541 74444 76541 11845 1195928 
1789398433.647534163	456000000	47	0 27534138 65271038 130129746 991040272 2366422964 74444 76541 11845 1195928 
1789398433.958637944	456000000	47	0 27534138 65271038 130129746 991040272 2366572207 74444 76541 11845 1195928 
1789398434.266221204	456000000	47	0 27534138 65271038 130129746 991040272 2366716295 74444 76541 11845 1195928 
1789398434.572950922	456000000	47	0 27534138 65271038 130129746 991040272 2366863141 74444 76541 11845 1195928 
1789398434.873763504	456000000	47	0 27534138 65271038 130129746 991040272 2366968542 74444 76541 11845 1195928 
1789398435.165667752	456000000	43	0 27534138 65271038 130129746 991040272 2367095636 74444 76541 11845 1195928 
1789398435.463812521	456000000	43	0 27534138 65271038 130129746 991040272 2367229564 74444 76541 11845 1195928 
1789398435.774191406	456000000	43	0 27534138 65271038 130129746 991040272 2367368844 74444 76541 11845 1195928 
1789398436.080842374	456000000	44	0 27534138 65271038 130129746 991040272 2367509487 74444 76541 11845 1195928 
1789398436.386345009	456000000	44	0 27534138 65271038 130129746 991040272 2367649936 74444 76541 11845 1195928 
1789398436.689321497	456000000	44	0 27534138 65271038 130129746 991040272 2367790060 74444 76541 11845 1195928 
1789398436.993921371	456000000	44	0 27534138 65271038 130129746 991040272 2367928021 74444 76541 11845 1195928 
1789398437.295281349	456000000	45	0 27534138 65271038 130129746 991040272 2368065671 74444 76541 11845 1195928 
1789398437.608529766	456000000	45	0 27534138 65271038 130129746 991040272 2368207359 74444 76541 11845 1195928 
1789398437.910247817	456000000	45	0 27534138 65271038 130129746 991040272 2368331171 74444 76541 11845 1195928 
1789398438.208578159	456000000	42	0 27534138 65271038 130129746 991040272 2368433259 74444 76541 11845 1195928 
1789398438.504879907	492000000	42	0 27534138 65271038 130129746 991087412 2368498945 74444 76541 11845 1195928 
1789398438.801864416	492000000	42	0 27534138 65271038 130129746 991203091 2368498945 74444 76541 11845 1195928 
1789398439.101463873	492000000	38	0 27534138 65271038 130129746 991318948 2368498945 74444 76541 11845 1195928 
1789398439.399329163	492000000	38	0 27534138 65271038 130129746 991435903 2368498945 74444 76541 11845 1195928 
1789398439.701358724	456000000	38	0 27534138 65271038 130129746 991470288 2368584603 74444 76541 11845 1195928 
1789398440.001442608	456000000	38	0 27534138 65271038 130129746 991470288 2368705536 74444 76541 11845 1195928 
1789398440.299485451	456000000	39	0 27534138 65271038 130129746 991470288 2368825640 74444 76541 11845 1195928 
1789398440.595361834	456000000	39	0 27534138 65271038 130129746 991470288 2368946279 74444 76541 11845 1195928 
1789398440.902464782	456000000	39	0 27534138 65271038 130129746 991470288 2369068300 74444 76541 11845 1195928 
1789398441.202266843	456000000	39	0 27534138 65271038 130129746 991470288 2369162258 74444 76541 11845 1195928 
1789398441.509157863	456000000	39	0 27534138 65271038 130129746 991470288 2369289357 74444 76541 11845 1195928 
1789398441.810159299	492000000	39	0 27534138 65271038 130129746 991556192 2369317053 74444 76541 11845 1195928 
1789398442.109781464	492000000	36	0 27534138 65271038 130129746 991666977 2369317053 74444 76541 11845 1195928 
1789398442.412432067	492000000	36	0 27534138 65271038 130129746 991779323 2369317053 74444 76541 11845 1195928 
1789398442.710867722	492000000	36	0 27534138 65271038 130129746 991889943 2369317053 74444 76541 11845 1195928 
1789398443.013342804	456000000	37	0 27534138 65271038 130129746 991890121 2369432546 74444 76541 11845 1195928 
1789398443.312360178	456000000	37	0 27534138 65271038 130129746 991890121 2369547908 74444 76541 11845 1195928 
1789398443.612674426	456000000	37	0 27534138 65271038 130129746 991890121 2369663786 74444 76541 11845 1195928 
1789398443.917437738	456000000	37	0 27534138 65271038 130129746 991890121 2369782133 74444 76541 11845 1195928 
1789398444.212896101	456000000	38	0 27534138 65271038 130129746 991890121 2369868440 74444 76541 11845 1195928 
1789398444.510851235	456000000	38	0 27534138 65271038 130129746 991890121 2369991009 74444 76541 11845 1195928 
1789398444.813755796	456000000	38	0 27534138 65271038 130129746 991890121 2370117259 74444 76541 11845 1195928 
1789398445.124512025	456000000	37	0 27534138 65271038 130129746 991890121 2370245356 74444 76541 11845 1195928 
1789398445.433497056	456000000	37	0 27534138 65271038 130129746 991890121 2370372252 74444 76541 11845 1195928 
1789398445.741289170	456000000	37	0 27534138 65271038 130129746 991890121 2370495645 74444 76541 11845 1195928 
1789398446.052160086	456000000	41	0 27534138 65271038 130129746 991890121 2370630970 74444 76541 11845 1195928 
1789398446.358315377	456000000	41	0 27534138 65271038 130129746 991890121 2370766170 74444 76541 11845 1195928 
1789398446.662809574	456000000	41	0 27534138 65271038 130129746 991890121 2370896768 74444 76541 11845 1195928 
1789398446.968953459	456000000	41	0 27534138 65271038 130129746 991890121 2371025039 74444 76541 11845 1195928 
1789398447.266234113	456000000	42	0 27534138 65271038 130129746 991890121 2371128984 74444 76541 11845 1195928 
1789398447.566854091	456000000	42	0 27534138 65271038 130129746 991890121 2371221049 74444 76541 11845 1195928 
1789398447.869489278	456000000	42	0 27534138 65271038 130129746 991890121 2371332941 74444 76541 11845 1195928 
1789398448.176268214	456000000	34	0 27534138 65271038 130129746 991890121 2371443553 74444 76541 11845 1195928 
1789398448.480578245	456000000	34	0 27534138 65271038 130129746 991890121 2371542130 74444 76541 11845 1195928 
1789398448.777666712	456000000	34	0 27534138 65271038 130129746 991890121 2371639141 74444 76541 11845 1195928 
1789398449.076873044	456000000	33	0 27534138 65271038 130129746 991890121 2371748011 74444 76541 11845 1195928 
1789398449.384382658	456000000	33	0 27534138 65271038 130129746 991890121 2371859002 74444 76541 11845 1195928 
1789398449.690220657	456000000	33	0 27534138 65271038 130129746 991890121 2371968889 74444 76541 11845 1195928 
1789398449.995512146	456000000	33	0 27534138 65271038 130129746 991890121 2372081100 74444 76541 11845 1195928 
1789398450.299560249	456000000	36	0 27534138 65271038 130129746 991890121 2372189637 74444 76541 11845 1195928 
1789398450.607273977	456000000	36	0 27534138 65271038 130129746 991890121 2372277451 74444 76541 11845 1195928 
1789398450.905665882	456000000	36	0 27534138 65271038 130129746 991890121 2372373189 74444 76541 11845 1195928 
1789398451.206647058	456000000	32	0 27534138 65271038 130129746 991890121 2372471367 74444 76541 11845 1195928 
1789398451.512020630	456000000	32	0 27534138 65271038 130129746 991890121 2372573333 74444 76541 11845 1195928 
1789398451.816787535	456000000	32	0 27534138 65271038 130129746 991890121 2372674068 74444 76541 11845 1195928 
1789398452.124476420	456000000	32	0 27534138 65271038 130129746 991890121 2372774454 74444 76541 11845 1195928 
1789398452.430682076	456000000	32	0 27534138 65271038 130129746 991890121 2372876333 74444 76541 11845 1195928 
1789398452.740940388	456000000	32	0 27534138 65271038 130129746 991890121 2372979204 74444 76541 11845 1195928 
1789398453.048245731	456000000	32	0 27534138 65271038 130129746 991890121 2373079862 74444 76541 11845 1195928 
1789398453.355291647	456000000	32	0 27534138 65271038 130129746 991890121 2373180067 74444 76541 11845 1195928 
1789398453.663081990	456000000	32	0 27534138 65271038 130129746 991890121 2373301084 74444 76541 11845 1195928 
1789398453.970076708	456000000	32	0 27534138 65271038 130129746 991890121 2373430095 74444 76541 11845 1195928 
1789398454.278606739	456000000	37	0 27534138 65271038 130129746 991890121 2373556675 74444 76541 11845 1195928 
1789398454.585131092	456000000	37	0 27534138 65271038 130129746 991890121 2373685685 74444 76541 11845 1195928 
1789398454.893286071	456000000	37	0 27534138 65271038 130129746 991890121 2373814025 74444 76541 11845 1195928 
1789398455.200652977	456000000	41	0 27534138 65271038 130129746 991890121 2373939148 74444 76541 11845 1195928 
1789398455.507848268	456000000	41	0 27534138 65271038 130129746 991890121 2374066832 74444 76541 11845 1195928 
1789398455.811603038	456000000	41	0 27534138 65271038 130129746 991890121 2374188921 74444 76541 11845 1195928 
1789398456.113197026	456000000	41	0 27534138 65271038 130129746 991890121 2374312904 74444 76541 11845 1195928 
1789398456.414792525	456000000	41	0 27534138 65271038 130129746 991890121 2374436450 74444 76541 11845 1195928 
1789398456.715366721	456000000	41	0 27534138 65271038 130129746 991890121 2374560546 74444 76541 11845 1195928 
1789398457.018352377	456000000	40	0 27534138 65271038 130129746 991890121 2374683805 74444 76541 11845 1195928 
1789398457.325075115	456000000	40	0 27534138 65271038 130129746 991890121 2374807593 74444 76541 11845 1195928 
1789398457.633581761	456000000	40	0 27534138 65271038 130129746 991890121 2374937896 74444 76541 11845 1195928 
1789398457.937271166	456000000	40	0 27534138 65271038 130129746 991890121 2375041019 74444 76541 11845 1195928 
1789398458.233848331	456000000	39	0 27534138 65271038 130129746 991890121 2375163895 74444 76541 11845 1195928 
1789398458.539933518	456000000	39	0 27534138 65271038 130129746 991890121 2375287742 74444 76541 11845 1195928 
1789398458.841673079	456000000	39	0 27534138 65271038 130129746 991890121 2375412339 74444 76541 11845 1195928 
1789398459.149205662	456000000	40	0 27534138 65271038 130129746 991890121 2375539642 74444 76541 11845 1195928 
1789398459.453568348	456000000	40	0 27534138 65271038 130129746 991890121 2375663606 74444 76541 11845 1195928 
1789398459.760562129	456000000	40	0 27534138 65271038 130129746 991890121 2375789721 74444 76541 11845 1195928 
1789398460.063854086	456000000	41	0 27534138 65271038 130129746 991890121 2375915090 74444 76541 11845 1195928 
1789398460.368513752	456000000	41	0 27534138 65271038 130129746 991890121 2376038189 74444 76541 11845 1195928 
1789398460.666358938	456000000	41	0 27534138 65271038 130129746 991890121 2376112872 74444 76541 11845 1195928 
1789398460.962030582	640000000	41	0 27621005 65282086 130140860 991901160 2376198545 74444 76541 11845 1195928 
1789398461.262931654	545000000	46	0 27743466 65322222 130200186 991901160 2376198545 74444 76541 11845 1195928 
1789398461.565584444	545000000	46	0 27743466 65322222 130459470 991901160 2376198545 74444 76541 11845 1195928 
1789398461.865181349	545000000	46	0 27743466 65322222 130713761 991901160 2376198545 74444 76541 11845 1195928 
1789398462.156363774	545000000	82	0 27743466 65322222 130967454 991901160 2376198545 74444 76541 11845 1195928 
1789398462.459029741	545000000	82	0 27743466 65322222 131225817 991901160 2376198545 74444 76541 11845 1195928 
1789398462.760633574	545000000	82	0 27743466 65322222 131481831 991901160 2376198545 74444 76541 11845 1195928 
1789398463.057956572	545000000	85	0 27743466 65322222 131735884 991901160 2376198545 74444 76541 11845 1195928 
1789398463.358995873	545000000	85	0 27743466 65322222 131991929 991901160 2376198545 74444 76541 11845 1195928 
1789398463.660115382	545000000	85	0 27743466 65322222 132246997 991901160 2376198545 74444 76541 11845 1195928 
1789398463.957762755	599000000	85	0 27743466 65375020 132301588 991901160 2376198545 74444 76541 11845 1195928 
1789398464.256934712	599000000	69	0 27743466 65588964 132301588 991901160 2376198545 74444 76541 11845 1195928 
1789398464.558607346	599000000	69	0 27743466 65804947 132301588 991901160 2376198545 74444 76541 11845 1195928 
1789398464.862032377	599000000	69	0 27743466 66018709 132301588 991901160 2376198545 74444 76541 11845 1195928 
1789398465.159057302	545000000	71	0 27743466 66069058 132468595 991901160 2376198545 74444 76541 11845 1195928 
1789398465.461329259	545000000	71	0 27743466 66069058 132689193 991901160 2376198545 74444 76541 11845 1195928 
1789398465.757580487	545000000	71	0 27743466 66069058 132910652 991901160 2376198545 74444 76541 11845 1195928 
1789398466.058286090	545000000	73	0 27743466 66069058 133132825 991901160 2376198545 74444 76541 11845 1195928 
1789398466.361496172	492000000	73	0 27743466 66069058 133169089 992099222 2376198545 74444 76541 11845 1195928 
1789398466.657856253	492000000	73	0 27743466 66069058 133169089 992331422 2376198545 74444 76541 11845 1195928 
1789398466.956360033	492000000	73	0 27743466 66069058 133169089 992526469 2376198545 74444 76541 11845 1195928 
1789398467.257999282	456000000	68	0 27743466 66069058 133169089 992542992 2376336465 74444 76541 11845 1195928 
1789398467.556551187	456000000	68	0 27743466 66069058 133169089 992542992 2376554724 74444 76541 11845 1195928 
1789398467.859872936	456000000	68	0 27743466 66069058 133169089 992542992 2376786368 74444 76541 11845 1195928 
1789398468.166779373	456000000	72	0 27743466 66069058 133169089 992542992 2377022885 74444 76541 11845 1195928 
1789398468.468929142	456000000	72	0 27743466 66069058 133169089 992542992 2377250869 74444 76541 11845 1195928 
1789398468.769763391	456000000	72	0 27743466 66069058 133169089 992542992 2377476759 74444 76541 11845 1195928 
1789398469.067425921	456000000	75	0 27743466 66069058 133169089 992542992 2377700715 74444 76541 11845 1195928 
1789398469.365538294	456000000	75	0 27743466 66069058 133169089 992542992 2377927643 74444 76541 11845 1195928 
1789398469.662951501	456000000	75	0 27743466 66069058 133169089 992542992 2378155242 74444 76541 11845 1195928 
1789398469.960815905	456000000	75	0 27743466 66069058 133169089 992542992 2378380498 74444 76541 11845 1195928 
1789398470.256084633	456000000	75	0 27743466 66069058 133169089 992542992 2378507164 74444 76541 11845 1195928 
1789398470.548187839	492000000	75	0 27743466 66069058 133169089 992700323 2378536695 74444 76541 11845 1195928 
1789398470.849547713	492000000	75	0 27743466 66069058 133169089 992899250 2378536695 74444 76541 11845 1195928 
1789398471.146590242	492000000	58	0 27743466 66069058 133169089 993114575 2378536695 74444 76541 11845 1195928 
1789398471.448341887	492000000	58	0 27743466 66069058 133169089 993315622 2378550241 74444 76541 11845 1195928 
1789398471.749683219	456000000	58	0 27743466 66069058 133169089 993315622 2378767530 74444 76541 11845 1195928 
1789398472.047826478	456000000	58	0 27743466 66069058 133169089 993315622 2378988078 74444 76541 11845 1195928 
1789398472.346602289	456000000	72	0 27743466 66069058 133169089 993315622 2379207139 74444 76541 11845 1195928 
1789398472.647915079	456000000	72	0 27743466 66069058 133169089 993315622 2379426534 74444 76541 11845 1195928 
1789398472.946690370	456000000	72	0 27743466 66069058 133169089 993315622 2379644174 74444 76541 11845 1195928 
1789398473.248448785	456000000	72	0 27743466 66069058 133169089 993315622 2379837493 74444 76541 11845 1195928 
1789398473.549042513	492000000	72	0 27743466 66069058 133169089 993416020 2379866246 74444 76541 11845 1195928 
1789398473.848354574	492000000	72	0 27743466 66069058 133169089 993593748 2379866246 74444 76541 11845 1195928 
1789398474.147538823	492000000	55	0 27743466 66069058 133169089 993783613 2379866246 74444 76541 11845 1195928 
1789398474.445444738	492000000	55	0 27743466 66069058 133169089 993974717 2379866246 74444 76541 11845 1195928 
1789398474.748648830	492000000	55	0 27743466 66069058 133169089 994175238 2379866246 74444 76541 11845 1195928 
1789398475.052674538	492000000	55	0 27743466 66069058 133169089 994367961 2379866246 74444 76541 11845 1195928 
1789398475.348358578	492000000	64	0 27743466 66069058 133169089 994558847 2379866246 74444 76541 11845 1195928 
1789398475.653262358	456000000	64	0 27743466 66069058 133169089 994664035 2379963712 74444 76541 11845 1195928 
1789398475.956316503	456000000	64	0 27743466 66069058 133169089 994664035 2380171122 74444 76541 11845 1195928 
1789398476.258162054	456000000	66	0 27743466 66069058 133169089 994664035 2380383009 74444 76541 11845 1195928 
1789398476.561197761	456000000	66	0 27743466 66069058 133169089 994664035 2380505591 74444 76541 11845 1195928 
1789398476.852780290	492000000	66	0 27743466 66069058 133169089 994765702 2380580594 74444 76541 11845 1195928 
1789398477.152669122	492000000	55	0 27743466 66069058 133169089 994941391 2380580594 74444 76541 11845 1195928 
1789398477.449311808	492000000	55	0 27743466 66069058 133169089 995128004 2380580594 74444 76541 11845 1195928 
1789398477.747485535	456000000	55	0 27743466 66069058 133169089 995273201 2380631848 74444 76541 11845 1195928 
1789398478.052108274	456000000	55	0 27743466 66069058 133169089 995273201 2380831535 74444 76541 11845 1195928 
1789398478.351145283	456000000	64	0 27743466 66069058 133169089 995273201 2381029906 74444 76541 11845 1195928 
1789398478.653610834	456000000	64	0 27743466 66069058 133169089 995273201 2381229594 74444 76541 11845 1195928 
1789398478.953410083	456000000	64	0 27743466 66069058 133169089 995273201 2381432854 74444 76541 11845 1195928 
1789398479.255520113	456000000	66	0 27743466 66069058 133169089 995273201 2381632408 74444 76541 11845 1195928 
1789398479.551962225	456000000	66	0 27743466 66069058 133169089 995273201 2381809202 74444 76541 11845 1195928 
1789398479.852961839	456000000	66	0 27743466 66069058 133169089 995273201 2381954864 74444 76541 11845 1195928 
1789398480.154829056	492000000	56	0 27743466 66069058 133169089 995426765 2381968272 74444 76541 11845 1195928 
1789398480.450207107	492000000	56	0 27743466 66069058 133169089 995606842 2381968272 74444 76541 11845 1195928 
1789398480.744024271	492000000	56	0 27743466 66069058 133169089 995794645 2381968272 74444 76541 11845 1195928 
1789398481.046769510	456000000	56	0 27743466 66069058 133169089 995892455 2382061991 74444 76541 11845 1195928 
1789398481.344171571	456000000	62	0 27743466 66069058 133169089 995892455 2382253985 74444 76541 11845 1195928 
1789398481.642509100	456000000	62	0 27743466 66069058 133169089 995892455 2382450203 74444 76541 11845 1195928 
1789398481.947790797	456000000	62	0 27743466 66069058 133169089 995892455 2382645662 74444 76541 11845 1195928 
1789398482.247443223	456000000	64	0 27743466 66069058 133169089 995892455 2382839423 74444 76541 11845 1195928 
1789398482.544710597	456000000	64	0 27743466 66069058 133169089 995892455 2383034541 74444 76541 11845 1195928 
1789398482.843674845	456000000	64	0 27743466 66069058 133169089 995892455 2383157802 74444 76541 11845 1195928 
1789398483.148504719	456000000	57	0 27743466 66069058 133169089 995892455 2383346445 74444 76541 11845 1195928 
1789398483.456284177	456000000	57	0 27743466 66069058 133169089 995892455 2383548351 74444 76541 11845 1195928 
1789398483.762343270	456000000	57	0 27743466 66069058 133169089 995892455 2383758070 74444 76541 11845 1195928 
1789398484.062495539	456000000	66	0 27743466 66069058 133169089 995892455 2383966068 74444 76541 11845 1195928 
1789398484.368106716	456000000	66	0 27743466 66069058 133169089 995892455 2384172678 74444 76541 11845 1195928 
1789398484.666163777	456000000	66	0 27743466 66069058 133169089 995892455 2384360942 74444 76541 11845 1195928 
1789398484.965417140	456000000	66	0 27743466 66069058 133169089 995892455 2384548993 74444 76541 11845 1195928 
1789398485.272762066	456000000	64	0 27743466 66069058 133169089 995892455 2384759193 74444 76541 11845 1195928 
1789398485.579040795	456000000	64	0 27743466 66069058 133169089 995892455 2384968709 74444 76541 11845 1195928 
1789398485.885999992	456000000	64	0 27743466 66069058 133169089 995892455 2385135273 74444 76541 11845 1195928 
1789398486.183588719	492000000	61	0 27743466 66069058 133169089 995947449 2385228793 74444 76541 11845 1195928 
1789398486.481470937	492000000	61	0 27743466 66069058 133169089 996105087 2385228793 74444 76541 11845 1195928 
1789398486.782320237	492000000	61	0 27743466 66069058 133169089 996281409 2385228793 74444 76541 11845 1195928 
1789398487.081851049	492000000	56	0 27743466 66069058 133169089 996459839 2385228793 74444 76541 11845 1195928 
1789398487.386191339	456000000	56	0 27743466 66069058 133169089 996510666 2385357200 74444 76541 11845 1195928 
1789398487.693047464	456000000	56	0 27743466 66069058 133169089 996510666 2385545484 74444 76541 11845 1195928 
1789398487.994234369	456000000	56	0 27743466 66069058 133169089 996510666 2385731097 74444 76541 11845 1195928 
1789398488.293414346	456000000	60	0 27743466 66069058 133169089 996510666 2385916948 74444 76541 11845 1195928 
1789398488.593089584	456000000	60	0 27743466 66069058 133169089 996510666 2386106362 74444 76541 11845 1195928 
1789398488.899562844	456000000	60	0 27743466 66069058 133169089 996510666 2386294767 74444 76541 11845 1195928 
1789398489.204310010	456000000	56	0 27743466 66069058 133169089 996510666 2386420078 74444 76541 11845 1195928 
1789398489.504747019	456000000	56	0 27743466 66069058 133169089 996510666 2386579200 74444 76541 11845 1195928 
1789398489.803077153	456000000	56	0 27743466 66069058 133169089 996510666 2386754692 74444 76541 11845 1195928 
1789398490.098961714	456000000	57	0 27743466 66069058 133169089 996510666 2386940763 74444 76541 11845 1195928 
1789398490.402287681	456000000	57	0 27743466 66069058 133169089 996510666 2387142315 74444 76541 11845 1195928 
1789398490.705885264	456000000	57	0 27743466 66069058 133169089 996510666 2387328493 74444 76541 11845 1195928 
1789398491.009537534	456000000	57	0 27743466 66069058 133169089 996510666 2387499897 74444 76541 11845 1195928 
1789398491.304457980	456000000	61	0 27743466 66069058 133169089 996510666 2387690398 74444 76541 11845 1195928 
1789398491.614639208	456000000	61	0 27743466 66069058 133169089 996510666 2387892720 74444 76541 11845 1195928 
1789398491.924250802	456000000	61	0 27743466 66069058 133169089 996510666 2388089682 74444 76541 11845 1195928 
1789398492.232095520	456000000	64	0 27743466 66069058 133169089 996510666 2388227008 74444 76541 11845 1195928 
1789398492.537709352	456000000	64	0 27743466 66069058 133169089 996510666 2388398674 74444 76541 11845 1195928 
1789398492.839910216	456000000	64	0 27743466 66069058 133169089 996510666 2388577348 74444 76541 11845 1195928 
1789398493.145624517	456000000	53	0 27743466 66069058 133169089 996510666 2388767563 74444 76541 11845 1195928 
1789398493.449362099	456000000	53	0 27743466 66069058 133169089 996510666 2388961410 74444 76541 11845 1195928 
1789398493.755679057	456000000	53	0 27743466 66069058 133169089 996510666 2389153449 74444 76541 11845 1195928 
1789398494.062147786	456000000	62	0 27743466 66069058 133169089 996510666 2389343719 74444 76541 11845 1195928 
1789398494.370683754	456000000	62	0 27743466 66069058 133169089 996510666 2389534625 74444 76541 11845 1195928 
1789398494.675645295	456000000	62	0 27743466 66069058 133169089 996510666 2389727214 74444 76541 11845 1195928 
1789398494.979793294	456000000	62	0 27743466 66069058 133169089 996510666 2389921536 74444 76541 11845 1195928 
1789398495.282923636	456000000	62	0 27743466 66069058 133169089 996510666 2390075892 74444 76541 11845 1195928 
1789398495.589250073	492000000	62	0 27743466 66069058 133169089 996565567 2390167099 74444 76541 11845 1195928 
1789398495.892864374	492000000	62	0 27743466 66069058 133169089 996702973 2390167099 74444 76541 11845 1195928 
1789398496.188334195	492000000	47	0 27743466 66069058 133169089 996849117 2390167099 74444 76541 11845 1195928 
1789398496.486734329	492000000	47	0 27743466 66069058 133169089 996996817 2390167099 74444 76541 11845 1195928 
1789398496.787429567	456000000	47	0 27743466 66069058 133169089 997007615 2390313414 74444 76541 11845 1195928 
1789398497.091567254	456000000	51	0 27743466 66069058 133169089 997007615 2390483008 74444 76541 11845 1195928 
1789398497.394783534	456000000	51	0 27743466 66069058 133169089 997007615 2390652304 74444 76541 11845 1195928 
1789398497.695780179	456000000	51	0 27743466 66069058 133169089 997007615 2390813684 74444 76541 11845 1195928 
1789398497.996980730	456000000	51	0 27743466 66069058 133169089 997007615 2390978948 74444 76541 11845 1195928 
1789398498.296543103	456000000	54	0 27743466 66069058 133169089 997007615 2391146777 74444 76541 11845 1195928 
1789398498.594362091	456000000	54	0 27743466 66069058 133169089 997007615 2391255015 74444 76541 11845 1195928 
1789398498.893313736	456000000	54	0 27743466 66069058 133169089 997007615 2391408145 74444 76541 11845 1195928 
1789398499.202083558	456000000	48	0 27743466 66069058 133169089 997007615 2391590710 74444 76541 11845 1195928 
1789398499.508720776	456000000	48	0 27743466 66069058 133169089 997007615 2391767546 74444 76541 11845 1195928 
1789398499.818141901	456000000	48	0 27743466 66069058 133169089 997007615 2391949649 74444 76541 11845 1195928 
1789398500.129156202	456000000	58	0 27743466 66069058 133169089 997007615 2392135087 74444 76541 11845 1195928 
1789398500.440467640	456000000	58	0 27743466 66069058 133169089 997007615 2392319873 74444 76541 11845 1195928 
1789398500.742736628	456000000	58	0 27743466 66069058 133169089 997007615 2392498740 74444 76541 11845 1195928 
1789398501.049588742	456000000	58	0 27743466 66069058 133169089 997007615 2392679220 74444 76541 11845 1195928 
1789398501.357830856	456000000	59	0 27743466 66069058 133169089 997007615 2392861229 74444 76541 11845 1195928 
1789398501.664516512	456000000	59	0 27743466 66069058 133169089 997007615 2392989695 74444 76541 11845 1195928 
1789398501.961432218	456000000	59	0 27743466 66069058 133169089 997007615 2393139464 74444 76541 11845 1195928 
1789398502.265124019	492000000	49	0 27743466 66069058 133169089 997135253 2393144753 74444 76541 11845 1195928 
1789398502.562423528	492000000	49	0 27743466 66069058 133169089 997270160 2393144753 74444 76541 11845 1195928 
1789398502.858138506	492000000	49	0 27743466 66069058 133169089 997406956 2393144753 74444 76541 11845 1195928 
1789398503.162625723	456000000	45	0 27743466 66069058 133169089 997529115 2393163712 74444 76541 11845 1195928 
1789398503.463951899	456000000	45	0 27743466 66069058 133169089 997529115 2393311047 74444 76541 11845 1195928 
1789398503.764255887	456000000	45	0 27743466 66069058 133169089 997529115 2393451768 74444 76541 11845 1195928 
1789398504.062913990	456000000	48	0 27743466 66069058 133169089 997529115 2393601162 74444 76541 11845 1195928 
1789398504.365432666	456000000	48	0 27743466 66069058 133169089 997529115 2393747058 74444 76541 11845 1195928 
1789398504.670612592	456000000	48	0 27743466 66069058 133169089 997529115 2393869392 74444 76541 11845 1195928 
1789398504.979409863	456000000	48	0 27743466 66069058 133169089 997529115 2393992443 74444 76541 11845 1195928 
1789398505.274766923	456000000	43	0 27743466 66069058 133169089 997529115 2394146564 74444 76541 11845 1195928 
1789398505.583455183	456000000	43	0 27743466 66069058 133169089 997529115 2394316261 74444 76541 11845 1195928 
1789398505.893629225	456000000	43	0 27743466 66069058 133169089 997529115 2394486238 74444 76541 11845 1195928 
1789398506.197243526	456000000	53	0 27743466 66069058 133169089 997529115 2394647977 74444 76541 11845 1195928 
1789398506.504939963	456000000	53	0 27743466 66069058 133169089 997529115 2394810340 74444 76541 11845 1195928 
1789398506.812937024	456000000	53	0 27743466 66069058 133169089 997529115 2394974852 74444 76541 11845 1195928 
1789398507.115736846	456000000	52	0 27743466 66069058 133169089 997529115 2395135294 74444 76541 11845 1195928 
1789398507.424081408	456000000	52	0 27743466 66069058 133169089 997529115 2395293111 74444 76541 11845 1195928 
1789398507.731301126	456000000	52	0 27743466 66069058 133169089 997529115 2395462598 74444 76541 11845 1195928 
1789398508.043625480	456000000	52	0 27743466 66069058 133169089 997529115 2395577942 74444 76541 11845 1195928 
1789398508.347499834	456000000	48	0 27743466 66069058 133169089 997529115 2395721424 74444 76541 11845 1195928 
1789398508.652391426	456000000	48	0 27743466 66069058 133169089 997529115 2395869625 74444 76541 11845 1195928 
1789398508.956725884	456000000	48	0 27743466 66069058 133169089 997529115 2396015789 74444 76541 11845 1195928 
1789398509.260624664	456000000	47	0 27743466 66069058 133169089 997529115 2396161636 74444 76541 11845 1195928 
1789398509.568539278	456000000	47	0 27743466 66069058 133169089 997529115 2396310799 74444 76541 11845 1195928 
1789398509.871882485	456000000	47	0 27743466 66069058 133169089 997529115 2396473132 74444 76541 11845 1195928 
1789398510.186284027	456000000	50	0 27743466 66069058 133169089 997529115 2396643288 74444 76541 11845 1195928 
1789398510.494900881	456000000	50	0 27743466 66069058 133169089 997529115 2396815332 74444 76541 11845 1195928 
1789398510.811200912	456000000	50	0 27743466 66069058 133169089 997529115 2396988351 74444 76541 11845 1195928 
1789398511.118545526	456000000	50	0 27743466 66069058 133169089 997529115 2397098093 74444 76541 11845 1195928 
1789398511.417624983	456000000	50	0 27743466 66069058 133169089 997529115 2397223699 74444 76541 11845 1195928 
1789398511.722400326	456000000	50	0 27743466 66069058 133169089 997529115 2397360409 74444 76541 11845 1195928 
1789398512.025631242	456000000	50	0 27743466 66069058 133169089 997529115 2397497459 74444 76541 11845 1195928 
1789398512.333097939	456000000	43	0 27743466 66069058 133169089 997529115 2397632827 74444 76541 11845 1195928 
1789398512.637912813	456000000	43	0 27743466 66069058 133169089 997529115 2397768484 74444 76541 11845 1195928 
1789398512.939686229	456000000	43	0 27743466 66069058 133169089 997529115 2397905953 74444 76541 11845 1195928 
1789398513.252286728	456000000	44	0 27743466 66069058 133169089 997529115 2398046255 74444 76541 11845 1195928 
1789398513.560993895	456000000	44	0 27743466 66069058 133169089 997529115 2398181775 74444 76541 11845 1195928 
1789398513.866813925	456000000	44	0 27743466 66069058 133169089 997529115 2398319521 74444 76541 11845 1195928 
1789398514.168450674	456000000	44	0 27743466 66069058 133169089 997529115 2398447688 74444 76541 11845 1195928 
1789398514.470457266	456000000	44	0 27743466 66069058 133169089 997529115 2398573535 74444 76541 11845 1195928 
1789398514.775444693	456000000	44	0 27743466 66069058 133169089 997529115 2398700623 74444 76541 11845 1195928 
1789398515.081836598	456000000	41	0 27743466 66069058 133169089 997529115 2398825707 74444 76541 11845 1195928 
1789398515.384216941	456000000	41	0 27743466 66069058 133169089 997529115 2398954428 74444 76541 11845 1195928 
1789398515.693863795	456000000	41	0 27743466 66069058 133169089 997529115 2399081747 74444 76541 11845 1195928 
1789398516.000230648	456000000	41	0 27743466 66069058 133169089 997529115 2399207290 74444 76541 11845 1195928 
1789398516.303655574	456000000	41	0 27743466 66069058 133169089 997529115 2399334585 74444 76541 11845 1195928 
1789398516.611339928	456000000	41	0 27743466 66069058 133169089 997529115 2399460484 74444 76541 11845 1195928 
1789398516.917718396	456000000	41	0 27743466 66069058 133169089 997529115 2399586243 74444 76541 11845 1195928 
1789398517.217416551	456000000	41	0 27743466 66069058 133169089 997529115 2399709242 74444 76541 11845 1195928 
1789398517.517184445	456000000	41	0 27743466 66069058 133169089 997529115 2399835130 74444 76541 11845 1195928 
1789398517.824115413	456000000	41	0 27743466 66069058 133169089 997529115 2399961186 74444 76541 11845 1195928 
1789398518.130955704	456000000	41	0 27743466 66069058 133169089 997529115 2400087701 74444 76541 11845 1195928 
1789398518.436159172	456000000	41	0 27743466 66069058 133169089 997529115 2400212701 74444 76541 11845 1195928 
1789398518.745808994	456000000	41	0 27743466 66069058 133169089 997529115 2400340310 74444 76541 11845 1195928 
1789398519.055312671	456000000	41	0 27743466 66069058 133169089 997529115 2400469102 74444 76541 11845 1195928 
1789398519.371736244	456000000	41	0 27743466 66069058 133169089 997529115 2400597887 74444 76541 11845 1195928 
1789398519.672960649	456000000	41	0 27743466 66069058 133169089 997529115 2400721664 74444 76541 11845 1195928 
1789398519.975499117	456000000	41	0 27743466 66069058 133169089 997529115 2400847771 74444 76541 11845 1195928 
1789398520.282561648	456000000	41	0 27743466 66069058 133169089 997529115 2400978570 74444 76541 11845 1195928 
1789398520.592354126	456000000	41	0 27743466 66069058 133169089 997529115 2401103353 74444 76541 11845 1195928 
1789398520.897949990	456000000	41	0 27743466 66069058 133169089 997529115 2401231484 74444 76541 11845 1195928 
1789398521.204509344	456000000	40	0 27743466 66069058 133169089 997529115 2401326448 74444 76541 11845 1195928 
1789398521.495133018	456000000	40	0 27743466 66069058 133169089 997529115 2401428088 74444 76541 11845 1195928 
1789398521.792309350	456000000	40	0 27743466 66069058 133169089 997529115 2401549666 74444 76541 11845 1195928 
1789398522.095422818	456000000	36	0 27743466 66069058 133169089 997529115 2401676575 74444 76541 11845 1195928 
1789398522.406328630	456000000	36	0 27743466 66069058 133169089 997529115 2401803813 74444 76541 11845 1195928 
1789398522.716912515	456000000	36	0 27743466 66069058 133169089 997529115 2401930925 74444 76541 11845 1195928 
1789398523.019803535	456000000	36	0 27743466 66069058 133169089 997529115 2402058893 74444 76541 11845 1195928 
1789398523.326715753	456000000	41	0 27743466 66069058 133169089 997529115 2402184237 74444 76541 11845 1195928 
1789398523.638564690	456000000	41	0 27743466 66069058 133169089 997529115 2402312554 74444 76541 11845 1195928 
1789398523.940256335	456000000	41	0 27743466 66069058 133169089 997529115 2402435388 74444 76541 11845 1195928 
1789398524.246776313	456000000	41	0 27743466 66069058 133169089 997529115 2402541461 74444 76541 11845 1195928 
1789398524.547898635	456000000	41	0 27743466 66069058 133169089 997529115 2402644495 74444 76541 11845 1195928 
1789398524.848233717	456000000	41	0 27743466 66069058 133169089 997529115 2402764995 74444 76541 11845 1195928 
1789398525.152281716	456000000	36	0 27743466 66069058 133169089 997529115 2402890989 74444 76541 11845 1195928 
1789398525.459532528	456000000	36	0 27743466 66069058 133169089 997529115 2403017092 74444 76541 11845 1195928 
1789398525.760113964	456000000	36	0 27743466 66069058 133169089 997529115 2403141083 74444 76541 11845 1195928 
1789398526.066036182	456000000	41	0 27743466 66069058 133169089 997529115 2403267292 74444 76541 11845 1195928 
1789398526.371489285	456000000	41	0 27743466 66069058 133169089 997529115 2403390822 74444 76541 11845 1195928 
1789398526.675964524	456000000	41	0 27743466 66069058 133169089 997529115 2403516384 74444 76541 11845 1195928 
1789398526.976602887	456000000	41	0 27743466 66069058 133169089 997529115 2403638927 74444 76541 11845 1195928 
1789398527.282854324	456000000	41	0 27743466 66069058 133169089 997529115 2403759447 74444 76541 11845 1195928 
1789398527.593018001	456000000	41	0 27743466 66069058 133169089 997529115 2403871302 74444 76541 11845 1195928 
1789398527.898817667	456000000	41	0 27743466 66069058 133169089 997529115 2403995141 74444 76541 11845 1195928 
1789398528.205254676	456000000	38	0 27743466 66069058 133169089 997529115 2404121136 74444 76541 11845 1195928 
1789398528.509438821	456000000	38	0 27743466 66069058 133169089 997529115 2404246585 74444 76541 11845 1195928 
1789398528.813029320	456000000	38	0 27743466 66069058 133169089 997529115 2404372076 74444 76541 11845 1195928 
1789398529.113785809	456000000	41	0 27743466 66069058 133169089 997529115 2404495832 74444 76541 11845 1195928 
1789398529.413652088	456000000	41	0 27743466 66069058 133169089 997529115 2404618167 74444 76541 11845 1195928 
1789398529.717576442	456000000	41	0 27743466 66069058 133169089 997529115 2404743384 74444 76541 11845 1195928 
1789398530.022786680	456000000	41	0 27743466 66069058 133169089 997529115 2404870063 74444 76541 11845 1195928 
1789398530.325976086	456000000	41	0 27743466 66069058 133169089 997529115 2404993488 74444 76541 11845 1195928 
1789398530.627959136	456000000	41	0 27743466 66069058 133169089 997529115 2405094094 74444 76541 11845 1195928 
1789398530.929650208	456000000	41	0 27743466 66069058 133169089 997529115 2405213393 74444 76541 11845 1195928 
1789398531.239510968	456000000	38	0 27743466 66069058 133169089 997529115 2405354529 74444 76541 11845 1195928 
1789398531.546991676	456000000	38	0 27743466 66069058 133169089 997529115 2405498292 74444 76541 11845 1195928 
1789398531.849341342	456000000	38	0 27743466 66069058 133169089 997529115 2405639303 74444 76541 11845 1195928 
1789398532.157855122	456000000	46	0 27743466 66069058 133169089 997529115 2405780605 74444 76541 11845 1195928 
1789398532.463311142	456000000	46	0 27743466 66069058 133169089 997529115 2405888139 74444 76541 11845 1195928 
1789398532.762481693	456000000	46	0 27743466 66069058 133169089 997529115 2406011962 74444 76541 11845 1195928 
1789398533.074208964	456000000	39	0 27743466 66069058 133169089 997529115 2406138827 74444 76541 11845 1195928 
1789398533.381354515	456000000	39	0 27743466 66069058 133169089 997529115 2406265465 74444 76541 11845 1195928 
1789398533.689639181	456000000	39	0 27743466 66069058 133169089 997529115 2406369940 74444 76541 11845 1195928 
1789398533.990774315	456000000	39	0 27743466 66069058 133169089 997529115 2406490355 74444 76541 11845 1195928 
1789398534.293236741	456000000	38	0 27743466 66069058 133169089 997529115 2406614390 74444 76541 11845 1195928 
1789398534.601051251	456000000	38	0 27743466 66069058 133169089 997529115 2406739936 74444 76541 11845 1195928 
1789398534.910153417	456000000	38	0 27743466 66069058 133169089 997529115 2406867517 74444 76541 11845 1195928 
1789398535.216237927	456000000	40	0 27743466 66069058 133169089 997529115 2406990612 74444 76541 11845 1195928 
1789398535.516838894	456000000	40	0 27743466 66069058 133169089 997529115 2407115374 74444 76541 11845 1195928 
1789398535.819805331	456000000	40	0 27743466 66069058 133169089 997529115 2407240445 74444 76541 11845 1195928 
1789398536.130986976	456000000	41	0 27743466 66069058 133169089 997529115 2407368124 74444 76541 11845 1195928 
1789398536.431790444	456000000	41	0 27743466 66069058 133169089 997529115 2407494828 74444 76541 11845 1195928 
1789398536.737679589	456000000	41	0 27743466 66069058 133169089 997529115 2407592643 74444 76541 11845 1195928 
1789398537.031393368	456000000	41	0 27743466 66069058 133169089 997529115 2407698017 74444 76541 11845 1195928 
1789398537.328463814	456000000	36	0 27743466 66069058 133169089 997529115 2407801749 74444 76541 11845 1195928 
1789398537.625811657	456000000	36	0 27743466 66069058 133169089 997529115 2407923280 74444 76541 11845 1195928 
1789398537.936919135	456000000	36	0 27743466 66069058 133169089 997529115 2408050921 74444 76541 11845 1195928 
1789398538.239973489	456000000	39	0 27743466 66069058 133169089 997529115 2408177392 74444 76541 11845 1195928 
1789398538.540649769	456000000	39	0 27743466 66069058 133169089 997529115 2408302823 74444 76541 11845 1195928 
1789398538.847801570	456000000	39	0 27743466 66069058 133169089 997529115 2408430477 74444 76541 11845 1195928 
1789398539.157029153	456000000	41	0 27743466 66069058 133169089 997529115 2408558909 74444 76541 11845 1195928 
1789398539.463160590	456000000	41	0 27743466 66069058 133169089 997529115 2408684295 74444 76541 11845 1195928 
1789398539.768816610	456000000	41	0 27743466 66069058 133169089 997529115 2408795513 74444 76541 11845 1195928 
1789398540.070482785	456000000	37	0 27743466 66069058 133169089 997529115 2408900334 74444 76541 11845 1195928 
1789398540.374346462	456000000	37	0 27743466 66069058 133169089 997529115 2409019471 74444 76541 11845 1195928 
1789398540.682167065	456000000	37	0 27743466 66069058 133169089 997529115 2409150074 74444 76541 11845 1195928 
1789398540.987913919	456000000	37	0 27743466 66069058 133169089 997529115 2409276436 74444 76541 11845 1195928 
1789398541.296625460	456000000	40	0 27743466 66069058 133169089 997529115 2409404942 74444 76541 11845 1195928 
1789398541.600535230	456000000	40	0 27743466 66069058 133169089 997529115 2409532802 74444 76541 11845 1195928 
1789398541.907832969	456000000	40	0 27743466 66069058 133169089 997529115 2409659890 74444 76541 11845 1195928 
1789398542.211027582	456000000	41	0 27743466 66069058 133169089 997529115 2409784961 74444 76541 11845 1195928 
1789398542.513712456	456000000	41	0 27743466 66069058 133169089 997529115 2409912911 74444 76541 11845 1195928 
1789398542.815166965	456000000	41	0 27743466 66069058 133169089 997529115 2410037152 74444 76541 11845 1195928 
1789398543.120224079	456000000	39	0 27743466 66069058 133169089 997529115 2410135032 74444 76541 11845 1195928 
1789398543.420812963	456000000	39	0 27743466 66069058 133169089 997529115 2410247979 74444 76541 11845 1195928 
1789398543.721709764	456000000	39	0 27743466 66069058 133169089 997529115 2410375203 74444 76541 11845 1195928 
1789398544.030395263	456000000	39	0 27743466 66069058 133169089 997529115 2410506007 74444 76541 11845 1195928 
1789398544.341417690	456000000	40	0 27743466 66069058 133169089 997529115 2410634807 74444 76541 11845 1195928 
1789398544.650357929	456000000	40	0 27743466 66069058 133169089 997529115 2410761684 74444 76541 11845 1195928 
1789398544.957703585	456000000	40	0 27743466 66069058 133169089 997529115 2410889065 74444 76541 11845 1195928 
1789398545.262651636	456000000	41	0 27743466 66069058 133169089 997529115 2411017614 74444 76541 11845 1195928 
1789398545.567456927	456000000	41	0 27743466 66069058 133169089 997529115 2411145804 74444 76541 11845 1195928 
1789398545.871108415	456000000	41	0 27743466 66069058 133169089 997529115 2411272156 74444 76541 11845 1195928 
1789398546.177256623	456000000	39	0 27743466 66069058 133169089 997529115 2411376378 74444 76541 11845 1195928 
1789398546.484807852	456000000	39	0 27743466 66069058 133169089 997529115 2411499710 74444 76541 11845 1195928 
1789398546.785793871	456000000	39	0 27743466 66069058 133169089 997529115 2411626897 74444 76541 11845 1195928 
1789398547.091632964	456000000	41	0 27743466 66069058 133169089 997529115 2411756330 74444 76541 11845 1195928 
1789398547.395071588	456000000	41	0 27743466 66069058 133169089 997529115 2411883890 74444 76541 11845 1195928 
1789398547.699890733	456000000	41	0 27743466 66069058 133169089 997529115 2412011277 74444 76541 11845 1195928 
1789398548.009350399	456000000	41	0 27743466 66069058 133169089 997529115 2412141455 74444 76541 11845 1195928 
1789398548.317047878	456000000	41	0 27743466 66069058 133169089 997529115 2412270986 74444 76541 11845 1195928 
1789398548.624508846	456000000	41	0 27743466 66069058 133169089 997529115 2412399371 74444 76541 11845 1195928 
1789398548.926388564	456000000	41	0 27743466 66069058 133169089 997529115 2412525565 74444 76541 11845 1195928 
1789398549.229200781	456000000	41	0 27743466 66069058 133169089 997529115 2412632689 74444 76541 11845 1195928 
1789398549.535495083	456000000	41	0 27743466 66069058 133169089 997529115 2412753786 74444 76541 11845 1195928 
1789398549.838991936	456000000	41	0 27743466 66069058 133169089 997529115 2412879387 74444 76541 11845 1195928 
1789398550.140856237	456000000	39	0 27743466 66069058 133169089 997529115 2413007080 74444 76541 11845 1195928 
1789398550.447830278	456000000	39	0 27743466 66069058 133169089 997529115 2413136709 74444 76541 11845 1195928 
1789398550.754149996	456000000	39	0 27743466 66069058 133169089 997529115 2413266404 74444 76541 11845 1195928 
1789398551.065095339	456000000	41	0 27743466 66069058 133169089 997529115 2413396554 74444 76541 11845 1195928 
1789398551.372245526	456000000	41	0 27743466 66069058 133169089 997529115 2413522472 74444 76541 11845 1195928 
1789398551.676491494	456000000	41	0 27743466 66069058 133169089 997529115 2413652240 74444 76541 11845 1195928 
1789398551.982971785	456000000	41	0 27743466 66069058 133169089 997529115 2413778251 74444 76541 11845 1195928 
1789398552.287898169	456000000	41	0 27743466 66069058 133169089 997529115 2413884955 74444 76541 11845 1195928 
1789398552.585211584	456000000	41	0 27743466 66069058 133169089 997529115 2413996026 74444 76541 11845 1195928 
1789398552.887552760	456000000	41	0 27743466 66069058 133169089 997529115 2414132756 74444 76541 11845 1195928 
1789398553.193004822	456000000	40	0 27743466 66069058 133169089 997529115 2414279828 74444 76541 11845 1195928 
1789398553.500292873	456000000	40	0 27743466 66069058 133169089 997529115 2414423762 74444 76541 11845 1195928 
1789398553.805960925	456000000	40	0 27743466 66069058 133169089 997529115 2414530338 74444 76541 11845 1195928 
1789398554.104733350	456000000	41	0 27743466 66069058 133169089 997529115 2414651942 74444 76541 11845 1195928 
1789398554.414649319	456000000	41	0 27743466 66069058 133169089 997529115 2414779871 74444 76541 11845 1195928 
1789398554.716631640	456000000	41	0 27743466 66069058 133169089 997529115 2414912876 74444 76541 11845 1195928 
1789398555.017497452	456000000	41	0 27743466 66069058 133169089 997529115 2415047990 74444 76541 11845 1195928 
1789398555.314722325	456000000	43	0 27743466 66069058 133169089 997529115 2415166543 74444 76541 11845 1195928 
1789398555.608732823	456000000	43	0 27743466 66069058 133169089 997529115 2415290290 74444 76541 11845 1195928 
1789398555.904701342	456000000	43	0 27743466 66069058 133169089 997529115 2415425677 74444 76541 11845 1195928 
1789398556.205436580	456000000	43	0 27743466 66069058 133169089 997529115 2415573720 74444 76541 11845 1195928 
1789398556.509113225	456000000	43	0 27743466 66069058 133169089 997529115 2415719633 74444 76541 11845 1195928 
1789398556.808763099	456000000	43	0 27743466 66069058 133169089 997529115 2415850999 74444 76541 11845 1195928 
1789398557.107399639	456000000	45	0 27743466 66069058 133169089 997529115 2415978916 74444 76541 11845 1195928 
1789398557.408082117	456000000	45	0 27743466 66069058 133169089 997529115 2416108424 74444 76541 11845 1195928 
1789398557.707583709	456000000	45	0 27743466 66069058 133169089 997529115 2416235241 74444 76541 11845 1195928 
1789398558.005705510	456000000	45	0 27743466 66069058 133169089 997529115 2416362690 74444 76541 11845 1195928 
1789398558.303143143	456000000	42	0 27743466 66069058 133169089 997529115 2416490081 74444 76541 11845 1195928 
1789398558.604570726	456000000	42	0 27743466 66069058 133169089 997529115 2416612387 74444 76541 11845 1195928 
1789398558.908489037	456000000	42	0 27743466 66069058 133169089 997529115 2416753073 74444 76541 11845 1195928 
1789398559.213736568	456000000	43	0 27743466 66069058 133169089 997529115 2416899890 74444 76541 11845 1195928 
1789398559.515897743	456000000	43	0 27743466 66069058 133169089 997529115 2417045604 74444 76541 11845 1195928 
1789398559.822505482	456000000	43	0 27743466 66069058 133169089 997529115 2417187836 74444 76541 11845 1195928 
1789398560.124310252	456000000	47	0 27743466 66069058 133169089 997529115 2417334956 74444 76541 11845 1195928 
1789398560.425101167	456000000	47	0 27743466 66069058 133169089 997529115 2417475876 74444 76541 11845 1195928 
1789398560.727210989	456000000	47	0 27743466 66069058 133169089 997529115 2417620419 74444 76541 11845 1195928 
1789398561.030995759	456000000	47	0 27743466 66069058 133169089 997529115 2417745997 74444 76541 11845 1195928 
1789398561.336317144	456000000	45	0 27743466 66069058 133169089 997529115 2417870509 74444 76541 11845 1195928 
1789398561.638349413	456000000	45	0 27743466 66069058 133169089 997529115 2417972014 74444 76541 11845 1195928 
1789398561.939237152	456000000	45	0 27743466 66069058 133169089 997529115 2418091995 74444 76541 11845 1195928 
1789398562.239539265	456000000	38	0 27743466 66069058 133169089 997529115 2418215993 74444 76541 11845 1195928 
1789398562.544985754	456000000	38	0 27743466 66069058 133169089 997529115 2418343020 74444 76541 11845 1195928 
1789398562.847976148	456000000	38	0 27743466 66069058 133169089 997529115 2418468850 74444 76541 11845 1195928 
1789398563.153096179	456000000	41	0 27743466 66069058 133169089 997529115 2418596875 74444 76541 11845 1195928 
1789398563.464801470	456000000	41	0 27743466 66069058 133169089 997529115 2418722059 74444 76541 11845 1195928 
1789398563.773831709	456000000	41	0 27743466 66069058 133169089 997529115 2418847825 74444 76541 11845 1195928 
1789398564.073722104	456000000	41	0 27743466 66069058 133169089 997529115 2418972639 74444 76541 11845 1195928 
1789398564.382079530	456000000	41	0 27743466 66069058 133169089 997529115 2419099263 74444 76541 11845 1195928 
1789398564.691164717	456000000	41	0 27743466 66069058 133169089 997529115 2419202250 74444 76541 11845 1195928 
1789398564.982040580	456000000	41	0 27743466 66069058 133169089 997529115 2419306128 74444 76541 11845 1195928 
1789398565.288523579	456000000	37	0 27743466 66069058 133169089 997529115 2419433738 74444 76541 11845 1195928 
1789398565.596737985	456000000	37	0 27743466 66069058 133169089 997529115 2419560356 74444 76541 11845 1195928 
1789398565.899198744	456000000	37	0 27743466 66069058 133169089 997529115 2419682878 74444 76541 11845 1195928 
1789398566.203469503	456000000	41	0 27743466 66069058 133169089 997529115 2419809731 74444 76541 11845 1195928 
1789398566.508478180	456000000	41	0 27743466 66069058 133169089 997529115 2419933136 74444 76541 11845 1195928 
1789398566.811158366	456000000	41	0 27743466 66069058 133169089 997529115 2420057483 74444 76541 11845 1195928 
1789398567.111094281	456000000	40	0 27743466 66069058 133169089 997529115 2420182396 74444 76541 11845 1195928 
1789398567.417647281	456000000	40	0 27743466 66069058 133169089 997529115 2420307619 74444 76541 11845 1195928 
1789398567.723374394	456000000	40	0 27743466 66069058 133169089 997529115 2420421590 74444 76541 11845 1195928 
1789398568.026443956	456000000	40	0 27743466 66069058 133169089 997529115 2420533868 74444 76541 11845 1195928 
1789398568.330506590	456000000	38	0 27743466 66069058 133169089 997529115 2420660594 74444 76541 11845 1195928 
1789398568.643417611	456000000	38	0 27743466 66069058 133169089 997529115 2420787277 74444 76541 11845 1195928 
1789398568.949561548	456000000	38	0 27743466 66069058 133169089 997529115 2420913124 74444 76541 11845 1195928 
1789398569.254273453	456000000	40	0 27743466 66069058 133169089 997529115 2421037303 74444 76541 11845 1195928 
1789398569.560640202	456000000	40	0 27743466 66069058 133169089 997529115 2421164058 74444 76541 11845 1195928 
1789398569.868173671	456000000	40	0 27743466 66069058 133169089 997529115 2421287526 74444 76541 11845 1195928 
1789398570.171092503	456000000	40	0 27743466 66069058 133169089 997529115 2421411873 74444 76541 11845 1195928 
1789398570.472344616	456000000	40	0 27743466 66069058 133169089 997529115 2421536574 74444 76541 11845 1195928 
1789398570.780063501	456000000	40	0 27743466 66069058 133169089 997529115 2421663524 74444 76541 11845 1195928 
1789398571.083848271	456000000	38	0 27743466 66069058 133169089 997529115 2421764052 74444 76541 11845 1195928 
1789398571.382565384	456000000	38	0 27743466 66069058 133169089 997529115 2421881461 74444 76541 11845 1195928 
1789398571.685828747	456000000	38	0 27743466 66069058 133169089 997529115 2422005828 74444 76541 11845 1195928 
1789398571.989114819	456000000	38	0 27743466 66069058 133169089 997529115 2422130677 74444 76541 11845 1195928 
1789398572.294107350	456000000	40	0 27743466 66069058 133169089 997529115 2422254498 74444 76541 11845 1195928 
1789398572.597189724	456000000	40	0 27743466 66069058 133169089 997529115 2422379821 74444 76541 11845 1195928 
1789398572.903073869	456000000	40	0 27743466 66069058 133169089 997529115 2422504316 74444 76541 11845 1195928 
1789398573.205452024	456000000	40	0 27743466 66069058 133169089 997529115 2422629862 74444 76541 11845 1195928 
1789398573.510006117	456000000	40	0 27743466 66069058 133169089 997529115 2422754880 74444 76541 11845 1195928 
1789398573.819323439	456000000	40	0 27743466 66069058 133169089 997529115 2422893082 74444 76541 11845 1195928 
1789398574.128497585	456000000	40	0 27743466 66069058 133169089 997529115 2423006683 74444 76541 11845 1195928 
1789398574.439681678	456000000	40	0 27743466 66069058 133169089 997529115 2423144789 74444 76541 11845 1195928 
1789398574.743729312	456000000	40	0 27743466 66069058 133169089 997529115 2423290349 74444 76541 11845 1195928 
1789398575.050236843	456000000	40	0 27743466 66069058 133169089 997529115 2423409637 74444 76541 11845 1195928 
1789398575.347519946	456000000	43	0 27743466 66069058 133169089 997529115 2423525303 74444 76541 11845 1195928 
1789398575.655433830	456000000	43	0 27743466 66069058 133169089 997529115 2423651768 74444 76541 11845 1195928 
1789398575.963588028	456000000	43	0 27743466 66069058 133169089 997529115 2423777451 74444 76541 11845 1195928 
1789398576.269595662	456000000	40	0 27743466 66069058 133169089 997529115 2423904305 74444 76541 11845 1195928 
1789398576.573320016	456000000	40	0 27743466 66069058 133169089 997529115 2424028493 74444 76541 11845 1195928 
1789398576.877540567	456000000	40	0 27743466 66069058 133169089 997529115 2424155844 74444 76541 11845 1195928 
1789398577.185805285	456000000	41	0 27743466 66069058 133169089 997529115 2424282729 74444 76541 11845 1195928 
1789398577.493573545	456000000	41	0 27743466 66069058 133169089 997529115 2424408598 74444 76541 11845 1195928 
1789398577.799722482	456000000	41	0 27743466 66069058 133169089 997529115 2424532369 74444 76541 11845 1195928 
1789398578.099662407	456000000	40	0 27743466 66069058 133169089 997529115 2424654779 74444 76541 11845 1195928 
1789398578.404498427	456000000	40	0 27743466 66069058 133169089 997529115 2424780312 74444 76541 11845 1195928 
1789398578.707739499	456000000	40	0 27743466 66069058 133169089 997529115 2424903567 74444 76541 11845 1195928 
1789398579.006583695	456000000	40	0 27743466 66069058 133169089 997529115 2425028176 74444 76541 11845 1195928 
1789398579.314607528	456000000	41	0 27743466 66069058 133169089 997529115 2425152968 74444 76541 11845 1195928 
1789398579.616739642	456000000	41	0 27743466 66069058 133169089 997529115 2425280280 74444 76541 11845 1195928 
1789398579.925779568	456000000	41	0 27743466 66069058 133169089 997529115 2425406019 74444 76541 11845 1195928 
1789398580.222374390	492000000	40	0 27743466 66069058 133169089 997536057 2425454608 74444 76541 11845 1195928 
1789398580.510490199	492000000	40	0 27743466 66069058 133169089 997564276 2425454608 74444 76541 11845 1195928 
1789398580.803558666	492000000	40	0 27743466 66069058 133169089 997629529 2425454608 74444 76541 11845 1195928 
1789398581.118481927	492000000	15	0 27743466 66069058 133169089 997692931 2425454608 74444 76541 11845 1195928 
1789398581.418678675	492000000	15	0 27743466 66069058 133169089 997752583 2425454608 74444 76541 11845 1195928 
