# unix_время	FPS_прил	FPS_дисплей	Stale	ASW	GPU_МГц	App_мс	CPU&GPU_мс	Preempt	Temp_C	GPU%	строка
1789437239.000	90	90	0		492	3.31	5.15	358	37.0	0.46	FPS=90/90,Prd=24ms,Tear=0,Early=0,Stale=0,Stale2/5/10/max=0/0/0/0,VSnc=1,Lat=-4,Fov=0,CPU4/GPU=2/2,2208/492MHz,OC=3F,TA=0/38/0,SP=N/N/N,Mem=3196MHz,Free=3396MB,PLS=0,Temp=37.0C/0.0C,TW=1.08ms,App=3.31ms,GD=0.00ms,CPU&GPU=5.15ms,LCnt=1(DR91,LM0),GPU%=0.46,CPU%=0.16(W0.21),CFL=13.17/18.14,ICFLp95=16.68,LD=0,SF=1.00,DpuScale=1.00,LP=0,DVFS=0,Preempt=358,PoseAgeP95=0.00
1789437239.001	91	90	1		492	3.52	6.53	361	37.0	0.52	FPS=91/90,Prd=25ms,Tear=0,Early=0,Stale=1,Stale2/5/10/max=0/0/0/1,VSnc=1,Lat=-4,Fov=0,CPU4/GPU=2/3,2208/492MHz,OC=3F,TA=0/0/0,SP=N/N/N,Mem=3196MHz,Free=3667MB,PLS=0,Temp=37.0C/0.0C,TW=1.81ms,App=3.52ms,GD=0.32ms,CPU&GPU=6.53ms,LCnt=4(DR90,LM3),GPU%=0.52,CPU%=0.14(W0.18),CFL=13.14/17.23,ICFLp95=16.44,LD=0,SF=0.60,DpuScale=1.00,LP=0,DVFS=0,Preempt=361,PoseAgeP95=0.00
1789437240.000	91	90	0		492	2.74	4.52	180	37.0	0.40	FPS=91/90,Prd=24ms,Tear=0,Early=0,Stale=0,Stale2/5/10/max=0/0/0/0,VSnc=1,Lat=-4,Fov=0,CPU4/GPU=2/2,2208/492MHz,OC=3F,TA=0/38/0,SP=N/N/N,Mem=3196MHz,Free=3396MB,PLS=0,Temp=37.0C/0.0C,TW=1.03ms,App=2.74ms,GD=0.00ms,CPU&GPU=4.52ms,LCnt=1(DR90,LM0),GPU%=0.40,CPU%=0.18(W0.19),CFL=13.51/17.99,ICFLp95=17.14,LD=0,SF=1.00,DpuScale=1.00,LP=0,DVFS=0,Preempt=180,PoseAgeP95=0.00
1789437240.001	91	90	1		492	3.52	6.53	361	37.0	0.52	FPS=91/90,Prd=25ms,Tear=0,Early=0,Stale=1,Stale2/5/10/max=0/0/0/1,VSnc=1,Lat=-4,Fov=0,CPU4/GPU=2/3,2208/492MHz,OC=3F,TA=0/0/0,SP=N/N/N,Mem=3196MHz,Free=3667MB,PLS=0,Temp=37.0C/0.0C,TW=1.81ms,App=3.52ms,GD=0.32ms,CPU&GPU=6.53ms,LCnt=4(DR90,LM3),GPU%=0.52,CPU%=0.14(W0.18),CFL=13.14/17.23,ICFLp95=16.44,LD=0,SF=0.60,DpuScale=1.00,LP=0,DVFS=0,Preempt=361,PoseAgeP95=0.00
1789437241.000	84	90	9		456	3.45	3.86	170	37.0	0.40	FPS=84/90,Prd=23ms,Tear=0,Early=15,Stale=9,Stale2/5/10/max=0/1/0/9,VSnc=1,Lat=-4,Fov=0,CPU4/GPU=2/2,1382/456MHz,OC=3F,TA=0/38/0,SP=N/N/N,Mem=1708MHz,Free=3396MB,PLS=0,Temp=37.0C/0.0C,TW=1.38ms,App=3.45ms,GD=0.00ms,CPU&GPU=3.86ms,LCnt=1(DR90,LM0),GPU%=0.40,CPU%=0.15(W0.20),CFL=12.99/17.15,ICFLp95=16.25,LD=0,SF=1.00,DpuScale=1.00,LP=0,DVFS=0,Preempt=170,PoseAgeP95=0.00
1789437242.001	91	90	0		456	3.29	5.69	178	37.0	0.44	FPS=91/90,Prd=26ms,Tear=0,Early=6,Stale=0,Stale2/5/10/max=0/0/0/0,VSnc=1,Lat=-4,Fov=0,CPU4/GPU=2/2,1382/456MHz,OC=3F,TA=0/38/0,SP=N/N/N,Mem=1708MHz,Free=3396MB,PLS=0,Temp=37.0C/0.0C,TW=1.20ms,App=3.29ms,GD=0.00ms,CPU&GPU=5.69ms,LCnt=1(DR90,LM0),GPU%=0.44,CPU%=0.18(W0.23),CFL=12.79/16.77,ICFLp95=15.96,LD=0,SF=1.00,DpuScale=1.00,LP=0,DVFS=0,Preempt=178,PoseAgeP95=0.00
1789437243.001	90	90	0		456	3.53	5.42	180	37.0	0.45	FPS=90/90,Prd=24ms,Tear=0,Early=0,Stale=0,Stale2/5/10/max=0/0/0/0,VSnc=1,Lat=-4,Fov=0,CPU4/GPU=2/2,1382/456MHz,OC=3F,TA=0/38/0,SP=N/N/N,Mem=1708MHz,Free=3396MB,PLS=0,Temp=37.0C/0.0C,TW=1.33ms,App=3.53ms,GD=0.00ms,CPU&GPU=5.42ms,LCnt=1(DR90,LM0),GPU%=0.45,CPU%=0.20(W0.22),CFL=12.76/16.89,ICFLp95=16.00,LD=0,SF=1.00,DpuScale=1.00,LP=0,DVFS=0,Preempt=180,PoseAgeP95=0.00
1789437244.001	90	90	0		456	3.14	3.93	182	37.0	0.41	FPS=90/90,Prd=24ms,Tear=0,Early=0,Stale=0,Stale2/5/10/max=0/0/0/0,VSnc=1,Lat=-4,Fov=0,CPU4/GPU=2/2,1382/456MHz,OC=3F,TA=0/38/0,SP=N/N/N,Mem=1708MHz,Free=3396MB,PLS=0,Temp=37.0C/0.0C,TW=1.39ms,App=3.14ms,GD=0.00ms,CPU&GPU=3.93ms,LCnt=1(DR91,LM0),GPU%=0.41,CPU%=0.20(W0.24),CFL=12.76/16.82,ICFLp95=15.96,LD=0,SF=1.00,DpuScale=1.00,LP=0,DVFS=0,Preempt=182,PoseAgeP95=0.00
1789437245.001	91	90	1		456	3.45	5.42	182	37.0	0.44	FPS=91/90,Prd=23ms,Tear=0,Early=0,Stale=1,Stale2/5/10/max=0/0/0/1,VSnc=1,Lat=-4,Fov=0,CPU4/GPU=2/2,1382/456MHz,OC=3F,TA=0/38/0,SP=N/N/N,Mem=1708MHz,Free=3396MB,PLS=0,Temp=37.0C/0.0C,TW=1.38ms,App=3.45ms,GD=0.00ms,CPU&GPU=5.42ms,LCnt=1(DR90,LM0),GPU%=0.44,CPU%=0.21(W0.24),CFL=12.66/16.89,ICFLp95=15.98,LD=0,SF=1.00,DpuScale=1.00,LP=0,DVFS=0,Preempt=182,PoseAgeP95=0.00
1789437246.001	90	90	0		456	3.49	5.38	182	37.0	0.45	FPS=90/90,Prd=24ms,Tear=0,Early=0,Stale=0,Stale2/5/10/max=0/0/0/0,VSnc=1,Lat=-4,Fov=0,CPU4/GPU=2/2,1382/456MHz,OC=3F,TA=0/38/0,SP=N/N/N,Mem=1708MHz,Free=3396MB,PLS=0,Temp=37.0C/0.0C,TW=1.41ms,App=3.49ms,GD=0.00ms,CPU&GPU=5.38ms,LCnt=1(DR91,LM0),GPU%=0.45,CPU%=0.22(W0.27),CFL=12.87/16.85,ICFLp95=16.04,LD=0,SF=1.00,DpuScale=1.00,LP=0,DVFS=0,Preempt=182,PoseAgeP95=0.00
1789437247.001	90	90	0		456	3.44	5.34	180	37.0	0.45	FPS=90/90,Prd=24ms,Tear=0,Early=0,Stale=0,Stale2/5/10/max=0/0/0/0,VSnc=1,Lat=-4,Fov=0,CPU4/GPU=2/2,1382/456MHz,OC=3F,TA=0/38/0,SP=N/N/N,Mem=1708MHz,Free=3396MB,PLS=0,Temp=37.0C/0.0C,TW=1.42ms,App=3.44ms,GD=0.00ms,CPU&GPU=5.34ms,LCnt=1(DR90,LM0),GPU%=0.45,CPU%=0.19(W0.21),CFL=12.89/16.92,ICFLp95=16.07,LD=0,SF=1.00,DpuScale=1.00,LP=0,DVFS=0,Preempt=180,PoseAgeP95=0.00
1789437248.001	91	90	0		456	2.99	4.62	180	37.0	0.40	FPS=91/90,Prd=24ms,Tear=0,Early=0,Stale=0,Stale2/5/10/max=0/0/0/0,VSnc=1,Lat=-4,Fov=0,CPU4/GPU=2/2,1382/456MHz,OC=3F,TA=0/38/0,SP=N/N/N,Mem=1708MHz,Free=3396MB,PLS=0,Temp=37.0C/0.0C,TW=1.38ms,App=2.99ms,GD=0.00ms,CPU&GPU=4.62ms,LCnt=1(DR90,LM0),GPU%=0.40,CPU%=0.19(W0.22),CFL=12.72/16.73,ICFLp95=15.92,LD=0,SF=1.00,DpuScale=1.00,LP=0,DVFS=0,Preempt=180,PoseAgeP95=0.00
1789437249.001	81	90	11		456	3.22	5.19	174	37.0	0.44	FPS=81/90,Prd=25ms,Tear=0,Early=10,Stale=11,Stale2/5/10/max=0/0/1/11,VSnc=1,Lat=-4,Fov=0,CPU4/GPU=2/2,1382/456MHz,OC=3F,TA=0/38/0,SP=N/N/N,Mem=1708MHz,Free=3396MB,PLS=0,Temp=37.0C/0.0C,TW=1.19ms,App=3.22ms,GD=0.00ms,CPU&GPU=5.19ms,LCnt=1(DR91,LM0),GPU%=0.44,CPU%=0.24(W0.28),CFL=12.67/17.14,ICFLp95=16.10,LD=0,SF=1.00,DpuScale=1.00,LP=0,DVFS=0,Preempt=174,PoseAgeP95=0.00
1789437250.001	90	90	0		456	3.76	5.66	186	37.0	0.46	FPS=90/90,Prd=26ms,Tear=0,Early=0,Stale=0,Stale2/5/10/max=0/0/0/0,VSnc=1,Lat=-4,Fov=0,CPU4/GPU=2/2,1382/456MHz,OC=3F,TA=0/38/0,SP=N/N/N,Mem=1708MHz,Free=3396MB,PLS=0,Temp=37.0C/0.0C,TW=1.38ms,App=3.76ms,GD=0.00ms,CPU&GPU=5.66ms,LCnt=1(DR90,LM0),GPU%=0.46,CPU%=0.21(W0.25),CFL=12.84/16.99,ICFLp95=16.12,LD=0,SF=1.00,DpuScale=1.00,LP=0,DVFS=0,Preempt=186,PoseAgeP95=0.00
1789437251.001	90	90	0		456	3.48	5.93	180	37.0	0.47	FPS=90/90,Prd=24ms,Tear=0,Early=0,Stale=0,Stale2/5/10/max=0/0/0/0,VSnc=1,Lat=-4,Fov=0,CPU4/GPU=2/2,1920/456MHz,OC=3F,TA=0/38/0,SP=N/N/N,Mem=1555MHz,Free=3396MB,PLS=0,Temp=37.0C/0.0C,TW=1.35ms,App=3.48ms,GD=0.00ms,CPU&GPU=5.93ms,LCnt=1(DR90,LM0),GPU%=0.47,CPU%=0.21(W0.29),CFL=12.78/16.98,ICFLp95=15.98,LD=0,SF=1.00,DpuScale=1.00,LP=0,DVFS=0,Preempt=180,PoseAgeP95=0.00
1789437252.001	90	90	0		456	3.00	4.57	180	37.0	0.43	FPS=90/90,Prd=24ms,Tear=0,Early=0,Stale=0,Stale2/5/10/max=0/0/0/0,VSnc=1,Lat=-4,Fov=0,CPU4/GPU=2/2,1920/456MHz,OC=3F,TA=0/38/0,SP=N/N/N,Mem=1555MHz,Free=3396MB,PLS=0,Temp=37.0C/0.0C,TW=1.38ms,App=3.00ms,GD=0.00ms,CPU&GPU=4.57ms,LCnt=1(DR90,LM0),GPU%=0.43,CPU%=0.19(W0.25),CFL=12.80/16.81,ICFLp95=15.99,LD=0,SF=1.00,DpuScale=1.00,LP=0,DVFS=0,Preempt=180,PoseAgeP95=0.00
1789437253.001	90	90	0		456	2.99	4.32	182	37.0	0.42	FPS=90/90,Prd=23ms,Tear=0,Early=0,Stale=0,Stale2/5/10/max=0/0/0/0,VSnc=1,Lat=-4,Fov=0,CPU4/GPU=2/2,1920/456MHz,OC=3F,TA=0/38/0,SP=N/N/N,Mem=1555MHz,Free=3396MB,PLS=0,Temp=37.0C/0.0C,TW=1.39ms,App=2.99ms,GD=0.00ms,CPU&GPU=4.32ms,LCnt=1(DR91,LM0),GPU%=0.42,CPU%=0.19(W0.24),CFL=12.72/16.79,ICFLp95=15.97,LD=0,SF=1.00,DpuScale=1.00,LP=0,DVFS=0,Preempt=182,PoseAgeP95=0.00
1789437254.002	90	90	9		456	3.01	4.73	166	37.0	0.38	FPS=90/90,Prd=23ms,Tear=0,Early=6,Stale=9,Stale2/5/10/max=0/1/0/9,VSnc=1,Lat=-4,Fov=0,CPU4/GPU=2/2,1920/456MHz,OC=3F,TA=0/38/0,SP=N/N/N,Mem=1555MHz,Free=3396MB,PLS=0,Temp=37.0C/0.0C,TW=1.06ms,App=3.01ms,GD=0.00ms,CPU&GPU=4.73ms,LCnt=1(DR91,LM0),GPU%=0.38,CPU%=0.21(W0.26),CFL=12.82/16.99,ICFLp95=15.95,LD=0,SF=1.00,DpuScale=1.00,LP=0,DVFS=0,Preempt=166,PoseAgeP95=0.00
1789437255.002	82	90	0		456	3.49	5.31	178	37.0	0.42	FPS=82/90,Prd=26ms,Tear=0,Early=18,Stale=0,Stale2/5/10/max=0/0/0/0,VSnc=1,Lat=-4,Fov=0,CPU4/GPU=2/2,1920/456MHz,OC=3F,TA=0/38/0,SP=N/N/N,Mem=1555MHz,Free=3396MB,PLS=0,Temp=37.0C/0.0C,TW=1.40ms,App=3.49ms,GD=0.00ms,CPU&GPU=5.31ms,LCnt=1(DR90,LM0),GPU%=0.42,CPU%=0.20(W0.22),CFL=12.70/16.76,ICFLp95=15.94,LD=0,SF=1.00,DpuScale=1.00,LP=0,DVFS=0,Preempt=178,PoseAgeP95=0.00
1789437256.029	91	90	0		456	2.97	5.94	184	37.0	0.43	FPS=91/90,Prd=24ms,Tear=0,Early=0,Stale=0,Stale2/5/10/max=0/0/0/0,VSnc=1,Lat=-4,Fov=0,CPU4/GPU=2/2,1920/456MHz,OC=3F,TA=0/38/0,SP=N/N/N,Mem=1555MHz,Free=3695MB,PLS=0,Temp=37.0C/0.0C,TW=1.44ms,App=2.97ms,GD=0.00ms,CPU&GPU=5.94ms,LCnt=1(DR91,LM0),GPU%=0.43,CPU%=0.29(W0.33),CFL=12.87/16.81,ICFLp95=16.04,LD=0,SF=1.00,DpuScale=1.00,LP=0,DVFS=0,Preempt=184,PoseAgeP95=0.00
1789437257.002	83	90	9		456	3.46	5.40	172	37.0	0.44	FPS=83/90,Prd=26ms,Tear=0,Early=14,Stale=9,Stale2/5/10/max=0/1/0/9,VSnc=1,Lat=-4,Fov=0,CPU4/GPU=2/2,1920/456MHz,OC=3F,TA=0/38/0,SP=N/N/N,Mem=1555MHz,Free=3695MB,PLS=0,Temp=37.0C/0.0C,TW=1.40ms,App=3.46ms,GD=0.00ms,CPU&GPU=5.40ms,LCnt=1(DR90,LM0),GPU%=0.44,CPU%=0.24(W0.28),CFL=13.02/17.22,ICFLp95=16.22,LD=0,SF=1.00,DpuScale=1.00,LP=0,DVFS=0,Preempt=172,PoseAgeP95=0.00
1789437258.002	90	90	0		456	3.51	6.27	200	37.0	0.47	FPS=90/90,Prd=26ms,Tear=0,Early=0,Stale=0,Stale2/5/10/max=0/0/0/0,VSnc=1,Lat=-4,Fov=0,CPU4/GPU=2/2,1920/456MHz,OC=3F,TA=0/38/0,SP=N/N/N,Mem=1555MHz,Free=3695MB,PLS=0,Temp=37.0C/0.0C,TW=1.37ms,App=3.51ms,GD=0.00ms,CPU&GPU=6.27ms,LCnt=1(DR90,LM0),GPU%=0.47,CPU%=0.24(W0.26),CFL=12.95/17.25,ICFLp95=16.32,LD=0,SF=1.00,DpuScale=1.00,LP=0,DVFS=0,Preempt=200,PoseAgeP95=0.00
1789437259.002	90	90	0		456	3.15	5.82	184	37.0	0.43	FPS=90/90,Prd=25ms,Tear=0,Early=0,Stale=0,Stale2/5/10/max=0/0/0/0,VSnc=1,Lat=-4,Fov=0,CPU4/GPU=2/2,1920/456MHz,OC=3F,TA=0/38/0,SP=N/N/N,Mem=1555MHz,Free=3695MB,PLS=0,Temp=37.0C/0.0C,TW=1.06ms,App=3.15ms,GD=0.00ms,CPU&GPU=5.82ms,LCnt=1(DR91,LM0),GPU%=0.43,CPU%=0.23(W0.31),CFL=13.04/16.97,ICFLp95=16.18,LD=0,SF=1.00,DpuScale=1.00,LP=0,DVFS=0,Preempt=184,PoseAgeP95=0.00
1789437260.002	81	90	11		456	3.61	7.07	178	37.0	0.47	FPS=81/90,Prd=27ms,Tear=0,Early=17,Stale=11,Stale2/5/10/max=0/0/1/11,VSnc=1,Lat=-4,Fov=0,CPU4/GPU=2/2,1920/456MHz,OC=3F,TA=0/38/0,SP=N/N/N,Mem=1555MHz,Free=3695MB,PLS=0,Temp=37.0C/0.0C,TW=1.41ms,App=3.61ms,GD=0.00ms,CPU&GPU=7.07ms,LCnt=1(DR90,LM0),GPU%=0.47,CPU%=0.25(W0.34),CFL=12.89/17.25,ICFLp95=16.12,LD=0,SF=1.00,DpuScale=1.00,LP=0,DVFS=0,Preempt=178,PoseAgeP95=0.00
1789437261.002	90	90	0		456	4.03	6.61	182	37.0	0.49	FPS=90/90,Prd=25ms,Tear=0,Early=0,Stale=0,Stale2/5/10/max=0/0/0/0,VSnc=1,Lat=-4,Fov=0,CPU4/GPU=2/2,1382/456MHz,OC=3F,TA=0/38/0,SP=N/N/N,Mem=2092MHz,Free=3695MB,PLS=0,Temp=37.0C/0.0C,TW=1.60ms,App=4.03ms,GD=0.00ms,CPU&GPU=6.61ms,LCnt=1(DR90,LM0),GPU%=0.49,CPU%=0.22(W0.26),CFL=12.82/16.96,ICFLp95=16.02,LD=0,SF=1.00,DpuScale=1.00,LP=0,DVFS=0,Preempt=182,PoseAgeP95=0.00
1789437262.002	82	90	13		456	4.03	7.26	178	37.0	0.51	FPS=82/90,Prd=25ms,Tear=1,Early=17,Stale=13,Stale2/5/10/max=0/0/1/13,VSnc=1,Lat=-4,Fov=0,CPU4/GPU=3/3,1382/456MHz,OC=3F,TA=0/38/0,SP=N/N/N,Mem=2092MHz,Free=3695MB,PLS=0,Temp=37.0C/0.0C,TW=1.39ms,App=4.03ms,GD=0.00ms,CPU&GPU=7.26ms,LCnt=1(DR91,LM0),GPU%=0.51,CPU%=0.26(W0.32),CFL=12.71/17.23,ICFLp95=16.13,LD=0,SF=1.00,DpuScale=1.00,LP=0,DVFS=0,Preempt=178,PoseAgeP95=0.00
1789437263.002	90	90	0		456	3.98	6.61	216	37.0	0.48	FPS=90/90,Prd=29ms,Tear=0,Early=6,Stale=0,Stale2/5/10/max=0/0/0/0,VSnc=1,Lat=-4,Fov=0,CPU4/GPU=2/2,1382/456MHz,OC=3F,TA=0/38/0,SP=N/N/N,Mem=2092MHz,Free=3695MB,PLS=0,Temp=37.0C/0.0C,TW=1.05ms,App=3.98ms,GD=0.00ms,CPU&GPU=6.61ms,LCnt=1(DR90,LM0),GPU%=0.48,CPU%=0.22(W0.30),CFL=12.85/17.15,ICFLp95=16.21,LD=0,SF=1.00,DpuScale=1.00,LP=0,DVFS=0,Preempt=216,PoseAgeP95=0.00
1789437264.002	90	90	0		456	5.10	7.17	180	37.0	0.44	FPS=90/90,Prd=25ms,Tear=0,Early=0,Stale=0,Stale2/5/10/max=0/0/0/0,VSnc=1,Lat=-4,Fov=0,CPU4/GPU=2/2,1382/456MHz,OC=3F,TA=0/38/0,SP=N/N/N,Mem=2092MHz,Free=3695MB,PLS=0,Temp=37.0C/0.0C,TW=1.12ms,App=5.10ms,GD=0.00ms,CPU&GPU=7.17ms,LCnt=1(DR90,LM0),GPU%=0.44,CPU%=0.21(W0.26),CFL=12.64/16.65,ICFLp95=15.83,LD=0,SF=1.00,DpuScale=1.00,LP=0,DVFS=0,Preempt=180,PoseAgeP95=0.00
1789437265.002	76	90	18		456	5.78	9.23	213	37.0	0.59	FPS=76/90,Prd=29ms,Tear=1,Early=18,Stale=18,Stale2/5/10/max=0/0/1/18,VSnc=1,Lat=-4,Fov=0,CPU4/GPU=3/2,1382/456MHz,OC=3F,TA=0/38/0,SP=N/N/N,Mem=2092MHz,Free=3695MB,PLS=0,Temp=37.0C/0.0C,TW=1.11ms,App=5.78ms,GD=0.00ms,CPU&GPU=9.23ms,LCnt=1(DR91,LM0),GPU%=0.59,CPU%=0.25(W0.38),CFL=12.61/16.69,ICFLp95=15.94,LD=0,SF=1.00,DpuScale=1.00,LP=0,DVFS=0,Preempt=213,PoseAgeP95=0.00
1789437266.002	90	90	0		456	6.07	10.52	358	37.0	0.65	FPS=90/90,Prd=29ms,Tear=0,Early=0,Stale=0,Stale2/5/10/max=0/0/0/0,VSnc=1,Lat=-4,Fov=0,CPU4/GPU=2/2,1382/456MHz,OC=3F,TA=0/38/0,SP=N/N/N,Mem=2092MHz,Free=3695MB,PLS=0,Temp=37.0C/0.0C,TW=1.09ms,App=6.07ms,GD=0.00ms,CPU&GPU=10.52ms,LCnt=1(DR90,LM0),GPU%=0.65,CPU%=0.23(W0.32),CFL=12.94/16.53,ICFLp95=15.76,LD=0,SF=1.00,DpuScale=1.00,LP=0,DVFS=0,Preempt=358,PoseAgeP95=0.00
1789437267.002	91	90	13		456	7.98	10.74	313	37.0	0.60	FPS=91/90,Prd=29ms,Tear=0,Early=0,Stale=13,Stale2/5/10/max=0/0/0/0,VSnc=1,Lat=-4,Fov=0,CPU4/GPU=3/2,1382/456MHz,OC=3F,TA=0/38/0,SP=N/N/N,Mem=2092MHz,Free=3695MB,PLS=0,Temp=37.0C/0.0C,TW=0.94ms,App=7.98ms,GD=0.00ms,CPU&GPU=10.74ms,LCnt=1(DR90,LM0),GPU%=0.60,CPU%=0.25(W0.31),CFL=12.89/16.56,ICFLp95=15.84,LD=0,SF=1.00,DpuScale=1.00,LP=0,DVFS=0,Preempt=313,PoseAgeP95=0.00
1789437268.003	71	90	10		456	7.59	15.30	341	37.0	0.75	FPS=71/90,Prd=40ms,Tear=3,Early=33,Stale=10,Stale2/5/10/max=0/0/1/23,VSnc=1,Lat=-4,Fov=0,CPU4/GPU=2/5,1382/456MHz,OC=3F,TA=0/38/0,SP=N/N/N,Mem=2092MHz,Free=3695MB,PLS=0,Temp=37.0C/0.0C,TW=0.98ms,App=7.59ms,GD=0.00ms,CPU&GPU=15.30ms,LCnt=1(DR91,LM0),GPU%=0.75,CPU%=0.31(W0.36),CFL=12.92/17.94,ICFLp95=17.34,LD=0,SF=1.00,DpuScale=1.00,LP=0,DVFS=0,Preempt=341,PoseAgeP95=0.00
1789437269.003	90	90	1		456	7.55	14.90	360	37.0	0.79	FPS=90/90,Prd=34ms,Tear=0,Early=0,Stale=1,Stale2/5/10/max=0/0/0/1,VSnc=1,Lat=-4,Fov=0,CPU4/GPU=2/5,1382/456MHz,OC=3F,TA=0/38/0,SP=N/N/N,Mem=2092MHz,Free=3695MB,PLS=0,Temp=37.0C/0.0C,TW=0.94ms,App=7.55ms,GD=0.00ms,CPU&GPU=14.90ms,LCnt=1(DR90,LM0),GPU%=0.79,CPU%=0.32(W0.40),CFL=14.20/17.86,ICFLp95=16.94,LD=0,SF=1.00,DpuScale=1.00,LP=0,DVFS=0,Preempt=360,PoseAgeP95=0.00
1789437270.003	88	90	4		456	2.07	3.25	265	37.0	0.50	FPS=88/90,Prd=33ms,Tear=0,Early=27,Stale=4,Stale2/5/10/max=1/0/0/4,VSnc=1,Lat=-4,Fov=0,CPU4/GPU=2/5,1382/456MHz,OC=3F,TA=0/38/0,SP=N/N/N,Mem=2092MHz,Free=3695MB,PLS=0,Temp=37.0C/0.0C,TW=0.92ms,App=2.07ms,GD=0.00ms,CPU&GPU=3.25ms,LCnt=1(DR90,LM0),GPU%=0.50,CPU%=0.26(W0.31),CFL=13.75/17.15,ICFLp95=16.39,LD=0,SF=1.00,DpuScale=1.00,LP=0,DVFS=0,Preempt=265,PoseAgeP95=0.00
1789437271.003	90	90	1		545	2.25	3.27	178	37.0	0.36	FPS=90/90,Prd=24ms,Tear=0,Early=0,Stale=1,Stale2/5/10/max=0/0/0/1,VSnc=1,Lat=-4,Fov=0,CPU4/GPU=2/4,1382/545MHz,OC=3F,TA=0/38/0,SP=N/N/N,Mem=1555MHz,Free=3695MB,PLS=0,Temp=37.0C/0.0C,TW=0.95ms,App=2.25ms,GD=0.00ms,CPU&GPU=3.27ms,LCnt=1(DR90,LM0),GPU%=0.36,CPU%=0.16(W0.20),CFL=12.90/16.57,ICFLp95=15.83,LD=0,SF=1.00,DpuScale=1.00,LP=0,DVFS=0,Preempt=178,PoseAgeP95=0.00
1789437272.003	90	90	0		545	2.80	3.50	180	37.0	0.33	FPS=90/90,Prd=22ms,Tear=0,Early=0,Stale=0,Stale2/5/10/max=0/0/0/0,VSnc=1,Lat=-4,Fov=0,CPU4/GPU=2/3,1382/545MHz,OC=3F,TA=0/38/0,SP=N/N/N,Mem=1555MHz,Free=3695MB,PLS=0,Temp=37.0C/0.0C,TW=1.06ms,App=2.80ms,GD=0.00ms,CPU&GPU=3.50ms,LCnt=1(DR90,LM0),GPU%=0.33,CPU%=0.16(W0.18),CFL=12.53/16.30,ICFLp95=15.58,LD=0,SF=1.00,DpuScale=1.00,LP=0,DVFS=0,Preempt=180,PoseAgeP95=0.00
1789437273.003	84	90	8		545	2.59	4.24	178	37.0	0.36	FPS=84/90,Prd=25ms,Tear=1,Early=10,Stale=8,Stale2/5/10/max=0/1/0/8,VSnc=1,Lat=-4,Fov=0,CPU4/GPU=2/2,1382/545MHz,OC=3F,TA=0/38/0,SP=N/N/N,Mem=1555MHz,Free=3695MB,PLS=0,Temp=37.0C/0.0C,TW=1.09ms,App=2.59ms,GD=0.00ms,CPU&GPU=4.24ms,LCnt=1(DR91,LM0),GPU%=0.36,CPU%=0.20(W0.26),CFL=12.48/16.62,ICFLp95=15.77,LD=0,SF=1.00,DpuScale=1.00,LP=0,DVFS=0,Preempt=178,PoseAgeP95=0.00
1789437274.003	90	90	0		545	2.68	3.94	180	37.0	0.36	FPS=90/90,Prd=22ms,Tear=0,Early=0,Stale=0,Stale2/5/10/max=0/0/0/0,VSnc=1,Lat=-4,Fov=0,CPU4/GPU=2/2,1382/545MHz,OC=3F,TA=0/38/0,SP=N/N/N,Mem=1555MHz,Free=3695MB,PLS=0,Temp=37.0C/0.0C,TW=1.07ms,App=2.68ms,GD=0.00ms,CPU&GPU=3.94ms,LCnt=1(DR90,LM0),GPU%=0.36,CPU%=0.17(W0.20),CFL=12.40/16.57,ICFLp95=15.66,LD=0,SF=1.00,DpuScale=1.00,LP=0,DVFS=0,Preempt=180,PoseAgeP95=0.00
1789437275.003	84	90	8		545	3.06	4.57	166	37.0	0.36	FPS=84/90,Prd=22ms,Tear=0,Early=16,Stale=8,Stale2/5/10/max=0/1/0/8,VSnc=1,Lat=-4,Fov=0,CPU4/GPU=2/2,1382/545MHz,OC=3F,TA=0/38/0,SP=N/N/N,Mem=1555MHz,Free=3695MB,PLS=0,Temp=37.0C/0.0C,TW=1.40ms,App=3.06ms,GD=0.00ms,CPU&GPU=4.57ms,LCnt=1(DR90,LM0),GPU%=0.36,CPU%=0.16(W0.21),CFL=12.34/16.34,ICFLp95=15.55,LD=0,SF=1.00,DpuScale=1.00,LP=0,DVFS=0,Preempt=166,PoseAgeP95=0.00
1789437276.032	90	90	0		545	3.12	4.84	178	37.0	0.39	FPS=90/90,Prd=25ms,Tear=1,Early=6,Stale=0,Stale2/5/10/max=0/0/0/0,VSnc=1,Lat=-4,Fov=0,CPU4/GPU=2/2,1382/545MHz,OC=3F,TA=0/38/0,SP=N/N/N,Mem=1555MHz,Free=3541MB,PLS=0,Temp=37.0C/0.0C,TW=1.37ms,App=3.12ms,GD=0.00ms,CPU&GPU=4.84ms,LCnt=1(DR90,LM0),GPU%=0.39,CPU%=0.15(W0.19),CFL=12.45/16.62,ICFLp95=15.66,LD=0,SF=1.00,DpuScale=1.00,LP=0,DVFS=0,Preempt=178,PoseAgeP95=0.00
1789437277.003	91	90	0		545	4.37	6.20	184	37.0	0.45	FPS=91/90,Prd=24ms,Tear=0,Early=0,Stale=0,Stale2/5/10/max=0/0/0/0,VSnc=1,Lat=-4,Fov=0,CPU4/GPU=2/2,1382/545MHz,OC=3F,TA=0/38/0,SP=N/N/N,Mem=1555MHz,Free=3541MB,PLS=0,Temp=37.0C/0.0C,TW=1.45ms,App=4.37ms,GD=0.00ms,CPU&GPU=6.20ms,LCnt=1(DR91,LM0),GPU%=0.45,CPU%=0.21(W0.25),CFL=12.53/17.00,ICFLp95=16.07,LD=0,SF=1.00,DpuScale=1.00,LP=0,DVFS=0,Preempt=184,PoseAgeP95=0.00
1789437278.003	83	90	8		545	2.86	4.10	168	37.0	0.41	FPS=83/90,Prd=27ms,Tear=0,Early=26,Stale=8,Stale2/5/10/max=0/1/0/8,VSnc=1,Lat=-4,Fov=0,CPU4/GPU=2/2,1382/545MHz,OC=3F,TA=0/38/0,SP=N/N/N,Mem=1555MHz,Free=3541MB,PLS=0,Temp=37.0C/0.0C,TW=1.40ms,App=2.86ms,GD=0.00ms,CPU&GPU=4.10ms,LCnt=1(DR91,LM0),GPU%=0.41,CPU%=0.22(W0.25),CFL=12.75/16.85,ICFLp95=16.03,LD=0,SF=1.00,DpuScale=1.00,LP=0,DVFS=0,Preempt=168,PoseAgeP95=0.00
1789437279.003	91	90	0		545	3.01	4.43	180	37.0	0.41	FPS=91/90,Prd=23ms,Tear=0,Early=0,Stale=0,Stale2/5/10/max=0/0/0/0,VSnc=1,Lat=-4,Fov=0,CPU4/GPU=2/2,1382/545MHz,OC=3F,TA=0/38/0,SP=N/N/N,Mem=1555MHz,Free=3541MB,PLS=0,Temp=37.0C/0.0C,TW=1.38ms,App=3.01ms,GD=0.00ms,CPU&GPU=4.43ms,LCnt=1(DR90,LM0),GPU%=0.41,CPU%=0.16(W0.19),CFL=12.64/16.63,ICFLp95=15.82,LD=0,SF=1.00,DpuScale=1.00,LP=0,DVFS=0,Preempt=180,PoseAgeP95=0.00
1789437280.003	90	90	9		545	2.90	4.37	168	37.0	0.39	FPS=90/90,Prd=23ms,Tear=0,Early=4,Stale=9,Stale2/5/10/max=0/1/0/9,VSnc=1,Lat=-4,Fov=0,CPU4/GPU=2/2,1382/545MHz,OC=3F,TA=0/38/0,SP=N/N/N,Mem=1555MHz,Free=3541MB,PLS=0,Temp=37.0C/0.0C,TW=1.35ms,App=2.90ms,GD=0.00ms,CPU&GPU=4.37ms,LCnt=1(DR90,LM0),GPU%=0.39,CPU%=0.20(W0.26),CFL=12.56/16.68,ICFLp95=15.75,LD=0,SF=1.00,DpuScale=1.00,LP=0,DVFS=0,Preempt=168,PoseAgeP95=0.00
1789437281.003	83	90	0		456	2.90	4.60	180	37.0	0.41	FPS=83/90,Prd=26ms,Tear=0,Early=13,Stale=0,Stale2/5/10/max=0/0/0/0,VSnc=1,Lat=-4,Fov=0,CPU4/GPU=2/2,1382/456MHz,OC=3F,TA=0/38/0,SP=N/N/N,Mem=1555MHz,Free=3541MB,PLS=0,Temp=37.0C/0.0C,TW=1.41ms,App=2.90ms,GD=0.00ms,CPU&GPU=4.60ms,LCnt=1(DR91,LM0),GPU%=0.41,CPU%=0.18(W0.20),CFL=12.54/16.79,ICFLp95=15.74,LD=0,SF=1.00,DpuScale=1.00,LP=0,DVFS=0,Preempt=180,PoseAgeP95=0.00
1789437282.004	90	90	0		456	3.11	5.11	182	37.0	0.42	FPS=90/90,Prd=23ms,Tear=0,Early=0,Stale=0,Stale2/5/10/max=0/0/0/0,VSnc=1,Lat=-4,Fov=0,CPU4/GPU=2/2,1382/456MHz,OC=3F,TA=0/38/0,SP=N/N/N,Mem=1555MHz,Free=3541MB,PLS=0,Temp=37.0C/0.0C,TW=1.39ms,App=3.11ms,GD=0.00ms,CPU&GPU=5.11ms,LCnt=1(DR91,LM0),GPU%=0.42,CPU%=0.18(W0.22),CFL=12.43/16.61,ICFLp95=15.72,LD=0,SF=1.00,DpuScale=1.00,LP=0,DVFS=0,Preempt=182,PoseAgeP95=0.00
1789437283.004	83	90	9		456	2.92	4.43	168	38.0	0.39	FPS=83/90,Prd=25ms,Tear=0,Early=20,Stale=9,Stale2/5/10/max=0/1/0/9,VSnc=1,Lat=-4,Fov=0,CPU4/GPU=2/2,1382/456MHz,OC=3F,TA=0/38/0,SP=N/N/N,Mem=1555MHz,Free=3541MB,PLS=0,Temp=38.0C/0.0C,TW=1.12ms,App=2.92ms,GD=0.00ms,CPU&GPU=4.43ms,LCnt=1(DR91,LM0),GPU%=0.39,CPU%=0.22(W0.28),CFL=12.56/16.57,ICFLp95=15.73,LD=0,SF=1.00,DpuScale=1.00,LP=0,DVFS=0,Preempt=168,PoseAgeP95=0.00
1789437284.004	90	90	0		456	3.07	4.40	180	38.0	0.41	FPS=90/90,Prd=24ms,Tear=0,Early=0,Stale=0,Stale2/5/10/max=0/0/0/0,VSnc=1,Lat=-4,Fov=0,CPU4/GPU=2/2,1382/456MHz,OC=3F,TA=0/38/0,SP=N/N/N,Mem=1555MHz,Free=3541MB,PLS=0,Temp=38.0C/0.0C,TW=1.38ms,App=3.07ms,GD=0.00ms,CPU&GPU=4.40ms,LCnt=1(DR90,LM0),GPU%=0.41,CPU%=0.16(W0.18),CFL=12.45/16.63,ICFLp95=15.68,LD=0,SF=1.00,DpuScale=1.00,LP=0,DVFS=0,Preempt=180,PoseAgeP95=0.00
1789437285.004	91	90	1		456	3.83	4.58	178	38.0	0.39	FPS=91/90,Prd=23ms,Tear=0,Early=0,Stale=1,Stale2/5/10/max=0/0/0/0,VSnc=1,Lat=-4,Fov=0,CPU4/GPU=2/2,1382/456MHz,OC=3F,TA=0/38/0,SP=N/N/N,Mem=1555MHz,Free=3541MB,PLS=0,Temp=38.0C/0.0C,TW=1.30ms,App=3.83ms,GD=0.00ms,CPU&GPU=4.58ms,LCnt=1(DR90,LM0),GPU%=0.39,CPU%=0.14(W0.15),CFL=12.48/16.55,ICFLp95=15.69,LD=0,SF=1.00,DpuScale=1.00,LP=0,DVFS=0,Preempt=178,PoseAgeP95=0.00
1789437286.004	82	90	8		456	2.95	4.25	170	38.0	0.40	FPS=82/90,Prd=26ms,Tear=0,Early=23,Stale=8,Stale2/5/10/max=0/1/0/9,VSnc=1,Lat=-4,Fov=0,CPU4/GPU=2/2,1382/456MHz,OC=3F,TA=0/38/0,SP=N/N/N,Mem=1555MHz,Free=3541MB,PLS=0,Temp=38.0C/0.0C,TW=1.36ms,App=2.95ms,GD=0.00ms,CPU&GPU=4.25ms,LCnt=1(DR91,LM0),GPU%=0.40,CPU%=0.19(W0.22),CFL=12.45/16.39,ICFLp95=15.64,LD=0,SF=1.00,DpuScale=1.00,LP=0,DVFS=0,Preempt=170,PoseAgeP95=0.00
1789437287.004	90	90	0		456	3.05	4.53	182	38.0	0.41	FPS=90/90,Prd=23ms,Tear=0,Early=0,Stale=0,Stale2/5/10/max=0/0/0/0,VSnc=1,Lat=-4,Fov=0,CPU4/GPU=2/2,1382/456MHz,OC=3F,TA=0/38/0,SP=N/N/N,Mem=1555MHz,Free=3541MB,PLS=0,Temp=38.0C/0.0C,TW=1.39ms,App=3.05ms,GD=0.00ms,CPU&GPU=4.53ms,LCnt=1(DR91,LM0),GPU%=0.41,CPU%=0.19(W0.20),CFL=12.50/16.46,ICFLp95=15.65,LD=0,SF=1.00,DpuScale=1.00,LP=0,DVFS=0,Preempt=182,PoseAgeP95=0.00
1789437288.004	82	90	10		456	3.35	5.06	166	38.0	0.40	FPS=82/90,Prd=23ms,Tear=0,Early=22,Stale=10,Stale2/5/10/max=0/0/1/10,VSnc=1,Lat=-4,Fov=0,CPU4/GPU=2/2,1382/456MHz,OC=3F,TA=0/38/0,SP=N/N/N,Mem=1555MHz,Free=3541MB,PLS=0,Temp=38.0C/0.0C,TW=1.20ms,App=3.35ms,GD=0.00ms,CPU&GPU=5.06ms,LCnt=1(DR91,LM0),GPU%=0.40,CPU%=0.20(W0.21),CFL=12.57/16.72,ICFLp95=15.71,LD=0,SF=1.00,DpuScale=1.00,LP=0,DVFS=0,Preempt=166,PoseAgeP95=0.00
1789437289.004	90	90	0		456	3.25	5.51	178	38.0	0.43	FPS=90/90,Prd=26ms,Tear=0,Early=1,Stale=0,Stale2/5/10/max=0/0/0/0,VSnc=1,Lat=-4,Fov=0,CPU4/GPU=2/2,1382/456MHz,OC=3F,TA=0/38/0,SP=N/N/N,Mem=1555MHz,Free=3541MB,PLS=0,Temp=38.0C/0.0C,TW=1.39ms,App=3.25ms,GD=0.00ms,CPU&GPU=5.51ms,LCnt=1(DR90,LM0),GPU%=0.43,CPU%=0.19(W0.21),CFL=12.50/16.32,ICFLp95=15.63,LD=0,SF=1.00,DpuScale=1.00,LP=0,DVFS=0,Preempt=178,PoseAgeP95=0.00
1789437290.004	90	90	0		456	3.37	5.71	182	38.0	0.43	FPS=90/90,Prd=23ms,Tear=0,Early=0,Stale=0,Stale2/5/10/max=0/0/0/0,VSnc=1,Lat=-4,Fov=0,CPU4/GPU=2/2,1382/456MHz,OC=3F,TA=0/38/0,SP=N/N/N,Mem=1555MHz,Free=3541MB,PLS=0,Temp=38.0C/0.0C,TW=1.39ms,App=3.37ms,GD=0.00ms,CPU&GPU=5.71ms,LCnt=1(DR91,LM0),GPU%=0.43,CPU%=0.21(W0.25),CFL=12.39/16.32,ICFLp95=15.58,LD=0,SF=1.00,DpuScale=1.00,LP=0,DVFS=0,Preempt=182,PoseAgeP95=0.00
1789437291.004	82	90	10		456	3.16	5.68	168	38.0	0.43	FPS=82/90,Prd=27ms,Tear=1,Early=17,Stale=10,Stale2/5/10/max=0/0/1/10,VSnc=1,Lat=-4,Fov=0,CPU4/GPU=2/2,1382/456MHz,OC=3F,TA=0/38/0,SP=N/N/N,Mem=1708MHz,Free=3541MB,PLS=0,Temp=38.0C/0.0C,TW=1.40ms,App=3.16ms,GD=0.00ms,CPU&GPU=5.68ms,LCnt=1(DR90,LM0),GPU%=0.43,CPU%=0.22(W0.29),CFL=12.57/16.50,ICFLp95=15.76,LD=0,SF=1.00,DpuScale=1.00,LP=0,DVFS=0,Preempt=168,PoseAgeP95=0.00
1789437292.004	90	90	0		456	3.34	5.79	180	38.0	0.44	FPS=90/90,Prd=24ms,Tear=0,Early=0,Stale=0,Stale2/5/10/max=0/0/0/0,VSnc=1,Lat=-4,Fov=0,CPU4/GPU=2/2,1382/456MHz,OC=3F,TA=0/38/0,SP=N/N/N,Mem=1708MHz,Free=3541MB,PLS=0,Temp=38.0C/0.0C,TW=1.38ms,App=3.34ms,GD=0.00ms,CPU&GPU=5.79ms,LCnt=1(DR90,LM0),GPU%=0.44,CPU%=0.19(W0.21),CFL=12.62/16.45,ICFLp95=15.74,LD=0,SF=1.00,DpuScale=1.00,LP=0,DVFS=0,Preempt=180,PoseAgeP95=0.00
1789437293.004	90	90	11		456	5.64	6.02	184	38.0	0.48	FPS=90/90,Prd=23ms,Tear=1,Early=8,Stale=11,Stale2/5/10/max=0/0/1/11,VSnc=1,Lat=-4,Fov=0,CPU4/GPU=2/2,1382/456MHz,OC=3F,TA=0/38/0,SP=N/N/N,Mem=1708MHz,Free=3541MB,PLS=0,Temp=38.0C/0.0C,TW=1.11ms,App=5.64ms,GD=0.00ms,CPU&GPU=6.02ms,LCnt=1(DR91,LM0),GPU%=0.48,CPU%=0.21(W0.24),CFL=12.57/16.87,ICFLp95=15.79,LD=0,SF=1.00,DpuScale=1.00,LP=0,DVFS=0,Preempt=184,PoseAgeP95=0.00
1789437294.004	84	90	0		456	6.08	10.92	325	38.0	0.62	FPS=84/90,Prd=31ms,Tear=0,Early=12,Stale=0,Stale2/5/10/max=0/0/0/0,VSnc=1,Lat=-4,Fov=0,CPU4/GPU=2/2,1382/456MHz,OC=3F,TA=0/38/0,SP=N/N/N,Mem=1708MHz,Free=3541MB,PLS=0,Temp=38.0C/0.0C,TW=1.11ms,App=6.08ms,GD=0.00ms,CPU&GPU=10.92ms,LCnt=1(DR91,LM0),GPU%=0.62,CPU%=0.23(W0.30),CFL=12.91/16.85,ICFLp95=16.05,LD=0,SF=1.00,DpuScale=1.00,LP=0,DVFS=0,Preempt=325,PoseAgeP95=0.00
1789437295.004	91	90	0		456	6.06	11.22	360	38.0	0.66	FPS=91/90,Prd=29ms,Tear=0,Early=0,Stale=0,Stale2/5/10/max=0/0/0/0,VSnc=1,Lat=-4,Fov=0,CPU4/GPU=2/2,1382/456MHz,OC=3F,TA=0/38/0,SP=N/N/N,Mem=1708MHz,Free=3541MB,PLS=0,Temp=38.0C/0.0C,TW=1.12ms,App=6.06ms,GD=0.00ms,CPU&GPU=11.22ms,LCnt=1(DR90,LM0),GPU%=0.66,CPU%=0.20(W0.22),CFL=12.88/16.61,ICFLp95=15.83,LD=0,SF=1.00,DpuScale=1.00,LP=0,DVFS=0,Preempt=360,PoseAgeP95=0.00
1789437296.028	91	90	0		456	6.01	10.69	358	38.0	0.67	FPS=91/90,Prd=29ms,Tear=0,Early=0,Stale=0,Stale2/5/10/max=0/0/0/0,VSnc=1,Lat=-4,Fov=0,CPU4/GPU=2/2,1382/456MHz,OC=3F,TA=0/38/0,SP=N/N/N,Mem=1708MHz,Free=3671MB,PLS=0,Temp=38.0C/0.0C,TW=1.13ms,App=6.01ms,GD=0.00ms,CPU&GPU=10.69ms,LCnt=1(DR90,LM0),GPU%=0.67,CPU%=0.24(W0.40),CFL=12.74/16.49,ICFLp95=15.60,LD=0,SF=1.00,DpuScale=1.00,LP=0,DVFS=0,Preempt=358,PoseAgeP95=0.00
1789437297.005	90	90	0		456	6.09	10.51	360	38.0	0.68	FPS=90/90,Prd=29ms,Tear=0,Early=0,Stale=0,Stale2/5/10/max=0/0/0/0,VSnc=1,Lat=-4,Fov=0,CPU4/GPU=2/2,1382/456MHz,OC=3F,TA=0/38/0,SP=N/N/N,Mem=1708MHz,Free=3671MB,PLS=0,Temp=38.0C/0.0C,TW=1.10ms,App=6.09ms,GD=0.00ms,CPU&GPU=10.51ms,LCnt=1(DR90,LM0),GPU%=0.68,CPU%=0.22(W0.31),CFL=12.60/16.25,ICFLp95=15.48,LD=0,SF=1.00,DpuScale=1.00,LP=0,DVFS=0,Preempt=360,PoseAgeP95=0.00
1789437298.005	91	90	0		456	6.36	12.40	364	38.0	0.71	FPS=91/90,Prd=29ms,Tear=1,Early=0,Stale=0,Stale2/5/10/max=0/0/0/0,VSnc=1,Lat=-4,Fov=0,CPU4/GPU=2/2,1382/456MHz,OC=3F,TA=0/38/0,SP=N/N/N,Mem=1708MHz,Free=3671MB,PLS=0,Temp=38.0C/0.0C,TW=1.19ms,App=6.36ms,GD=0.00ms,CPU&GPU=12.40ms,LCnt=1(DR91,LM0),GPU%=0.71,CPU%=0.24(W0.35),CFL=12.58/16.16,ICFLp95=15.57,LD=0,SF=1.00,DpuScale=1.00,LP=0,DVFS=0,Preempt=364,PoseAgeP95=0.00
1789437299.005	90	90	0		456	6.24	11.18	358	38.0	0.71	FPS=90/90,Prd=30ms,Tear=0,Early=0,Stale=0,Stale2/5/10/max=0/0/0/0,VSnc=1,Lat=-4,Fov=0,CPU4/GPU=2/2,1382/456MHz,OC=3F,TA=0/38/0,SP=N/N/N,Mem=1708MHz,Free=3671MB,PLS=0,Temp=38.0C/0.0C,TW=1.11ms,App=6.24ms,GD=0.00ms,CPU&GPU=11.18ms,LCnt=1(DR90,LM0),GPU%=0.71,CPU%=0.26(W0.32),CFL=13.16/16.72,ICFLp95=15.80,LD=0,SF=1.00,DpuScale=1.00,LP=0,DVFS=0,Preempt=358,PoseAgeP95=0.00
1789437300.005	91	90	0		456	6.15	10.96	360	38.0	0.70	FPS=91/90,Prd=29ms,Tear=0,Early=0,Stale=0,Stale2/5/10/max=0/0/0/0,VSnc=1,Lat=-4,Fov=0,CPU4/GPU=2/2,1382/456MHz,OC=3F,TA=0/38/0,SP=N/N/N,Mem=1708MHz,Free=3671MB,PLS=0,Temp=38.0C/0.0C,TW=1.14ms,App=6.15ms,GD=0.00ms,CPU&GPU=10.96ms,LCnt=1(DR90,LM0),GPU%=0.70,CPU%=0.24(W0.28),CFL=12.83/16.48,ICFLp95=15.71,LD=0,SF=1.00,DpuScale=1.00,LP=0,DVFS=0,Preempt=360,PoseAgeP95=0.00
1789437301.005	90	90	0		456	6.21	11.44	364	38.0	0.70	FPS=90/90,Prd=29ms,Tear=1,Early=0,Stale=0,Stale2/5/10/max=0/0/0/0,VSnc=1,Lat=-4,Fov=0,CPU4/GPU=2/2,1920/456MHz,OC=3F,TA=0/38/0,SP=N/N/N,Mem=2092MHz,Free=3671MB,PLS=0,Temp=38.0C/0.0C,TW=1.12ms,App=6.21ms,GD=0.00ms,CPU&GPU=11.44ms,LCnt=1(DR91,LM0),GPU%=0.70,CPU%=0.22(W0.28),CFL=12.72/16.52,ICFLp95=15.67,LD=0,SF=1.00,DpuScale=1.00,LP=0,DVFS=0,Preempt=364,PoseAgeP95=0.00
1789437302.005	90	90	0		456	6.20	11.22	360	38.0	0.70	FPS=90/90,Prd=29ms,Tear=0,Early=0,Stale=0,Stale2/5/10/max=0/0/0/0,VSnc=1,Lat=-4,Fov=0,CPU4/GPU=2/2,1920/456MHz,OC=3F,TA=0/38/0,SP=N/N/N,Mem=2092MHz,Free=3671MB,PLS=0,Temp=38.0C/0.0C,TW=1.14ms,App=6.20ms,GD=0.00ms,CPU&GPU=11.22ms,LCnt=1(DR90,LM0),GPU%=0.70,CPU%=0.24(W0.29),CFL=12.87/16.54,ICFLp95=15.66,LD=0,SF=1.00,DpuScale=1.00,LP=0,DVFS=0,Preempt=360,PoseAgeP95=0.00
1789437303.005	90	90	0		456	6.14	11.73	364	38.0	0.70	FPS=90/90,Prd=29ms,Tear=0,Early=0,Stale=0,Stale2/5/10/max=0/0/0/0,VSnc=1,Lat=-4,Fov=0,CPU4/GPU=2/2,1920/456MHz,OC=3F,TA=0/38/0,SP=N/N/N,Mem=2092MHz,Free=3671MB,PLS=0,Temp=38.0C/0.0C,TW=1.11ms,App=6.14ms,GD=0.00ms,CPU&GPU=11.73ms,LCnt=1(DR91,LM0),GPU%=0.70,CPU%=0.24(W0.32),CFL=12.78/16.22,ICFLp95=15.50,LD=0,SF=1.00,DpuScale=1.00,LP=0,DVFS=0,Preempt=364,PoseAgeP95=0.00
1789437304.005	90	90	0		456	6.14	11.05	360	38.0	0.70	FPS=90/90,Prd=29ms,Tear=0,Early=0,Stale=0,Stale2/5/10/max=0/0/0/0,VSnc=1,Lat=-4,Fov=0,CPU4/GPU=2/2,1920/456MHz,OC=3F,TA=0/38/0,SP=N/N/N,Mem=2092MHz,Free=3671MB,PLS=0,Temp=38.0C/0.0C,TW=1.11ms,App=6.14ms,GD=0.00ms,CPU&GPU=11.05ms,LCnt=1(DR90,LM0),GPU%=0.70,CPU%=0.22(W0.26),CFL=12.62/16.19,ICFLp95=15.46,LD=0,SF=1.00,DpuScale=1.00,LP=0,DVFS=0,Preempt=360,PoseAgeP95=0.00
1789437305.005	90	90	0		456	5.98	10.57	358	38.0	0.69	FPS=90/90,Prd=29ms,Tear=0,Early=0,Stale=0,Stale2/5/10/max=0/0/0/0,VSnc=1,Lat=-4,Fov=0,CPU4/GPU=2/2,1920/456MHz,OC=3F,TA=0/38/0,SP=N/N/N,Mem=2092MHz,Free=3671MB,PLS=0,Temp=38.0C/0.0C,TW=1.13ms,App=5.98ms,GD=0.00ms,CPU&GPU=10.57ms,LCnt=1(DR90,LM0),GPU%=0.69,CPU%=0.21(W0.26),CFL=12.61/16.16,ICFLp95=15.40,LD=0,SF=1.00,DpuScale=1.00,LP=0,DVFS=0,Preempt=358,PoseAgeP95=0.00
1789437306.005	91	90	0		456	6.27	11.88	364	38.0	0.70	FPS=91/90,Prd=29ms,Tear=0,Early=0,Stale=0,Stale2/5/10/max=0/0/0/0,VSnc=1,Lat=-4,Fov=0,CPU4/GPU=2/2,1920/456MHz,OC=3F,TA=0/38/0,SP=N/N/N,Mem=2092MHz,Free=3671MB,PLS=0,Temp=38.0C/0.0C,TW=1.13ms,App=6.27ms,GD=0.00ms,CPU&GPU=11.88ms,LCnt=1(DR91,LM0),GPU%=0.70,CPU%=0.24(W0.30),CFL=12.56/16.22,ICFLp95=15.52,LD=0,SF=1.00,DpuScale=1.00,LP=0,DVFS=0,Preempt=364,PoseAgeP95=0.00
1789437307.005	90	90	0		456	6.00	11.19	358	38.0	0.70	FPS=90/90,Prd=29ms,Tear=0,Early=0,Stale=0,Stale2/5/10/max=0/0/0/0,VSnc=1,Lat=-4,Fov=0,CPU4/GPU=2/2,1920/456MHz,OC=3F,TA=0/38/0,SP=N/N/N,Mem=2092MHz,Free=3671MB,PLS=0,Temp=38.0C/0.0C,TW=1.11ms,App=6.00ms,GD=0.00ms,CPU&GPU=11.19ms,LCnt=1(DR90,LM0),GPU%=0.70,CPU%=0.21(W0.27),CFL=12.86/16.59,ICFLp95=15.60,LD=0,SF=1.00,DpuScale=1.00,LP=0,DVFS=0,Preempt=358,PoseAgeP95=0.00
1789437308.005	90	90	0		456	6.10	10.70	358	38.0	0.69	FPS=90/90,Prd=29ms,Tear=0,Early=0,Stale=0,Stale2/5/10/max=0/0/0/0,VSnc=1,Lat=-4,Fov=0,CPU4/GPU=2/2,1920/456MHz,OC=3F,TA=0/38/0,SP=N/N/N,Mem=2092MHz,Free=3671MB,PLS=0,Temp=38.0C/0.0C,TW=1.12ms,App=6.10ms,GD=0.00ms,CPU&GPU=10.70ms,LCnt=1(DR90,LM0),GPU%=0.69,CPU%=0.23(W0.30),CFL=12.62/16.37,ICFLp95=15.54,LD=0,SF=1.00,DpuScale=1.00,LP=0,DVFS=0,Preempt=358,PoseAgeP95=0.00
1789437309.005	91	90	0		456	6.18	11.77	362	38.0	0.70	FPS=91/90,Prd=29ms,Tear=1,Early=0,Stale=0,Stale2/5/10/max=0/0/0/0,VSnc=1,Lat=-4,Fov=0,CPU4/GPU=2/2,1920/456MHz,OC=3F,TA=0/38/0,SP=N/N/N,Mem=2092MHz,Free=3671MB,PLS=0,Temp=38.0C/0.0C,TW=1.10ms,App=6.18ms,GD=0.00ms,CPU&GPU=11.77ms,LCnt=1(DR91,LM0),GPU%=0.70,CPU%=0.25(W0.29),CFL=12.67/16.34,ICFLp95=15.57,LD=0,SF=1.00,DpuScale=1.00,LP=0,DVFS=0,Preempt=362,PoseAgeP95=0.00
1789437310.006	90	90	0		456	6.19	11.87	360	38.0	0.70	FPS=90/90,Prd=29ms,Tear=0,Early=0,Stale=0,Stale2/5/10/max=0/0/0/0,VSnc=1,Lat=-4,Fov=0,CPU4/GPU=2/2,1920/456MHz,OC=3F,TA=0/38/0,SP=N/N/N,Mem=2092MHz,Free=3671MB,PLS=0,Temp=38.0C/0.0C,TW=1.12ms,App=6.19ms,GD=0.00ms,CPU&GPU=11.87ms,LCnt=1(DR90,LM0),GPU%=0.70,CPU%=0.24(W0.30),CFL=12.79/16.14,ICFLp95=15.47,LD=0,SF=1.00,DpuScale=1.00,LP=0,DVFS=0,Preempt=360,PoseAgeP95=0.00
1789437311.006	90	90	0		456	6.20	10.87	358	38.0	0.70	FPS=90/90,Prd=29ms,Tear=0,Early=0,Stale=0,Stale2/5/10/max=0/0/0/0,VSnc=1,Lat=-4,Fov=0,CPU4/GPU=2/2,1651/456MHz,OC=3F,TA=0/38/0,SP=N/N/N,Mem=2092MHz,Free=3671MB,PLS=0,Temp=38.0C/0.0C,TW=1.12ms,App=6.20ms,GD=0.00ms,CPU&GPU=10.87ms,LCnt=1(DR90,LM0),GPU%=0.70,CPU%=0.24(W0.30),CFL=12.68/16.30,ICFLp95=15.50,LD=0,SF=1.00,DpuScale=1.00,LP=0,DVFS=0,Preempt=358,PoseAgeP95=0.00
1789437312.006	91	90	0		456	6.01	10.45	358	38.0	0.69	FPS=91/90,Prd=29ms,Tear=0,Early=0,Stale=0,Stale2/5/10/max=0/0/0/0,VSnc=1,Lat=-4,Fov=0,CPU4/GPU=2/2,1651/456MHz,OC=3F,TA=0/38/0,SP=N/N/N,Mem=2092MHz,Free=3671MB,PLS=0,Temp=38.0C/0.0C,TW=1.11ms,App=6.01ms,GD=0.00ms,CPU&GPU=10.45ms,LCnt=1(DR90,LM0),GPU%=0.69,CPU%=0.23(W0.28),CFL=12.70/16.50,ICFLp95=15.52,LD=0,SF=1.00,DpuScale=1.00,LP=0,DVFS=0,Preempt=358,PoseAgeP95=0.00
1789437313.006	90	90	0		456	6.19	10.85	360	38.0	0.69	FPS=90/90,Prd=29ms,Tear=0,Early=0,Stale=0,Stale2/5/10/max=0/0/0/0,VSnc=1,Lat=-4,Fov=0,CPU4/GPU=2/2,1651/456MHz,OC=3F,TA=0/38/0,SP=N/N/N,Mem=2092MHz,Free=3671MB,PLS=0,Temp=38.0C/0.0C,TW=1.16ms,App=6.19ms,GD=0.00ms,CPU&GPU=10.85ms,LCnt=1(DR90,LM0),GPU%=0.69,CPU%=0.22(W0.31),CFL=12.58/16.36,ICFLp95=15.49,LD=0,SF=1.00,DpuScale=1.00,LP=0,DVFS=0,Preempt=360,PoseAgeP95=0.00
1789437314.006	90	90	0		456	6.23	10.38	358	38.0	0.69	FPS=90/90,Prd=29ms,Tear=0,Early=0,Stale=0,Stale2/5/10/max=0/0/0/0,VSnc=1,Lat=-4,Fov=0,CPU4/GPU=2/2,1651/456MHz,OC=3F,TA=0/38/0,SP=N/N/N,Mem=2092MHz,Free=3671MB,PLS=0,Temp=38.0C/0.0C,TW=1.13ms,App=6.23ms,GD=0.00ms,CPU&GPU=10.38ms,LCnt=1(DR90,LM0),GPU%=0.69,CPU%=0.23(W0.31),CFL=12.54/16.40,ICFLp95=15.55,LD=0,SF=1.00,DpuScale=1.00,LP=0,DVFS=0,Preempt=358,PoseAgeP95=0.00
1789437315.006	91	90	0		456	6.25	10.88	364	38.0	0.70	FPS=91/90,Prd=29ms,Tear=0,Early=0,Stale=0,Stale2/5/10/max=0/0/0/0,VSnc=1,Lat=-4,Fov=0,CPU4/GPU=2/2,1651/456MHz,OC=3F,TA=0/38/0,SP=N/N/N,Mem=2092MHz,Free=3671MB,PLS=0,Temp=38.0C/0.0C,TW=1.11ms,App=6.25ms,GD=0.00ms,CPU&GPU=10.88ms,LCnt=1(DR91,LM0),GPU%=0.70,CPU%=0.24(W0.30),CFL=12.43/16.39,ICFLp95=15.49,LD=0,SF=1.00,DpuScale=1.00,LP=0,DVFS=0,Preempt=364,PoseAgeP95=0.00
1789437316.030	91	90	0		456	6.05	10.89	358	38.0	0.69	FPS=91/90,Prd=29ms,Tear=0,Early=0,Stale=0,Stale2/5/10/max=0/0/0/0,VSnc=1,Lat=-4,Fov=0,CPU4/GPU=2/2,1651/456MHz,OC=3F,TA=0/38/0,SP=N/N/N,Mem=2092MHz,Free=3671MB,PLS=0,Temp=38.0C/0.0C,TW=1.11ms,App=6.05ms,GD=0.00ms,CPU&GPU=10.89ms,LCnt=1(DR90,LM0),GPU%=0.69,CPU%=0.23(W0.30),CFL=12.51/16.18,ICFLp95=15.45,LD=0,SF=1.00,DpuScale=1.00,LP=0,DVFS=0,Preempt=358,PoseAgeP95=0.00
1789437317.006	91	90	0		456	6.17	11.66	360	38.0	0.70	FPS=91/90,Prd=29ms,Tear=0,Early=0,Stale=0,Stale2/5/10/max=0/0/0/0,VSnc=1,Lat=-4,Fov=0,CPU4/GPU=2/2,1651/456MHz,OC=3F,TA=0/38/0,SP=N/N/N,Mem=2092MHz,Free=3671MB,PLS=0,Temp=38.0C/0.0C,TW=1.13ms,App=6.17ms,GD=0.00ms,CPU&GPU=11.66ms,LCnt=1(DR90,LM0),GPU%=0.70,CPU%=0.23(W0.40),CFL=12.55/16.06,ICFLp95=15.35,LD=0,SF=1.00,DpuScale=1.00,LP=0,DVFS=0,Preempt=360,PoseAgeP95=0.00
1789437318.006	91	90	0		456	6.05	10.70	358	38.0	0.69	FPS=91/90,Prd=29ms,Tear=0,Early=0,Stale=0,Stale2/5/10/max=0/0/0/0,VSnc=1,Lat=-4,Fov=0,CPU4/GPU=2/2,1651/456MHz,OC=3F,TA=0/38/0,SP=N/N/N,Mem=2092MHz,Free=3671MB,PLS=0,Temp=38.0C/0.0C,TW=1.11ms,App=6.05ms,GD=0.00ms,CPU&GPU=10.70ms,LCnt=1(DR90,LM0),GPU%=0.69,CPU%=0.23(W0.29),CFL=12.62/16.15,ICFLp95=15.36,LD=0,SF=1.00,DpuScale=1.00,LP=0,DVFS=0,Preempt=358,PoseAgeP95=0.00
1789437319.006	90	90	0		456	6.32	11.74	364	38.0	0.70	FPS=90/90,Prd=29ms,Tear=1,Early=0,Stale=0,Stale2/5/10/max=0/0/0/0,VSnc=1,Lat=-4,Fov=0,CPU4/GPU=2/2,1651/456MHz,OC=3F,TA=0/38/0,SP=N/N/N,Mem=2092MHz,Free=3671MB,PLS=0,Temp=38.0C/0.0C,TW=1.18ms,App=6.32ms,GD=0.00ms,CPU&GPU=11.74ms,LCnt=1(DR91,LM0),GPU%=0.70,CPU%=0.24(W0.35),CFL=12.53/16.41,ICFLp95=15.52,LD=0,SF=1.00,DpuScale=1.00,LP=0,DVFS=0,Preempt=364,PoseAgeP95=0.00
1789437320.006	91	90	0		456	5.99	12.33	358	38.0	0.70	FPS=91/90,Prd=30ms,Tear=0,Early=0,Stale=0,Stale2/5/10/max=0/0/0/0,VSnc=1,Lat=-4,Fov=0,CPU4/GPU=2/2,1651/456MHz,OC=3F,TA=0/38/0,SP=N/N/N,Mem=2092MHz,Free=3671MB,PLS=0,Temp=38.0C/0.0C,TW=1.07ms,App=5.99ms,GD=0.00ms,CPU&GPU=12.33ms,LCnt=1(DR90,LM0),GPU%=0.70,CPU%=0.25(W0.33),CFL=12.97/16.90,ICFLp95=15.69,LD=0,SF=1.00,DpuScale=1.00,LP=0,DVFS=0,Preempt=358,PoseAgeP95=0.00
1789437321.007	90	90	0		456	5.94	10.51	358	38.0	0.68	FPS=90/90,Prd=29ms,Tear=0,Early=0,Stale=0,Stale2/5/10/max=0/0/0/0,VSnc=1,Lat=-4,Fov=0,CPU4/GPU=2/2,1382/456MHz,OC=3F,TA=0/38/0,SP=N/N/N,Mem=1708MHz,Free=3671MB,PLS=0,Temp=38.0C/0.0C,TW=1.12ms,App=5.94ms,GD=0.00ms,CPU&GPU=10.51ms,LCnt=1(DR90,LM0),GPU%=0.68,CPU%=0.25(W0.29),CFL=12.69/16.98,ICFLp95=16.03,LD=0,SF=1.00,DpuScale=1.00,LP=0,DVFS=0,Preempt=358,PoseAgeP95=0.00
1789437322.007	90	90	0		456	6.19	10.43	362	38.0	0.69	FPS=90/90,Prd=29ms,Tear=0,Early=0,Stale=0,Stale2/5/10/max=0/0/0/0,VSnc=1,Lat=-4,Fov=0,CPU4/GPU=2/2,1382/456MHz,OC=3F,TA=0/38/0,SP=N/N/N,Mem=1708MHz,Free=3671MB,PLS=0,Temp=38.0C/0.0C,TW=1.11ms,App=6.19ms,GD=0.00ms,CPU&GPU=10.43ms,LCnt=1(DR91,LM0),GPU%=0.69,CPU%=0.22(W0.26),CFL=12.67/16.59,ICFLp95=15.72,LD=0,SF=1.00,DpuScale=1.00,LP=0,DVFS=0,Preempt=362,PoseAgeP95=0.00
1789437323.007	91	90	0		456	6.27	10.78	358	38.0	0.70	FPS=91/90,Prd=29ms,Tear=0,Early=0,Stale=0,Stale2/5/10/max=0/0/0/0,VSnc=1,Lat=-4,Fov=0,CPU4/GPU=2/2,1382/456MHz,OC=3F,TA=0/38/0,SP=N/N/N,Mem=1708MHz,Free=3671MB,PLS=0,Temp=38.0C/0.0C,TW=1.11ms,App=6.27ms,GD=0.00ms,CPU&GPU=10.78ms,LCnt=1(DR90,LM0),GPU%=0.70,CPU%=0.21(W0.36),CFL=12.96/16.22,ICFLp95=15.48,LD=0,SF=1.00,DpuScale=1.00,LP=0,DVFS=0,Preempt=358,PoseAgeP95=0.00
1789437324.007	91	90	0		456	6.15	11.27	360	38.0	0.70	FPS=91/90,Prd=29ms,Tear=0,Early=0,Stale=0,Stale2/5/10/max=0/0/0/0,VSnc=1,Lat=-4,Fov=0,CPU4/GPU=2/2,1382/456MHz,OC=3F,TA=0/38/0,SP=N/N/N,Mem=1708MHz,Free=3671MB,PLS=0,Temp=38.0C/0.0C,TW=1.11ms,App=6.15ms,GD=0.00ms,CPU&GPU=11.27ms,LCnt=1(DR90,LM0),GPU%=0.70,CPU%=0.24(W0.32),CFL=12.73/16.33,ICFLp95=15.52,LD=0,SF=1.00,DpuScale=1.00,LP=0,DVFS=0,Preempt=360,PoseAgeP95=0.00
1789437325.007	90	90	0		456	6.30	11.44	362	38.0	0.70	FPS=90/90,Prd=29ms,Tear=0,Early=0,Stale=0,Stale2/5/10/max=0/0/0/0,VSnc=1,Lat=-4,Fov=0,CPU4/GPU=2/2,1382/456MHz,OC=3F,TA=0/38/0,SP=N/N/N,Mem=1708MHz,Free=3671MB,PLS=0,Temp=38.0C/0.0C,TW=1.10ms,App=6.30ms,GD=0.00ms,CPU&GPU=11.44ms,LCnt=1(DR91,LM0),GPU%=0.70,CPU%=0.23(W0.29),CFL=12.67/16.13,ICFLp95=15.36,LD=0,SF=1.00,DpuScale=1.00,LP=0,DVFS=0,Preempt=362,PoseAgeP95=0.00
1789437326.007	90	90	0		456	6.06	10.85	358	38.0	0.70	FPS=90/90,Prd=29ms,Tear=0,Early=0,Stale=0,Stale2/5/10/max=0/0/0/0,VSnc=1,Lat=-4,Fov=0,CPU4/GPU=2/2,1382/456MHz,OC=3F,TA=0/38/0,SP=N/N/N,Mem=1708MHz,Free=3671MB,PLS=0,Temp=38.0C/0.0C,TW=1.14ms,App=6.06ms,GD=0.00ms,CPU&GPU=10.85ms,LCnt=1(DR90,LM0),GPU%=0.70,CPU%=0.22(W0.28),CFL=12.72/16.41,ICFLp95=15.49,LD=0,SF=1.00,DpuScale=1.00,LP=0,DVFS=0,Preempt=358,PoseAgeP95=0.00
1789437327.007	91	90	0		456	6.22	10.70	360	38.0	0.70	FPS=91/90,Prd=29ms,Tear=0,Early=0,Stale=0,Stale2/5/10/max=0/0/0/0,VSnc=1,Lat=-4,Fov=0,CPU4/GPU=2/2,1382/456MHz,OC=3F,TA=0/38/0,SP=N/N/N,Mem=1708MHz,Free=3671MB,PLS=0,Temp=38.0C/0.0C,TW=1.14ms,App=6.22ms,GD=0.00ms,CPU&GPU=10.70ms,LCnt=1(DR90,LM0),GPU%=0.70,CPU%=0.23(W0.29),CFL=12.58/16.30,ICFLp95=15.43,LD=0,SF=1.00,DpuScale=1.00,LP=0,DVFS=0,Preempt=360,PoseAgeP95=0.00
1789437328.007	90	90	0		456	6.21	11.02	362	38.0	0.70	FPS=90/90,Prd=29ms,Tear=1,Early=0,Stale=0,Stale2/5/10/max=0/0/0/0,VSnc=1,Lat=-4,Fov=0,CPU4/GPU=2/2,1382/456MHz,OC=3F,TA=0/38/0,SP=N/N/N,Mem=1708MHz,Free=3671MB,PLS=0,Temp=38.0C/0.0C,TW=1.11ms,App=6.21ms,GD=0.00ms,CPU&GPU=11.02ms,LCnt=1(DR91,LM0),GPU%=0.70,CPU%=0.22(W0.30),CFL=12.68/16.26,ICFLp95=15.41,LD=0,SF=1.00,DpuScale=1.00,LP=0,DVFS=0,Preempt=362,PoseAgeP95=0.00
1789437329.007	91	90	0		456	6.26	11.66	360	39.0	0.71	FPS=91/90,Prd=29ms,Tear=0,Early=0,Stale=0,Stale2/5/10/max=0/0/0/0,VSnc=1,Lat=-4,Fov=0,CPU4/GPU=2/2,1382/456MHz,OC=3F,TA=0/38/0,SP=N/N/N,Mem=1708MHz,Free=3671MB,PLS=0,Temp=39.0C/0.0C,TW=1.10ms,App=6.26ms,GD=0.00ms,CPU&GPU=11.66ms,LCnt=1(DR90,LM0),GPU%=0.71,CPU%=0.22(W0.28),CFL=13.03/16.31,ICFLp95=15.53,LD=0,SF=1.00,DpuScale=1.00,LP=0,DVFS=0,Preempt=360,PoseAgeP95=0.00
1789437330.007	91	90	0		456	6.13	11.05	360	39.0	0.70	FPS=91/90,Prd=29ms,Tear=0,Early=0,Stale=0,Stale2/5/10/max=0/0/0/0,VSnc=1,Lat=-4,Fov=0,CPU4/GPU=2/2,1382/456MHz,OC=3F,TA=0/38/0,SP=N/N/N,Mem=1708MHz,Free=3671MB,PLS=0,Temp=39.0C/0.0C,TW=1.11ms,App=6.13ms,GD=0.00ms,CPU&GPU=11.05ms,LCnt=1(DR90,LM0),GPU%=0.70,CPU%=0.22(W0.26),CFL=12.73/16.18,ICFLp95=15.39,LD=0,SF=1.00,DpuScale=1.00,LP=0,DVFS=0,Preempt=360,PoseAgeP95=0.00
1789437331.007	90	90	0		456	6.25	11.39	362	39.0	0.71	FPS=90/90,Prd=29ms,Tear=1,Early=0,Stale=0,Stale2/5/10/max=0/0/0/0,VSnc=1,Lat=-4,Fov=0,CPU4/GPU=2/2,1382/456MHz,OC=3F,TA=0/38/0,SP=N/N/N,Mem=2736MHz,Free=3671MB,PLS=0,Temp=39.0C/0.0C,TW=1.11ms,App=6.25ms,GD=0.00ms,CPU&GPU=11.39ms,LCnt=1(DR91,LM0),GPU%=0.71,CPU%=0.22(W0.29),CFL=12.56/16.25,ICFLp95=15.53,LD=0,SF=1.00,DpuScale=1.00,LP=0,DVFS=0,Preempt=362,PoseAgeP95=0.00
1789437332.007	90	90	0		456	6.26	11.03	358	39.0	0.71	FPS=90/90,Prd=29ms,Tear=0,Early=0,Stale=0,Stale2/5/10/max=0/0/0/0,VSnc=1,Lat=-4,Fov=0,CPU4/GPU=2/2,1382/456MHz,OC=3F,TA=0/38/0,SP=N/N/N,Mem=2736MHz,Free=3671MB,PLS=0,Temp=39.0C/0.0C,TW=1.10ms,App=6.26ms,GD=0.00ms,CPU&GPU=11.03ms,LCnt=1(DR90,LM0),GPU%=0.71,CPU%=0.23(W0.28),CFL=12.76/16.22,ICFLp95=15.47,LD=0,SF=1.00,DpuScale=1.00,LP=0,DVFS=0,Preempt=358,PoseAgeP95=0.00
1789437333.007	91	90	0		456	6.29	11.50	360	39.0	0.71	FPS=91/90,Prd=29ms,Tear=0,Early=0,Stale=0,Stale2/5/10/max=0/0/0/0,VSnc=1,Lat=-4,Fov=0,CPU4/GPU=2/2,1382/456MHz,OC=3F,TA=0/38/0,SP=N/N/N,Mem=2736MHz,Free=3671MB,PLS=0,Temp=39.0C/0.0C,TW=1.12ms,App=6.29ms,GD=0.00ms,CPU&GPU=11.50ms,LCnt=1(DR90,LM0),GPU%=0.71,CPU%=0.21(W0.36),CFL=12.67/16.34,ICFLp95=15.49,LD=0,SF=1.00,DpuScale=1.00,LP=0,DVFS=0,Preempt=360,PoseAgeP95=0.00
1789437334.007	91	90	0		456	6.17	11.20	364	39.0	0.71	FPS=91/90,Prd=29ms,Tear=1,Early=0,Stale=0,Stale2/5/10/max=0/0/0/0,VSnc=1,Lat=-4,Fov=0,CPU4/GPU=2/2,1382/456MHz,OC=3F,TA=0/38/0,SP=N/N/N,Mem=2736MHz,Free=3671MB,PLS=0,Temp=39.0C/0.0C,TW=1.12ms,App=6.17ms,GD=0.00ms,CPU&GPU=11.20ms,LCnt=1(DR91,LM0),GPU%=0.71,CPU%=0.22(W0.27),CFL=12.64/16.26,ICFLp95=15.46,LD=0,SF=1.00,DpuScale=1.00,LP=0,DVFS=0,Preempt=364,PoseAgeP95=0.00
1789437335.008	90	90	0		456	6.24	11.65	362	39.0	0.71	FPS=90/90,Prd=29ms,Tear=1,Early=0,Stale=0,Stale2/5/10/max=0/0/0/0,VSnc=1,Lat=-4,Fov=0,CPU4/GPU=2/2,1382/456MHz,OC=3F,TA=0/38/0,SP=N/N/N,Mem=2736MHz,Free=3671MB,PLS=0,Temp=39.0C/0.0C,TW=1.13ms,App=6.24ms,GD=0.00ms,CPU&GPU=11.65ms,LCnt=1(DR91,LM0),GPU%=0.71,CPU%=0.22(W0.29),CFL=12.72/16.03,ICFLp95=15.30,LD=0,SF=1.00,DpuScale=1.00,LP=0,DVFS=0,Preempt=362,PoseAgeP95=0.00
1789437336.034	91	90	0		456	6.10	11.09	360	39.0	0.71	FPS=91/90,Prd=29ms,Tear=0,Early=0,Stale=0,Stale2/5/10/max=0/0/0/0,VSnc=1,Lat=-4,Fov=0,CPU4/GPU=2/2,1382/456MHz,OC=3F,TA=0/38/0,SP=N/N/N,Mem=2736MHz,Free=3669MB,PLS=0,Temp=39.0C/0.0C,TW=1.10ms,App=6.10ms,GD=0.00ms,CPU&GPU=11.09ms,LCnt=1(DR90,LM0),GPU%=0.71,CPU%=0.23(W0.32),CFL=12.75/16.37,ICFLp95=15.50,LD=0,SF=1.00,DpuScale=1.00,LP=0,DVFS=0,Preempt=360,PoseAgeP95=0.00
1789437337.008	90	90	0		456	6.02	10.73	358	39.0	0.69	FPS=90/90,Prd=29ms,Tear=0,Early=0,Stale=0,Stale2/5/10/max=0/0/0/0,VSnc=1,Lat=-4,Fov=0,CPU4/GPU=2/2,1382/456MHz,OC=3F,TA=0/38/0,SP=N/N/N,Mem=2736MHz,Free=3669MB,PLS=0,Temp=39.0C/0.0C,TW=1.12ms,App=6.02ms,GD=0.00ms,CPU&GPU=10.73ms,LCnt=1(DR90,LM0),GPU%=0.69,CPU%=0.22(W0.28),CFL=12.54/16.29,ICFLp95=15.49,LD=0,SF=1.00,DpuScale=1.00,LP=0,DVFS=0,Preempt=358,PoseAgeP95=0.00
1789437338.008	91	90	0		456	6.23	11.17	358	39.0	0.70	FPS=91/90,Prd=29ms,Tear=0,Early=0,Stale=0,Stale2/5/10/max=0/0/0/0,VSnc=1,Lat=-4,Fov=0,CPU4/GPU=2/2,1382/456MHz,OC=3F,TA=0/38/0,SP=N/N/N,Mem=2736MHz,Free=3669MB,PLS=0,Temp=39.0C/0.0C,TW=1.10ms,App=6.23ms,GD=0.00ms,CPU&GPU=11.17ms,LCnt=1(DR90,LM0),GPU%=0.70,CPU%=0.23(W0.29),CFL=12.51/16.08,ICFLp95=15.35,LD=0,SF=1.00,DpuScale=1.00,LP=0,DVFS=0,Preempt=358,PoseAgeP95=0.00
1789437339.008	90	90	0		456	6.17	11.04	362	39.0	0.70	FPS=90/90,Prd=29ms,Tear=0,Early=0,Stale=0,Stale2/5/10/max=0/0/0/0,VSnc=1,Lat=-4,Fov=0,CPU4/GPU=2/2,1382/456MHz,OC=3F,TA=0/38/0,SP=N/N/N,Mem=2736MHz,Free=3669MB,PLS=0,Temp=39.0C/0.0C,TW=1.11ms,App=6.17ms,GD=0.00ms,CPU&GPU=11.04ms,LCnt=1(DR91,LM0),GPU%=0.70,CPU%=0.24(W0.35),CFL=12.57/16.25,ICFLp95=15.35,LD=0,SF=1.00,DpuScale=1.00,LP=0,DVFS=0,Preempt=362,PoseAgeP95=0.00
1789437340.008	91	90	0		456	6.32	11.68	362	39.0	0.71	FPS=91/90,Prd=29ms,Tear=1,Early=0,Stale=0,Stale2/5/10/max=0/0/0/0,VSnc=1,Lat=-4,Fov=0,CPU4/GPU=2/2,1382/456MHz,OC=3F,TA=0/38/0,SP=N/N/N,Mem=2736MHz,Free=3669MB,PLS=0,Temp=39.0C/0.0C,TW=1.17ms,App=6.32ms,GD=0.00ms,CPU&GPU=11.68ms,LCnt=1(DR91,LM0),GPU%=0.71,CPU%=0.22(W0.26),CFL=12.52/16.00,ICFLp95=15.43,LD=0,SF=1.00,DpuScale=1.00,LP=0,DVFS=0,Preempt=362,PoseAgeP95=0.00
1789437341.008	91	90	0		456	6.41	11.60	362	39.0	0.72	FPS=91/90,Prd=29ms,Tear=0,Early=0,Stale=0,Stale2/5/10/max=0/0/0/0,VSnc=1,Lat=-4,Fov=0,CPU4/GPU=2/2,1382/456MHz,OC=3F,TA=0/38/0,SP=N/N/N,Mem=2736MHz,Free=3669MB,PLS=0,Temp=39.0C/0.0C,TW=1.18ms,App=6.41ms,GD=0.00ms,CPU&GPU=11.60ms,LCnt=1(DR91,LM0),GPU%=0.72,CPU%=0.24(W0.40),CFL=13.06/16.23,ICFLp95=15.57,LD=0,SF=1.00,DpuScale=1.00,LP=0,DVFS=0,Preempt=362,PoseAgeP95=0.00
1789437342.008	90	90	0		456	6.13	11.15	360	39.0	0.71	FPS=90/90,Prd=29ms,Tear=0,Early=0,Stale=0,Stale2/5/10/max=0/0/0/0,VSnc=1,Lat=-4,Fov=0,CPU4/GPU=2/2,1382/456MHz,OC=3F,TA=0/38/0,SP=N/N/N,Mem=2736MHz,Free=3669MB,PLS=0,Temp=39.0C/0.0C,TW=1.09ms,App=6.13ms,GD=0.00ms,CPU&GPU=11.15ms,LCnt=1(DR90,LM0),GPU%=0.71,CPU%=0.25(W0.30),CFL=13.13/16.44,ICFLp95=15.64,LD=0,SF=1.00,DpuScale=1.00,LP=0,DVFS=0,Preempt=360,PoseAgeP95=0.00
1789437343.008	90	90	0		456	6.31	11.44	364	39.0	0.71	FPS=90/90,Prd=29ms,Tear=0,Early=0,Stale=0,Stale2/5/10/max=0/0/0/0,VSnc=1,Lat=-4,Fov=0,CPU4/GPU=2/2,1382/456MHz,OC=3F,TA=0/38/0,SP=N/N/N,Mem=2736MHz,Free=3669MB,PLS=0,Temp=39.0C/0.0C,TW=1.12ms,App=6.31ms,GD=0.00ms,CPU&GPU=11.44ms,LCnt=1(DR91,LM0),GPU%=0.71,CPU%=0.19(W0.26),CFL=12.95/16.22,ICFLp95=15.51,LD=0,SF=1.00,DpuScale=1.00,LP=0,DVFS=0,Preempt=364,PoseAgeP95=0.00
1789437344.008	90	90	0		456	6.03	11.40	361	39.0	0.70	FPS=90/90,Prd=29ms,Tear=0,Early=0,Stale=0,Stale2/5/10/max=0/0/0/0,VSnc=1,Lat=-4,Fov=0,CPU4/GPU=2/2,1382/456MHz,OC=3F,TA=0/38/0,SP=N/N/N,Mem=2736MHz,Free=3669MB,PLS=0,Temp=39.0C/0.0C,TW=1.10ms,App=6.03ms,GD=0.00ms,CPU&GPU=11.40ms,LCnt=1(DR90,LM0),GPU%=0.70,CPU%=0.22(W0.35),CFL=12.76/16.34,ICFLp95=15.49,LD=0,SF=1.00,DpuScale=1.00,LP=0,DVFS=0,Preempt=361,PoseAgeP95=0.00
1789437345.008	90	90	0		456	6.13	10.76	359	39.0	0.70	FPS=90/90,Prd=29ms,Tear=0,Early=0,Stale=0,Stale2/5/10/max=0/0/0/0,VSnc=1,Lat=-4,Fov=0,CPU4/GPU=2/2,1382/456MHz,OC=3F,TA=0/38/0,SP=N/N/N,Mem=2736MHz,Free=3669MB,PLS=0,Temp=39.0C/0.0C,TW=1.12ms,App=6.13ms,GD=0.00ms,CPU&GPU=10.76ms,LCnt=1(DR90,LM0),GPU%=0.70,CPU%=0.23(W0.31),CFL=12.62/16.17,ICFLp95=15.38,LD=0,SF=1.00,DpuScale=1.00,LP=0,DVFS=0,Preempt=359,PoseAgeP95=0.00
1789437346.008	90	90	0		456	6.10	10.69	358	39.0	0.69	FPS=90/90,Prd=29ms,Tear=0,Early=0,Stale=0,Stale2/5/10/max=0/0/0/0,VSnc=1,Lat=-4,Fov=0,CPU4/GPU=2/2,1382/456MHz,OC=3F,TA=0/38/0,SP=N/N/N,Mem=2736MHz,Free=3669MB,PLS=0,Temp=39.0C/0.0C,TW=1.12ms,App=6.10ms,GD=0.00ms,CPU&GPU=10.69ms,LCnt=1(DR90,LM0),GPU%=0.69,CPU%=0.20(W0.27),CFL=12.48/16.29,ICFLp95=15.50,LD=0,SF=1.00,DpuScale=1.00,LP=0,DVFS=0,Preempt=358,PoseAgeP95=0.00
1789437347.008	90	90	0		456	6.16	10.44	358	39.0	0.69	FPS=90/90,Prd=29ms,Tear=0,Early=0,Stale=0,Stale2/5/10/max=0/0/0/0,VSnc=1,Lat=-4,Fov=0,CPU4/GPU=2/2,1382/456MHz,OC=3F,TA=0/38/0,SP=N/N/N,Mem=2736MHz,Free=3669MB,PLS=0,Temp=39.0C/0.0C,TW=1.11ms,App=6.16ms,GD=0.00ms,CPU&GPU=10.44ms,LCnt=1(DR90,LM0),GPU%=0.69,CPU%=0.21(W0.27),CFL=12.55/16.28,ICFLp95=15.50,LD=0,SF=1.00,DpuScale=1.00,LP=0,DVFS=0,Preempt=358,PoseAgeP95=0.00
1789437348.009	91	90	0		456	6.26	11.22	360	39.0	0.69	FPS=91/90,Prd=29ms,Tear=0,Early=0,Stale=0,Stale2/5/10/max=0/0/0/0,VSnc=1,Lat=-4,Fov=0,CPU4/GPU=2/2,1382/456MHz,OC=3F,TA=0/38/0,SP=N/N/N,Mem=2736MHz,Free=3669MB,PLS=0,Temp=39.0C/0.0C,TW=1.12ms,App=6.26ms,GD=0.00ms,CPU&GPU=11.22ms,LCnt=1(DR90,LM0),GPU%=0.69,CPU%=0.23(W0.28),CFL=12.56/16.09,ICFLp95=15.38,LD=0,SF=1.00,DpuScale=1.00,LP=0,DVFS=0,Preempt=360,PoseAgeP95=0.00
1789437349.009	90	90	0		456	6.13	10.77	358	39.0	0.69	FPS=90/90,Prd=29ms,Tear=0,Early=0,Stale=0,Stale2/5/10/max=0/0/0/0,VSnc=1,Lat=-4,Fov=0,CPU4/GPU=2/2,1382/456MHz,OC=3F,TA=0/38/0,SP=N/N/N,Mem=2736MHz,Free=3669MB,PLS=0,Temp=39.0C/0.0C,TW=1.10ms,App=6.13ms,GD=0.00ms,CPU&GPU=10.77ms,LCnt=1(DR90,LM0),GPU%=0.69,CPU%=0.25(W0.33),CFL=12.52/16.24,ICFLp95=15.43,LD=0,SF=1.00,DpuScale=1.00,LP=0,DVFS=0,Preempt=358,PoseAgeP95=0.00
1789437350.009	91	90	0		456	6.20	11.49	360	39.0	0.69	FPS=91/90,Prd=29ms,Tear=0,Early=0,Stale=0,Stale2/5/10/max=0/0/0/0,VSnc=1,Lat=-4,Fov=0,CPU4/GPU=2/2,1382/456MHz,OC=3F,TA=0/38/0,SP=N/N/N,Mem=2736MHz,Free=3669MB,PLS=0,Temp=39.0C/0.0C,TW=1.13ms,App=6.20ms,GD=0.00ms,CPU&GPU=11.49ms,LCnt=1(DR90,LM0),GPU%=0.69,CPU%=0.23(W0.39),CFL=12.53/16.16,ICFLp95=15.42,LD=0,SF=1.00,DpuScale=1.00,LP=0,DVFS=0,Preempt=360,PoseAgeP95=0.00
1789437351.009	91	90	0		456	6.17	11.51	358	39.0	0.70	FPS=91/90,Prd=29ms,Tear=0,Early=0,Stale=0,Stale2/5/10/max=0/0/0/0,VSnc=1,Lat=-4,Fov=0,CPU4/GPU=2/2,1651/456MHz,OC=3F,TA=0/38/0,SP=N/N/N,Mem=2092MHz,Free=3669MB,PLS=0,Temp=39.0C/0.0C,TW=1.12ms,App=6.17ms,GD=0.00ms,CPU&GPU=11.51ms,LCnt=1(DR90,LM0),GPU%=0.70,CPU%=0.23(W0.31),CFL=12.49/16.18,ICFLp95=15.44,LD=0,SF=1.00,DpuScale=1.00,LP=0,DVFS=0,Preempt=358,PoseAgeP95=0.00
1789437352.009	90	90	0		456	6.20	11.16	358	39.0	0.69	FPS=90/90,Prd=29ms,Tear=0,Early=0,Stale=0,Stale2/5/10/max=0/0/0/0,VSnc=1,Lat=-4,Fov=0,CPU4/GPU=2/2,1651/456MHz,OC=3F,TA=0/38/0,SP=N/N/N,Mem=2092MHz,Free=3669MB,PLS=0,Temp=39.0C/0.0C,TW=1.11ms,App=6.20ms,GD=0.00ms,CPU&GPU=11.16ms,LCnt=1(DR90,LM0),GPU%=0.69,CPU%=0.22(W0.32),CFL=12.42/16.14,ICFLp95=15.35,LD=0,SF=1.00,DpuScale=1.00,LP=0,DVFS=0,Preempt=358,PoseAgeP95=0.00
1789437353.009	91	90	0		456	6.03	11.12	358	39.0	0.69	FPS=91/90,Prd=29ms,Tear=0,Early=0,Stale=0,Stale2/5/10/max=0/0/0/0,VSnc=1,Lat=-4,Fov=0,CPU4/GPU=2/2,1651/456MHz,OC=3F,TA=0/38/0,SP=N/N/N,Mem=2092MHz,Free=3669MB,PLS=0,Temp=39.0C/0.0C,TW=1.12ms,App=6.03ms,GD=0.00ms,CPU&GPU=11.12ms,LCnt=1(DR90,LM0),GPU%=0.69,CPU%=0.24(W0.27),CFL=12.54/16.09,ICFLp95=15.37,LD=0,SF=1.00,DpuScale=1.00,LP=0,DVFS=0,Preempt=358,PoseAgeP95=0.00
1789437354.009	90	90	0		456	6.09	11.01	364	39.0	0.69	FPS=90/90,Prd=29ms,Tear=0,Early=0,Stale=0,Stale2/5/10/max=0/0/0/0,VSnc=1,Lat=-4,Fov=0,CPU4/GPU=2/2,1651/456MHz,OC=3F,TA=0/38/0,SP=N/N/N,Mem=2092MHz,Free=3669MB,PLS=0,Temp=39.0C/0.0C,TW=1.11ms,App=6.09ms,GD=0.00ms,CPU&GPU=11.01ms,LCnt=1(DR91,LM0),GPU%=0.69,CPU%=0.25(W0.29),CFL=12.53/16.29,ICFLp95=15.30,LD=0,SF=1.00,DpuScale=1.00,LP=0,DVFS=0,Preempt=364,PoseAgeP95=0.00
1789437355.009	91	90	0		456	6.32	11.62	362	39.0	0.69	FPS=91/90,Prd=29ms,Tear=0,Early=0,Stale=0,Stale2/5/10/max=0/0/0/0,VSnc=1,Lat=-4,Fov=0,CPU4/GPU=2/2,1651/456MHz,OC=3F,TA=0/38/0,SP=N/N/N,Mem=2092MHz,Free=3669MB,PLS=0,Temp=39.0C/0.0C,TW=1.11ms,App=6.32ms,GD=0.00ms,CPU&GPU=11.62ms,LCnt=1(DR91,LM0),GPU%=0.69,CPU%=0.23(W0.28),CFL=12.58/16.10,ICFLp95=15.34,LD=0,SF=1.00,DpuScale=1.00,LP=0,DVFS=0,Preempt=362,PoseAgeP95=0.00
1789437356.034	90	90	0		456	6.18	11.84	358	39.0	0.70	FPS=90/90,Prd=29ms,Tear=0,Early=0,Stale=0,Stale2/5/10/max=0/0/0/0,VSnc=1,Lat=-4,Fov=0,CPU4/GPU=2/2,1651/456MHz,OC=3F,TA=0/38/0,SP=N/N/N,Mem=2092MHz,Free=3677MB,PLS=0,Temp=39.0C/0.0C,TW=1.14ms,App=6.18ms,GD=0.00ms,CPU&GPU=11.84ms,LCnt=1(DR90,LM0),GPU%=0.70,CPU%=0.23(W0.26),CFL=12.65/16.07,ICFLp95=15.34,LD=0,SF=1.00,DpuScale=1.00,LP=0,DVFS=0,Preempt=358,PoseAgeP95=0.00
1789437357.009	91	90	0		456	6.23	11.72	360	39.0	0.70	FPS=91/90,Prd=29ms,Tear=0,Early=0,Stale=0,Stale2/5/10/max=0/0/0/0,VSnc=1,Lat=-4,Fov=0,CPU4/GPU=2/2,1651/456MHz,OC=3F,TA=0/38/0,SP=N/N/N,Mem=2092MHz,Free=3677MB,PLS=0,Temp=39.0C/0.0C,TW=1.11ms,App=6.23ms,GD=0.00ms,CPU&GPU=11.72ms,LCnt=1(DR90,LM0),GPU%=0.70,CPU%=0.21(W0.24),CFL=12.59/16.12,ICFLp95=15.35,LD=0,SF=1.00,DpuScale=1.00,LP=0,DVFS=0,Preempt=360,PoseAgeP95=0.00
1789437358.009	90	90	0		456	6.23	11.39	362	39.0	0.71	FPS=90/90,Prd=29ms,Tear=0,Early=0,Stale=0,Stale2/5/10/max=0/0/0/0,VSnc=1,Lat=-4,Fov=0,CPU4/GPU=2/2,1651/456MHz,OC=3F,TA=0/38/0,SP=N/N/N,Mem=2092MHz,Free=3677MB,PLS=0,Temp=39.0C/0.0C,TW=1.15ms,App=6.23ms,GD=0.00ms,CPU&GPU=11.39ms,LCnt=1(DR91,LM0),GPU%=0.71,CPU%=0.23(W0.31),CFL=12.39/16.12,ICFLp95=15.38,LD=0,SF=1.00,DpuScale=1.00,LP=0,DVFS=0,Preempt=362,PoseAgeP95=0.00
1789437359.009	91	90	0		456	6.37	11.64	358	40.0	0.71	FPS=91/90,Prd=29ms,Tear=0,Early=0,Stale=0,Stale2/5/10/max=0/0/0/0,VSnc=1,Lat=-4,Fov=0,CPU4/GPU=2/2,1651/456MHz,OC=3F,TA=0/38/0,SP=N/N/N,Mem=2092MHz,Free=3677MB,PLS=0,Temp=40.0C/0.0C,TW=1.10ms,App=6.37ms,GD=0.00ms,CPU&GPU=11.64ms,LCnt=1(DR90,LM0),GPU%=0.71,CPU%=0.22(W0.24),CFL=12.81/16.27,ICFLp95=15.45,LD=0,SF=1.00,DpuScale=1.00,LP=0,DVFS=0,Preempt=358,PoseAgeP95=0.00
1789437360.009	90	90	0		456	6.07	11.22	360	40.0	0.70	FPS=90/90,Prd=29ms,Tear=0,Early=0,Stale=0,Stale2/5/10/max=0/0/0/0,VSnc=1,Lat=-4,Fov=0,CPU4/GPU=2/2,1651/456MHz,OC=3F,TA=0/38/0,SP=N/N/N,Mem=2092MHz,Free=3677MB,PLS=0,Temp=40.0C/0.0C,TW=1.12ms,App=6.07ms,GD=0.00ms,CPU&GPU=11.22ms,LCnt=1(DR90,LM0),GPU%=0.70,CPU%=0.24(W0.31),CFL=12.74/16.19,ICFLp95=15.43,LD=0,SF=1.00,DpuScale=1.00,LP=0,DVFS=0,Preempt=360,PoseAgeP95=0.00
1789437361.010	90	90	0		456	6.23	10.54	362	40.0	0.71	FPS=90/90,Prd=29ms,Tear=0,Early=0,Stale=0,Stale2/5/10/max=0/0/0/0,VSnc=1,Lat=-4,Fov=0,CPU4/GPU=2/2,1382/456MHz,OC=3F,TA=0/38/0,SP=N/N/N,Mem=2092MHz,Free=3677MB,PLS=0,Temp=40.0C/0.0C,TW=1.10ms,App=6.23ms,GD=0.00ms,CPU&GPU=10.54ms,LCnt=1(DR91,LM0),GPU%=0.71,CPU%=0.25(W0.31),CFL=12.59/16.24,ICFLp95=15.47,LD=0,SF=1.00,DpuScale=1.00,LP=0,DVFS=0,Preempt=362,PoseAgeP95=0.00
1789437362.010	91	90	0		456	6.36	11.20	360	40.0	0.72	FPS=91/90,Prd=29ms,Tear=0,Early=0,Stale=0,Stale2/5/10/max=0/0/0/0,VSnc=1,Lat=-4,Fov=0,CPU4/GPU=2/2,1382/456MHz,OC=3F,TA=0/38/0,SP=N/N/N,Mem=2092MHz,Free=3677MB,PLS=0,Temp=40.0C/0.0C,TW=1.17ms,App=6.36ms,GD=0.00ms,CPU&GPU=11.20ms,LCnt=1(DR90,LM0),GPU%=0.72,CPU%=0.25(W0.29),CFL=13.11/16.47,ICFLp95=15.69,LD=0,SF=1.00,DpuScale=1.00,LP=0,DVFS=0,Preempt=360,PoseAgeP95=0.00
1789437363.010	90	90	0		456	6.18	11.36	358	40.0	0.71	FPS=90/90,Prd=29ms,Tear=0,Early=0,Stale=0,Stale2/5/10/max=0/0/0/0,VSnc=1,Lat=-4,Fov=0,CPU4/GPU=2/2,1382/456MHz,OC=3F,TA=0/38/0,SP=N/N/N,Mem=2092MHz,Free=3677MB,PLS=0,Temp=40.0C/0.0C,TW=1.10ms,App=6.18ms,GD=0.00ms,CPU&GPU=11.36ms,LCnt=1(DR90,LM0),GPU%=0.71,CPU%=0.25(W0.28),CFL=13.04/16.40,ICFLp95=15.66,LD=0,SF=1.00,DpuScale=1.00,LP=0,DVFS=0,Preempt=358,PoseAgeP95=0.00
1789437364.010	91	90	0		456	6.01	10.97	358	40.0	0.70	FPS=91/90,Prd=29ms,Tear=0,Early=0,Stale=0,Stale2/5/10/max=0/0/0/0,VSnc=1,Lat=-4,Fov=0,CPU4/GPU=2/2,1382/456MHz,OC=3F,TA=0/38/0,SP=N/N/N,Mem=2092MHz,Free=3677MB,PLS=0,Temp=40.0C/0.0C,TW=1.10ms,App=6.01ms,GD=0.00ms,CPU&GPU=10.97ms,LCnt=1(DR90,LM0),GPU%=0.70,CPU%=0.25(W0.26),CFL=12.73/16.22,ICFLp95=15.48,LD=0,SF=1.00,DpuScale=1.00,LP=0,DVFS=0,Preempt=358,PoseAgeP95=0.00
1789437365.010	91	90	0		456	6.06	10.79	360	40.0	0.69	FPS=91/90,Prd=29ms,Tear=0,Early=0,Stale=0,Stale2/5/10/max=0/0/0/0,VSnc=1,Lat=-4,Fov=0,CPU4/GPU=2/2,1382/456MHz,OC=3F,TA=0/38/0,SP=N/N/N,Mem=2092MHz,Free=3677MB,PLS=0,Temp=40.0C/0.0C,TW=1.11ms,App=6.06ms,GD=0.00ms,CPU&GPU=10.79ms,LCnt=1(DR90,LM0),GPU%=0.69,CPU%=0.24(W0.27),CFL=12.50/16.38,ICFLp95=15.47,LD=0,SF=1.00,DpuScale=1.00,LP=0,DVFS=0,Preempt=360,PoseAgeP95=0.00
1789437366.010	90	90	0		456	6.02	10.55	358	40.0	0.69	FPS=90/90,Prd=29ms,Tear=0,Early=0,Stale=0,Stale2/5/10/max=0/0/0/0,VSnc=1,Lat=-4,Fov=0,CPU4/GPU=2/2,1382/456MHz,OC=3F,TA=0/38/0,SP=N/N/N,Mem=2092MHz,Free=3677MB,PLS=0,Temp=40.0C/0.0C,TW=1.10ms,App=6.02ms,GD=0.00ms,CPU&GPU=10.55ms,LCnt=1(DR90,LM0),GPU%=0.69,CPU%=0.26(W0.29),CFL=12.47/16.26,ICFLp95=15.42,LD=0,SF=1.00,DpuScale=1.00,LP=0,DVFS=0,Preempt=358,PoseAgeP95=0.00
1789437367.010	91	90	0		456	6.13	10.89	360	40.0	0.69	FPS=91/90,Prd=29ms,Tear=0,Early=0,Stale=0,Stale2/5/10/max=0/0/0/0,VSnc=1,Lat=-4,Fov=0,CPU4/GPU=2/2,1382/456MHz,OC=3F,TA=0/38/0,SP=N/N/N,Mem=2092MHz,Free=3677MB,PLS=0,Temp=40.0C/0.0C,TW=1.12ms,App=6.13ms,GD=0.00ms,CPU&GPU=10.89ms,LCnt=1(DR90,LM0),GPU%=0.69,CPU%=0.26(W0.30),CFL=12.53/16.16,ICFLp95=15.42,LD=0,SF=1.00,DpuScale=1.00,LP=0,DVFS=0,Preempt=360,PoseAgeP95=0.00
1789437368.010	91	90	0		456	6.23	11.61	360	40.0	0.69	FPS=91/90,Prd=28ms,Tear=0,Early=0,Stale=0,Stale2/5/10/max=0/0/0/0,VSnc=1,Lat=-4,Fov=0,CPU4/GPU=2/2,1382/456MHz,OC=3F,TA=0/38/0,SP=N/N/N,Mem=2092MHz,Free=3677MB,PLS=0,Temp=40.0C/0.0C,TW=1.11ms,App=6.23ms,GD=0.00ms,CPU&GPU=11.61ms,LCnt=1(DR90,LM0),GPU%=0.69,CPU%=0.23(W0.34),CFL=12.46/16.11,ICFLp95=15.40,LD=0,SF=1.00,DpuScale=1.00,LP=0,DVFS=0,Preempt=360,PoseAgeP95=0.00
1789437369.010	91	90	0		456	6.19	10.74	358	40.0	0.69	FPS=91/90,Prd=28ms,Tear=0,Early=0,Stale=0,Stale2/5/10/max=0/0/0/0,VSnc=1,Lat=-4,Fov=0,CPU4/GPU=2/2,1382/456MHz,OC=3F,TA=0/38/0,SP=N/N/N,Mem=2092MHz,Free=3677MB,PLS=0,Temp=40.0C/0.0C,TW=1.11ms,App=6.19ms,GD=0.00ms,CPU&GPU=10.74ms,LCnt=1(DR90,LM0),GPU%=0.69,CPU%=0.25(W0.38),CFL=12.53/16.13,ICFLp95=15.42,LD=0,SF=1.00,DpuScale=1.00,LP=0,DVFS=0,Preempt=358,PoseAgeP95=0.00
1789437370.010	90	90	0		456	6.07	11.08	360	40.0	0.68	FPS=90/90,Prd=29ms,Tear=0,Early=0,Stale=0,Stale2/5/10/max=0/0/0/0,VSnc=1,Lat=-4,Fov=0,CPU4/GPU=2/2,1382/456MHz,OC=3F,TA=0/38/0,SP=N/N/N,Mem=2092MHz,Free=3677MB,PLS=0,Temp=40.0C/0.0C,TW=1.12ms,App=6.07ms,GD=0.00ms,CPU&GPU=11.08ms,LCnt=1(DR90,LM0),GPU%=0.68,CPU%=0.24(W0.29),CFL=12.42/16.29,ICFLp95=15.42,LD=0,SF=1.00,DpuScale=1.00,LP=0,DVFS=0,Preempt=360,PoseAgeP95=0.00
1789437371.010	90	90	0		456	5.94	10.48	362	40.0	0.68	FPS=90/90,Prd=28ms,Tear=0,Early=0,Stale=0,Stale2/5/10/max=0/0/0/0,VSnc=1,Lat=-4,Fov=0,CPU4/GPU=2/2,1382/456MHz,OC=3F,TA=0/38/0,SP=N/N/N,Mem=2736MHz,Free=3677MB,PLS=0,Temp=40.0C/0.0C,TW=1.11ms,App=5.94ms,GD=0.00ms,CPU&GPU=10.48ms,LCnt=1(DR91,LM0),GPU%=0.68,CPU%=0.22(W0.24),CFL=12.47/16.17,ICFLp95=15.42,LD=0,SF=1.00,DpuScale=1.00,LP=0,DVFS=0,Preempt=362,PoseAgeP95=0.00
1789437372.010	90	90	0		456	6.13	10.53	358	40.0	0.68	FPS=90/90,Prd=28ms,Tear=0,Early=0,Stale=0,Stale2/5/10/max=0/0/0/0,VSnc=1,Lat=-4,Fov=0,CPU4/GPU=2/2,1382/456MHz,OC=3F,TA=0/38/0,SP=N/N/N,Mem=2736MHz,Free=3677MB,PLS=0,Temp=40.0C/0.0C,TW=1.11ms,App=6.13ms,GD=0.00ms,CPU&GPU=10.53ms,LCnt=1(DR90,LM0),GPU%=0.68,CPU%=0.25(W0.32),CFL=12.43/16.18,ICFLp95=15.43,LD=0,SF=1.00,DpuScale=1.00,LP=0,DVFS=0,Preempt=358,PoseAgeP95=0.00
1789437373.010	91	90	0		456	6.14	10.63	360	40.0	0.68	FPS=91/90,Prd=28ms,Tear=0,Early=0,Stale=0,Stale2/5/10/max=0/0/0/0,VSnc=1,Lat=-4,Fov=0,CPU4/GPU=2/2,1382/456MHz,OC=3F,TA=0/38/0,SP=N/N/N,Mem=2736MHz,Free=3677MB,PLS=0,Temp=40.0C/0.0C,TW=1.11ms,App=6.14ms,GD=0.00ms,CPU&GPU=10.63ms,LCnt=1(DR90,LM0),GPU%=0.68,CPU%=0.22(W0.25),CFL=12.51/16.43,ICFLp95=15.46,LD=0,SF=1.00,DpuScale=1.00,LP=0,DVFS=0,Preempt=360,PoseAgeP95=0.00
1789437374.010	91	90	0		456	6.26	11.80	364	40.0	0.70	FPS=91/90,Prd=29ms,Tear=1,Early=0,Stale=0,Stale2/5/10/max=0/0/0/0,VSnc=1,Lat=-4,Fov=0,CPU4/GPU=2/2,1382/456MHz,OC=3F,TA=0/38/0,SP=N/N/N,Mem=2736MHz,Free=3677MB,PLS=0,Temp=40.0C/0.0C,TW=1.12ms,App=6.26ms,GD=0.00ms,CPU&GPU=11.80ms,LCnt=1(DR91,LM0),GPU%=0.70,CPU%=0.21(W0.22),CFL=12.89/16.30,ICFLp95=15.49,LD=0,SF=1.00,DpuScale=1.00,LP=0,DVFS=0,Preempt=364,PoseAgeP95=0.00
1789437375.011	90	90	0		456	5.99	11.32	358	40.0	0.70	FPS=90/90,Prd=29ms,Tear=0,Early=0,Stale=0,Stale2/5/10/max=0/0/0/0,VSnc=1,Lat=-4,Fov=0,CPU4/GPU=2/2,1382/456MHz,OC=3F,TA=0/38/0,SP=N/N/N,Mem=2736MHz,Free=3677MB,PLS=0,Temp=40.0C/0.0C,TW=1.10ms,App=5.99ms,GD=0.00ms,CPU&GPU=11.32ms,LCnt=1(DR90,LM0),GPU%=0.70,CPU%=0.24(W0.26),CFL=12.65/16.36,ICFLp95=15.49,LD=0,SF=1.00,DpuScale=1.00,LP=0,DVFS=0,Preempt=358,PoseAgeP95=0.00
1789437376.034	91	90	0		456	6.02	10.65	358	40.0	0.69	FPS=91/90,Prd=29ms,Tear=0,Early=0,Stale=0,Stale2/5/10/max=0/0/0/0,VSnc=1,Lat=-4,Fov=0,CPU4/GPU=2/2,1382/456MHz,OC=3F,TA=0/38/0,SP=N/N/N,Mem=2736MHz,Free=3669MB,PLS=0,Temp=40.0C/0.0C,TW=1.10ms,App=6.02ms,GD=0.00ms,CPU&GPU=10.65ms,LCnt=1(DR90,LM0),GPU%=0.69,CPU%=0.24(W0.30),CFL=12.49/16.31,ICFLp95=15.57,LD=0,SF=1.00,DpuScale=1.00,LP=0,DVFS=0,Preempt=358,PoseAgeP95=0.00
1789437377.011	91	90	0		456	6.23	11.48	358	40.0	0.70	FPS=91/90,Prd=29ms,Tear=0,Early=0,Stale=0,Stale2/5/10/max=0/0/0/0,VSnc=1,Lat=-4,Fov=0,CPU4/GPU=2/2,1382/456MHz,OC=3F,TA=0/38/0,SP=N/N/N,Mem=2736MHz,Free=3669MB,PLS=0,Temp=40.0C/0.0C,TW=1.12ms,App=6.23ms,GD=0.00ms,CPU&GPU=11.48ms,LCnt=1(DR90,LM0),GPU%=0.70,CPU%=0.23(W0.30),CFL=12.49/16.31,ICFLp95=15.57,LD=0,SF=1.00,DpuScale=1.00,LP=0,DVFS=0,Preempt=358,PoseAgeP95=0.00
1789437378.011	90	90	0		456	6.00	10.56	362	40.0	0.69	FPS=90/90,Prd=29ms,Tear=1,Early=0,Stale=0,Stale2/5/10/max=0/0/0/0,VSnc=1,Lat=-4,Fov=0,CPU4/GPU=2/2,1382/456MHz,OC=3F,TA=0/38/0,SP=N/N/N,Mem=2736MHz,Free=3669MB,PLS=0,Temp=40.0C/0.0C,TW=1.10ms,App=6.00ms,GD=0.00ms,CPU&GPU=10.56ms,LCnt=1(DR91,LM0),GPU%=0.69,CPU%=0.25(W0.32),CFL=12.46/16.21,ICFLp95=15.47,LD=0,SF=1.00,DpuScale=1.00,LP=0,DVFS=0,Preempt=362,PoseAgeP95=0.00
1789437379.011	91	90	0		456	6.23	10.87	360	40.0	0.69	FPS=91/90,Prd=29ms,Tear=0,Early=0,Stale=0,Stale2/5/10/max=0/0/0/0,VSnc=1,Lat=-4,Fov=0,CPU4/GPU=2/2,1382/456MHz,OC=3F,TA=0/38/0,SP=N/N/N,Mem=2736MHz,Free=3669MB,PLS=0,Temp=40.0C/0.0C,TW=1.14ms,App=6.23ms,GD=0.00ms,CPU&GPU=10.87ms,LCnt=1(DR90,LM0),GPU%=0.69,CPU%=0.25(W0.28),CFL=12.62/16.33,ICFLp95=15.56,LD=0,SF=1.00,DpuScale=1.00,LP=0,DVFS=0,Preempt=360,PoseAgeP95=0.00
1789437380.011	90	90	0		456	5.98	10.55	360	40.0	0.68	FPS=90/90,Prd=29ms,Tear=0,Early=0,Stale=0,Stale2/5/10/max=0/0/0/0,VSnc=1,Lat=-4,Fov=0,CPU4/GPU=2/2,1382/456MHz,OC=3F,TA=0/38/0,SP=N/N/N,Mem=2736MHz,Free=3669MB,PLS=0,Temp=40.0C/0.0C,TW=1.10ms,App=5.98ms,GD=0.00ms,CPU&GPU=10.55ms,LCnt=1(DR90,LM0),GPU%=0.68,CPU%=0.22(W0.36),CFL=12.47/16.43,ICFLp95=15.53,LD=0,SF=1.00,DpuScale=1.00,LP=0,DVFS=0,Preempt=360,PoseAgeP95=0.00
1789437381.011	90	90	0		456	6.02	10.43	358	40.0	0.68	FPS=90/90,Prd=28ms,Tear=0,Early=0,Stale=0,Stale2/5/10/max=0/0/0/0,VSnc=1,Lat=-4,Fov=0,CPU4/GPU=2/2,1382/456MHz,OC=3F,TA=0/38/0,SP=N/N/N,Mem=2092MHz,Free=3669MB,PLS=0,Temp=40.0C/0.0C,TW=1.11ms,App=6.02ms,GD=0.00ms,CPU&GPU=10.43ms,LCnt=1(DR90,LM0),GPU%=0.68,CPU%=0.23(W0.27),CFL=12.51/16.32,ICFLp95=15.60,LD=0,SF=1.00,DpuScale=1.00,LP=0,DVFS=0,Preempt=358,PoseAgeP95=0.00
1789437382.011	90	90	0		456	5.96	10.65	358	40.0	0.68	FPS=90/90,Prd=29ms,Tear=0,Early=0,Stale=0,Stale2/5/10/max=0/0/0/0,VSnc=1,Lat=-4,Fov=0,CPU4/GPU=2/2,1382/456MHz,OC=3F,TA=0/38/0,SP=N/N/N,Mem=2092MHz,Free=3669MB,PLS=0,Temp=40.0C/0.0C,TW=1.11ms,App=5.96ms,GD=0.00ms,CPU&GPU=10.65ms,LCnt=1(DR90,LM0),GPU%=0.68,CPU%=0.23(W0.26),CFL=12.52/16.27,ICFLp95=15.43,LD=0,SF=1.00,DpuScale=1.00,LP=0,DVFS=0,Preempt=358,PoseAgeP95=0.00
1789437383.011	91	90	0		456	6.30	12.13	362	40.0	0.70	FPS=91/90,Prd=29ms,Tear=0,Early=0,Stale=0,Stale2/5/10/max=0/0/0/0,VSnc=1,Lat=-4,Fov=0,CPU4/GPU=2/2,1382/456MHz,OC=3F,TA=0/38/0,SP=N/N/N,Mem=2092MHz,Free=3669MB,PLS=0,Temp=40.0C/0.0C,TW=1.20ms,App=6.30ms,GD=0.00ms,CPU&GPU=12.13ms,LCnt=1(DR91,LM0),GPU%=0.70,CPU%=0.24(W0.28),CFL=12.48/16.51,ICFLp95=15.43,LD=0,SF=1.00,DpuScale=1.00,LP=0,DVFS=0,Preempt=362,PoseAgeP95=0.00
1789437384.011	90	90	0		456	6.10	10.91	364	40.0	0.71	FPS=90/90,Prd=29ms,Tear=0,Early=0,Stale=0,Stale2/5/10/max=0/0/0/0,VSnc=1,Lat=-4,Fov=0,CPU4/GPU=2/2,1382/456MHz,OC=3F,TA=0/38/0,SP=N/N/N,Mem=2092MHz,Free=3669MB,PLS=0,Temp=40.0C/0.0C,TW=1.07ms,App=6.10ms,GD=0.00ms,CPU&GPU=10.91ms,LCnt=1(DR91,LM0),GPU%=0.71,CPU%=0.26(W0.31),CFL=12.62/16.39,ICFLp95=15.50,LD=0,SF=1.00,DpuScale=1.00,LP=0,DVFS=0,Preempt=364,PoseAgeP95=0.00
1789437385.011	91	90	0		456	6.01	11.20	364	40.0	0.70	FPS=91/90,Prd=29ms,Tear=0,Early=0,Stale=0,Stale2/5/10/max=0/0/0/0,VSnc=1,Lat=-4,Fov=0,CPU4/GPU=2/2,1382/456MHz,OC=3F,TA=0/38/0,SP=N/N/N,Mem=2092MHz,Free=3669MB,PLS=0,Temp=40.0C/0.0C,TW=1.10ms,App=6.01ms,GD=0.00ms,CPU&GPU=11.20ms,LCnt=1(DR91,LM0),GPU%=0.70,CPU%=0.20(W0.33),CFL=12.75/16.40,ICFLp95=15.57,LD=0,SF=1.00,DpuScale=1.00,LP=0,DVFS=0,Preempt=364,PoseAgeP95=0.00
1789437386.011	90	90	0		456	6.07	11.20	360	40.0	0.69	FPS=90/90,Prd=29ms,Tear=0,Early=0,Stale=0,Stale2/5/10/max=0/0/0/0,VSnc=1,Lat=-4,Fov=0,CPU4/GPU=2/2,1382/456MHz,OC=3F,TA=0/38/0,SP=N/N/N,Mem=2092MHz,Free=3669MB,PLS=0,Temp=40.0C/0.0C,TW=1.14ms,App=6.07ms,GD=0.00ms,CPU&GPU=11.20ms,LCnt=1(DR90,LM0),GPU%=0.69,CPU%=0.22(W0.37),CFL=12.82/16.27,ICFLp95=15.54,LD=0,SF=1.00,DpuScale=1.00,LP=0,DVFS=0,Preempt=360,PoseAgeP95=0.00
1789437387.011	91	90	0		456	6.26	11.64	358	40.0	0.70	FPS=91/90,Prd=29ms,Tear=0,Early=0,Stale=0,Stale2/5/10/max=0/0/0/0,VSnc=1,Lat=-4,Fov=0,CPU4/GPU=2/2,1382/456MHz,OC=3F,TA=0/38/0,SP=N/N/N,Mem=2092MHz,Free=3669MB,PLS=0,Temp=40.0C/0.0C,TW=1.13ms,App=6.26ms,GD=0.00ms,CPU&GPU=11.64ms,LCnt=1(DR90,LM0),GPU%=0.70,CPU%=0.23(W0.28),CFL=12.63/16.37,ICFLp95=15.53,LD=0,SF=1.00,DpuScale=1.00,LP=0,DVFS=0,Preempt=358,PoseAgeP95=0.00
1789437388.012	90	90	0		456	6.21	11.62	364	40.0	0.71	FPS=90/90,Prd=29ms,Tear=1,Early=0,Stale=0,Stale2/5/10/max=0/0/0/0,VSnc=1,Lat=-4,Fov=0,CPU4/GPU=2/2,1382/456MHz,OC=3F,TA=0/38/0,SP=N/N/N,Mem=2092MHz,Free=3669MB,PLS=0,Temp=40.0C/0.0C,TW=1.12ms,App=6.21ms,GD=0.00ms,CPU&GPU=11.62ms,LCnt=1(DR91,LM0),GPU%=0.71,CPU%=0.23(W0.27),CFL=12.63/16.14,ICFLp95=15.41,LD=0,SF=1.00,DpuScale=1.00,LP=0,DVFS=0,Preempt=364,PoseAgeP95=0.00
1789437389.012	91	90	0		456	6.18	11.66	360	40.0	0.71	FPS=91/90,Prd=29ms,Tear=0,Early=0,Stale=0,Stale2/5/10/max=0/0/0/0,VSnc=1,Lat=-4,Fov=0,CPU4/GPU=2/2,1382/456MHz,OC=3F,TA=0/38/0,SP=N/N/N,Mem=2092MHz,Free=3669MB,PLS=0,Temp=40.0C/0.0C,TW=1.10ms,App=6.18ms,GD=0.00ms,CPU&GPU=11.66ms,LCnt=1(DR90,LM0),GPU%=0.71,CPU%=0.22(W0.27),CFL=12.75/16.07,ICFLp95=15.41,LD=0,SF=1.00,DpuScale=1.00,LP=0,DVFS=0,Preempt=360,PoseAgeP95=0.00
1789437390.012	91	90	0		456	6.12	10.52	360	40.0	0.70	FPS=91/90,Prd=29ms,Tear=0,Early=0,Stale=0,Stale2/5/10/max=0/0/0/0,VSnc=1,Lat=-4,Fov=0,CPU4/GPU=2/2,1382/456MHz,OC=3F,TA=0/38/0,SP=N/N/N,Mem=2092MHz,Free=3669MB,PLS=0,Temp=40.0C/0.0C,TW=1.14ms,App=6.12ms,GD=0.00ms,CPU&GPU=10.52ms,LCnt=1(DR90,LM0),GPU%=0.70,CPU%=0.23(W0.28),CFL=12.78/16.27,ICFLp95=15.45,LD=0,SF=1.00,DpuScale=1.00,LP=0,DVFS=0,Preempt=360,PoseAgeP95=0.00
1789437391.012	91	90	0		456	6.15	11.07	358	40.0	0.69	FPS=91/90,Prd=29ms,Tear=0,Early=0,Stale=0,Stale2/5/10/max=0/0/0/0,VSnc=1,Lat=-4,Fov=0,CPU4/GPU=2/2,1382/456MHz,OC=3F,TA=0/38/0,SP=N/N/N,Mem=1555MHz,Free=3669MB,PLS=0,Temp=40.0C/0.0C,TW=1.11ms,App=6.15ms,GD=0.00ms,CPU&GPU=11.07ms,LCnt=1(DR90,LM0),GPU%=0.69,CPU%=0.21(W0.29),CFL=12.62/16.37,ICFLp95=15.43,LD=0,SF=1.00,DpuScale=1.00,LP=0,DVFS=0,Preempt=358,PoseAgeP95=0.00
1789437392.012	90	90	0		456	6.04	10.50	360	40.0	0.69	FPS=90/90,Prd=29ms,Tear=0,Early=0,Stale=0,Stale2/5/10/max=0/0/0/0,VSnc=1,Lat=-4,Fov=0,CPU4/GPU=2/2,1382/456MHz,OC=3F,TA=0/38/0,SP=N/N/N,Mem=1555MHz,Free=3669MB,PLS=0,Temp=40.0C/0.0C,TW=1.11ms,App=6.04ms,GD=0.00ms,CPU&GPU=10.50ms,LCnt=1(DR90,LM0),GPU%=0.69,CPU%=0.22(W0.28),CFL=12.53/16.23,ICFLp95=15.52,LD=0,SF=1.00,DpuScale=1.00,LP=0,DVFS=0,Preempt=360,PoseAgeP95=0.00
1789437393.012	90	90	0		456	5.96	10.70	362	40.0	0.68	FPS=90/90,Prd=28ms,Tear=0,Early=0,Stale=0,Stale2/5/10/max=0/0/0/0,VSnc=1,Lat=-4,Fov=0,CPU4/GPU=2/2,1382/456MHz,OC=3F,TA=0/38/0,SP=N/N/N,Mem=1555MHz,Free=3669MB,PLS=0,Temp=40.0C/0.0C,TW=1.11ms,App=5.96ms,GD=0.00ms,CPU&GPU=10.70ms,LCnt=1(DR91,LM0),GPU%=0.68,CPU%=0.25(W0.30),CFL=12.58/16.33,ICFLp95=15.54,LD=0,SF=1.00,DpuScale=1.00,LP=0,DVFS=0,Preempt=362,PoseAgeP95=0.00
1789437394.012	91	90	0		456	6.11	10.79	362	40.0	0.68	FPS=91/90,Prd=28ms,Tear=0,Early=0,Stale=0,Stale2/5/10/max=0/0/0/0,VSnc=1,Lat=-4,Fov=0,CPU4/GPU=2/2,1382/456MHz,OC=3F,TA=0/38/0,SP=N/N/N,Mem=1555MHz,Free=3669MB,PLS=0,Temp=40.0C/0.0C,TW=1.13ms,App=6.11ms,GD=0.00ms,CPU&GPU=10.79ms,LCnt=1(DR91,LM0),GPU%=0.68,CPU%=0.21(W0.34),CFL=12.61/16.60,ICFLp95=15.44,LD=0,SF=1.00,DpuScale=1.00,LP=0,DVFS=0,Preempt=362,PoseAgeP95=0.00
1789437395.012	91	90	0		456	6.09	10.79	362	40.0	0.68	FPS=91/90,Prd=28ms,Tear=0,Early=0,Stale=0,Stale2/5/10/max=0/0/0/0,VSnc=1,Lat=-4,Fov=0,CPU4/GPU=2/2,1382/456MHz,OC=3F,TA=0/38/0,SP=N/N/N,Mem=1555MHz,Free=3669MB,PLS=0,Temp=40.0C/0.0C,TW=1.11ms,App=6.09ms,GD=0.00ms,CPU&GPU=10.79ms,LCnt=1(DR91,LM0),GPU%=0.68,CPU%=0.24(W0.36),CFL=12.42/16.05,ICFLp95=15.33,LD=0,SF=1.00,DpuScale=1.00,LP=0,DVFS=0,Preempt=362,PoseAgeP95=0.00
1789437396.033	91	90	0		456	6.09	10.67	358	40.0	0.69	FPS=91/90,Prd=28ms,Tear=0,Early=0,Stale=0,Stale2/5/10/max=0/0/0/0,VSnc=1,Lat=-4,Fov=0,CPU4/GPU=2/2,1382/456MHz,OC=3F,TA=0/38/0,SP=N/N/N,Mem=1555MHz,Free=3673MB,PLS=0,Temp=40.0C/0.0C,TW=1.15ms,App=6.09ms,GD=0.00ms,CPU&GPU=10.67ms,LCnt=1(DR90,LM0),GPU%=0.69,CPU%=0.22(W0.26),CFL=12.56/16.15,ICFLp95=15.33,LD=0,SF=1.00,DpuScale=1.00,LP=0,DVFS=0,Preempt=358,PoseAgeP95=0.00
1789437397.012	90	90	0		456	6.28	11.22	358	40.0	0.70	FPS=90/90,Prd=28ms,Tear=0,Early=0,Stale=0,Stale2/5/10/max=0/0/0/0,VSnc=1,Lat=-4,Fov=0,CPU4/GPU=2/2,1382/456MHz,OC=3F,TA=0/38/0,SP=N/N/N,Mem=1555MHz,Free=3673MB,PLS=0,Temp=40.0C/0.0C,TW=1.13ms,App=6.28ms,GD=0.00ms,CPU&GPU=11.22ms,LCnt=1(DR90,LM0),GPU%=0.70,CPU%=0.23(W0.29),CFL=12.49/16.30,ICFLp95=15.30,LD=0,SF=1.00,DpuScale=1.00,LP=0,DVFS=0,Preempt=358,PoseAgeP95=0.00
1789437398.012	91	90	0		456	6.12	11.37	364	40.0	0.70	FPS=91/90,Prd=29ms,Tear=0,Early=0,Stale=0,Stale2/5/10/max=0/0/0/0,VSnc=1,Lat=-4,Fov=0,CPU4/GPU=2/2,1382/456MHz,OC=3F,TA=0/38/0,SP=N/N/N,Mem=1555MHz,Free=3673MB,PLS=0,Temp=40.0C/0.0C,TW=1.10ms,App=6.12ms,GD=0.00ms,CPU&GPU=11.37ms,LCnt=1(DR91,LM0),GPU%=0.70,CPU%=0.23(W0.30),CFL=12.59/16.12,ICFLp95=15.39,LD=0,SF=1.00,DpuScale=1.00,LP=0,DVFS=0,Preempt=364,PoseAgeP95=0.00
1789437399.012	90	90	0		456	6.09	10.98	358	40.0	0.70	FPS=90/90,Prd=29ms,Tear=0,Early=0,Stale=0,Stale2/5/10/max=0/0/0/0,VSnc=1,Lat=-4,Fov=0,CPU4/GPU=2/2,1382/456MHz,OC=3F,TA=0/38/0,SP=N/N/N,Mem=1555MHz,Free=3673MB,PLS=0,Temp=40.0C/0.0C,TW=1.09ms,App=6.09ms,GD=0.00ms,CPU&GPU=10.98ms,LCnt=1(DR90,LM0),GPU%=0.70,CPU%=0.24(W0.26),CFL=12.82/16.28,ICFLp95=15.40,LD=0,SF=1.00,DpuScale=1.00,LP=0,DVFS=0,Preempt=358,PoseAgeP95=0.00
1789437400.012	90	90	0		456	6.16	10.76	360	40.0	0.70	FPS=90/90,Prd=29ms,Tear=0,Early=0,Stale=0,Stale2/5/10/max=0/0/0/0,VSnc=1,Lat=-4,Fov=0,CPU4/GPU=2/2,1382/456MHz,OC=3F,TA=0/38/0,SP=N/N/N,Mem=1555MHz,Free=3673MB,PLS=0,Temp=40.0C/0.0C,TW=1.14ms,App=6.16ms,GD=0.00ms,CPU&GPU=10.76ms,LCnt=1(DR90,LM0),GPU%=0.70,CPU%=0.23(W0.30),CFL=12.60/16.19,ICFLp95=15.44,LD=0,SF=1.00,DpuScale=1.00,LP=0,DVFS=0,Preempt=360,PoseAgeP95=0.00
1789437401.012	91	90	0		456	6.20	11.44	362	40.0	0.71	FPS=91/90,Prd=29ms,Tear=0,Early=0,Stale=0,Stale2/5/10/max=0/0/0/0,VSnc=1,Lat=-4,Fov=0,CPU4/GPU=2/2,1382/456MHz,OC=3F,TA=0/38/0,SP=N/N/N,Mem=3196MHz,Free=3673MB,PLS=0,Temp=40.0C/0.0C,TW=1.14ms,App=6.20ms,GD=0.00ms,CPU&GPU=11.44ms,LCnt=1(DR91,LM0),GPU%=0.71,CPU%=0.23(W0.25),CFL=12.73/16.30,ICFLp95=15.40,LD=0,SF=1.00,DpuScale=1.00,LP=0,DVFS=0,Preempt=362,PoseAgeP95=0.00
1789437402.012	90	90	0		456	6.27	11.56	362	40.0	0.71	FPS=90/90,Prd=29ms,Tear=0,Early=0,Stale=0,Stale2/5/10/max=0/0/0/0,VSnc=1,Lat=-4,Fov=0,CPU4/GPU=2/2,1382/456MHz,OC=3F,TA=0/38/0,SP=N/N/N,Mem=3196MHz,Free=3673MB,PLS=0,Temp=40.0C/0.0C,TW=1.12ms,App=6.27ms,GD=0.00ms,CPU&GPU=11.56ms,LCnt=1(DR91,LM0),GPU%=0.71,CPU%=0.22(W0.24),CFL=12.71/16.10,ICFLp95=15.34,LD=0,SF=1.00,DpuScale=1.00,LP=0,DVFS=0,Preempt=362,PoseAgeP95=0.00
1789437403.013	91	90	0		456	6.16	11.74	360	40.0	0.70	FPS=91/90,Prd=29ms,Tear=0,Early=0,Stale=0,Stale2/5/10/max=0/0/0/0,VSnc=1,Lat=-4,Fov=0,CPU4/GPU=2/2,1382/456MHz,OC=3F,TA=0/38/0,SP=N/N/N,Mem=3196MHz,Free=3673MB,PLS=0,Temp=40.0C/0.0C,TW=1.10ms,App=6.16ms,GD=0.00ms,CPU&GPU=11.74ms,LCnt=1(DR90,LM0),GPU%=0.70,CPU%=0.21(W0.26),CFL=12.70/16.32,ICFLp95=15.50,LD=0,SF=1.00,DpuScale=1.00,LP=0,DVFS=0,Preempt=360,PoseAgeP95=0.00
1789437404.013	90	90	0		456	6.22	10.75	360	40.0	0.70	FPS=90/90,Prd=29ms,Tear=0,Early=0,Stale=0,Stale2/5/10/max=0/0/0/0,VSnc=1,Lat=-4,Fov=0,CPU4/GPU=2/2,1382/456MHz,OC=3F,TA=0/38/0,SP=N/N/N,Mem=3196MHz,Free=3673MB,PLS=0,Temp=40.0C/0.0C,TW=1.14ms,App=6.22ms,GD=0.00ms,CPU&GPU=10.75ms,LCnt=1(DR90,LM0),GPU%=0.70,CPU%=0.24(W0.31),CFL=12.48/16.10,ICFLp95=15.39,LD=0,SF=1.00,DpuScale=1.00,LP=0,DVFS=0,Preempt=360,PoseAgeP95=0.00
1789437405.013	91	90	0		456	6.40	12.05	364	40.0	0.72	FPS=91/90,Prd=29ms,Tear=1,Early=0,Stale=0,Stale2/5/10/max=0/0/0/0,VSnc=1,Lat=-4,Fov=0,CPU4/GPU=2/2,1382/456MHz,OC=3F,TA=0/38/0,SP=N/N/N,Mem=3196MHz,Free=3673MB,PLS=0,Temp=40.0C/0.0C,TW=1.17ms,App=6.40ms,GD=0.00ms,CPU&GPU=12.05ms,LCnt=1(DR91,LM0),GPU%=0.72,CPU%=0.24(W0.35),CFL=12.50/16.43,ICFLp95=15.47,LD=0,SF=1.00,DpuScale=1.00,LP=0,DVFS=0,Preempt=364,PoseAgeP95=0.00
1789437406.013	91	90	0		456	5.99	10.93	358	40.0	0.70	FPS=91/90,Prd=29ms,Tear=0,Early=0,Stale=0,Stale2/5/10/max=0/0/0/0,VSnc=1,Lat=-4,Fov=0,CPU4/GPU=2/2,1382/456MHz,OC=3F,TA=0/38/0,SP=N/N/N,Mem=3196MHz,Free=3673MB,PLS=0,Temp=40.0C/0.0C,TW=1.12ms,App=5.99ms,GD=0.00ms,CPU&GPU=10.93ms,LCnt=1(DR90,LM0),GPU%=0.70,CPU%=0.22(W0.26),CFL=13.09/16.44,ICFLp95=15.64,LD=0,SF=1.00,DpuScale=1.00,LP=0,DVFS=0,Preempt=358,PoseAgeP95=0.00
1789437407.013	90	90	0		456	6.00	10.72	360	40.0	0.69	FPS=90/90,Prd=29ms,Tear=0,Early=0,Stale=0,Stale2/5/10/max=0/0/0/0,VSnc=1,Lat=-4,Fov=0,CPU4/GPU=2/2,1382/456MHz,OC=3F,TA=0/38/0,SP=N/N/N,Mem=3196MHz,Free=3673MB,PLS=0,Temp=40.0C/0.0C,TW=1.13ms,App=6.00ms,GD=0.00ms,CPU&GPU=10.72ms,LCnt=1(DR90,LM0),GPU%=0.69,CPU%=0.24(W0.30),CFL=12.82/16.63,ICFLp95=15.68,LD=0,SF=1.00,DpuScale=1.00,LP=0,DVFS=0,Preempt=360,PoseAgeP95=0.00
1789437408.013	90	90	0		456	6.20	10.44	360	40.0	0.70	FPS=90/90,Prd=29ms,Tear=0,Early=0,Stale=0,Stale2/5/10/max=0/0/0/0,VSnc=1,Lat=-4,Fov=0,CPU4/GPU=2/2,1382/456MHz,OC=3F,TA=0/38/0,SP=N/N/N,Mem=3196MHz,Free=3673MB,PLS=0,Temp=40.0C/0.0C,TW=1.13ms,App=6.20ms,GD=0.00ms,CPU&GPU=10.44ms,LCnt=1(DR90,LM0),GPU%=0.70,CPU%=0.21(W0.31),CFL=12.57/16.45,ICFLp95=15.52,LD=0,SF=1.00,DpuScale=1.00,LP=0,DVFS=0,Preempt=360,PoseAgeP95=0.00
1789437409.013	90	90	0		456	6.21	11.19	360	40.0	0.70	FPS=90/90,Prd=29ms,Tear=0,Early=0,Stale=0,Stale2/5/10/max=0/0/0/0,VSnc=1,Lat=-4,Fov=0,CPU4/GPU=2/2,1382/456MHz,OC=3F,TA=0/38/0,SP=N/N/N,Mem=3196MHz,Free=3673MB,PLS=0,Temp=40.0C/0.0C,TW=1.13ms,App=6.21ms,GD=0.00ms,CPU&GPU=11.19ms,LCnt=1(DR90,LM0),GPU%=0.70,CPU%=0.25(W0.34),CFL=12.64/16.29,ICFLp95=15.42,LD=0,SF=1.00,DpuScale=1.00,LP=0,DVFS=0,Preempt=360,PoseAgeP95=0.00
1789437410.013	90	90	0		456	6.15	10.62	360	40.0	0.70	FPS=90/90,Prd=29ms,Tear=0,Early=0,Stale=0,Stale2/5/10/max=0/0/0/0,VSnc=1,Lat=-4,Fov=0,CPU4/GPU=2/2,1382/456MHz,OC=3F,TA=0/38/0,SP=N/N/N,Mem=3196MHz,Free=3673MB,PLS=0,Temp=40.0C/0.0C,TW=1.11ms,App=6.15ms,GD=0.00ms,CPU&GPU=10.62ms,LCnt=1(DR90,LM0),GPU%=0.70,CPU%=0.25(W0.31),CFL=12.57/16.18,ICFLp95=15.43,LD=0,SF=1.00,DpuScale=1.00,LP=0,DVFS=0,Preempt=360,PoseAgeP95=0.00
1789437411.013	91	90	0		456	5.92	11.24	360	40.0	0.70	FPS=91/90,Prd=29ms,Tear=0,Early=0,Stale=0,Stale2/5/10/max=0/0/0/0,VSnc=1,Lat=-4,Fov=0,CPU4/GPU=2/2,1382/456MHz,OC=3F,TA=0/38/0,SP=N/N/N,Mem=2092MHz,Free=3673MB,PLS=0,Temp=40.0C/0.0C,TW=1.11ms,App=5.92ms,GD=0.00ms,CPU&GPU=11.24ms,LCnt=1(DR90,LM0),GPU%=0.70,CPU%=0.22(W0.29),CFL=12.61/16.28,ICFLp95=15.45,LD=0,SF=1.00,DpuScale=1.00,LP=0,DVFS=0,Preempt=360,PoseAgeP95=0.00
1789437412.013	90	90	0		456	6.21	10.86	358	40.0	0.70	FPS=90/90,Prd=29ms,Tear=0,Early=0,Stale=0,Stale2/5/10/max=0/0/0/0,VSnc=1,Lat=-4,Fov=0,CPU4/GPU=2/2,1382/456MHz,OC=3F,TA=0/38/0,SP=N/N/N,Mem=2092MHz,Free=3673MB,PLS=0,Temp=40.0C/0.0C,TW=1.11ms,App=6.21ms,GD=0.00ms,CPU&GPU=10.86ms,LCnt=1(DR90,LM0),GPU%=0.70,CPU%=0.23(W0.25),CFL=12.59/16.10,ICFLp95=15.33,LD=0,SF=1.00,DpuScale=1.00,LP=0,DVFS=0,Preempt=358,PoseAgeP95=0.00
1789437413.013	91	90	0		456	6.16	11.38	362	40.0	0.71	FPS=91/90,Prd=29ms,Tear=1,Early=0,Stale=0,Stale2/5/10/max=0/0/0/0,VSnc=1,Lat=-4,Fov=0,CPU4/GPU=2/2,1382/456MHz,OC=3F,TA=0/38/0,SP=N/N/N,Mem=2092MHz,Free=3673MB,PLS=0,Temp=40.0C/0.0C,TW=1.14ms,App=6.16ms,GD=0.00ms,CPU&GPU=11.38ms,LCnt=1(DR91,LM0),GPU%=0.71,CPU%=0.21(W0.32),CFL=12.51/16.07,ICFLp95=15.48,LD=0,SF=1.00,DpuScale=1.00,LP=0,DVFS=0,Preempt=362,PoseAgeP95=0.00
1789437414.013	91	90	0		456	6.17	12.15	358	40.0	0.70	FPS=91/90,Prd=29ms,Tear=0,Early=0,Stale=0,Stale2/5/10/max=0/0/0/0,VSnc=1,Lat=-4,Fov=0,CPU4/GPU=2/2,1382/456MHz,OC=3F,TA=0/38/0,SP=N/N/N,Mem=2092MHz,Free=3673MB,PLS=0,Temp=40.0C/0.0C,TW=1.10ms,App=6.17ms,GD=0.00ms,CPU&GPU=12.15ms,LCnt=1(DR90,LM0),GPU%=0.70,CPU%=0.22(W0.24),CFL=12.68/16.17,ICFLp95=15.37,LD=0,SF=1.00,DpuScale=1.00,LP=0,DVFS=0,Preempt=358,PoseAgeP95=0.00
1789437415.014	90	90	0		456	6.16	10.59	360	40.0	0.70	FPS=90/90,Prd=29ms,Tear=0,Early=0,Stale=0,Stale2/5/10/max=0/0/0/0,VSnc=1,Lat=-4,Fov=0,CPU4/GPU=2/2,1382/456MHz,OC=3F,TA=0/38/0,SP=N/N/N,Mem=2092MHz,Free=3673MB,PLS=0,Temp=40.0C/0.0C,TW=1.13ms,App=6.16ms,GD=0.00ms,CPU&GPU=10.59ms,LCnt=1(DR90,LM0),GPU%=0.70,CPU%=0.22(W0.29),CFL=12.58/16.09,ICFLp95=15.35,LD=0,SF=1.00,DpuScale=1.00,LP=0,DVFS=0,Preempt=360,PoseAgeP95=0.00
1789437416.038	91	90	0		456	6.33	11.74	364	40.0	0.71	FPS=91/90,Prd=29ms,Tear=0,Early=0,Stale=0,Stale2/5/10/max=0/0/0/0,VSnc=1,Lat=-4,Fov=0,CPU4/GPU=2/2,1382/456MHz,OC=3F,TA=0/38/0,SP=N/N/N,Mem=2092MHz,Free=3664MB,PLS=0,Temp=40.0C/0.0C,TW=1.12ms,App=6.33ms,GD=0.00ms,CPU&GPU=11.74ms,LCnt=1(DR91,LM0),GPU%=0.71,CPU%=0.23(W0.32),CFL=12.54/16.12,ICFLp95=15.40,LD=0,SF=1.00,DpuScale=1.00,LP=0,DVFS=0,Preempt=364,PoseAgeP95=0.00
1789437417.014	91	90	0		456	6.27	11.33	360	40.0	0.71	FPS=91/90,Prd=29ms,Tear=0,Early=0,Stale=0,Stale2/5/10/max=0/0/0/0,VSnc=1,Lat=-4,Fov=0,CPU4/GPU=2/2,1382/456MHz,OC=3F,TA=0/38/0,SP=N/N/N,Mem=2092MHz,Free=3664MB,PLS=0,Temp=40.0C/0.0C,TW=1.10ms,App=6.27ms,GD=0.00ms,CPU&GPU=11.33ms,LCnt=1(DR90,LM0),GPU%=0.71,CPU%=0.21(W0.27),CFL=12.50/16.06,ICFLp95=15.30,LD=0,SF=1.00,DpuScale=1.00,LP=0,DVFS=0,Preempt=360,PoseAgeP95=0.00
1789437418.014	90	90	0		456	6.22	11.01	360	40.0	0.70	FPS=90/90,Prd=29ms,Tear=0,Early=0,Stale=0,Stale2/5/10/max=0/0/0/0,VSnc=1,Lat=-4,Fov=0,CPU4/GPU=2/2,1382/456MHz,OC=3F,TA=0/38/0,SP=N/N/N,Mem=2092MHz,Free=3664MB,PLS=0,Temp=40.0C/0.0C,TW=1.12ms,App=6.22ms,GD=0.00ms,CPU&GPU=11.01ms,LCnt=1(DR90,LM0),GPU%=0.70,CPU%=0.20(W0.24),CFL=12.74/16.25,ICFLp95=15.43,LD=0,SF=1.00,DpuScale=1.00,LP=0,DVFS=0,Preempt=360,PoseAgeP95=0.00
1789437419.014	90	90	0		456	6.16	10.56	360	40.0	0.69	FPS=90/90,Prd=29ms,Tear=0,Early=0,Stale=0,Stale2/5/10/max=0/0/0/0,VSnc=1,Lat=-4,Fov=0,CPU4/GPU=2/2,1382/456MHz,OC=3F,TA=0/38/0,SP=N/N/N,Mem=2092MHz,Free=3664MB,PLS=0,Temp=40.0C/0.0C,TW=1.12ms,App=6.16ms,GD=0.00ms,CPU&GPU=10.56ms,LCnt=1(DR90,LM0),GPU%=0.69,CPU%=0.23(W0.28),CFL=12.43/16.17,ICFLp95=15.36,LD=0,SF=1.00,DpuScale=1.00,LP=0,DVFS=0,Preempt=360,PoseAgeP95=0.00
1789437420.014	91	90	0		456	6.09	11.07	360	40.0	0.68	FPS=91/90,Prd=29ms,Tear=0,Early=0,Stale=0,Stale2/5/10/max=0/0/0/0,VSnc=1,Lat=-4,Fov=0,CPU4/GPU=2/2,1382/456MHz,OC=3F,TA=0/38/0,SP=N/N/N,Mem=2092MHz,Free=3664MB,PLS=0,Temp=40.0C/0.0C,TW=1.12ms,App=6.09ms,GD=0.00ms,CPU&GPU=11.07ms,LCnt=1(DR90,LM0),GPU%=0.68,CPU%=0.22(W0.28),CFL=12.49/16.11,ICFLp95=15.41,LD=0,SF=1.00,DpuScale=1.00,LP=0,DVFS=0,Preempt=360,PoseAgeP95=0.00
1789437421.014	91	90	0		456	6.09	10.52	358	40.0	0.69	FPS=91/90,Prd=28ms,Tear=0,Early=0,Stale=0,Stale2/5/10/max=0/0/0/0,VSnc=1,Lat=-4,Fov=0,CPU4/GPU=2/2,1382/456MHz,OC=3F,TA=0/38/0,SP=N/N/N,Mem=2092MHz,Free=3664MB,PLS=0,Temp=40.0C/0.0C,TW=1.13ms,App=6.09ms,GD=0.00ms,CPU&GPU=10.52ms,LCnt=1(DR90,LM0),GPU%=0.69,CPU%=0.22(W0.31),CFL=12.57/16.36,ICFLp95=15.57,LD=0,SF=1.00,DpuScale=1.00,LP=0,DVFS=0,Preempt=358,PoseAgeP95=0.00
1789437422.014	91	90	0		456	6.00	11.11	358	40.0	0.69	FPS=91/90,Prd=29ms,Tear=0,Early=0,Stale=0,Stale2/5/10/max=0/0/0/0,VSnc=1,Lat=-4,Fov=0,CPU4/GPU=2/2,1382/456MHz,OC=3F,TA=0/38/0,SP=N/N/N,Mem=2092MHz,Free=3664MB,PLS=0,Temp=40.0C/0.0C,TW=1.14ms,App=6.00ms,GD=0.00ms,CPU&GPU=11.11ms,LCnt=1(DR90,LM0),GPU%=0.69,CPU%=0.23(W0.28),CFL=12.53/16.28,ICFLp95=15.33,LD=0,SF=1.00,DpuScale=1.00,LP=0,DVFS=0,Preempt=358,PoseAgeP95=0.00
1789437423.014	90	90	0		456	5.99	10.88	360	40.0	0.68	FPS=90/90,Prd=29ms,Tear=0,Early=0,Stale=0,Stale2/5/10/max=0/0/0/0,VSnc=1,Lat=-4,Fov=0,CPU4/GPU=2/2,1382/456MHz,OC=3F,TA=0/38/0,SP=N/N/N,Mem=2092MHz,Free=3664MB,PLS=0,Temp=40.0C/0.0C,TW=1.12ms,App=5.99ms,GD=0.00ms,CPU&GPU=10.88ms,LCnt=1(DR90,LM0),GPU%=0.68,CPU%=0.22(W0.30),CFL=12.58/16.33,ICFLp95=15.55,LD=0,SF=1.00,DpuScale=1.00,LP=0,DVFS=0,Preempt=360,PoseAgeP95=0.00
1789437424.014	90	90	0		456	6.08	10.87	358	40.0	0.69	FPS=90/90,Prd=28ms,Tear=0,Early=0,Stale=0,Stale2/5/10/max=0/0/0/0,VSnc=1,Lat=-4,Fov=0,CPU4/GPU=2/2,1382/456MHz,OC=3F,TA=0/38/0,SP=N/N/N,Mem=2092MHz,Free=3664MB,PLS=0,Temp=40.0C/0.0C,TW=1.14ms,App=6.08ms,GD=0.00ms,CPU&GPU=10.87ms,LCnt=1(DR90,LM0),GPU%=0.69,CPU%=0.22(W0.27),CFL=12.54/16.30,ICFLp95=15.46,LD=0,SF=1.00,DpuScale=1.00,LP=0,DVFS=0,Preempt=358,PoseAgeP95=0.00
1789437425.014	91	90	0		456	6.27	11.20	358	40.0	0.69	FPS=91/90,Prd=28ms,Tear=0,Early=0,Stale=0,Stale2/5/10/max=0/0/0/0,VSnc=1,Lat=-4,Fov=0,CPU4/GPU=2/2,1382/456MHz,OC=3F,TA=0/38/0,SP=N/N/N,Mem=2092MHz,Free=3664MB,PLS=0,Temp=40.0C/0.0C,TW=1.13ms,App=6.27ms,GD=0.00ms,CPU&GPU=11.20ms,LCnt=1(DR90,LM0),GPU%=0.69,CPU%=0.22(W0.27),CFL=12.43/16.15,ICFLp95=15.42,LD=0,SF=1.00,DpuScale=1.00,LP=0,DVFS=0,Preempt=358,PoseAgeP95=0.00
1789437426.014	91	90	0		456	6.37	11.92	362	40.0	0.71	FPS=91/90,Prd=29ms,Tear=1,Early=0,Stale=0,Stale2/5/10/max=0/0/0/0,VSnc=1,Lat=-4,Fov=0,CPU4/GPU=2/2,1382/456MHz,OC=3F,TA=0/38/0,SP=N/N/N,Mem=2092MHz,Free=3664MB,PLS=0,Temp=40.0C/0.0C,TW=1.16ms,App=6.37ms,GD=0.00ms,CPU&GPU=11.92ms,LCnt=1(DR91,LM0),GPU%=0.71,CPU%=0.24(W0.33),CFL=12.42/16.18,ICFLp95=15.52,LD=0,SF=1.00,DpuScale=1.00,LP=0,DVFS=0,Preempt=362,PoseAgeP95=0.00
1789437427.014	91	90	0		456	6.29	11.73	360	40.0	0.71	FPS=91/90,Prd=29ms,Tear=0,Early=0,Stale=0,Stale2/5/10/max=0/0/0/0,VSnc=1,Lat=-4,Fov=0,CPU4/GPU=2/2,1382/456MHz,OC=3F,TA=0/38/0,SP=N/N/N,Mem=2092MHz,Free=3664MB,PLS=0,Temp=40.0C/0.0C,TW=1.10ms,App=6.29ms,GD=0.00ms,CPU&GPU=11.73ms,LCnt=1(DR90,LM0),GPU%=0.71,CPU%=0.24(W0.26),CFL=13.13/16.41,ICFLp95=15.62,LD=0,SF=1.00,DpuScale=1.00,LP=0,DVFS=0,Preempt=360,PoseAgeP95=0.00
1789437428.014	90	90	0		456	6.27	11.80	358	40.0	0.71	FPS=90/90,Prd=29ms,Tear=0,Early=0,Stale=0,Stale2/5/10/max=0/0/0/0,VSnc=1,Lat=-4,Fov=0,CPU4/GPU=2/2,1382/456MHz,OC=3F,TA=0/38/0,SP=N/N/N,Mem=2092MHz,Free=3664MB,PLS=0,Temp=40.0C/0.0C,TW=1.12ms,App=6.27ms,GD=0.00ms,CPU&GPU=11.80ms,LCnt=1(DR90,LM0),GPU%=0.71,CPU%=0.24(W0.29),CFL=13.11/16.60,ICFLp95=15.68,LD=0,SF=1.00,DpuScale=1.00,LP=0,DVFS=0,Preempt=358,PoseAgeP95=0.00
1789437429.015	90	90	0		456	6.23	11.57	364	40.0	0.71	FPS=90/90,Prd=29ms,Tear=1,Early=0,Stale=0,Stale2/5/10/max=0/0/0/0,VSnc=1,Lat=-4,Fov=0,CPU4/GPU=2/2,1382/456MHz,OC=3F,TA=0/38/0,SP=N/N/N,Mem=2092MHz,Free=3664MB,PLS=0,Temp=40.0C/0.0C,TW=1.12ms,App=6.23ms,GD=0.00ms,CPU&GPU=11.57ms,LCnt=1(DR91,LM0),GPU%=0.71,CPU%=0.23(W0.30),CFL=12.78/16.30,ICFLp95=15.53,LD=0,SF=1.00,DpuScale=1.00,LP=0,DVFS=0,Preempt=364,PoseAgeP95=0.00
1789437430.015	90	90	0		456	6.21	11.22	360	40.0	0.71	FPS=90/90,Prd=29ms,Tear=0,Early=0,Stale=0,Stale2/5/10/max=0/0/0/0,VSnc=1,Lat=-4,Fov=0,CPU4/GPU=2/2,1382/456MHz,OC=3F,TA=0/38/0,SP=N/N/N,Mem=2092MHz,Free=3664MB,PLS=0,Temp=40.0C/0.0C,TW=1.13ms,App=6.21ms,GD=0.00ms,CPU&GPU=11.22ms,LCnt=1(DR90,LM0),GPU%=0.71,CPU%=0.22(W0.29),CFL=12.87/16.25,ICFLp95=15.54,LD=0,SF=1.00,DpuScale=1.00,LP=0,DVFS=0,Preempt=360,PoseAgeP95=0.00
1789437431.015	91	90	0		456	6.23	11.08	364	40.0	0.71	FPS=91/90,Prd=29ms,Tear=0,Early=0,Stale=0,Stale2/5/10/max=0/0/0/0,VSnc=1,Lat=-4,Fov=0,CPU4/GPU=2/2,1382/456MHz,OC=3F,TA=0/38/0,SP=N/N/N,Mem=2092MHz,Free=3664MB,PLS=0,Temp=40.0C/0.0C,TW=1.13ms,App=6.23ms,GD=0.00ms,CPU&GPU=11.08ms,LCnt=1(DR91,LM0),GPU%=0.71,CPU%=0.22(W0.30),CFL=12.72/16.37,ICFLp95=15.52,LD=0,SF=1.00,DpuScale=1.00,LP=0,DVFS=0,Preempt=364,PoseAgeP95=0.00
1789437432.015	90	90	0		456	6.11	11.17	360	40.0	0.70	FPS=90/90,Prd=29ms,Tear=0,Early=0,Stale=0,Stale2/5/10/max=0/0/0/0,VSnc=1,Lat=-4,Fov=0,CPU4/GPU=2/2,1382/456MHz,OC=3F,TA=0/38/0,SP=N/N/N,Mem=2092MHz,Free=3664MB,PLS=0,Temp=40.0C/0.0C,TW=1.14ms,App=6.11ms,GD=0.00ms,CPU&GPU=11.17ms,LCnt=1(DR90,LM0),GPU%=0.70,CPU%=0.20(W0.30),CFL=12.77/16.22,ICFLp95=15.48,LD=0,SF=1.00,DpuScale=1.00,LP=0,DVFS=0,Preempt=360,PoseAgeP95=0.00
1789437433.015	90	90	0		456	6.17	10.78	360	40.0	0.70	FPS=90/90,Prd=29ms,Tear=0,Early=0,Stale=0,Stale2/5/10/max=0/0/0/0,VSnc=1,Lat=-4,Fov=0,CPU4/GPU=2/2,1382/456MHz,OC=3F,TA=0/38/0,SP=N/N/N,Mem=2092MHz,Free=3664MB,PLS=0,Temp=40.0C/0.0C,TW=1.14ms,App=6.17ms,GD=0.00ms,CPU&GPU=10.78ms,LCnt=1(DR90,LM0),GPU%=0.70,CPU%=0.20(W0.27),CFL=12.59/16.14,ICFLp95=15.37,LD=0,SF=1.00,DpuScale=1.00,LP=0,DVFS=0,Preempt=360,PoseAgeP95=0.00
1789437434.015	91	90	0		456	6.34	11.03	364	40.0	0.70	FPS=91/90,Prd=29ms,Tear=0,Early=0,Stale=0,Stale2/5/10/max=0/0/0/0,VSnc=1,Lat=-4,Fov=0,CPU4/GPU=2/2,1382/456MHz,OC=3F,TA=0/38/0,SP=N/N/N,Mem=2092MHz,Free=3664MB,PLS=0,Temp=40.0C/0.0C,TW=1.12ms,App=6.34ms,GD=0.00ms,CPU&GPU=11.03ms,LCnt=1(DR91,LM0),GPU%=0.70,CPU%=0.22(W0.26),CFL=12.34/16.03,ICFLp95=15.35,LD=0,SF=1.00,DpuScale=1.00,LP=0,DVFS=0,Preempt=364,PoseAgeP95=0.00
1789437435.015	91	90	0		456	6.17	11.51	362	40.0	0.71	FPS=91/90,Prd=29ms,Tear=1,Early=0,Stale=0,Stale2/5/10/max=0/0/0/0,VSnc=1,Lat=-4,Fov=0,CPU4/GPU=2/2,1382/456MHz,OC=3F,TA=0/38/0,SP=N/N/N,Mem=2092MHz,Free=3664MB,PLS=0,Temp=40.0C/0.0C,TW=1.12ms,App=6.17ms,GD=0.00ms,CPU&GPU=11.51ms,LCnt=1(DR91,LM0),GPU%=0.71,CPU%=0.24(W0.33),CFL=12.60/16.31,ICFLp95=15.54,LD=0,SF=1.00,DpuScale=1.00,LP=0,DVFS=0,Preempt=362,PoseAgeP95=0.00
1789437436.038	91	90	0		456	6.30	10.84	360	40.0	0.71	FPS=91/90,Prd=29ms,Tear=0,Early=0,Stale=0,Stale2/5/10/max=0/0/0/0,VSnc=1,Lat=-4,Fov=0,CPU4/GPU=2/2,1382/456MHz,OC=3F,TA=0/38/0,SP=N/N/N,Mem=2092MHz,Free=3664MB,PLS=0,Temp=40.0C/0.0C,TW=1.11ms,App=6.30ms,GD=0.00ms,CPU&GPU=10.84ms,LCnt=1(DR90,LM0),GPU%=0.71,CPU%=0.22(W0.35),CFL=12.84/16.13,ICFLp95=15.47,LD=0,SF=1.00,DpuScale=1.00,LP=0,DVFS=0,Preempt=360,PoseAgeP95=0.00
1789437437.015	91	90	0		456	6.19	11.01	360	40.0	0.70	FPS=91/90,Prd=29ms,Tear=0,Early=0,Stale=0,Stale2/5/10/max=0/0/0/0,VSnc=1,Lat=-4,Fov=0,CPU4/GPU=2/2,1382/456MHz,OC=3F,TA=0/38/0,SP=N/N/N,Mem=2092MHz,Free=3664MB,PLS=0,Temp=40.0C/0.0C,TW=1.11ms,App=6.19ms,GD=0.00ms,CPU&GPU=11.01ms,LCnt=1(DR90,LM0),GPU%=0.70,CPU%=0.19(W0.24),CFL=12.91/16.17,ICFLp95=15.44,LD=0,SF=1.00,DpuScale=1.00,LP=0,DVFS=0,Preempt=360,PoseAgeP95=0.00
1789437438.015	90	90	0		456	6.27	11.30	364	40.0	0.71	FPS=90/90,Prd=29ms,Tear=1,Early=0,Stale=0,Stale2/5/10/max=0/0/0/0,VSnc=1,Lat=-4,Fov=0,CPU4/GPU=2/2,1382/456MHz,OC=3F,TA=0/38/0,SP=N/N/N,Mem=2092MHz,Free=3664MB,PLS=0,Temp=40.0C/0.0C,TW=1.12ms,App=6.27ms,GD=0.00ms,CPU&GPU=11.30ms,LCnt=1(DR91,LM0),GPU%=0.71,CPU%=0.23(W0.27),CFL=12.63/16.10,ICFLp95=15.47,LD=0,SF=1.00,DpuScale=1.00,LP=0,DVFS=0,Preempt=364,PoseAgeP95=0.00
1789437439.015	90	90	0		456	6.17	11.06	360	40.0	0.71	FPS=90/90,Prd=29ms,Tear=0,Early=0,Stale=0,Stale2/5/10/max=0/0/0/0,VSnc=1,Lat=-4,Fov=0,CPU4/GPU=2/2,1382/456MHz,OC=3F,TA=0/38/0,SP=N/N/N,Mem=2092MHz,Free=3664MB,PLS=0,Temp=40.0C/0.0C,TW=1.09ms,App=6.17ms,GD=0.00ms,CPU&GPU=11.06ms,LCnt=1(DR90,LM0),GPU%=0.71,CPU%=0.21(W0.22),CFL=12.93/16.24,ICFLp95=15.43,LD=0,SF=1.00,DpuScale=1.00,LP=0,DVFS=0,Preempt=360,PoseAgeP95=0.00
1789437440.015	90	90	0		456	6.22	11.07	360	40.0	0.71	FPS=90/90,Prd=29ms,Tear=0,Early=0,Stale=0,Stale2/5/10/max=0/0/0/0,VSnc=1,Lat=-4,Fov=0,CPU4/GPU=2/2,1382/456MHz,OC=3F,TA=0/38/0,SP=N/N/N,Mem=2092MHz,Free=3664MB,PLS=0,Temp=40.0C/0.0C,TW=1.12ms,App=6.22ms,GD=0.00ms,CPU&GPU=11.07ms,LCnt=1(DR90,LM0),GPU%=0.71,CPU%=0.21(W0.26),CFL=12.96/16.04,ICFLp95=15.44,LD=0,SF=1.00,DpuScale=1.00,LP=0,DVFS=0,Preempt=360,PoseAgeP95=0.00
1789437441.015	90	90	0		456	6.26	11.03	364	40.0	0.71	FPS=90/90,Prd=29ms,Tear=1,Early=0,Stale=0,Stale2/5/10/max=0/0/0/0,VSnc=1,Lat=-4,Fov=0,CPU4/GPU=2/2,1382/456MHz,OC=3F,TA=0/38/0,SP=N/N/N,Mem=2736MHz,Free=3664MB,PLS=0,Temp=40.0C/0.0C,TW=1.12ms,App=6.26ms,GD=0.00ms,CPU&GPU=11.03ms,LCnt=1(DR91,LM0),GPU%=0.71,CPU%=0.23(W0.33),CFL=12.82/16.34,ICFLp95=15.55,LD=0,SF=1.00,DpuScale=1.00,LP=0,DVFS=0,Preempt=364,PoseAgeP95=0.00
1789437442.016	90	90	0		456	6.25	10.99	360	40.0	0.71	FPS=90/90,Prd=29ms,Tear=0,Early=0,Stale=0,Stale2/5/10/max=0/0/0/0,VSnc=1,Lat=-4,Fov=0,CPU4/GPU=2/2,1382/456MHz,OC=3F,TA=0/38/0,SP=N/N/N,Mem=2736MHz,Free=3664MB,PLS=0,Temp=40.0C/0.0C,TW=1.12ms,App=6.25ms,GD=0.00ms,CPU&GPU=10.99ms,LCnt=1(DR90,LM0),GPU%=0.71,CPU%=0.23(W0.30),CFL=12.95/16.20,ICFLp95=15.48,LD=0,SF=1.00,DpuScale=1.00,LP=0,DVFS=0,Preempt=360,PoseAgeP95=0.00
1789437443.016	91	90	0		456	6.24	11.07	360	40.0	0.71	FPS=91/90,Prd=29ms,Tear=0,Early=0,Stale=0,Stale2/5/10/max=0/0/0/0,VSnc=1,Lat=-4,Fov=0,CPU4/GPU=2/2,1382/456MHz,OC=3F,TA=0/38/0,SP=N/N/N,Mem=2736MHz,Free=3664MB,PLS=0,Temp=40.0C/0.0C,TW=1.12ms,App=6.24ms,GD=0.00ms,CPU&GPU=11.07ms,LCnt=1(DR90,LM0),GPU%=0.71,CPU%=0.20(W0.21),CFL=12.81/16.17,ICFLp95=15.41,LD=0,SF=1.00,DpuScale=1.00,LP=0,DVFS=0,Preempt=360,PoseAgeP95=0.00
1789437444.016	90	90	0		456	6.02	11.16	360	40.0	0.70	FPS=90/90,Prd=29ms,Tear=0,Early=0,Stale=0,Stale2/5/10/max=0/0/0/0,VSnc=1,Lat=-4,Fov=0,CPU4/GPU=2/2,1382/456MHz,OC=3F,TA=0/38/0,SP=N/N/N,Mem=2736MHz,Free=3664MB,PLS=0,Temp=40.0C/0.0C,TW=1.12ms,App=6.02ms,GD=0.00ms,CPU&GPU=11.16ms,LCnt=1(DR90,LM0),GPU%=0.70,CPU%=0.23(W0.29),CFL=12.56/16.12,ICFLp95=15.30,LD=0,SF=1.00,DpuScale=1.00,LP=0,DVFS=0,Preempt=360,PoseAgeP95=0.00
1789437445.016	90	90	0		456	6.10	10.28	360	40.0	0.69	FPS=90/90,Prd=28ms,Tear=0,Early=0,Stale=0,Stale2/5/10/max=0/0/0/0,VSnc=1,Lat=-4,Fov=0,CPU4/GPU=2/2,1382/456MHz,OC=3F,TA=0/38/0,SP=N/N/N,Mem=2736MHz,Free=3664MB,PLS=0,Temp=40.0C/0.0C,TW=1.10ms,App=6.10ms,GD=0.00ms,CPU&GPU=10.28ms,LCnt=1(DR90,LM0),GPU%=0.69,CPU%=0.22(W0.38),CFL=12.57/16.21,ICFLp95=15.40,LD=0,SF=1.00,DpuScale=1.00,LP=0,DVFS=0,Preempt=360,PoseAgeP95=0.00
1789437446.016	90	90	0		456	6.02	10.31	360	40.0	0.68	FPS=90/90,Prd=28ms,Tear=0,Early=0,Stale=0,Stale2/5/10/max=0/0/0/0,VSnc=1,Lat=-4,Fov=0,CPU4/GPU=2/2,1382/456MHz,OC=3F,TA=0/38/0,SP=N/N/N,Mem=2736MHz,Free=3664MB,PLS=0,Temp=40.0C/0.0C,TW=1.10ms,App=6.02ms,GD=0.00ms,CPU&GPU=10.31ms,LCnt=1(DR90,LM0),GPU%=0.68,CPU%=0.22(W0.30),CFL=12.50/16.20,ICFLp95=15.34,LD=0,SF=1.00,DpuScale=1.00,LP=0,DVFS=0,Preempt=360,PoseAgeP95=0.00
1789437447.016	91	90	0		456	6.46	11.09	364	40.0	0.71	FPS=91/90,Prd=28ms,Tear=0,Early=0,Stale=0,Stale2/5/10/max=0/0/0/0,VSnc=1,Lat=-4,Fov=0,CPU4/GPU=2/2,1382/456MHz,OC=3F,TA=0/38/0,SP=N/N/N,Mem=2736MHz,Free=3664MB,PLS=0,Temp=40.0C/0.0C,TW=1.16ms,App=6.46ms,GD=0.00ms,CPU&GPU=11.09ms,LCnt=1(DR91,LM0),GPU%=0.71,CPU%=0.23(W0.39),CFL=12.46/16.06,ICFLp95=15.29,LD=0,SF=1.00,DpuScale=1.00,LP=0,DVFS=0,Preempt=364,PoseAgeP95=0.00
1789437448.016	91	90	0		456	6.09	11.26	364	40.0	0.70	FPS=91/90,Prd=29ms,Tear=1,Early=0,Stale=0,Stale2/5/10/max=0/0/0/0,VSnc=1,Lat=-4,Fov=0,CPU4/GPU=2/2,1382/456MHz,OC=3F,TA=0/38/0,SP=N/N/N,Mem=2736MHz,Free=3664MB,PLS=0,Temp=40.0C/0.0C,TW=1.00ms,App=6.09ms,GD=0.00ms,CPU&GPU=11.26ms,LCnt=1(DR91,LM0),GPU%=0.70,CPU%=0.22(W0.30),CFL=12.68/16.31,ICFLp95=15.57,LD=0,SF=1.00,DpuScale=1.00,LP=0,DVFS=0,Preempt=364,PoseAgeP95=0.00
1789437449.016	90	90	0		456	5.91	10.75	358	40.0	0.68	FPS=90/90,Prd=29ms,Tear=0,Early=0,Stale=0,Stale2/5/10/max=0/0/0/0,VSnc=1,Lat=-4,Fov=0,CPU4/GPU=2/2,1382/456MHz,OC=3F,TA=0/38/0,SP=N/N/N,Mem=2736MHz,Free=3664MB,PLS=0,Temp=40.0C/0.0C,TW=1.02ms,App=5.91ms,GD=0.00ms,CPU&GPU=10.75ms,LCnt=1(DR90,LM0),GPU%=0.68,CPU%=0.22(W0.23),CFL=13.01/16.40,ICFLp95=15.55,LD=0,SF=1.00,DpuScale=1.00,LP=0,DVFS=0,Preempt=358,PoseAgeP95=0.00
1789437450.016	90	90	0		456	5.97	10.08	358	40.0	0.67	FPS=90/90,Prd=28ms,Tear=0,Early=0,Stale=0,Stale2/5/10/max=0/0/0/0,VSnc=1,Lat=-4,Fov=0,CPU4/GPU=2/2,1382/456MHz,OC=3F,TA=0/38/0,SP=N/N/N,Mem=2736MHz,Free=3664MB,PLS=0,Temp=40.0C/0.0C,TW=1.02ms,App=5.97ms,GD=0.00ms,CPU&GPU=10.08ms,LCnt=1(DR90,LM0),GPU%=0.67,CPU%=0.24(W0.27),CFL=12.60/16.28,ICFLp95=15.31,LD=0,SF=1.00,DpuScale=1.00,LP=0,DVFS=0,Preempt=358,PoseAgeP95=0.00
1789437451.016	90	90	0		456	5.91	10.42	358	40.0	0.66	FPS=90/90,Prd=28ms,Tear=0,Early=0,Stale=0,Stale2/5/10/max=0/0/0/0,VSnc=1,Lat=-4,Fov=0,CPU4/GPU=2/2,1651/456MHz,OC=3F,TA=0/38/0,SP=N/N/N,Mem=2092MHz,Free=3664MB,PLS=0,Temp=40.0C/0.0C,TW=1.02ms,App=5.91ms,GD=0.00ms,CPU&GPU=10.42ms,LCnt=1(DR90,LM0),GPU%=0.66,CPU%=0.22(W0.32),CFL=12.46/16.09,ICFLp95=15.27,LD=0,SF=1.00,DpuScale=1.00,LP=0,DVFS=0,Preempt=358,PoseAgeP95=0.00
1789437452.016	90	90	0		456	5.94	10.16	358	40.0	0.67	FPS=90/90,Prd=28ms,Tear=0,Early=0,Stale=0,Stale2/5/10/max=0/0/0/0,VSnc=1,Lat=-4,Fov=0,CPU4/GPU=2/2,1651/456MHz,OC=3F,TA=0/38/0,SP=N/N/N,Mem=2092MHz,Free=3664MB,PLS=0,Temp=40.0C/0.0C,TW=1.02ms,App=5.94ms,GD=0.00ms,CPU&GPU=10.16ms,LCnt=1(DR90,LM0),GPU%=0.67,CPU%=0.21(W0.26),CFL=12.36/15.87,ICFLp95=15.13,LD=0,SF=1.00,DpuScale=1.00,LP=0,DVFS=0,Preempt=358,PoseAgeP95=0.00
1789437453.017	90	90	0		456	5.91	10.01	358	40.0	0.66	FPS=90/90,Prd=28ms,Tear=0,Early=0,Stale=0,Stale2/5/10/max=0/0/0/0,VSnc=1,Lat=-4,Fov=0,CPU4/GPU=2/2,1651/456MHz,OC=3F,TA=0/38/0,SP=N/N/N,Mem=2092MHz,Free=3664MB,PLS=0,Temp=40.0C/0.0C,TW=1.01ms,App=5.91ms,GD=0.00ms,CPU&GPU=10.01ms,LCnt=1(DR90,LM0),GPU%=0.66,CPU%=0.23(W0.29),CFL=12.40/16.15,ICFLp95=15.22,LD=0,SF=1.00,DpuScale=1.00,LP=0,DVFS=0,Preempt=358,PoseAgeP95=0.00
1789437454.017	90	90	0		456	5.94	9.98	360	40.0	0.66	FPS=90/90,Prd=28ms,Tear=0,Early=0,Stale=0,Stale2/5/10/max=0/0/0/0,VSnc=1,Lat=-4,Fov=0,CPU4/GPU=2/2,1651/456MHz,OC=3F,TA=0/38/0,SP=N/N/N,Mem=2092MHz,Free=3664MB,PLS=0,Temp=40.0C/0.0C,TW=1.02ms,App=5.94ms,GD=0.00ms,CPU&GPU=9.98ms,LCnt=1(DR90,LM0),GPU%=0.66,CPU%=0.20(W0.27),CFL=12.30/16.14,ICFLp95=15.29,LD=0,SF=1.00,DpuScale=1.00,LP=0,DVFS=0,Preempt=360,PoseAgeP95=0.00
1789437455.017	90	90	0		456	5.98	10.35	358	40.0	0.66	FPS=90/90,Prd=28ms,Tear=0,Early=0,Stale=0,Stale2/5/10/max=0/0/0/0,VSnc=1,Lat=-4,Fov=0,CPU4/GPU=2/2,1651/456MHz,OC=3F,TA=0/38/0,SP=N/N/N,Mem=2092MHz,Free=3664MB,PLS=0,Temp=40.0C/0.0C,TW=1.03ms,App=5.98ms,GD=0.00ms,CPU&GPU=10.35ms,LCnt=1(DR90,LM0),GPU%=0.66,CPU%=0.20(W0.24),CFL=12.37/16.24,ICFLp95=15.28,LD=0,SF=1.00,DpuScale=1.00,LP=0,DVFS=0,Preempt=358,PoseAgeP95=0.00
1789437456.038	91	90	0		456	5.94	10.47	360	40.0	0.66	FPS=91/90,Prd=28ms,Tear=0,Early=0,Stale=0,Stale2/5/10/max=0/0/0/0,VSnc=1,Lat=-4,Fov=0,CPU4/GPU=2/2,1651/456MHz,OC=3F,TA=0/38/0,SP=N/N/N,Mem=2092MHz,Free=3689MB,PLS=0,Temp=40.0C/0.0C,TW=1.03ms,App=5.94ms,GD=0.00ms,CPU&GPU=10.47ms,LCnt=1(DR90,LM0),GPU%=0.66,CPU%=0.22(W0.23),CFL=12.31/16.06,ICFLp95=15.22,LD=0,SF=1.00,DpuScale=1.00,LP=0,DVFS=0,Preempt=360,PoseAgeP95=0.00
1789437457.017	90	90	0		456	5.92	10.22	360	40.0	0.66	FPS=90/90,Prd=28ms,Tear=0,Early=0,Stale=0,Stale2/5/10/max=0/0/0/0,VSnc=1,Lat=-4,Fov=0,CPU4/GPU=2/2,1651/456MHz,OC=3F,TA=0/38/0,SP=N/N/N,Mem=2092MHz,Free=3689MB,PLS=0,Temp=40.0C/0.0C,TW=1.03ms,App=5.92ms,GD=0.00ms,CPU&GPU=10.22ms,LCnt=1(DR90,LM0),GPU%=0.66,CPU%=0.21(W0.34),CFL=12.26/15.98,ICFLp95=15.26,LD=0,SF=1.00,DpuScale=1.00,LP=0,DVFS=0,Preempt=360,PoseAgeP95=0.00
1789437458.017	91	90	0		456	5.94	10.01	360	40.0	0.66	FPS=91/90,Prd=28ms,Tear=0,Early=0,Stale=0,Stale2/5/10/max=0/0/0/0,VSnc=1,Lat=-4,Fov=0,CPU4/GPU=2/2,1651/456MHz,OC=3F,TA=0/38/0,SP=N/N/N,Mem=2092MHz,Free=3689MB,PLS=0,Temp=40.0C/0.0C,TW=1.03ms,App=5.94ms,GD=0.00ms,CPU&GPU=10.01ms,LCnt=1(DR90,LM0),GPU%=0.66,CPU%=0.23(W0.31),CFL=12.33/16.01,ICFLp95=15.23,LD=0,SF=1.00,DpuScale=1.00,LP=0,DVFS=0,Preempt=360,PoseAgeP95=0.00
1789437459.017	91	90	0		456	5.91	10.24	358	40.0	0.66	FPS=91/90,Prd=28ms,Tear=0,Early=0,Stale=0,Stale2/5/10/max=0/0/0/0,VSnc=1,Lat=-4,Fov=0,CPU4/GPU=2/2,1651/456MHz,OC=3F,TA=0/38/0,SP=N/N/N,Mem=2092MHz,Free=3689MB,PLS=0,Temp=40.0C/0.0C,TW=1.02ms,App=5.91ms,GD=0.00ms,CPU&GPU=10.24ms,LCnt=1(DR90,LM0),GPU%=0.66,CPU%=0.21(W0.36),CFL=12.30/15.92,ICFLp95=15.23,LD=0,SF=1.00,DpuScale=1.00,LP=0,DVFS=0,Preempt=358,PoseAgeP95=0.00
1789437460.017	90	90	0		456	5.96	10.15	364	40.0	0.66	FPS=90/90,Prd=28ms,Tear=0,Early=0,Stale=0,Stale2/5/10/max=0/0/0/0,VSnc=1,Lat=-4,Fov=0,CPU4/GPU=2/2,1651/456MHz,OC=3F,TA=0/38/0,SP=N/N/N,Mem=2092MHz,Free=3689MB,PLS=0,Temp=40.0C/0.0C,TW=1.03ms,App=5.96ms,GD=0.00ms,CPU&GPU=10.15ms,LCnt=1(DR91,LM0),GPU%=0.66,CPU%=0.21(W0.29),CFL=12.22/16.22,ICFLp95=15.23,LD=0,SF=1.00,DpuScale=1.00,LP=0,DVFS=0,Preempt=364,PoseAgeP95=0.00
1789437461.017	90	90	0		456	5.98	10.18	358	40.0	0.66	FPS=90/90,Prd=28ms,Tear=0,Early=0,Stale=0,Stale2/5/10/max=0/0/0/0,VSnc=1,Lat=-4,Fov=0,CPU4/GPU=2/2,1382/456MHz,OC=3F,TA=0/38/0,SP=N/N/N,Mem=2736MHz,Free=3689MB,PLS=0,Temp=40.0C/0.0C,TW=1.03ms,App=5.98ms,GD=0.00ms,CPU&GPU=10.18ms,LCnt=1(DR90,LM0),GPU%=0.66,CPU%=0.24(W0.32),CFL=12.32/15.94,ICFLp95=15.21,LD=0,SF=1.00,DpuScale=1.00,LP=0,DVFS=0,Preempt=358,PoseAgeP95=0.00
1789437462.017	90	90	0		456	5.94	10.52	365	40.0	0.66	FPS=90/90,Prd=28ms,Tear=0,Early=0,Stale=0,Stale2/5/10/max=0/0/0/0,VSnc=1,Lat=-4,Fov=0,CPU4/GPU=2/2,1382/456MHz,OC=3F,TA=0/38/0,SP=N/N/N,Mem=2736MHz,Free=3689MB,PLS=0,Temp=40.0C/0.0C,TW=1.03ms,App=5.94ms,GD=0.00ms,CPU&GPU=10.52ms,LCnt=1(DR91,LM0),GPU%=0.66,CPU%=0.22(W0.28),CFL=12.38/15.98,ICFLp95=15.28,LD=0,SF=1.00,DpuScale=1.00,LP=0,DVFS=0,Preempt=365,PoseAgeP95=0.00
1789437463.017	91	90	0		456	5.92	10.44	359	40.0	0.66	FPS=91/90,Prd=28ms,Tear=0,Early=0,Stale=0,Stale2/5/10/max=0/0/0/0,VSnc=1,Lat=-4,Fov=0,CPU4/GPU=2/2,1382/456MHz,OC=3F,TA=0/38/0,SP=N/N/N,Mem=2736MHz,Free=3689MB,PLS=0,Temp=40.0C/0.0C,TW=1.02ms,App=5.92ms,GD=0.00ms,CPU&GPU=10.44ms,LCnt=1(DR90,LM0),GPU%=0.66,CPU%=0.23(W0.34),CFL=12.38/16.05,ICFLp95=15.27,LD=0,SF=1.00,DpuScale=1.00,LP=0,DVFS=0,Preempt=359,PoseAgeP95=0.00
1789437464.017	91	90	0		456	5.95	10.75	358	41.0	0.66	FPS=91/90,Prd=28ms,Tear=0,Early=0,Stale=0,Stale2/5/10/max=0/0/0/0,VSnc=1,Lat=-4,Fov=0,CPU4/GPU=2/2,1382/456MHz,OC=3F,TA=0/38/0,SP=N/N/N,Mem=2736MHz,Free=3689MB,PLS=0,Temp=41.0C/0.0C,TW=1.02ms,App=5.95ms,GD=0.00ms,CPU&GPU=10.75ms,LCnt=1(DR90,LM0),GPU%=0.66,CPU%=0.23(W0.35),CFL=12.33/15.94,ICFLp95=15.24,LD=0,SF=1.00,DpuScale=1.00,LP=0,DVFS=0,Preempt=358,PoseAgeP95=0.00
1789437465.018	91	90	0		456	5.98	10.31	360	41.0	0.66	FPS=91/90,Prd=28ms,Tear=0,Early=0,Stale=0,Stale2/5/10/max=0/0/0/0,VSnc=1,Lat=-4,Fov=0,CPU4/GPU=2/2,1382/456MHz,OC=3F,TA=0/38/0,SP=N/N/N,Mem=2736MHz,Free=3689MB,PLS=0,Temp=41.0C/0.0C,TW=1.02ms,App=5.98ms,GD=0.00ms,CPU&GPU=10.31ms,LCnt=1(DR90,LM0),GPU%=0.66,CPU%=0.23(W0.32),CFL=12.30/16.22,ICFLp95=15.28,LD=0,SF=1.00,DpuScale=1.00,LP=0,DVFS=0,Preempt=360,PoseAgeP95=0.00
1789437466.018	91	90	0		456	5.99	10.33	362	41.0	0.66	FPS=91/90,Prd=28ms,Tear=0,Early=0,Stale=0,Stale2/5/10/max=0/0/0/0,VSnc=1,Lat=-4,Fov=0,CPU4/GPU=2/2,1382/456MHz,OC=3F,TA=0/38/0,SP=N/N/N,Mem=2736MHz,Free=3689MB,PLS=0,Temp=41.0C/0.0C,TW=1.04ms,App=5.99ms,GD=0.00ms,CPU&GPU=10.33ms,LCnt=1(DR91,LM0),GPU%=0.66,CPU%=0.21(W0.29),CFL=12.35/15.96,ICFLp95=15.20,LD=0,SF=1.00,DpuScale=1.00,LP=0,DVFS=0,Preempt=362,PoseAgeP95=0.00
1789437467.018	91	90	0		456	5.97	10.22	360	41.0	0.66	FPS=91/90,Prd=28ms,Tear=0,Early=0,Stale=0,Stale2/5/10/max=0/0/0/0,VSnc=1,Lat=-4,Fov=0,CPU4/GPU=2/2,1382/456MHz,OC=3F,TA=0/38/0,SP=N/N/N,Mem=2736MHz,Free=3689MB,PLS=0,Temp=41.0C/0.0C,TW=1.02ms,App=5.97ms,GD=0.00ms,CPU&GPU=10.22ms,LCnt=1(DR90,LM0),GPU%=0.66,CPU%=0.23(W0.29),CFL=12.35/16.02,ICFLp95=15.27,LD=0,SF=1.00,DpuScale=1.00,LP=0,DVFS=0,Preempt=360,PoseAgeP95=0.00
1789437468.018	91	90	0		456	5.99	10.26	360	41.0	0.66	FPS=91/90,Prd=28ms,Tear=0,Early=0,Stale=0,Stale2/5/10/max=0/0/0/0,VSnc=1,Lat=-4,Fov=0,CPU4/GPU=2/2,1382/456MHz,OC=3F,TA=0/38/0,SP=N/N/N,Mem=2736MHz,Free=3689MB,PLS=0,Temp=41.0C/0.0C,TW=1.08ms,App=5.99ms,GD=0.00ms,CPU&GPU=10.26ms,LCnt=1(DR90,LM0),GPU%=0.66,CPU%=0.22(W0.25),CFL=12.36/16.12,ICFLp95=15.37,LD=0,SF=1.00,DpuScale=1.00,LP=0,DVFS=0,Preempt=360,PoseAgeP95=0.00
1789437469.018	91	90	0		456	5.95	10.56	362	41.0	0.67	FPS=91/90,Prd=28ms,Tear=0,Early=0,Stale=0,Stale2/5/10/max=0/0/0/0,VSnc=1,Lat=-4,Fov=0,CPU4/GPU=2/2,1382/456MHz,OC=3F,TA=0/38/0,SP=N/N/N,Mem=2736MHz,Free=3689MB,PLS=0,Temp=41.0C/0.0C,TW=1.05ms,App=5.95ms,GD=0.00ms,CPU&GPU=10.56ms,LCnt=1(DR91,LM0),GPU%=0.67,CPU%=0.22(W0.37),CFL=12.38/16.13,ICFLp95=15.27,LD=0,SF=1.00,DpuScale=1.00,LP=0,DVFS=0,Preempt=362,PoseAgeP95=0.00
1789437470.018	90	90	0		456	5.90	10.11	356	41.0	0.67	FPS=90/90,Prd=28ms,Tear=0,Early=0,Stale=0,Stale2/5/10/max=0/0/0/0,VSnc=1,Lat=-4,Fov=0,CPU4/GPU=2/2,1382/456MHz,OC=3F,TA=0/38/0,SP=N/N/N,Mem=2736MHz,Free=3689MB,PLS=0,Temp=41.0C/0.0C,TW=1.02ms,App=5.90ms,GD=0.00ms,CPU&GPU=10.11ms,LCnt=1(DR90,LM0),GPU%=0.67,CPU%=0.25(W0.28),CFL=12.50/16.09,ICFLp95=15.38,LD=0,SF=1.00,DpuScale=1.00,LP=0,DVFS=0,Preempt=356,PoseAgeP95=0.00
1789437471.018	90	90	0		456	5.93	10.55	358	41.0	0.66	FPS=90/90,Prd=28ms,Tear=0,Early=0,Stale=0,Stale2/5/10/max=0/0/0/0,VSnc=1,Lat=-4,Fov=0,CPU4/GPU=2/2,1382/456MHz,OC=3F,TA=0/38/0,SP=N/N/N,Mem=2736MHz,Free=3689MB,PLS=0,Temp=41.0C/0.0C,TW=1.02ms,App=5.93ms,GD=0.00ms,CPU&GPU=10.55ms,LCnt=1(DR90,LM0),GPU%=0.66,CPU%=0.21(W0.25),CFL=12.45/16.14,ICFLp95=15.31,LD=0,SF=1.00,DpuScale=1.00,LP=0,DVFS=0,Preempt=358,PoseAgeP95=0.00
1789437472.018	90	90	0		456	5.95	9.99	362	41.0	0.66	FPS=90/90,Prd=28ms,Tear=0,Early=0,Stale=0,Stale2/5/10/max=0/0/0/0,VSnc=1,Lat=-4,Fov=0,CPU4/GPU=2/2,1382/456MHz,OC=3F,TA=0/38/0,SP=N/N/N,Mem=2736MHz,Free=3689MB,PLS=0,Temp=41.0C/0.0C,TW=1.02ms,App=5.95ms,GD=0.00ms,CPU&GPU=9.99ms,LCnt=1(DR91,LM0),GPU%=0.66,CPU%=0.21(W0.24),CFL=12.38/15.95,ICFLp95=15.23,LD=0,SF=1.00,DpuScale=1.00,LP=0,DVFS=0,Preempt=362,PoseAgeP95=0.00
1789437473.018	91	90	0		456	5.95	10.34	358	41.0	0.66	FPS=91/90,Prd=28ms,Tear=0,Early=0,Stale=0,Stale2/5/10/max=0/0/0/0,VSnc=1,Lat=-4,Fov=0,CPU4/GPU=2/2,1382/456MHz,OC=3F,TA=0/38/0,SP=N/N/N,Mem=2736MHz,Free=3689MB,PLS=0,Temp=41.0C/0.0C,TW=1.02ms,App=5.95ms,GD=0.00ms,CPU&GPU=10.34ms,LCnt=1(DR90,LM0),GPU%=0.66,CPU%=0.23(W0.34),CFL=12.29/15.99,ICFLp95=15.23,LD=0,SF=1.00,DpuScale=1.00,LP=0,DVFS=0,Preempt=358,PoseAgeP95=0.00
1789437474.018	90	90	0		456	5.94	10.59	360	41.0	0.66	FPS=90/90,Prd=28ms,Tear=0,Early=0,Stale=0,Stale2/5/10/max=0/0/0/0,VSnc=1,Lat=-4,Fov=0,CPU4/GPU=2/2,1382/456MHz,OC=3F,TA=0/38/0,SP=N/N/N,Mem=2736MHz,Free=3689MB,PLS=0,Temp=41.0C/0.0C,TW=1.02ms,App=5.94ms,GD=0.00ms,CPU&GPU=10.59ms,LCnt=1(DR90,LM0),GPU%=0.66,CPU%=0.25(W0.31),CFL=12.33/15.93,ICFLp95=15.17,LD=0,SF=1.00,DpuScale=1.00,LP=0,DVFS=0,Preempt=360,PoseAgeP95=0.00
1789437475.018	90	90	0		456	5.91	10.64	358	41.0	0.66	FPS=90/90,Prd=28ms,Tear=0,Early=0,Stale=0,Stale2/5/10/max=0/0/0/0,VSnc=1,Lat=-4,Fov=0,CPU4/GPU=2/2,1382/456MHz,OC=3F,TA=0/38/0,SP=N/N/N,Mem=2736MHz,Free=3689MB,PLS=0,Temp=41.0C/0.0C,TW=1.01ms,App=5.91ms,GD=0.00ms,CPU&GPU=10.64ms,LCnt=1(DR90,LM0),GPU%=0.66,CPU%=0.25(W0.33),CFL=12.38/16.02,ICFLp95=15.26,LD=0,SF=1.00,DpuScale=1.00,LP=0,DVFS=0,Preempt=358,PoseAgeP95=0.00
1789437476.038	90	90	0		456	5.92	10.25	358	41.0	0.66	FPS=90/90,Prd=28ms,Tear=0,Early=0,Stale=0,Stale2/5/10/max=0/0/0/0,VSnc=1,Lat=-4,Fov=0,CPU4/GPU=2/2,1382/456MHz,OC=3F,TA=0/38/0,SP=N/N/N,Mem=2736MHz,Free=3687MB,PLS=0,Temp=41.0C/0.0C,TW=1.01ms,App=5.92ms,GD=0.00ms,CPU&GPU=10.25ms,LCnt=1(DR90,LM0),GPU%=0.66,CPU%=0.26(W0.31),CFL=12.22/16.14,ICFLp95=15.20,LD=0,SF=1.00,DpuScale=1.00,LP=0,DVFS=0,Preempt=358,PoseAgeP95=0.00
1789437477.018	90	90	0		456	5.90	10.19	362	41.0	0.66	FPS=90/90,Prd=28ms,Tear=0,Early=0,Stale=0,Stale2/5/10/max=0/0/0/0,VSnc=1,Lat=-4,Fov=0,CPU4/GPU=2/2,1382/456MHz,OC=3F,TA=0/38/0,SP=N/N/N,Mem=2736MHz,Free=3687MB,PLS=0,Temp=41.0C/0.0C,TW=1.01ms,App=5.90ms,GD=0.00ms,CPU&GPU=10.19ms,LCnt=1(DR91,LM0),GPU%=0.66,CPU%=0.24(W0.38),CFL=12.25/16.29,ICFLp95=15.23,LD=0,SF=1.00,DpuScale=1.00,LP=0,DVFS=0,Preempt=362,PoseAgeP95=0.00
1789437478.019	90	90	0		456	6.00	10.04	359	41.0	0.66	FPS=90/90,Prd=28ms,Tear=0,Early=0,Stale=0,Stale2/5/10/max=0/0/0/0,VSnc=1,Lat=-4,Fov=0,CPU4/GPU=2/2,1382/456MHz,OC=3F,TA=0/38/0,SP=N/N/N,Mem=2736MHz,Free=3687MB,PLS=0,Temp=41.0C/0.0C,TW=1.02ms,App=6.00ms,GD=0.00ms,CPU&GPU=10.04ms,LCnt=1(DR90,LM0),GPU%=0.66,CPU%=0.25(W0.32),CFL=12.41/16.00,ICFLp95=15.31,LD=0,SF=1.00,DpuScale=1.00,LP=0,DVFS=0,Preempt=359,PoseAgeP95=0.00
1789437479.019	90	90	0		456	5.92	10.47	357	41.0	0.66	FPS=90/90,Prd=28ms,Tear=0,Early=0,Stale=0,Stale2/5/10/max=0/0/0/0,VSnc=1,Lat=-4,Fov=0,CPU4/GPU=2/2,1382/456MHz,OC=3F,TA=0/38/0,SP=N/N/N,Mem=2736MHz,Free=3687MB,PLS=0,Temp=41.0C/0.0C,TW=1.02ms,App=5.92ms,GD=0.00ms,CPU&GPU=10.47ms,LCnt=1(DR90,LM0),GPU%=0.66,CPU%=0.23(W0.29),CFL=12.36/15.99,ICFLp95=15.25,LD=0,SF=1.00,DpuScale=1.00,LP=0,DVFS=0,Preempt=357,PoseAgeP95=0.00
1789437480.019	91	90	0		456	5.92	10.47	358	41.0	0.66	FPS=91/90,Prd=28ms,Tear=0,Early=0,Stale=0,Stale2/5/10/max=0/0/0/0,VSnc=1,Lat=-4,Fov=0,CPU4/GPU=2/2,1382/456MHz,OC=3F,TA=0/38/0,SP=N/N/N,Mem=2736MHz,Free=3687MB,PLS=0,Temp=41.0C/0.0C,TW=1.02ms,App=5.92ms,GD=0.00ms,CPU&GPU=10.47ms,LCnt=1(DR90,LM0),GPU%=0.66,CPU%=0.23(W0.32),CFL=12.39/16.09,ICFLp95=15.18,LD=0,SF=1.00,DpuScale=1.00,LP=0,DVFS=0,Preempt=358,PoseAgeP95=0.00
1789437481.019	91	90	0		456	5.91	10.39	362	41.0	0.66	FPS=91/90,Prd=28ms,Tear=0,Early=0,Stale=0,Stale2/5/10/max=0/0/0/0,VSnc=1,Lat=-4,Fov=0,CPU4/GPU=2/2,1382/456MHz,OC=3F,TA=0/38/0,SP=N/N/N,Mem=2092MHz,Free=3687MB,PLS=0,Temp=41.0C/0.0C,TW=1.02ms,App=5.91ms,GD=0.00ms,CPU&GPU=10.39ms,LCnt=1(DR91,LM0),GPU%=0.66,CPU%=0.25(W0.33),CFL=12.39/16.05,ICFLp95=15.28,LD=0,SF=1.00,DpuScale=1.00,LP=0,DVFS=0,Preempt=362,PoseAgeP95=0.00
1789437482.019	90	90	0		456	5.92	10.78	358	41.0	0.66	FPS=90/90,Prd=28ms,Tear=0,Early=0,Stale=0,Stale2/5/10/max=0/0/0/0,VSnc=1,Lat=-4,Fov=0,CPU4/GPU=2/2,1382/456MHz,OC=3F,TA=0/38/0,SP=N/N/N,Mem=2092MHz,Free=3687MB,PLS=0,Temp=41.0C/0.0C,TW=1.02ms,App=5.92ms,GD=0.00ms,CPU&GPU=10.78ms,LCnt=1(DR90,LM0),GPU%=0.66,CPU%=0.23(W0.26),CFL=12.34/16.09,ICFLp95=15.18,LD=0,SF=1.00,DpuScale=1.00,LP=0,DVFS=0,Preempt=358,PoseAgeP95=0.00
1789437483.019	91	90	0		456	5.96	10.52	358	41.0	0.66	FPS=91/90,Prd=28ms,Tear=0,Early=0,Stale=0,Stale2/5/10/max=0/0/0/0,VSnc=1,Lat=-4,Fov=0,CPU4/GPU=2/2,1382/456MHz,OC=3F,TA=0/38/0,SP=N/N/N,Mem=2092MHz,Free=3687MB,PLS=0,Temp=41.0C/0.0C,TW=1.02ms,App=5.96ms,GD=0.00ms,CPU&GPU=10.52ms,LCnt=1(DR90,LM0),GPU%=0.66,CPU%=0.25(W0.36),CFL=12.29/15.93,ICFLp95=15.17,LD=0,SF=1.00,DpuScale=1.00,LP=0,DVFS=0,Preempt=358,PoseAgeP95=0.00
1789437484.019	91	90	0		456	5.98	10.77	358	41.0	0.66	FPS=91/90,Prd=28ms,Tear=0,Early=0,Stale=0,Stale2/5/10/max=0/0/0/0,VSnc=1,Lat=-4,Fov=0,CPU4/GPU=2/2,1382/456MHz,OC=3F,TA=0/38/0,SP=N/N/N,Mem=2092MHz,Free=3687MB,PLS=0,Temp=41.0C/0.0C,TW=1.02ms,App=5.98ms,GD=0.00ms,CPU&GPU=10.77ms,LCnt=1(DR90,LM0),GPU%=0.66,CPU%=0.23(W0.28),CFL=12.36/16.19,ICFLp95=15.30,LD=0,SF=1.00,DpuScale=1.00,LP=0,DVFS=0,Preempt=358,PoseAgeP95=0.00
1789437485.019	90	90	0		456	5.96	10.07	358	41.0	0.66	FPS=90/90,Prd=28ms,Tear=0,Early=0,Stale=0,Stale2/5/10/max=0/0/0/0,VSnc=1,Lat=-4,Fov=0,CPU4/GPU=2/2,1382/456MHz,OC=3F,TA=0/38/0,SP=N/N/N,Mem=2092MHz,Free=3687MB,PLS=0,Temp=41.0C/0.0C,TW=1.02ms,App=5.96ms,GD=0.00ms,CPU&GPU=10.07ms,LCnt=1(DR90,LM0),GPU%=0.66,CPU%=0.24(W0.29),CFL=12.48/15.97,ICFLp95=15.22,LD=0,SF=1.00,DpuScale=1.00,LP=0,DVFS=0,Preempt=358,PoseAgeP95=0.00
1789437486.019	91	90	0		456	5.98	10.93	358	41.0	0.66	FPS=91/90,Prd=28ms,Tear=0,Early=0,Stale=0,Stale2/5/10/max=0/0/0/0,VSnc=1,Lat=-4,Fov=0,CPU4/GPU=2/2,1382/456MHz,OC=3F,TA=0/38/0,SP=N/N/N,Mem=2092MHz,Free=3687MB,PLS=0,Temp=41.0C/0.0C,TW=1.02ms,App=5.98ms,GD=0.00ms,CPU&GPU=10.93ms,LCnt=1(DR90,LM0),GPU%=0.66,CPU%=0.24(W0.31),CFL=12.38/16.14,ICFLp95=15.26,LD=0,SF=1.00,DpuScale=1.00,LP=0,DVFS=0,Preempt=358,PoseAgeP95=0.00
1789437487.019	91	90	0		456	5.93	10.47	360	41.0	0.67	FPS=91/90,Prd=28ms,Tear=0,Early=0,Stale=0,Stale2/5/10/max=0/0/0/0,VSnc=1,Lat=-4,Fov=0,CPU4/GPU=2/2,1382/456MHz,OC=3F,TA=0/38/0,SP=N/N/N,Mem=2092MHz,Free=3687MB,PLS=0,Temp=41.0C/0.0C,TW=1.03ms,App=5.93ms,GD=0.00ms,CPU&GPU=10.47ms,LCnt=1(DR90,LM0),GPU%=0.67,CPU%=0.26(W0.36),CFL=12.40/15.99,ICFLp95=15.20,LD=0,SF=1.00,DpuScale=1.00,LP=0,DVFS=0,Preempt=360,PoseAgeP95=0.00
1789437488.019	90	90	0		456	5.91	10.50	360	41.0	0.66	FPS=90/90,Prd=28ms,Tear=0,Early=0,Stale=0,Stale2/5/10/max=0/0/0/0,VSnc=1,Lat=-4,Fov=0,CPU4/GPU=2/2,1382/456MHz,OC=3F,TA=0/38/0,SP=N/N/N,Mem=2092MHz,Free=3687MB,PLS=0,Temp=41.0C/0.0C,TW=1.01ms,App=5.91ms,GD=0.00ms,CPU&GPU=10.50ms,LCnt=1(DR90,LM0),GPU%=0.66,CPU%=0.23(W0.30),CFL=12.32/16.05,ICFLp95=15.28,LD=0,SF=1.00,DpuScale=1.00,LP=0,DVFS=0,Preempt=360,PoseAgeP95=0.00
1789437489.019	91	90	0		456	6.02	10.26	364	41.0	0.67	FPS=91/90,Prd=28ms,Tear=0,Early=0,Stale=0,Stale2/5/10/max=0/0/0/0,VSnc=1,Lat=-4,Fov=0,CPU4/GPU=2/2,1382/456MHz,OC=3F,TA=0/38/0,SP=N/N/N,Mem=2092MHz,Free=3687MB,PLS=0,Temp=41.0C/0.0C,TW=1.06ms,App=6.02ms,GD=0.00ms,CPU&GPU=10.26ms,LCnt=1(DR91,LM0),GPU%=0.67,CPU%=0.22(W0.38),CFL=12.38/15.93,ICFLp95=15.23,LD=0,SF=1.00,DpuScale=1.00,LP=0,DVFS=0,Preempt=364,PoseAgeP95=0.00
1789437490.019	91	90	0		456	6.04	10.89	360	41.0	0.67	FPS=91/90,Prd=28ms,Tear=0,Early=0,Stale=0,Stale2/5/10/max=0/0/0/0,VSnc=1,Lat=-4,Fov=0,CPU4/GPU=2/2,1382/456MHz,OC=3F,TA=0/38/0,SP=N/N/N,Mem=2092MHz,Free=3687MB,PLS=0,Temp=41.0C/0.0C,TW=1.10ms,App=6.04ms,GD=0.00ms,CPU&GPU=10.89ms,LCnt=1(DR90,LM0),GPU%=0.67,CPU%=0.23(W0.38),CFL=12.41/16.09,ICFLp95=15.33,LD=0,SF=1.00,DpuScale=1.00,LP=0,DVFS=0,Preempt=360,PoseAgeP95=0.00
1789437491.020	91	90	0		456	6.03	10.83	362	41.0	0.68	FPS=91/90,Prd=29ms,Tear=1,Early=0,Stale=0,Stale2/5/10/max=0/0/0/0,VSnc=1,Lat=-4,Fov=0,CPU4/GPU=2/2,1651/456MHz,OC=3F,TA=0/38/0,SP=N/N/N,Mem=3196MHz,Free=3687MB,PLS=0,Temp=41.0C/0.0C,TW=1.02ms,App=6.03ms,GD=0.00ms,CPU&GPU=10.83ms,LCnt=1(DR91,LM0),GPU%=0.68,CPU%=0.24(W0.37),CFL=12.46/16.24,ICFLp95=15.39,LD=0,SF=1.00,DpuScale=1.00,LP=0,DVFS=0,Preempt=362,PoseAgeP95=0.00
1789437492.020	90	90	0		456	5.98	10.73	358	41.0	0.67	FPS=90/90,Prd=28ms,Tear=0,Early=0,Stale=0,Stale2/5/10/max=0/0/0/0,VSnc=1,Lat=-4,Fov=0,CPU4/GPU=2/2,1651/456MHz,OC=3F,TA=0/38/0,SP=N/N/N,Mem=3196MHz,Free=3687MB,PLS=0,Temp=41.0C/0.0C,TW=1.02ms,App=5.98ms,GD=0.00ms,CPU&GPU=10.73ms,LCnt=1(DR90,LM0),GPU%=0.67,CPU%=0.23(W0.34),CFL=12.68/16.05,ICFLp95=15.35,LD=0,SF=1.00,DpuScale=1.00,LP=0,DVFS=0,Preempt=358,PoseAgeP95=0.00
1789437493.020	91	90	0		456	5.93	10.30	360	41.0	0.67	FPS=91/90,Prd=28ms,Tear=0,Early=0,Stale=0,Stale2/5/10/max=0/0/0/0,VSnc=1,Lat=-4,Fov=0,CPU4/GPU=2/2,1651/456MHz,OC=3F,TA=0/38/0,SP=N/N/N,Mem=3196MHz,Free=3687MB,PLS=0,Temp=41.0C/0.0C,TW=1.02ms,App=5.93ms,GD=0.00ms,CPU&GPU=10.30ms,LCnt=1(DR90,LM0),GPU%=0.67,CPU%=0.22(W0.28),CFL=12.44/16.09,ICFLp95=15.29,LD=0,SF=1.00,DpuScale=1.00,LP=0,DVFS=0,Preempt=360,PoseAgeP95=0.00
1789437494.020	90	90	0		456	6.01	10.52	360	41.0	0.67	FPS=90/90,Prd=28ms,Tear=0,Early=0,Stale=0,Stale2/5/10/max=0/0/0/0,VSnc=1,Lat=-4,Fov=0,CPU4/GPU=2/2,1651/456MHz,OC=3F,TA=0/38/0,SP=N/N/N,Mem=3196MHz,Free=3687MB,PLS=0,Temp=41.0C/0.0C,TW=1.03ms,App=6.01ms,GD=0.00ms,CPU&GPU=10.52ms,LCnt=1(DR90,LM0),GPU%=0.67,CPU%=0.21(W0.29),CFL=12.38/16.09,ICFLp95=15.24,LD=0,SF=1.00,DpuScale=1.00,LP=0,DVFS=0,Preempt=360,PoseAgeP95=0.00
1789437495.020	90	90	0		456	5.94	10.34	360	41.0	0.66	FPS=90/90,Prd=28ms,Tear=0,Early=0,Stale=0,Stale2/5/10/max=0/0/0/0,VSnc=1,Lat=-4,Fov=0,CPU4/GPU=2/2,1651/456MHz,OC=3F,TA=0/38/0,SP=N/N/N,Mem=3196MHz,Free=3687MB,PLS=0,Temp=41.0C/0.0C,TW=1.02ms,App=5.94ms,GD=0.00ms,CPU&GPU=10.34ms,LCnt=1(DR90,LM0),GPU%=0.66,CPU%=0.24(W0.27),CFL=12.36/15.89,ICFLp95=15.17,LD=0,SF=1.00,DpuScale=1.00,LP=0,DVFS=0,Preempt=360,PoseAgeP95=0.00
1789437496.041	91	90	0		456	5.91	10.31	362	41.0	0.66	FPS=91/90,Prd=28ms,Tear=0,Early=0,Stale=0,Stale2/5/10/max=0/0/0/0,VSnc=1,Lat=-4,Fov=0,CPU4/GPU=2/2,1651/456MHz,OC=3F,TA=0/38/0,SP=N/N/N,Mem=3196MHz,Free=3692MB,PLS=0,Temp=41.0C/0.0C,TW=1.02ms,App=5.91ms,GD=0.00ms,CPU&GPU=10.31ms,LCnt=1(DR91,LM0),GPU%=0.66,CPU%=0.20(W0.27),CFL=12.33/15.87,ICFLp95=15.13,LD=0,SF=1.00,DpuScale=1.00,LP=0,DVFS=0,Preempt=362,PoseAgeP95=0.00
1789437497.020	90	90	0		456	5.94	10.47	364	41.0	0.66	FPS=90/90,Prd=28ms,Tear=0,Early=0,Stale=0,Stale2/5/10/max=0/0/0/0,VSnc=1,Lat=-4,Fov=0,CPU4/GPU=2/2,1651/456MHz,OC=3F,TA=0/38/0,SP=N/N/N,Mem=3196MHz,Free=3692MB,PLS=0,Temp=41.0C/0.0C,TW=1.01ms,App=5.94ms,GD=0.00ms,CPU&GPU=10.47ms,LCnt=1(DR91,LM0),GPU%=0.66,CPU%=0.22(W0.26),CFL=12.34/16.13,ICFLp95=15.29,LD=0,SF=1.00,DpuScale=1.00,LP=0,DVFS=0,Preempt=364,PoseAgeP95=0.00
1789437498.020	91	90	0		456	5.96	10.46	358	41.0	0.66	FPS=91/90,Prd=28ms,Tear=0,Early=0,Stale=0,Stale2/5/10/max=0/0/0/0,VSnc=1,Lat=-4,Fov=0,CPU4/GPU=2/2,1651/456MHz,OC=3F,TA=0/38/0,SP=N/N/N,Mem=3196MHz,Free=3692MB,PLS=0,Temp=41.0C/0.0C,TW=1.03ms,App=5.96ms,GD=0.00ms,CPU&GPU=10.46ms,LCnt=1(DR90,LM0),GPU%=0.66,CPU%=0.22(W0.33),CFL=12.33/16.07,ICFLp95=15.26,LD=0,SF=1.00,DpuScale=1.00,LP=0,DVFS=0,Preempt=358,PoseAgeP95=0.00
1789437499.020	91	90	0		456	5.97	10.26	360	41.0	0.66	FPS=91/90,Prd=28ms,Tear=0,Early=0,Stale=0,Stale2/5/10/max=0/0/0/0,VSnc=1,Lat=-4,Fov=0,CPU4/GPU=2/2,1651/456MHz,OC=3F,TA=0/38/0,SP=N/N/N,Mem=3196MHz,Free=3692MB,PLS=0,Temp=41.0C/0.0C,TW=1.01ms,App=5.97ms,GD=0.00ms,CPU&GPU=10.26ms,LCnt=1(DR90,LM0),GPU%=0.66,CPU%=0.20(W0.29),CFL=12.26/15.94,ICFLp95=15.20,LD=0,SF=1.00,DpuScale=1.00,LP=0,DVFS=0,Preempt=360,PoseAgeP95=0.00
1789437500.020	90	90	0		456	5.93	10.44	358	41.0	0.66	FPS=90/90,Prd=28ms,Tear=0,Early=0,Stale=0,Stale2/5/10/max=0/0/0/0,VSnc=1,Lat=-4,Fov=0,CPU4/GPU=2/2,1651/456MHz,OC=3F,TA=0/38/0,SP=N/N/N,Mem=3196MHz,Free=3692MB,PLS=0,Temp=41.0C/0.0C,TW=1.02ms,App=5.93ms,GD=0.00ms,CPU&GPU=10.44ms,LCnt=1(DR90,LM0),GPU%=0.66,CPU%=0.23(W0.37),CFL=12.33/16.08,ICFLp95=15.28,LD=0,SF=1.00,DpuScale=1.00,LP=0,DVFS=0,Preempt=358,PoseAgeP95=0.00
1789437501.020	91	90	0		456	5.98	10.05	358	41.0	0.66	FPS=91/90,Prd=28ms,Tear=0,Early=0,Stale=0,Stale2/5/10/max=0/0/0/0,VSnc=1,Lat=-4,Fov=0,CPU4/GPU=2/2,1382/456MHz,OC=3F,TA=0/38/0,SP=N/N/N,Mem=1555MHz,Free=3692MB,PLS=0,Temp=41.0C/0.0C,TW=1.02ms,App=5.98ms,GD=0.00ms,CPU&GPU=10.05ms,LCnt=1(DR90,LM0),GPU%=0.66,CPU%=0.20(W0.35),CFL=12.32/16.03,ICFLp95=15.28,LD=0,SF=1.00,DpuScale=1.00,LP=0,DVFS=0,Preempt=358,PoseAgeP95=0.00
1789437502.020	90	90	0		456	5.94	10.17	358	41.0	0.66	FPS=90/90,Prd=28ms,Tear=0,Early=0,Stale=0,Stale2/5/10/max=0/0/0/0,VSnc=1,Lat=-4,Fov=0,CPU4/GPU=2/2,1382/456MHz,OC=3F,TA=0/38/0,SP=N/N/N,Mem=1555MHz,Free=3692MB,PLS=0,Temp=41.0C/0.0C,TW=1.02ms,App=5.94ms,GD=0.00ms,CPU&GPU=10.17ms,LCnt=1(DR90,LM0),GPU%=0.66,CPU%=0.20(W0.26),CFL=12.35/15.97,ICFLp95=15.26,LD=0,SF=1.00,DpuScale=1.00,LP=0,DVFS=0,Preempt=358,PoseAgeP95=0.00
1789437503.020	91	90	0		456	5.96	10.06	360	41.0	0.66	FPS=91/90,Prd=28ms,Tear=0,Early=0,Stale=0,Stale2/5/10/max=0/0/0/0,VSnc=1,Lat=-4,Fov=0,CPU4/GPU=2/2,1382/456MHz,OC=3F,TA=0/38/0,SP=N/N/N,Mem=1555MHz,Free=3692MB,PLS=0,Temp=41.0C/0.0C,TW=1.02ms,App=5.96ms,GD=0.00ms,CPU&GPU=10.06ms,LCnt=1(DR90,LM0),GPU%=0.66,CPU%=0.23(W0.30),CFL=12.34/15.98,ICFLp95=15.23,LD=0,SF=1.00,DpuScale=1.00,LP=0,DVFS=0,Preempt=360,PoseAgeP95=0.00
1789437504.021	91	90	0		456	6.00	10.21	358	41.0	0.66	FPS=91/90,Prd=28ms,Tear=0,Early=0,Stale=0,Stale2/5/10/max=0/0/0/0,VSnc=1,Lat=-4,Fov=0,CPU4/GPU=2/2,1382/456MHz,OC=3F,TA=0/38/0,SP=N/N/N,Mem=1555MHz,Free=3692MB,PLS=0,Temp=41.0C/0.0C,TW=1.02ms,App=6.00ms,GD=0.00ms,CPU&GPU=10.21ms,LCnt=1(DR90,LM0),GPU%=0.66,CPU%=0.21(W0.32),CFL=12.35/16.17,ICFLp95=15.29,LD=0,SF=1.00,DpuScale=1.00,LP=0,DVFS=0,Preempt=358,PoseAgeP95=0.00
1789437505.021	90	90	0		456	5.99	10.58	362	41.0	0.66	FPS=90/90,Prd=28ms,Tear=0,Early=0,Stale=0,Stale2/5/10/max=0/0/0/0,VSnc=1,Lat=-4,Fov=0,CPU4/GPU=2/2,1382/456MHz,OC=3F,TA=0/38/0,SP=N/N/N,Mem=1555MHz,Free=3692MB,PLS=0,Temp=41.0C/0.0C,TW=1.02ms,App=5.99ms,GD=0.00ms,CPU&GPU=10.58ms,LCnt=1(DR91,LM0),GPU%=0.66,CPU%=0.24(W0.30),CFL=12.27/16.13,ICFLp95=15.29,LD=0,SF=1.00,DpuScale=1.00,LP=0,DVFS=0,Preempt=362,PoseAgeP95=0.00
1789437506.021	91	90	0		456	5.92	10.33	358	41.0	0.66	FPS=91/90,Prd=28ms,Tear=0,Early=0,Stale=0,Stale2/5/10/max=0/0/0/0,VSnc=1,Lat=-4,Fov=0,CPU4/GPU=2/2,1382/456MHz,OC=3F,TA=0/38/0,SP=N/N/N,Mem=1555MHz,Free=3692MB,PLS=0,Temp=41.0C/0.0C,TW=1.02ms,App=5.92ms,GD=0.00ms,CPU&GPU=10.33ms,LCnt=1(DR90,LM0),GPU%=0.66,CPU%=0.23(W0.25),CFL=12.37/16.12,ICFLp95=15.31,LD=0,SF=1.00,DpuScale=1.00,LP=0,DVFS=0,Preempt=358,PoseAgeP95=0.00
1789437507.021	90	90	0		456	5.98	10.38	358	41.0	0.66	FPS=90/90,Prd=28ms,Tear=0,Early=0,Stale=0,Stale2/5/10/max=0/0/0/0,VSnc=1,Lat=-4,Fov=0,CPU4/GPU=2/2,1382/456MHz,OC=3F,TA=0/38/0,SP=N/N/N,Mem=1555MHz,Free=3692MB,PLS=0,Temp=41.0C/0.0C,TW=1.02ms,App=5.98ms,GD=0.00ms,CPU&GPU=10.38ms,LCnt=1(DR90,LM0),GPU%=0.66,CPU%=0.22(W0.33),CFL=12.44/16.00,ICFLp95=15.28,LD=0,SF=1.00,DpuScale=1.00,LP=0,DVFS=0,Preempt=358,PoseAgeP95=0.00
1789437508.021	91	90	0		456	5.95	10.41	358	41.0	0.66	FPS=91/90,Prd=28ms,Tear=0,Early=0,Stale=0,Stale2/5/10/max=0/0/0/0,VSnc=1,Lat=-4,Fov=0,CPU4/GPU=2/2,1382/456MHz,OC=3F,TA=0/38/0,SP=N/N/N,Mem=1555MHz,Free=3692MB,PLS=0,Temp=41.0C/0.0C,TW=1.01ms,App=5.95ms,GD=0.00ms,CPU&GPU=10.41ms,LCnt=1(DR90,LM0),GPU%=0.66,CPU%=0.23(W0.34),CFL=12.41/16.12,ICFLp95=15.27,LD=0,SF=1.00,DpuScale=1.00,LP=0,DVFS=0,Preempt=358,PoseAgeP95=0.00
1789437509.021	90	90	0		456	5.92	10.89	362	41.0	0.67	FPS=90/90,Prd=28ms,Tear=0,Early=0,Stale=0,Stale2/5/10/max=0/0/0/0,VSnc=1,Lat=-4,Fov=0,CPU4/GPU=2/2,1382/456MHz,OC=3F,TA=0/38/0,SP=N/N/N,Mem=1555MHz,Free=3692MB,PLS=0,Temp=41.0C/0.0C,TW=1.02ms,App=5.92ms,GD=0.00ms,CPU&GPU=10.89ms,LCnt=1(DR91,LM0),GPU%=0.67,CPU%=0.23(W0.31),CFL=12.41/15.97,ICFLp95=15.23,LD=0,SF=1.00,DpuScale=1.00,LP=0,DVFS=0,Preempt=362,PoseAgeP95=0.00
1789437510.021	90	90	0		456	5.96	10.25	358	41.0	0.66	FPS=90/90,Prd=28ms,Tear=0,Early=0,Stale=0,Stale2/5/10/max=0/0/0/0,VSnc=1,Lat=-4,Fov=0,CPU4/GPU=2/2,1382/456MHz,OC=3F,TA=0/38/0,SP=N/N/N,Mem=1555MHz,Free=3692MB,PLS=0,Temp=41.0C/0.0C,TW=1.01ms,App=5.96ms,GD=0.00ms,CPU&GPU=10.25ms,LCnt=1(DR90,LM0),GPU%=0.66,CPU%=0.23(W0.27),CFL=12.41/15.92,ICFLp95=15.21,LD=0,SF=1.00,DpuScale=1.00,LP=0,DVFS=0,Preempt=358,PoseAgeP95=0.00
1789437511.021	91	90	0		456	5.93	10.50	362	41.0	0.67	FPS=91/90,Prd=28ms,Tear=0,Early=0,Stale=0,Stale2/5/10/max=0/0/0/0,VSnc=1,Lat=-4,Fov=0,CPU4/GPU=2/2,1382/456MHz,OC=3F,TA=0/38/0,SP=N/N/N,Mem=2736MHz,Free=3692MB,PLS=0,Temp=41.0C/0.0C,TW=1.08ms,App=5.93ms,GD=0.00ms,CPU&GPU=10.50ms,LCnt=1(DR91,LM0),GPU%=0.67,CPU%=0.23(W0.32),CFL=12.38/15.92,ICFLp95=15.20,LD=0,SF=1.00,DpuScale=1.00,LP=0,DVFS=0,Preempt=362,PoseAgeP95=0.00
1789437512.021	91	90	0		456	5.93	10.13	362	41.0	0.67	FPS=91/90,Prd=28ms,Tear=0,Early=0,Stale=0,Stale2/5/10/max=0/0/0/0,VSnc=1,Lat=-4,Fov=0,CPU4/GPU=2/2,1382/456MHz,OC=3F,TA=0/38/0,SP=N/N/N,Mem=2736MHz,Free=3692MB,PLS=0,Temp=41.0C/0.0C,TW=1.02ms,App=5.93ms,GD=0.00ms,CPU&GPU=10.13ms,LCnt=1(DR91,LM0),GPU%=0.67,CPU%=0.25(W0.44),CFL=12.33/16.16,ICFLp95=15.42,LD=0,SF=1.00,DpuScale=1.00,LP=0,DVFS=0,Preempt=362,PoseAgeP95=0.00
1789437513.021	90	90	0		456	5.96	10.22	358	41.0	0.66	FPS=90/90,Prd=28ms,Tear=0,Early=0,Stale=0,Stale2/5/10/max=0/0/0/0,VSnc=1,Lat=-4,Fov=0,CPU4/GPU=2/2,1382/456MHz,OC=3F,TA=0/38/0,SP=N/N/N,Mem=2736MHz,Free=3692MB,PLS=0,Temp=41.0C/0.0C,TW=1.02ms,App=5.96ms,GD=0.00ms,CPU&GPU=10.22ms,LCnt=1(DR90,LM0),GPU%=0.66,CPU%=0.20(W0.29),CFL=12.50/16.34,ICFLp95=15.51,LD=0,SF=1.00,DpuScale=1.00,LP=0,DVFS=0,Preempt=358,PoseAgeP95=0.00
1789437514.021	91	90	0		456	5.98	10.03	358	41.0	0.66	FPS=91/90,Prd=28ms,Tear=0,Early=0,Stale=0,Stale2/5/10/max=0/0/0/0,VSnc=1,Lat=-4,Fov=0,CPU4/GPU=2/2,1382/456MHz,OC=3F,TA=0/38/0,SP=N/N/N,Mem=2736MHz,Free=3692MB,PLS=0,Temp=41.0C/0.0C,TW=1.01ms,App=5.98ms,GD=0.00ms,CPU&GPU=10.03ms,LCnt=1(DR90,LM0),GPU%=0.66,CPU%=0.22(W0.30),CFL=12.35/16.15,ICFLp95=15.34,LD=0,SF=1.00,DpuScale=1.00,LP=0,DVFS=0,Preempt=358,PoseAgeP95=0.00
1789437515.021	90	90	0		456	5.95	10.10	364	41.0	0.66	FPS=90/90,Prd=28ms,Tear=0,Early=0,Stale=0,Stale2/5/10/max=0/0/0/0,VSnc=1,Lat=-4,Fov=0,CPU4/GPU=2/2,1382/456MHz,OC=3F,TA=0/38/0,SP=N/N/N,Mem=2736MHz,Free=3692MB,PLS=0,Temp=41.0C/0.0C,TW=1.01ms,App=5.95ms,GD=0.00ms,CPU&GPU=10.10ms,LCnt=1(DR91,LM0),GPU%=0.66,CPU%=0.21(W0.24),CFL=12.31/16.20,ICFLp95=15.27,LD=0,SF=1.00,DpuScale=1.00,LP=0,DVFS=0,Preempt=364,PoseAgeP95=0.00
1789437516.043	91	90	0		456	5.94	10.20	358	41.0	0.66	FPS=91/90,Prd=28ms,Tear=0,Early=0,Stale=0,Stale2/5/10/max=0/0/0/0,VSnc=1,Lat=-4,Fov=0,CPU4/GPU=2/2,1382/456MHz,OC=3F,TA=0/38/0,SP=N/N/N,Mem=2736MHz,Free=3691MB,PLS=0,Temp=41.0C/0.0C,TW=1.01ms,App=5.94ms,GD=0.00ms,CPU&GPU=10.20ms,LCnt=1(DR90,LM0),GPU%=0.66,CPU%=0.21(W0.41),CFL=12.32/16.15,ICFLp95=15.25,LD=0,SF=1.00,DpuScale=1.00,LP=0,DVFS=0,Preempt=358,PoseAgeP95=0.00
1789437517.022	90	90	0		456	5.97	10.22	358	41.0	0.66	FPS=90/90,Prd=28ms,Tear=0,Early=0,Stale=0,Stale2/5/10/max=0/0/0/0,VSnc=1,Lat=-4,Fov=0,CPU4/GPU=2/2,1382/456MHz,OC=3F,TA=0/38/0,SP=N/N/N,Mem=2736MHz,Free=3691MB,PLS=0,Temp=41.0C/0.0C,TW=1.02ms,App=5.97ms,GD=0.00ms,CPU&GPU=10.22ms,LCnt=1(DR90,LM0),GPU%=0.66,CPU%=0.23(W0.34),CFL=12.34/16.28,ICFLp95=15.16,LD=0,SF=1.00,DpuScale=1.00,LP=0,DVFS=0,Preempt=358,PoseAgeP95=0.00
1789437518.022	90	90	0		456	5.91	10.37	362	41.0	0.66	FPS=90/90,Prd=28ms,Tear=0,Early=0,Stale=0,Stale2/5/10/max=0/0/0/0,VSnc=1,Lat=-4,Fov=0,CPU4/GPU=2/2,1382/456MHz,OC=3F,TA=0/38/0,SP=N/N/N,Mem=2736MHz,Free=3691MB,PLS=0,Temp=41.0C/0.0C,TW=1.01ms,App=5.91ms,GD=0.00ms,CPU&GPU=10.37ms,LCnt=1(DR91,LM0),GPU%=0.66,CPU%=0.24(W0.35),CFL=12.32/16.04,ICFLp95=15.22,LD=0,SF=1.00,DpuScale=1.00,LP=0,DVFS=0,Preempt=362,PoseAgeP95=0.00
1789437519.022	91	90	0		456	5.99	10.51	358	41.0	0.66	FPS=91/90,Prd=28ms,Tear=0,Early=0,Stale=0,Stale2/5/10/max=0/0/0/0,VSnc=1,Lat=-4,Fov=0,CPU4/GPU=2/2,1382/456MHz,OC=3F,TA=0/38/0,SP=N/N/N,Mem=2736MHz,Free=3691MB,PLS=0,Temp=41.0C/0.0C,TW=1.01ms,App=5.99ms,GD=0.00ms,CPU&GPU=10.51ms,LCnt=1(DR90,LM0),GPU%=0.66,CPU%=0.22(W0.25),CFL=12.32/15.99,ICFLp95=15.20,LD=0,SF=1.00,DpuScale=1.00,LP=0,DVFS=0,Preempt=358,PoseAgeP95=0.00
1789437520.022	91	90	0		456	5.97	10.25	362	41.0	0.66	FPS=91/90,Prd=28ms,Tear=0,Early=0,Stale=0,Stale2/5/10/max=0/0/0/0,VSnc=1,Lat=-4,Fov=0,CPU4/GPU=2/2,1382/456MHz,OC=3F,TA=0/38/0,SP=N/N/N,Mem=2736MHz,Free=3691MB,PLS=0,Temp=41.0C/0.0C,TW=1.02ms,App=5.97ms,GD=0.00ms,CPU&GPU=10.25ms,LCnt=1(DR91,LM0),GPU%=0.66,CPU%=0.23(W0.32),CFL=12.26/16.00,ICFLp95=15.23,LD=0,SF=1.00,DpuScale=1.00,LP=0,DVFS=0,Preempt=362,PoseAgeP95=0.00
1789437521.022	90	90	0		456	5.96	10.06	360	41.0	0.66	FPS=90/90,Prd=28ms,Tear=0,Early=0,Stale=0,Stale2/5/10/max=0/0/0/0,VSnc=1,Lat=-4,Fov=0,CPU4/GPU=2/2,1382/456MHz,OC=3F,TA=0/38/0,SP=N/N/N,Mem=2736MHz,Free=3691MB,PLS=0,Temp=41.0C/0.0C,TW=1.02ms,App=5.96ms,GD=0.00ms,CPU&GPU=10.06ms,LCnt=1(DR90,LM0),GPU%=0.66,CPU%=0.22(W0.32),CFL=12.39/15.91,ICFLp95=15.18,LD=0,SF=1.00,DpuScale=1.00,LP=0,DVFS=0,Preempt=360,PoseAgeP95=0.00
1789437522.022	91	90	0		456	5.97	9.99	360	41.0	0.66	FPS=91/90,Prd=28ms,Tear=0,Early=0,Stale=0,Stale2/5/10/max=0/0/0/0,VSnc=1,Lat=-4,Fov=0,CPU4/GPU=2/2,1382/456MHz,OC=3F,TA=0/38/0,SP=N/N/N,Mem=2736MHz,Free=3691MB,PLS=0,Temp=41.0C/0.0C,TW=1.02ms,App=5.97ms,GD=0.00ms,CPU&GPU=9.99ms,LCnt=1(DR90,LM0),GPU%=0.66,CPU%=0.21(W0.24),CFL=12.29/15.99,ICFLp95=15.25,LD=0,SF=1.00,DpuScale=1.00,LP=0,DVFS=0,Preempt=360,PoseAgeP95=0.00
1789437523.022	91	90	0		456	5.98	10.94	364	41.0	0.66	FPS=91/90,Prd=28ms,Tear=0,Early=0,Stale=0,Stale2/5/10/max=0/0/0/0,VSnc=1,Lat=-4,Fov=0,CPU4/GPU=2/2,1382/456MHz,OC=3F,TA=0/38/0,SP=N/N/N,Mem=2736MHz,Free=3691MB,PLS=0,Temp=41.0C/0.0C,TW=1.01ms,App=5.98ms,GD=0.00ms,CPU&GPU=10.94ms,LCnt=1(DR91,LM0),GPU%=0.66,CPU%=0.24(W0.32),CFL=12.29/16.09,ICFLp95=15.23,LD=0,SF=1.00,DpuScale=1.00,LP=0,DVFS=0,Preempt=364,PoseAgeP95=0.00
1789437524.022	90	90	0		456	5.92	10.47	358	41.0	0.66	FPS=90/90,Prd=28ms,Tear=0,Early=0,Stale=0,Stale2/5/10/max=0/0/0/0,VSnc=1,Lat=-4,Fov=0,CPU4/GPU=2/2,1382/456MHz,OC=3F,TA=0/38/0,SP=N/N/N,Mem=2736MHz,Free=3691MB,PLS=0,Temp=41.0C/0.0C,TW=1.02ms,App=5.92ms,GD=0.00ms,CPU&GPU=10.47ms,LCnt=1(DR90,LM0),GPU%=0.66,CPU%=0.23(W0.28),CFL=12.44/16.36,ICFLp95=15.40,LD=0,SF=1.00,DpuScale=1.00,LP=0,DVFS=0,Preempt=358,PoseAgeP95=0.00
1789437525.022	91	90	0		456	5.90	10.27	362	41.0	0.66	FPS=91/90,Prd=28ms,Tear=0,Early=0,Stale=0,Stale2/5/10/max=0/0/0/0,VSnc=1,Lat=-4,Fov=0,CPU4/GPU=2/2,1382/456MHz,OC=3F,TA=0/38/0,SP=N/N/N,Mem=2736MHz,Free=3691MB,PLS=0,Temp=41.0C/0.0C,TW=1.02ms,App=5.90ms,GD=0.00ms,CPU&GPU=10.27ms,LCnt=1(DR91,LM0),GPU%=0.66,CPU%=0.21(W0.37),CFL=12.32/16.08,ICFLp95=15.31,LD=0,SF=1.00,DpuScale=1.00,LP=0,DVFS=0,Preempt=362,PoseAgeP95=0.00
1789437526.022	90	90	0		456	5.92	10.51	360	41.0	0.66	FPS=90/90,Prd=28ms,Tear=0,Early=0,Stale=0,Stale2/5/10/max=0/0/0/0,VSnc=1,Lat=-4,Fov=0,CPU4/GPU=2/2,1382/456MHz,OC=3F,TA=0/38/0,SP=N/N/N,Mem=2736MHz,Free=3691MB,PLS=0,Temp=41.0C/0.0C,TW=1.02ms,App=5.92ms,GD=0.00ms,CPU&GPU=10.51ms,LCnt=1(DR90,LM0),GPU%=0.66,CPU%=0.22(W0.33),CFL=12.31/16.18,ICFLp95=15.25,LD=0,SF=1.00,DpuScale=1.00,LP=0,DVFS=0,Preempt=360,PoseAgeP95=0.00
1789437527.022	91	90	0		456	5.91	10.07	358	41.0	0.66	FPS=91/90,Prd=28ms,Tear=0,Early=0,Stale=0,Stale2/5/10/max=0/0/0/0,VSnc=1,Lat=-4,Fov=0,CPU4/GPU=2/2,1382/456MHz,OC=3F,TA=0/38/0,SP=N/N/N,Mem=2736MHz,Free=3691MB,PLS=0,Temp=41.0C/0.0C,TW=1.03ms,App=5.91ms,GD=0.00ms,CPU&GPU=10.07ms,LCnt=1(DR90,LM0),GPU%=0.66,CPU%=0.21(W0.29),CFL=12.39/15.99,ICFLp95=15.24,LD=0,SF=1.00,DpuScale=1.00,LP=0,DVFS=0,Preempt=358,PoseAgeP95=0.00
1789437528.022	91	90	0		456	5.91	10.24	358	41.0	0.66	FPS=91/90,Prd=28ms,Tear=0,Early=0,Stale=0,Stale2/5/10/max=0/0/0/0,VSnc=1,Lat=-4,Fov=0,CPU4/GPU=2/2,1382/456MHz,OC=3F,TA=0/38/0,SP=N/N/N,Mem=2736MHz,Free=3691MB,PLS=0,Temp=41.0C/0.0C,TW=1.02ms,App=5.91ms,GD=0.00ms,CPU&GPU=10.24ms,LCnt=1(DR90,LM0),GPU%=0.66,CPU%=0.22(W0.34),CFL=12.27/16.06,ICFLp95=15.23,LD=0,SF=1.00,DpuScale=1.00,LP=0,DVFS=0,Preempt=358,PoseAgeP95=0.00
1789437529.022	90	90	0		456	5.93	10.56	358	41.0	0.66	FPS=90/90,Prd=28ms,Tear=0,Early=0,Stale=0,Stale2/5/10/max=0/0/0/0,VSnc=1,Lat=-4,Fov=0,CPU4/GPU=2/2,1382/456MHz,OC=3F,TA=0/38/0,SP=N/N/N,Mem=2736MHz,Free=3691MB,PLS=0,Temp=41.0C/0.0C,TW=1.03ms,App=5.93ms,GD=0.00ms,CPU&GPU=10.56ms,LCnt=1(DR90,LM0),GPU%=0.66,CPU%=0.21(W0.28),CFL=12.27/16.15,ICFLp95=15.21,LD=0,SF=1.00,DpuScale=1.00,LP=0,DVFS=0,Preempt=358,PoseAgeP95=0.00
1789437530.023	90	90	0		456	5.96	10.17	358	41.0	0.66	FPS=90/90,Prd=28ms,Tear=0,Early=0,Stale=0,Stale2/5/10/max=0/0/0/0,VSnc=1,Lat=-4,Fov=0,CPU4/GPU=2/2,1382/456MHz,OC=3F,TA=0/38/0,SP=N/N/N,Mem=2736MHz,Free=3691MB,PLS=0,Temp=41.0C/0.0C,TW=1.03ms,App=5.96ms,GD=0.00ms,CPU&GPU=10.17ms,LCnt=1(DR90,LM0),GPU%=0.66,CPU%=0.20(W0.29),CFL=12.26/15.91,ICFLp95=15.17,LD=0,SF=1.00,DpuScale=1.00,LP=0,DVFS=0,Preempt=358,PoseAgeP95=0.00
1789437531.023	91	90	0		456	5.95	10.67	358	41.0	0.66	FPS=91/90,Prd=28ms,Tear=0,Early=0,Stale=0,Stale2/5/10/max=0/0/0/0,VSnc=1,Lat=-4,Fov=0,CPU4/GPU=2/2,2208/456MHz,OC=3F,TA=0/38/0,SP=N/N/N,Mem=2092MHz,Free=3691MB,PLS=0,Temp=41.0C/0.0C,TW=1.02ms,App=5.95ms,GD=0.00ms,CPU&GPU=10.67ms,LCnt=1(DR90,LM0),GPU%=0.66,CPU%=0.22(W0.36),CFL=12.31/15.92,ICFLp95=15.18,LD=0,SF=1.00,DpuScale=1.00,LP=0,DVFS=0,Preempt=358,PoseAgeP95=0.00
1789437532.023	91	90	0		456	6.03	10.73	362	41.0	0.67	FPS=91/90,Prd=28ms,Tear=0,Early=0,Stale=0,Stale2/5/10/max=0/0/0/0,VSnc=1,Lat=-4,Fov=0,CPU4/GPU=2/2,2208/456MHz,OC=3F,TA=0/38/0,SP=N/N/N,Mem=2092MHz,Free=3691MB,PLS=0,Temp=41.0C/0.0C,TW=1.10ms,App=6.03ms,GD=0.00ms,CPU&GPU=10.73ms,LCnt=1(DR91,LM0),GPU%=0.67,CPU%=0.22(W0.36),CFL=12.31/16.05,ICFLp95=15.19,LD=0,SF=1.00,DpuScale=1.00,LP=0,DVFS=0,Preempt=362,PoseAgeP95=0.00
1789437533.023	90	90	0		456	5.94	10.41	358	41.0	0.67	FPS=90/90,Prd=28ms,Tear=0,Early=0,Stale=0,Stale2/5/10/max=0/0/0/0,VSnc=1,Lat=-4,Fov=0,CPU4/GPU=2/2,2208/456MHz,OC=3F,TA=0/38/0,SP=N/N/N,Mem=2092MHz,Free=3691MB,PLS=0,Temp=41.0C/0.0C,TW=1.02ms,App=5.94ms,GD=0.00ms,CPU&GPU=10.41ms,LCnt=1(DR90,LM0),GPU%=0.67,CPU%=0.25(W0.34),CFL=12.43/15.96,ICFLp95=15.26,LD=0,SF=1.00,DpuScale=1.00,LP=0,DVFS=0,Preempt=358,PoseAgeP95=0.00
1789437534.023	90	90	0		456	5.94	10.21	352	41.0	0.66	FPS=90/90,Prd=28ms,Tear=0,Early=0,Stale=0,Stale2/5/10/max=0/0/0/0,VSnc=1,Lat=-4,Fov=0,CPU4/GPU=2/2,2208/456MHz,OC=3F,TA=0/38/0,SP=N/N/N,Mem=2092MHz,Free=3691MB,PLS=0,Temp=41.0C/0.0C,TW=1.02ms,App=5.94ms,GD=0.00ms,CPU&GPU=10.21ms,LCnt=1(DR89,LM0),GPU%=0.66,CPU%=0.23(W0.30),CFL=12.47/16.15,ICFLp95=15.31,LD=0,SF=1.00,DpuScale=1.00,LP=0,DVFS=0,Preempt=352,PoseAgeP95=0.00
1789437535.023	90	90	0		456	5.92	10.19	358	41.0	0.66	FPS=90/90,Prd=28ms,Tear=0,Early=0,Stale=0,Stale2/5/10/max=0/0/0/0,VSnc=1,Lat=-4,Fov=0,CPU4/GPU=2/2,2208/456MHz,OC=3F,TA=0/38/0,SP=N/N/N,Mem=2092MHz,Free=3691MB,PLS=0,Temp=41.0C/0.0C,TW=1.01ms,App=5.92ms,GD=0.00ms,CPU&GPU=10.19ms,LCnt=1(DR90,LM0),GPU%=0.66,CPU%=0.21(W0.23),CFL=12.35/15.98,ICFLp95=15.22,LD=0,SF=1.00,DpuScale=1.00,LP=0,DVFS=0,Preempt=358,PoseAgeP95=0.00
1789437536.045	91	90	0		456	5.96	10.74	358	41.0	0.66	FPS=91/90,Prd=28ms,Tear=0,Early=0,Stale=0,Stale2/5/10/max=0/0/0/0,VSnc=1,Lat=-4,Fov=0,CPU4/GPU=2/2,2208/456MHz,OC=3F,TA=0/38/0,SP=N/N/N,Mem=2092MHz,Free=3691MB,PLS=0,Temp=41.0C/0.0C,TW=1.01ms,App=5.96ms,GD=0.00ms,CPU&GPU=10.74ms,LCnt=1(DR90,LM0),GPU%=0.66,CPU%=0.20(W0.33),CFL=12.33/16.03,ICFLp95=15.34,LD=0,SF=1.00,DpuScale=1.00,LP=0,DVFS=0,Preempt=358,PoseAgeP95=0.00
1789437537.023	90	90	0		456	5.93	10.48	358	41.0	0.66	FPS=90/90,Prd=28ms,Tear=0,Early=0,Stale=0,Stale2/5/10/max=0/0/0/0,VSnc=1,Lat=-4,Fov=0,CPU4/GPU=2/2,2208/456MHz,OC=3F,TA=0/38/0,SP=N/N/N,Mem=2092MHz,Free=3691MB,PLS=0,Temp=41.0C/0.0C,TW=1.02ms,App=5.93ms,GD=0.00ms,CPU&GPU=10.48ms,LCnt=1(DR90,LM0),GPU%=0.66,CPU%=0.21(W0.27),CFL=12.28/15.90,ICFLp95=15.20,LD=0,SF=1.00,DpuScale=1.00,LP=0,DVFS=0,Preempt=358,PoseAgeP95=0.00
1789437538.023	91	90	0		456	5.96	10.71	364	41.0	0.66	FPS=91/90,Prd=28ms,Tear=0,Early=0,Stale=0,Stale2/5/10/max=0/0/0/0,VSnc=1,Lat=-4,Fov=0,CPU4/GPU=2/2,2208/456MHz,OC=3F,TA=0/38/0,SP=N/N/N,Mem=2092MHz,Free=3691MB,PLS=0,Temp=41.0C/0.0C,TW=1.02ms,App=5.96ms,GD=0.00ms,CPU&GPU=10.71ms,LCnt=1(DR91,LM0),GPU%=0.66,CPU%=0.22(W0.29),CFL=12.22/15.89,ICFLp95=15.16,LD=0,SF=1.00,DpuScale=1.00,LP=0,DVFS=0,Preempt=364,PoseAgeP95=0.00
1789437539.023	90	90	0		456	5.96	10.68	358	41.0	0.66	FPS=90/90,Prd=28ms,Tear=0,Early=0,Stale=0,Stale2/5/10/max=0/0/0/0,VSnc=1,Lat=-4,Fov=0,CPU4/GPU=2/2,2208/456MHz,OC=3F,TA=0/38/0,SP=N/N/N,Mem=2092MHz,Free=3691MB,PLS=0,Temp=41.0C/0.0C,TW=1.02ms,App=5.96ms,GD=0.00ms,CPU&GPU=10.68ms,LCnt=1(DR90,LM0),GPU%=0.66,CPU%=0.22(W0.28),CFL=12.39/16.12,ICFLp95=15.20,LD=0,SF=1.00,DpuScale=1.00,LP=0,DVFS=0,Preempt=358,PoseAgeP95=0.00
1789437540.023	91	90	0		456	5.94	10.38	360	41.0	0.66	FPS=91/90,Prd=28ms,Tear=0,Early=0,Stale=0,Stale2/5/10/max=0/0/0/0,VSnc=1,Lat=-4,Fov=0,CPU4/GPU=2/2,2208/456MHz,OC=3F,TA=0/38/0,SP=N/N/N,Mem=2092MHz,Free=3691MB,PLS=0,Temp=41.0C/0.0C,TW=1.02ms,App=5.94ms,GD=0.00ms,CPU&GPU=10.38ms,LCnt=1(DR90,LM0),GPU%=0.66,CPU%=0.22(W0.29),CFL=12.28/15.83,ICFLp95=15.12,LD=0,SF=1.00,DpuScale=1.00,LP=0,DVFS=0,Preempt=360,PoseAgeP95=0.00
1789437541.023	91	90	0		456	5.98	10.22	358	41.0	0.66	FPS=91/90,Prd=28ms,Tear=0,Early=0,Stale=0,Stale2/5/10/max=0/0/0/0,VSnc=1,Lat=-4,Fov=0,CPU4/GPU=2/2,1382/456MHz,OC=3F,TA=0/38/0,SP=N/N/N,Mem=2736MHz,Free=3691MB,PLS=0,Temp=41.0C/0.0C,TW=1.02ms,App=5.98ms,GD=0.00ms,CPU&GPU=10.22ms,LCnt=1(DR90,LM0),GPU%=0.66,CPU%=0.22(W0.25),CFL=12.33/15.87,ICFLp95=15.11,LD=0,SF=1.00,DpuScale=1.00,LP=0,DVFS=0,Preempt=358,PoseAgeP95=0.00
1789437542.024	91	90	0		456	5.93	10.21	358	41.0	0.66	FPS=91/90,Prd=28ms,Tear=0,Early=0,Stale=0,Stale2/5/10/max=0/0/0/0,VSnc=1,Lat=-4,Fov=0,CPU4/GPU=2/2,1382/456MHz,OC=3F,TA=0/38/0,SP=N/N/N,Mem=2736MHz,Free=3691MB,PLS=0,Temp=41.0C/0.0C,TW=1.02ms,App=5.93ms,GD=0.00ms,CPU&GPU=10.21ms,LCnt=1(DR90,LM0),GPU%=0.66,CPU%=0.22(W0.26),CFL=12.29/16.18,ICFLp95=15.29,LD=0,SF=1.00,DpuScale=1.00,LP=0,DVFS=0,Preempt=358,PoseAgeP95=0.00
1789437543.024	91	90	0		456	5.95	10.54	360	41.0	0.66	FPS=91/90,Prd=28ms,Tear=0,Early=0,Stale=0,Stale2/5/10/max=0/0/0/0,VSnc=1,Lat=-4,Fov=0,CPU4/GPU=2/2,1382/456MHz,OC=3F,TA=0/38/0,SP=N/N/N,Mem=2736MHz,Free=3691MB,PLS=0,Temp=41.0C/0.0C,TW=1.01ms,App=5.95ms,GD=0.00ms,CPU&GPU=10.54ms,LCnt=1(DR90,LM0),GPU%=0.66,CPU%=0.21(W0.28),CFL=12.37/16.01,ICFLp95=15.28,LD=0,SF=1.00,DpuScale=1.00,LP=0,DVFS=0,Preempt=360,PoseAgeP95=0.00
1789437544.024	91	90	0		456	6.00	10.37	362	41.0	0.67	FPS=91/90,Prd=28ms,Tear=1,Early=0,Stale=0,Stale2/5/10/max=0/0/0/0,VSnc=1,Lat=-4,Fov=0,CPU4/GPU=2/2,1382/456MHz,OC=3F,TA=0/38/0,SP=N/N/N,Mem=2736MHz,Free=3691MB,PLS=0,Temp=41.0C/0.0C,TW=1.03ms,App=6.00ms,GD=0.00ms,CPU&GPU=10.37ms,LCnt=1(DR91,LM0),GPU%=0.67,CPU%=0.21(W0.30),CFL=12.42/15.95,ICFLp95=15.19,LD=0,SF=1.00,DpuScale=1.00,LP=0,DVFS=0,Preempt=362,PoseAgeP95=0.00
1789437545.024	90	90	0		456	5.96	10.42	360	41.0	0.67	FPS=90/90,Prd=28ms,Tear=0,Early=0,Stale=0,Stale2/5/10/max=0/0/0/0,VSnc=1,Lat=-4,Fov=0,CPU4/GPU=2/2,1382/456MHz,OC=3F,TA=0/38/0,SP=N/N/N,Mem=2736MHz,Free=3691MB,PLS=0,Temp=41.0C/0.0C,TW=1.02ms,App=5.96ms,GD=0.00ms,CPU&GPU=10.42ms,LCnt=1(DR90,LM0),GPU%=0.67,CPU%=0.21(W0.31),CFL=12.34/15.81,ICFLp95=15.11,LD=0,SF=1.00,DpuScale=1.00,LP=0,DVFS=0,Preempt=360,PoseAgeP95=0.00
1789437546.024	91	90	0		456	6.01	10.46	358	41.0	0.66	FPS=91/90,Prd=28ms,Tear=0,Early=0,Stale=0,Stale2/5/10/max=0/0/0/0,VSnc=1,Lat=-4,Fov=0,CPU4/GPU=2/2,1382/456MHz,OC=3F,TA=0/38/0,SP=N/N/N,Mem=2736MHz,Free=3691MB,PLS=0,Temp=41.0C/0.0C,TW=1.01ms,App=6.01ms,GD=0.00ms,CPU&GPU=10.46ms,LCnt=1(DR90,LM0),GPU%=0.66,CPU%=0.22(W0.26),CFL=12.27/15.94,ICFLp95=15.16,LD=0,SF=1.00,DpuScale=1.00,LP=0,DVFS=0,Preempt=358,PoseAgeP95=0.00
1789437547.024	90	90	0		456	5.96	10.23	359	41.0	0.66	FPS=90/90,Prd=28ms,Tear=0,Early=0,Stale=0,Stale2/5/10/max=0/0/0/0,VSnc=1,Lat=-4,Fov=0,CPU4/GPU=2/2,1382/456MHz,OC=3F,TA=0/38/0,SP=N/N/N,Mem=2736MHz,Free=3691MB,PLS=0,Temp=41.0C/0.0C,TW=1.01ms,App=5.96ms,GD=0.00ms,CPU&GPU=10.23ms,LCnt=1(DR90,LM0),GPU%=0.66,CPU%=0.21(W0.35),CFL=12.33/15.93,ICFLp95=15.14,LD=0,SF=1.00,DpuScale=1.00,LP=0,DVFS=0,Preempt=359,PoseAgeP95=0.00
1789437548.024	90	90	0		456	5.95	10.01	359	41.0	0.66	FPS=90/90,Prd=28ms,Tear=0,Early=0,Stale=0,Stale2/5/10/max=0/0/0/0,VSnc=1,Lat=-4,Fov=0,CPU4/GPU=2/2,1382/456MHz,OC=3F,TA=0/38/0,SP=N/N/N,Mem=2736MHz,Free=3691MB,PLS=0,Temp=41.0C/0.0C,TW=1.02ms,App=5.95ms,GD=0.00ms,CPU&GPU=10.01ms,LCnt=1(DR90,LM0),GPU%=0.66,CPU%=0.21(W0.25),CFL=12.29/15.85,ICFLp95=15.13,LD=0,SF=1.00,DpuScale=1.00,LP=0,DVFS=0,Preempt=359,PoseAgeP95=0.00
1789437549.024	90	90	0		456	5.90	10.36	358	41.0	0.66	FPS=90/90,Prd=28ms,Tear=0,Early=0,Stale=0,Stale2/5/10/max=0/0/0/0,VSnc=1,Lat=-4,Fov=0,CPU4/GPU=2/2,1382/456MHz,OC=3F,TA=0/38/0,SP=N/N/N,Mem=2736MHz,Free=3691MB,PLS=0,Temp=41.0C/0.0C,TW=1.01ms,App=5.90ms,GD=0.00ms,CPU&GPU=10.36ms,LCnt=1(DR90,LM0),GPU%=0.66,CPU%=0.22(W0.32),CFL=12.35/16.11,ICFLp95=15.38,LD=0,SF=1.00,DpuScale=1.00,LP=0,DVFS=0,Preempt=358,PoseAgeP95=0.00
1789437550.024	91	90	0		456	5.99	10.40	360	41.0	0.66	FPS=91/90,Prd=28ms,Tear=0,Early=0,Stale=0,Stale2/5/10/max=0/0/0/0,VSnc=1,Lat=-4,Fov=0,CPU4/GPU=2/2,1382/456MHz,OC=3F,TA=0/38/0,SP=N/N/N,Mem=2736MHz,Free=3691MB,PLS=0,Temp=41.0C/0.0C,TW=1.01ms,App=5.99ms,GD=0.00ms,CPU&GPU=10.40ms,LCnt=1(DR90,LM0),GPU%=0.66,CPU%=0.23(W0.35),CFL=12.33/16.00,ICFLp95=15.26,LD=0,SF=1.00,DpuScale=1.00,LP=0,DVFS=0,Preempt=360,PoseAgeP95=0.00
1789437551.024	90	90	0		456	5.96	10.42	360	41.0	0.66	FPS=90/90,Prd=28ms,Tear=0,Early=0,Stale=0,Stale2/5/10/max=0/0/0/0,VSnc=1,Lat=-4,Fov=0,CPU4/GPU=2/2,1920/456MHz,OC=3F,TA=0/38/0,SP=N/N/N,Mem=2092MHz,Free=3691MB,PLS=0,Temp=41.0C/0.0C,TW=1.01ms,App=5.96ms,GD=0.00ms,CPU&GPU=10.42ms,LCnt=1(DR90,LM0),GPU%=0.66,CPU%=0.24(W0.34),CFL=12.24/15.95,ICFLp95=15.24,LD=0,SF=1.00,DpuScale=1.00,LP=0,DVFS=0,Preempt=360,PoseAgeP95=0.00
1789437552.024	90	90	0		456	5.92	10.77	358	41.0	0.66	FPS=90/90,Prd=28ms,Tear=0,Early=0,Stale=0,Stale2/5/10/max=0/0/0/0,VSnc=1,Lat=-4,Fov=0,CPU4/GPU=2/2,1920/456MHz,OC=3F,TA=0/38/0,SP=N/N/N,Mem=2092MHz,Free=3691MB,PLS=0,Temp=41.0C/0.0C,TW=1.02ms,App=5.92ms,GD=0.00ms,CPU&GPU=10.77ms,LCnt=1(DR90,LM0),GPU%=0.66,CPU%=0.21(W0.30),CFL=12.36/16.04,ICFLp95=15.16,LD=0,SF=1.00,DpuScale=1.00,LP=0,DVFS=0,Preempt=358,PoseAgeP95=0.00
1789437553.024	90	90	0		456	6.01	10.43	358	41.0	0.66	FPS=90/90,Prd=28ms,Tear=0,Early=0,Stale=0,Stale2/5/10/max=0/0/0/0,VSnc=1,Lat=-4,Fov=0,CPU4/GPU=2/2,1920/456MHz,OC=3F,TA=0/38/0,SP=N/N/N,Mem=2092MHz,Free=3691MB,PLS=0,Temp=41.0C/0.0C,TW=1.06ms,App=6.01ms,GD=0.00ms,CPU&GPU=10.43ms,LCnt=1(DR90,LM0),GPU%=0.66,CPU%=0.21(W0.31),CFL=12.34/16.17,ICFLp95=15.29,LD=0,SF=1.00,DpuScale=1.00,LP=0,DVFS=0,Preempt=358,PoseAgeP95=0.00
1789437554.024	91	90	0		456	5.99	10.72	362	41.0	0.67	FPS=91/90,Prd=28ms,Tear=0,Early=0,Stale=0,Stale2/5/10/max=0/0/0/0,VSnc=1,Lat=-4,Fov=0,CPU4/GPU=2/2,1920/456MHz,OC=3F,TA=0/38/0,SP=N/N/N,Mem=2092MHz,Free=3691MB,PLS=0,Temp=41.0C/0.0C,TW=1.06ms,App=5.99ms,GD=0.00ms,CPU&GPU=10.72ms,LCnt=1(DR91,LM0),GPU%=0.67,CPU%=0.21(W0.31),CFL=12.26/15.94,ICFLp95=15.15,LD=0,SF=1.00,DpuScale=1.00,LP=0,DVFS=0,Preempt=362,PoseAgeP95=0.00
1789437555.025	90	90	0		456	5.96	10.17	358	41.0	0.66	FPS=90/90,Prd=28ms,Tear=0,Early=0,Stale=0,Stale2/5/10/max=0/0/0/0,VSnc=1,Lat=-4,Fov=0,CPU4/GPU=2/2,1920/456MHz,OC=3F,TA=0/38/0,SP=N/N/N,Mem=2092MHz,Free=3691MB,PLS=0,Temp=41.0C/0.0C,TW=1.02ms,App=5.96ms,GD=0.00ms,CPU&GPU=10.17ms,LCnt=1(DR90,LM0),GPU%=0.66,CPU%=0.23(W0.25),CFL=12.39/15.93,ICFLp95=15.22,LD=0,SF=1.00,DpuScale=1.00,LP=0,DVFS=0,Preempt=358,PoseAgeP95=0.00
1789437556.046	90	90	0		456	5.97	10.15	358	41.0	0.66	FPS=90/90,Prd=28ms,Tear=0,Early=0,Stale=0,Stale2/5/10/max=0/0/0/0,VSnc=1,Lat=-4,Fov=0,CPU4/GPU=2/2,1920/456MHz,OC=3F,TA=0/38/0,SP=N/N/N,Mem=2092MHz,Free=3688MB,PLS=0,Temp=41.0C/0.0C,TW=1.02ms,App=5.97ms,GD=0.00ms,CPU&GPU=10.15ms,LCnt=1(DR90,LM0),GPU%=0.66,CPU%=0.21(W0.30),CFL=12.24/15.94,ICFLp95=15.23,LD=0,SF=1.00,DpuScale=1.00,LP=0,DVFS=0,Preempt=358,PoseAgeP95=0.00
1789437557.025	90	90	0		456	5.92	10.59	360	41.0	0.66	FPS=90/90,Prd=28ms,Tear=0,Early=0,Stale=0,Stale2/5/10/max=0/0/0/0,VSnc=1,Lat=-4,Fov=0,CPU4/GPU=2/2,1920/456MHz,OC=3F,TA=0/38/0,SP=N/N/N,Mem=2092MHz,Free=3688MB,PLS=0,Temp=41.0C/0.0C,TW=1.02ms,App=5.92ms,GD=0.00ms,CPU&GPU=10.59ms,LCnt=1(DR90,LM0),GPU%=0.66,CPU%=0.22(W0.33),CFL=12.19/15.93,ICFLp95=15.18,LD=0,SF=1.00,DpuScale=1.00,LP=0,DVFS=0,Preempt=360,PoseAgeP95=0.00
1789437558.025	90	90	0		456	5.93	10.46	358	41.0	0.66	FPS=90/90,Prd=28ms,Tear=0,Early=0,Stale=0,Stale2/5/10/max=0/0/0/0,VSnc=1,Lat=-4,Fov=0,CPU4/GPU=2/2,1920/456MHz,OC=3F,TA=0/38/0,SP=N/N/N,Mem=2092MHz,Free=3688MB,PLS=0,Temp=41.0C/0.0C,TW=1.02ms,App=5.93ms,GD=0.00ms,CPU&GPU=10.46ms,LCnt=1(DR90,LM0),GPU%=0.66,CPU%=0.22(W0.27),CFL=12.25/15.86,ICFLp95=15.15,LD=0,SF=1.00,DpuScale=1.00,LP=0,DVFS=0,Preempt=358,PoseAgeP95=0.00
1789437559.025	90	90	0		456	5.94	10.39	362	42.0	0.66	FPS=90/90,Prd=28ms,Tear=0,Early=0,Stale=0,Stale2/5/10/max=0/0/0/0,VSnc=1,Lat=-4,Fov=0,CPU4/GPU=2/2,1920/456MHz,OC=3F,TA=0/38/0,SP=N/N/N,Mem=2092MHz,Free=3688MB,PLS=0,Temp=42.0C/0.0C,TW=1.01ms,App=5.94ms,GD=0.00ms,CPU&GPU=10.39ms,LCnt=1(DR91,LM0),GPU%=0.66,CPU%=0.21(W0.30),CFL=12.23/15.93,ICFLp95=15.13,LD=0,SF=1.00,DpuScale=1.00,LP=0,DVFS=0,Preempt=362,PoseAgeP95=0.00
1789437560.025	91	90	0		456	5.98	10.22	358	42.0	0.67	FPS=91/90,Prd=28ms,Tear=0,Early=0,Stale=0,Stale2/5/10/max=0/0/0/0,VSnc=1,Lat=-4,Fov=0,CPU4/GPU=2/2,1920/456MHz,OC=3F,TA=0/38/0,SP=N/N/N,Mem=2092MHz,Free=3688MB,PLS=0,Temp=42.0C/0.0C,TW=1.02ms,App=5.98ms,GD=0.00ms,CPU&GPU=10.22ms,LCnt=1(DR90,LM0),GPU%=0.67,CPU%=0.22(W0.25),CFL=12.45/16.10,ICFLp95=15.24,LD=0,SF=1.00,DpuScale=1.00,LP=0,DVFS=0,Preempt=358,PoseAgeP95=0.00
1789437561.025	91	90	0		456	5.92	10.22	358	42.0	0.66	FPS=91/90,Prd=28ms,Tear=0,Early=0,Stale=0,Stale2/5/10/max=0/0/0/0,VSnc=1,Lat=-4,Fov=0,CPU4/GPU=2/2,1382/456MHz,OC=3F,TA=0/38/0,SP=N/N/N,Mem=2736MHz,Free=3688MB,PLS=0,Temp=42.0C/0.0C,TW=1.02ms,App=5.92ms,GD=0.00ms,CPU&GPU=10.22ms,LCnt=1(DR90,LM0),GPU%=0.66,CPU%=0.22(W0.31),CFL=12.30/16.00,ICFLp95=15.18,LD=0,SF=1.00,DpuScale=1.00,LP=0,DVFS=0,Preempt=358,PoseAgeP95=0.00
1789437562.025	91	90	0		456	5.99	10.44	358	42.0	0.66	FPS=91/90,Prd=28ms,Tear=0,Early=0,Stale=0,Stale2/5/10/max=0/0/0/0,VSnc=1,Lat=-4,Fov=0,CPU4/GPU=2/2,1382/456MHz,OC=3F,TA=0/38/0,SP=N/N/N,Mem=2736MHz,Free=3688MB,PLS=0,Temp=42.0C/0.0C,TW=1.01ms,App=5.99ms,GD=0.00ms,CPU&GPU=10.44ms,LCnt=1(DR90,LM0),GPU%=0.66,CPU%=0.23(W0.32),CFL=12.40/16.10,ICFLp95=15.22,LD=0,SF=1.00,DpuScale=1.00,LP=0,DVFS=0,Preempt=358,PoseAgeP95=0.00
1789437563.025	90	90	0		456	5.92	10.31	358	42.0	0.66	FPS=90/90,Prd=28ms,Tear=0,Early=0,Stale=0,Stale2/5/10/max=0/0/0/0,VSnc=1,Lat=-4,Fov=0,CPU4/GPU=2/2,1382/456MHz,OC=3F,TA=0/38/0,SP=N/N/N,Mem=2736MHz,Free=3688MB,PLS=0,Temp=42.0C/0.0C,TW=1.02ms,App=5.92ms,GD=0.00ms,CPU&GPU=10.31ms,LCnt=1(DR90,LM0),GPU%=0.66,CPU%=0.21(W0.27),CFL=12.31/16.18,ICFLp95=15.21,LD=0,SF=1.00,DpuScale=1.00,LP=0,DVFS=0,Preempt=358,PoseAgeP95=0.00
1789437564.026	91	90	0		456	5.93	10.35	362	42.0	0.66	FPS=91/90,Prd=28ms,Tear=0,Early=0,Stale=0,Stale2/5/10/max=0/0/0/0,VSnc=1,Lat=-4,Fov=0,CPU4/GPU=2/2,1382/456MHz,OC=3F,TA=0/38/0,SP=N/N/N,Mem=2736MHz,Free=3688MB,PLS=0,Temp=42.0C/0.0C,TW=1.02ms,App=5.93ms,GD=0.00ms,CPU&GPU=10.35ms,LCnt=1(DR91,LM0),GPU%=0.66,CPU%=0.21(W0.25),CFL=12.19/16.18,ICFLp95=15.23,LD=0,SF=1.00,DpuScale=1.00,LP=0,DVFS=0,Preempt=362,PoseAgeP95=0.00
1789437565.026	91	90	0		456	5.92	10.48	358	42.0	0.66	FPS=91/90,Prd=28ms,Tear=0,Early=0,Stale=0,Stale2/5/10/max=0/0/0/0,VSnc=1,Lat=-4,Fov=0,CPU4/GPU=2/2,1382/456MHz,OC=3F,TA=0/38/0,SP=N/N/N,Mem=2736MHz,Free=3688MB,PLS=0,Temp=42.0C/0.0C,TW=1.02ms,App=5.92ms,GD=0.00ms,CPU&GPU=10.48ms,LCnt=1(DR90,LM0),GPU%=0.66,CPU%=0.22(W0.30),CFL=12.32/16.27,ICFLp95=15.24,LD=0,SF=1.00,DpuScale=1.00,LP=0,DVFS=0,Preempt=358,PoseAgeP95=0.00
1789437566.026	91	90	0		456	5.96	10.22	358	42.0	0.66	FPS=91/90,Prd=28ms,Tear=0,Early=0,Stale=0,Stale2/5/10/max=0/0/0/0,VSnc=1,Lat=-4,Fov=0,CPU4/GPU=2/2,1382/456MHz,OC=3F,TA=0/38/0,SP=N/N/N,Mem=2736MHz,Free=3688MB,PLS=0,Temp=42.0C/0.0C,TW=1.02ms,App=5.96ms,GD=0.00ms,CPU&GPU=10.22ms,LCnt=1(DR90,LM0),GPU%=0.66,CPU%=0.21(W0.24),CFL=12.28/15.91,ICFLp95=15.19,LD=0,SF=1.00,DpuScale=1.00,LP=0,DVFS=0,Preempt=358,PoseAgeP95=0.00
1789437567.026	90	90	0		456	5.92	10.33	362	42.0	0.66	FPS=90/90,Prd=28ms,Tear=0,Early=0,Stale=0,Stale2/5/10/max=0/0/0/0,VSnc=1,Lat=-4,Fov=0,CPU4/GPU=2/2,1382/456MHz,OC=3F,TA=0/38/0,SP=N/N/N,Mem=2736MHz,Free=3688MB,PLS=0,Temp=42.0C/0.0C,TW=1.03ms,App=5.92ms,GD=0.00ms,CPU&GPU=10.33ms,LCnt=1(DR91,LM0),GPU%=0.66,CPU%=0.21(W0.27),CFL=12.28/16.11,ICFLp95=15.17,LD=0,SF=1.00,DpuScale=1.00,LP=0,DVFS=0,Preempt=362,PoseAgeP95=0.00
1789437568.026	90	90	0		456	5.97	10.26	358	42.0	0.67	FPS=90/90,Prd=28ms,Tear=0,Early=0,Stale=0,Stale2/5/10/max=0/0/0/0,VSnc=1,Lat=-4,Fov=0,CPU4/GPU=2/2,1382/456MHz,OC=3F,TA=0/38/0,SP=N/N/N,Mem=2736MHz,Free=3688MB,PLS=0,Temp=42.0C/0.0C,TW=1.03ms,App=5.97ms,GD=0.00ms,CPU&GPU=10.26ms,LCnt=1(DR90,LM0),GPU%=0.67,CPU%=0.23(W0.29),CFL=12.31/15.87,ICFLp95=15.13,LD=0,SF=1.00,DpuScale=1.00,LP=0,DVFS=0,Preempt=358,PoseAgeP95=0.00
1789437569.026	91	90	0		456	5.98	10.36	364	42.0	0.66	FPS=91/90,Prd=28ms,Tear=1,Early=0,Stale=0,Stale2/5/10/max=0/0/0/0,VSnc=1,Lat=-4,Fov=0,CPU4/GPU=2/2,1382/456MHz,OC=3F,TA=0/38/0,SP=N/N/N,Mem=2736MHz,Free=3688MB,PLS=0,Temp=42.0C/0.0C,TW=1.02ms,App=5.98ms,GD=0.00ms,CPU&GPU=10.36ms,LCnt=1(DR91,LM0),GPU%=0.66,CPU%=0.21(W0.31),CFL=12.28/15.94,ICFLp95=15.20,LD=0,SF=1.00,DpuScale=1.00,LP=0,DVFS=0,Preempt=364,PoseAgeP95=0.00
1789437570.026	90	90	0		456	5.94	10.53	358	42.0	0.67	FPS=90/90,Prd=28ms,Tear=0,Early=0,Stale=0,Stale2/5/10/max=0/0/0/0,VSnc=1,Lat=-4,Fov=0,CPU4/GPU=2/2,1382/456MHz,OC=3F,TA=0/38/0,SP=N/N/N,Mem=2736MHz,Free=3688MB,PLS=0,Temp=42.0C/0.0C,TW=1.02ms,App=5.94ms,GD=0.00ms,CPU&GPU=10.53ms,LCnt=1(DR90,LM0),GPU%=0.67,CPU%=0.21(W0.31),CFL=12.42/15.80,ICFLp95=15.08,LD=0,SF=1.00,DpuScale=1.00,LP=0,DVFS=0,Preempt=358,PoseAgeP95=0.00
1789437571.026	90	90	0		456	5.94	10.64	358	42.0	0.66	FPS=90/90,Prd=28ms,Tear=0,Early=0,Stale=0,Stale2/5/10/max=0/0/0/0,VSnc=1,Lat=-4,Fov=0,CPU4/GPU=2/2,1382/456MHz,OC=3F,TA=0/38/0,SP=N/N/N,Mem=2736MHz,Free=3688MB,PLS=0,Temp=42.0C/0.0C,TW=1.03ms,App=5.94ms,GD=0.00ms,CPU&GPU=10.64ms,LCnt=1(DR90,LM0),GPU%=0.66,CPU%=0.21(W0.31),CFL=12.26/15.92,ICFLp95=15.16,LD=0,SF=1.00,DpuScale=1.00,LP=0,DVFS=0,Preempt=358,PoseAgeP95=0.00
1789437572.026	91	90	0		456	5.91	10.35	358	42.0	0.66	FPS=91/90,Prd=28ms,Tear=0,Early=0,Stale=0,Stale2/5/10/max=0/0/0/0,VSnc=1,Lat=-4,Fov=0,CPU4/GPU=2/2,1382/456MHz,OC=3F,TA=0/38/0,SP=N/N/N,Mem=2736MHz,Free=3688MB,PLS=0,Temp=42.0C/0.0C,TW=1.01ms,App=5.91ms,GD=0.00ms,CPU&GPU=10.35ms,LCnt=1(DR90,LM0),GPU%=0.66,CPU%=0.21(W0.30),CFL=12.28/15.99,ICFLp95=15.25,LD=0,SF=1.00,DpuScale=1.00,LP=0,DVFS=0,Preempt=358,PoseAgeP95=0.00
1789437573.026	91	90	0		456	5.97	10.20	360	42.0	0.66	FPS=91/90,Prd=28ms,Tear=0,Early=0,Stale=0,Stale2/5/10/max=0/0/0/0,VSnc=1,Lat=-4,Fov=0,CPU4/GPU=2/2,1382/456MHz,OC=3F,TA=0/38/0,SP=N/N/N,Mem=2736MHz,Free=3688MB,PLS=0,Temp=42.0C/0.0C,TW=1.03ms,App=5.97ms,GD=0.00ms,CPU&GPU=10.20ms,LCnt=1(DR90,LM0),GPU%=0.66,CPU%=0.22(W0.27),CFL=12.29/15.84,ICFLp95=15.09,LD=0,SF=1.00,DpuScale=1.00,LP=0,DVFS=0,Preempt=360,PoseAgeP95=0.00
1789437574.026	91	90	0		456	6.02	10.82	358	42.0	0.67	FPS=91/90,Prd=28ms,Tear=0,Early=0,Stale=0,Stale2/5/10/max=0/0/0/0,VSnc=1,Lat=-4,Fov=0,CPU4/GPU=2/2,1382/456MHz,OC=3F,TA=0/38/0,SP=N/N/N,Mem=2736MHz,Free=3688MB,PLS=0,Temp=42.0C/0.0C,TW=1.03ms,App=6.02ms,GD=0.00ms,CPU&GPU=10.82ms,LCnt=1(DR90,LM0),GPU%=0.67,CPU%=0.23(W0.31),CFL=12.30/16.16,ICFLp95=15.25,LD=0,SF=1.00,DpuScale=1.00,LP=0,DVFS=0,Preempt=358,PoseAgeP95=0.00
1789437575.026	91	90	0		456	5.96	10.47	360	42.0	0.67	FPS=91/90,Prd=28ms,Tear=0,Early=0,Stale=0,Stale2/5/10/max=0/0/0/0,VSnc=1,Lat=-4,Fov=0,CPU4/GPU=2/2,1382/456MHz,OC=3F,TA=0/38/0,SP=N/N/N,Mem=2736MHz,Free=3688MB,PLS=0,Temp=42.0C/0.0C,TW=1.08ms,App=5.96ms,GD=0.00ms,CPU&GPU=10.47ms,LCnt=1(DR90,LM0),GPU%=0.67,CPU%=0.23(W0.32),CFL=12.30/15.97,ICFLp95=15.24,LD=0,SF=1.00,DpuScale=1.00,LP=0,DVFS=0,Preempt=360,PoseAgeP95=0.00
1789437576.048	90	90	0		456	5.93	10.51	360	42.0	0.67	FPS=90/90,Prd=28ms,Tear=0,Early=0,Stale=0,Stale2/5/10/max=0/0/0/0,VSnc=1,Lat=-4,Fov=0,CPU4/GPU=2/2,1382/456MHz,OC=3F,TA=0/38/0,SP=N/N/N,Mem=2736MHz,Free=3684MB,PLS=0,Temp=42.0C/0.0C,TW=1.02ms,App=5.93ms,GD=0.00ms,CPU&GPU=10.51ms,LCnt=1(DR91,LM0),GPU%=0.67,CPU%=0.21(W0.27),CFL=12.46/16.01,ICFLp95=15.27,LD=0,SF=1.00,DpuScale=1.00,LP=0,DVFS=0,Preempt=360,PoseAgeP95=0.00
1789437577.026	90	90	0		456	5.92	10.39	360	42.0	0.67	FPS=90/90,Prd=28ms,Tear=0,Early=0,Stale=0,Stale2/5/10/max=0/0/0/0,VSnc=1,Lat=-4,Fov=0,CPU4/GPU=2/2,1382/456MHz,OC=3F,TA=0/38/0,SP=N/N/N,Mem=2736MHz,Free=3684MB,PLS=0,Temp=42.0C/0.0C,TW=1.02ms,App=5.92ms,GD=0.00ms,CPU&GPU=10.39ms,LCnt=1(DR90,LM0),GPU%=0.67,CPU%=0.21(W0.29),CFL=12.24/15.93,ICFLp95=15.21,LD=0,SF=1.00,DpuScale=1.00,LP=0,DVFS=0,Preempt=360,PoseAgeP95=0.00
1789437578.026	91	90	0		456	5.95	10.14	358	42.0	0.66	FPS=91/90,Prd=28ms,Tear=0,Early=0,Stale=0,Stale2/5/10/max=0/0/0/0,VSnc=1,Lat=-4,Fov=0,CPU4/GPU=2/2,1382/456MHz,OC=3F,TA=0/38/0,SP=N/N/N,Mem=2736MHz,Free=3684MB,PLS=0,Temp=42.0C/0.0C,TW=1.02ms,App=5.95ms,GD=0.00ms,CPU&GPU=10.14ms,LCnt=1(DR90,LM0),GPU%=0.66,CPU%=0.22(W0.28),CFL=12.40/16.09,ICFLp95=15.16,LD=0,SF=1.00,DpuScale=1.00,LP=0,DVFS=0,Preempt=358,PoseAgeP95=0.00
1789437579.027	90	90	0		456	5.94	10.31	358	42.0	0.66	FPS=90/90,Prd=28ms,Tear=0,Early=0,Stale=0,Stale2/5/10/max=0/0/0/0,VSnc=1,Lat=-4,Fov=0,CPU4/GPU=2/2,1382/456MHz,OC=3F,TA=0/38/0,SP=N/N/N,Mem=2736MHz,Free=3684MB,PLS=0,Temp=42.0C/0.0C,TW=1.02ms,App=5.94ms,GD=0.00ms,CPU&GPU=10.31ms,LCnt=1(DR90,LM0),GPU%=0.66,CPU%=0.22(W0.25),CFL=12.30/15.89,ICFLp95=15.17,LD=0,SF=1.00,DpuScale=1.00,LP=0,DVFS=0,Preempt=358,PoseAgeP95=0.00
1789437580.027	90	90	0		456	5.97	10.31	362	42.0	0.67	FPS=90/90,Prd=28ms,Tear=0,Early=0,Stale=0,Stale2/5/10/max=0/0/0/0,VSnc=1,Lat=-4,Fov=0,CPU4/GPU=2/2,1382/456MHz,OC=3F,TA=0/38/0,SP=N/N/N,Mem=2736MHz,Free=3684MB,PLS=0,Temp=42.0C/0.0C,TW=1.02ms,App=5.97ms,GD=0.00ms,CPU&GPU=10.31ms,LCnt=1(DR91,LM0),GPU%=0.67,CPU%=0.22(W0.23),CFL=12.30/15.74,ICFLp95=15.04,LD=0,SF=1.00,DpuScale=1.00,LP=0,DVFS=0,Preempt=362,PoseAgeP95=0.00
1789437581.027	91	90	1		456	5.95	10.21	358	42.0	0.66	FPS=91/90,Prd=28ms,Tear=0,Early=0,Stale=1,Stale2/5/10/max=0/0/0/1,VSnc=1,Lat=-4,Fov=0,CPU4/GPU=2/2,1382/456MHz,OC=3F,TA=0/38/0,SP=N/N/N,Mem=2736MHz,Free=3684MB,PLS=0,Temp=42.0C/0.0C,TW=1.02ms,App=5.95ms,GD=0.00ms,CPU&GPU=10.21ms,LCnt=1(DR90,LM0),GPU%=0.66,CPU%=0.21(W0.34),CFL=12.38/15.97,ICFLp95=15.16,LD=0,SF=1.00,DpuScale=1.00,LP=0,DVFS=0,Preempt=358,PoseAgeP95=0.00
1789437582.027	91	90	0		456	5.98	11.02	358	42.0	0.66	FPS=91/90,Prd=28ms,Tear=0,Early=0,Stale=0,Stale2/5/10/max=0/0/0/0,VSnc=1,Lat=-4,Fov=0,CPU4/GPU=2/2,1382/456MHz,OC=3F,TA=0/38/0,SP=N/N/N,Mem=2736MHz,Free=3684MB,PLS=0,Temp=42.0C/0.0C,TW=1.02ms,App=5.98ms,GD=0.00ms,CPU&GPU=11.02ms,LCnt=1(DR90,LM0),GPU%=0.66,CPU%=0.22(W0.31),CFL=12.33/15.93,ICFLp95=15.23,LD=0,SF=1.00,DpuScale=1.00,LP=0,DVFS=0,Preempt=358,PoseAgeP95=0.00
1789437583.027	90	90	0		456	5.90	10.81	360	42.0	0.67	FPS=90/90,Prd=28ms,Tear=0,Early=0,Stale=0,Stale2/5/10/max=0/0/0/0,VSnc=1,Lat=-4,Fov=0,CPU4/GPU=2/2,1382/456MHz,OC=3F,TA=0/38/0,SP=N/N/N,Mem=2736MHz,Free=3684MB,PLS=0,Temp=42.0C/0.0C,TW=1.03ms,App=5.90ms,GD=0.00ms,CPU&GPU=10.81ms,LCnt=1(DR90,LM0),GPU%=0.67,CPU%=0.21(W0.32),CFL=12.30/15.96,ICFLp95=15.19,LD=0,SF=1.00,DpuScale=1.00,LP=0,DVFS=0,Preempt=360,PoseAgeP95=0.00
1789437584.027	90	90	0		456	5.94	10.53	358	42.0	0.66	FPS=90/90,Prd=28ms,Tear=0,Early=0,Stale=0,Stale2/5/10/max=0/0/0/0,VSnc=1,Lat=-4,Fov=0,CPU4/GPU=2/2,1382/456MHz,OC=3F,TA=0/38/0,SP=N/N/N,Mem=2736MHz,Free=3684MB,PLS=0,Temp=42.0C/0.0C,TW=1.02ms,App=5.94ms,GD=0.00ms,CPU&GPU=10.53ms,LCnt=1(DR90,LM0),GPU%=0.66,CPU%=0.21(W0.38),CFL=12.24/16.14,ICFLp95=15.19,LD=0,SF=1.00,DpuScale=1.00,LP=0,DVFS=0,Preempt=358,PoseAgeP95=0.00
1789437585.027	91	90	0		456	5.93	10.33	362	42.0	0.66	FPS=91/90,Prd=28ms,Tear=0,Early=0,Stale=0,Stale2/5/10/max=0/0/0/0,VSnc=1,Lat=-4,Fov=0,CPU4/GPU=2/2,1382/456MHz,OC=3F,TA=0/38/0,SP=N/N/N,Mem=2736MHz,Free=3684MB,PLS=0,Temp=42.0C/0.0C,TW=1.02ms,App=5.93ms,GD=0.00ms,CPU&GPU=10.33ms,LCnt=1(DR91,LM0),GPU%=0.66,CPU%=0.24(W0.42),CFL=12.21/15.92,ICFLp95=15.21,LD=0,SF=1.00,DpuScale=1.00,LP=0,DVFS=0,Preempt=362,PoseAgeP95=0.00
1789437586.027	90	90	0		456	5.92	10.49	360	42.0	0.66	FPS=90/90,Prd=28ms,Tear=0,Early=0,Stale=0,Stale2/5/10/max=0/0/0/0,VSnc=1,Lat=-4,Fov=0,CPU4/GPU=2/2,1382/456MHz,OC=3F,TA=0/38/0,SP=N/N/N,Mem=2736MHz,Free=3684MB,PLS=0,Temp=42.0C/0.0C,TW=1.02ms,App=5.92ms,GD=0.00ms,CPU&GPU=10.49ms,LCnt=1(DR90,LM0),GPU%=0.66,CPU%=0.24(W0.30),CFL=12.29/16.08,ICFLp95=15.26,LD=0,SF=1.00,DpuScale=1.00,LP=0,DVFS=0,Preempt=360,PoseAgeP95=0.00
1789437587.027	90	90	0		456	5.92	10.07	358	42.0	0.66	FPS=90/90,Prd=28ms,Tear=0,Early=0,Stale=0,Stale2/5/10/max=0/0/0/0,VSnc=1,Lat=-4,Fov=0,CPU4/GPU=2/2,1382/456MHz,OC=3F,TA=0/38/0,SP=N/N/N,Mem=2736MHz,Free=3684MB,PLS=0,Temp=42.0C/0.0C,TW=1.02ms,App=5.92ms,GD=0.00ms,CPU&GPU=10.07ms,LCnt=1(DR90,LM0),GPU%=0.66,CPU%=0.23(W0.32),CFL=12.24/15.93,ICFLp95=15.22,LD=0,SF=1.00,DpuScale=1.00,LP=0,DVFS=0,Preempt=358,PoseAgeP95=0.00
1789437589.027	91	90	0		456	5.98	10.33	364	42.0	0.66	FPS=91/90,Prd=28ms,Tear=0,Early=0,Stale=0,Stale2/5/10/max=0/0/0/0,VSnc=1,Lat=-4,Fov=0,CPU4/GPU=2/2,1382/456MHz,OC=3F,TA=0/38/0,SP=N/N/N,Mem=2736MHz,Free=3684MB,PLS=0,Temp=42.0C/0.0C,TW=1.01ms,App=5.98ms,GD=0.00ms,CPU&GPU=10.33ms,LCnt=1(DR91,LM0),GPU%=0.66,CPU%=0.26(W0.42),CFL=12.22/16.11,ICFLp95=15.13,LD=0,SF=1.00,DpuScale=1.00,LP=0,DVFS=0,Preempt=364,PoseAgeP95=0.00
1789437590.027	91	90	0		456	5.95	10.47	358	42.0	0.66	FPS=91/90,Prd=28ms,Tear=0,Early=0,Stale=0,Stale2/5/10/max=0/0/0/0,VSnc=1,Lat=-4,Fov=0,CPU4/GPU=2/2,1382/456MHz,OC=3F,TA=0/38/0,SP=N/N/N,Mem=2736MHz,Free=3684MB,PLS=0,Temp=42.0C/0.0C,TW=1.02ms,App=5.95ms,GD=0.00ms,CPU&GPU=10.47ms,LCnt=1(DR90,LM0),GPU%=0.66,CPU%=0.25(W0.43),CFL=12.18/15.96,ICFLp95=15.14,LD=0,SF=1.00,DpuScale=1.00,LP=0,DVFS=0,Preempt=358,PoseAgeP95=0.00
1789437591.027	91	90	0		456	5.96	10.38	358	42.0	0.66	FPS=91/90,Prd=28ms,Tear=0,Early=0,Stale=0,Stale2/5/10/max=0/0/0/0,VSnc=1,Lat=-4,Fov=0,CPU4/GPU=2/2,1382/456MHz,OC=3F,TA=0/38/0,SP=N/N/N,Mem=1708MHz,Free=3684MB,PLS=0,Temp=42.0C/0.0C,TW=1.01ms,App=5.96ms,GD=0.00ms,CPU&GPU=10.38ms,LCnt=1(DR90,LM0),GPU%=0.66,CPU%=0.27(W0.30),CFL=12.32/16.13,ICFLp95=15.25,LD=0,SF=1.00,DpuScale=1.00,LP=0,DVFS=0,Preempt=358,PoseAgeP95=0.00
1789437592.027	90	90	0		456	5.91	10.13	358	42.0	0.66	FPS=90/90,Prd=28ms,Tear=0,Early=0,Stale=0,Stale2/5/10/max=0/0/0/0,VSnc=1,Lat=-4,Fov=0,CPU4/GPU=2/2,1382/456MHz,OC=3F,TA=0/38/0,SP=N/N/N,Mem=1708MHz,Free=3684MB,PLS=0,Temp=42.0C/0.0C,TW=1.02ms,App=5.91ms,GD=0.00ms,CPU&GPU=10.13ms,LCnt=1(DR90,LM0),GPU%=0.66,CPU%=0.24(W0.30),CFL=12.28/16.03,ICFLp95=15.18,LD=0,SF=1.00,DpuScale=1.00,LP=0,DVFS=0,Preempt=358,PoseAgeP95=0.00
1789437593.028	91	90	0		456	6.00	10.59	364	42.0	0.66	FPS=91/90,Prd=28ms,Tear=0,Early=0,Stale=0,Stale2/5/10/max=0/0/0/0,VSnc=1,Lat=-4,Fov=0,CPU4/GPU=2/2,1382/456MHz,OC=3F,TA=0/38/0,SP=N/N/N,Mem=1708MHz,Free=3684MB,PLS=0,Temp=42.0C/0.0C,TW=1.01ms,App=6.00ms,GD=0.00ms,CPU&GPU=10.59ms,LCnt=1(DR91,LM0),GPU%=0.66,CPU%=0.24(W0.35),CFL=12.24/15.95,ICFLp95=15.15,LD=0,SF=1.00,DpuScale=1.00,LP=0,DVFS=0,Preempt=364,PoseAgeP95=0.00
1789437594.028	90	90	0		456	5.96	10.53	358	42.0	0.66	FPS=90/90,Prd=28ms,Tear=0,Early=0,Stale=0,Stale2/5/10/max=0/0/0/0,VSnc=1,Lat=-4,Fov=0,CPU4/GPU=2/2,1382/456MHz,OC=3F,TA=0/38/0,SP=N/N/N,Mem=1708MHz,Free=3684MB,PLS=0,Temp=42.0C/0.0C,TW=1.02ms,App=5.96ms,GD=0.00ms,CPU&GPU=10.53ms,LCnt=1(DR90,LM0),GPU%=0.66,CPU%=0.22(W0.30),CFL=12.31/15.90,ICFLp95=15.12,LD=0,SF=1.00,DpuScale=1.00,LP=0,DVFS=0,Preempt=358,PoseAgeP95=0.00
1789437595.028	91	90	0		456	5.96	10.06	358	42.0	0.66	FPS=91/90,Prd=28ms,Tear=0,Early=0,Stale=0,Stale2/5/10/max=0/0/0/0,VSnc=1,Lat=-4,Fov=0,CPU4/GPU=2/2,1382/456MHz,OC=3F,TA=0/38/0,SP=N/N/N,Mem=1708MHz,Free=3684MB,PLS=0,Temp=42.0C/0.0C,TW=1.01ms,App=5.96ms,GD=0.00ms,CPU&GPU=10.06ms,LCnt=1(DR90,LM0),GPU%=0.66,CPU%=0.22(W0.30),CFL=12.18/15.84,ICFLp95=15.08,LD=0,SF=1.00,DpuScale=1.00,LP=0,DVFS=0,Preempt=358,PoseAgeP95=0.00
1789437596.053	90	90	0		456	6.05	10.12	362	42.0	0.67	FPS=90/90,Prd=28ms,Tear=0,Early=0,Stale=0,Stale2/5/10/max=0/0/0/0,VSnc=1,Lat=-4,Fov=0,CPU4/GPU=2/2,1382/456MHz,OC=3F,TA=0/38/0,SP=N/N/N,Mem=1708MHz,Free=3676MB,PLS=0,Temp=42.0C/0.0C,TW=1.09ms,App=6.05ms,GD=0.00ms,CPU&GPU=10.12ms,LCnt=1(DR91,LM0),GPU%=0.67,CPU%=0.24(W0.32),CFL=12.23/15.86,ICFLp95=15.13,LD=0,SF=1.00,DpuScale=1.00,LP=0,DVFS=0,Preempt=362,PoseAgeP95=0.00
1789437597.028	91	90	0		456	6.08	10.76	360	42.0	0.67	FPS=91/90,Prd=28ms,Tear=0,Early=0,Stale=0,Stale2/5/10/max=0/0/0/0,VSnc=1,Lat=-4,Fov=0,CPU4/GPU=2/2,1382/456MHz,OC=3F,TA=0/38/0,SP=N/N/N,Mem=1708MHz,Free=3676MB,PLS=0,Temp=42.0C/0.0C,TW=1.01ms,App=6.08ms,GD=0.00ms,CPU&GPU=10.76ms,LCnt=1(DR91,LM0),GPU%=0.67,CPU%=0.24(W0.30),CFL=12.36/16.11,ICFLp95=15.38,LD=0,SF=1.00,DpuScale=1.00,LP=0,DVFS=0,Preempt=360,PoseAgeP95=0.00
1789437598.028	90	90	0		456	5.94	10.81	360	42.0	0.67	FPS=90/90,Prd=28ms,Tear=0,Early=0,Stale=0,Stale2/5/10/max=0/0/0/0,VSnc=1,Lat=-4,Fov=0,CPU4/GPU=2/2,1382/456MHz,OC=3F,TA=0/38/0,SP=N/N/N,Mem=1708MHz,Free=3676MB,PLS=0,Temp=42.0C/0.0C,TW=1.02ms,App=5.94ms,GD=0.00ms,CPU&GPU=10.81ms,LCnt=1(DR90,LM0),GPU%=0.67,CPU%=0.25(W0.39),CFL=12.48/16.03,ICFLp95=15.29,LD=0,SF=1.00,DpuScale=1.00,LP=0,DVFS=0,Preempt=360,PoseAgeP95=0.00
1789437599.028	91	90	0		456	5.95	10.17	358	42.0	0.66	FPS=91/90,Prd=28ms,Tear=0,Early=0,Stale=0,Stale2/5/10/max=0/0/0/0,VSnc=1,Lat=-4,Fov=0,CPU4/GPU=2/2,1382/456MHz,OC=3F,TA=0/38/0,SP=N/N/N,Mem=1708MHz,Free=3676MB,PLS=0,Temp=42.0C/0.0C,TW=1.01ms,App=5.95ms,GD=0.00ms,CPU&GPU=10.17ms,LCnt=1(DR90,LM0),GPU%=0.66,CPU%=0.23(W0.29),CFL=12.37/16.02,ICFLp95=15.24,LD=0,SF=1.00,DpuScale=1.00,LP=0,DVFS=0,Preempt=358,PoseAgeP95=0.00
1789437600.028	90	90	0		456	5.94	10.25	358	42.0	0.66	FPS=90/90,Prd=28ms,Tear=0,Early=0,Stale=0,Stale2/5/10/max=0/0/0/0,VSnc=1,Lat=-4,Fov=0,CPU4/GPU=2/2,1382/456MHz,OC=3F,TA=0/38/0,SP=N/N/N,Mem=1708MHz,Free=3676MB,PLS=0,Temp=42.0C/0.0C,TW=1.02ms,App=5.94ms,GD=0.00ms,CPU&GPU=10.25ms,LCnt=1(DR90,LM0),GPU%=0.66,CPU%=0.19(W0.36),CFL=12.21/16.01,ICFLp95=15.19,LD=0,SF=1.00,DpuScale=1.00,LP=0,DVFS=0,Preempt=358,PoseAgeP95=0.00
1789437601.028	90	90	0		456	6.03	10.30	362	42.0	0.67	FPS=90/90,Prd=28ms,Tear=1,Early=0,Stale=0,Stale2/5/10/max=0/0/0/0,VSnc=1,Lat=-4,Fov=0,CPU4/GPU=2/2,1382/456MHz,OC=3F,TA=0/38/0,SP=N/N/N,Mem=2736MHz,Free=3676MB,PLS=0,Temp=42.0C/0.0C,TW=1.02ms,App=6.03ms,GD=0.00ms,CPU&GPU=10.30ms,LCnt=1(DR91,LM0),GPU%=0.67,CPU%=0.24(W0.37),CFL=12.23/16.16,ICFLp95=15.21,LD=0,SF=1.00,DpuScale=1.00,LP=0,DVFS=0,Preempt=362,PoseAgeP95=0.00
1789437602.028	91	90	0		456	6.00	10.35	358	42.0	0.67	FPS=91/90,Prd=28ms,Tear=0,Early=0,Stale=0,Stale2/5/10/max=0/0/0/0,VSnc=1,Lat=-4,Fov=0,CPU4/GPU=2/2,1382/456MHz,OC=3F,TA=0/38/0,SP=N/N/N,Mem=2736MHz,Free=3676MB,PLS=0,Temp=42.0C/0.0C,TW=1.02ms,App=6.00ms,GD=0.00ms,CPU&GPU=10.35ms,LCnt=1(DR90,LM0),GPU%=0.67,CPU%=0.24(W0.32),CFL=12.39/16.00,ICFLp95=15.18,LD=0,SF=1.00,DpuScale=1.00,LP=0,DVFS=0,Preempt=358,PoseAgeP95=0.00
1789437603.028	90	90	0		456	5.93	10.98	360	42.0	0.66	FPS=90/90,Prd=28ms,Tear=0,Early=0,Stale=0,Stale2/5/10/max=0/0/0/0,VSnc=1,Lat=-4,Fov=0,CPU4/GPU=2/2,1382/456MHz,OC=3F,TA=0/38/0,SP=N/N/N,Mem=2736MHz,Free=3676MB,PLS=0,Temp=42.0C/0.0C,TW=1.02ms,App=5.93ms,GD=0.00ms,CPU&GPU=10.98ms,LCnt=1(DR90,LM0),GPU%=0.66,CPU%=0.21(W0.32),CFL=12.19/15.89,ICFLp95=15.19,LD=0,SF=1.00,DpuScale=1.00,LP=0,DVFS=0,Preempt=360,PoseAgeP95=0.00
1789437604.028	90	90	0		456	5.90	10.45	364	42.0	0.67	FPS=90/90,Prd=28ms,Tear=1,Early=0,Stale=0,Stale2/5/10/max=0/0/0/0,VSnc=1,Lat=-4,Fov=0,CPU4/GPU=2/2,1382/456MHz,OC=3F,TA=0/38/0,SP=N/N/N,Mem=2736MHz,Free=3676MB,PLS=0,Temp=42.0C/0.0C,TW=1.02ms,App=5.90ms,GD=0.00ms,CPU&GPU=10.45ms,LCnt=1(DR91,LM0),GPU%=0.67,CPU%=0.23(W0.40),CFL=12.25/15.96,ICFLp95=15.16,LD=0,SF=1.00,DpuScale=1.00,LP=0,DVFS=0,Preempt=364,PoseAgeP95=0.00
1789437605.028	91	90	0		456	6.07	10.52	358	42.0	0.67	FPS=91/90,Prd=28ms,Tear=0,Early=0,Stale=0,Stale2/5/10/max=0/0/0/0,VSnc=1,Lat=-4,Fov=0,CPU4/GPU=2/2,1382/456MHz,OC=3F,TA=0/38/0,SP=N/N/N,Mem=2736MHz,Free=3676MB,PLS=0,Temp=42.0C/0.0C,TW=1.01ms,App=6.07ms,GD=0.00ms,CPU&GPU=10.52ms,LCnt=1(DR90,LM0),GPU%=0.67,CPU%=0.24(W0.30),CFL=12.38/15.89,ICFLp95=15.18,LD=0,SF=1.00,DpuScale=1.00,LP=0,DVFS=0,Preempt=358,PoseAgeP95=0.00
1789437606.029	90	90	0		456	5.94	10.82	358	42.0	0.66	FPS=90/90,Prd=28ms,Tear=0,Early=0,Stale=0,Stale2/5/10/max=0/0/0/0,VSnc=1,Lat=-4,Fov=0,CPU4/GPU=2/2,1382/456MHz,OC=3F,TA=0/38/0,SP=N/N/N,Mem=2736MHz,Free=3676MB,PLS=0,Temp=42.0C/0.0C,TW=1.02ms,App=5.94ms,GD=0.00ms,CPU&GPU=10.82ms,LCnt=1(DR90,LM0),GPU%=0.66,CPU%=0.21(W0.32),CFL=12.31/16.06,ICFLp95=15.19,LD=0,SF=1.00,DpuScale=1.00,LP=0,DVFS=0,Preempt=358,PoseAgeP95=0.00
1789437607.029	90	90	0		456	6.00	10.80	358	42.0	0.67	FPS=90/90,Prd=28ms,Tear=0,Early=0,Stale=0,Stale2/5/10/max=0/0/0/0,VSnc=1,Lat=-4,Fov=0,CPU4/GPU=2/2,1382/456MHz,OC=3F,TA=0/38/0,SP=N/N/N,Mem=2736MHz,Free=3676MB,PLS=0,Temp=42.0C/0.0C,TW=1.02ms,App=6.00ms,GD=0.00ms,CPU&GPU=10.80ms,LCnt=1(DR90,LM0),GPU%=0.67,CPU%=0.24(W0.27),CFL=12.28/15.86,ICFLp95=15.09,LD=0,SF=1.00,DpuScale=1.00,LP=0,DVFS=0,Preempt=358,PoseAgeP95=0.00
1789437608.029	90	90	0		456	5.90	10.73	358	42.0	0.66	FPS=90/90,Prd=28ms,Tear=0,Early=0,Stale=0,Stale2/5/10/max=0/0/0/0,VSnc=1,Lat=-4,Fov=0,CPU4/GPU=2/2,1382/456MHz,OC=3F,TA=0/38/0,SP=N/N/N,Mem=2736MHz,Free=3676MB,PLS=0,Temp=42.0C/0.0C,TW=1.02ms,App=5.90ms,GD=0.00ms,CPU&GPU=10.73ms,LCnt=1(DR90,LM0),GPU%=0.66,CPU%=0.22(W0.33),CFL=12.32/15.80,ICFLp95=15.10,LD=0,SF=1.00,DpuScale=1.00,LP=0,DVFS=0,Preempt=358,PoseAgeP95=0.00
1789437609.029	91	90	0		456	5.95	10.81	360	42.0	0.66	FPS=91/90,Prd=28ms,Tear=0,Early=0,Stale=0,Stale2/5/10/max=0/0/0/0,VSnc=1,Lat=-4,Fov=0,CPU4/GPU=2/2,1382/456MHz,OC=3F,TA=0/38/0,SP=N/N/N,Mem=2736MHz,Free=3676MB,PLS=0,Temp=42.0C/0.0C,TW=1.02ms,App=5.95ms,GD=0.00ms,CPU&GPU=10.81ms,LCnt=1(DR90,LM0),GPU%=0.66,CPU%=0.23(W0.25),CFL=12.20/16.32,ICFLp95=15.18,LD=0,SF=1.00,DpuScale=1.00,LP=0,DVFS=0,Preempt=360,PoseAgeP95=0.00
1789437610.029	90	90	0		456	5.91	10.85	358	42.0	0.66	FPS=90/90,Prd=28ms,Tear=0,Early=0,Stale=0,Stale2/5/10/max=0/0/0/0,VSnc=1,Lat=-4,Fov=0,CPU4/GPU=2/2,1382/456MHz,OC=3F,TA=0/38/0,SP=N/N/N,Mem=2736MHz,Free=3676MB,PLS=0,Temp=42.0C/0.0C,TW=1.02ms,App=5.91ms,GD=0.00ms,CPU&GPU=10.85ms,LCnt=1(DR90,LM0),GPU%=0.66,CPU%=0.24(W0.34),CFL=12.36/16.02,ICFLp95=15.24,LD=0,SF=1.00,DpuScale=1.00,LP=0,DVFS=0,Preempt=358,PoseAgeP95=0.00
1789437611.029	91	90	0		456	5.96	10.44	360	42.0	0.66	FPS=91/90,Prd=28ms,Tear=0,Early=0,Stale=0,Stale2/5/10/max=0/0/0/0,VSnc=1,Lat=-4,Fov=0,CPU4/GPU=2/2,1382/456MHz,OC=3F,TA=0/38/0,SP=N/N/N,Mem=2736MHz,Free=3676MB,PLS=0,Temp=42.0C/0.0C,TW=1.02ms,App=5.96ms,GD=0.00ms,CPU&GPU=10.44ms,LCnt=1(DR90,LM0),GPU%=0.66,CPU%=0.22(W0.28),CFL=12.29/15.91,ICFLp95=15.21,LD=0,SF=1.00,DpuScale=1.00,LP=0,DVFS=0,Preempt=360,PoseAgeP95=0.00
1789437612.029	90	90	0		456	5.93	10.34	364	42.0	0.66	FPS=90/90,Prd=28ms,Tear=0,Early=0,Stale=0,Stale2/5/10/max=0/0/0/0,VSnc=1,Lat=-4,Fov=0,CPU4/GPU=2/2,1382/456MHz,OC=3F,TA=0/38/0,SP=N/N/N,Mem=2736MHz,Free=3676MB,PLS=0,Temp=42.0C/0.0C,TW=1.03ms,App=5.93ms,GD=0.00ms,CPU&GPU=10.34ms,LCnt=1(DR91,LM0),GPU%=0.66,CPU%=0.21(W0.27),CFL=12.24/15.88,ICFLp95=15.14,LD=0,SF=1.00,DpuScale=1.00,LP=0,DVFS=0,Preempt=364,PoseAgeP95=0.00
1789437613.029	91	90	0		456	6.03	10.52	358	42.0	0.66	FPS=91/90,Prd=28ms,Tear=0,Early=0,Stale=0,Stale2/5/10/max=0/0/0/0,VSnc=1,Lat=-4,Fov=0,CPU4/GPU=2/2,1382/456MHz,OC=3F,TA=0/38/0,SP=N/N/N,Mem=2736MHz,Free=3676MB,PLS=0,Temp=42.0C/0.0C,TW=1.02ms,App=6.03ms,GD=0.00ms,CPU&GPU=10.52ms,LCnt=1(DR90,LM0),GPU%=0.66,CPU%=0.23(W0.28),CFL=12.30/16.14,ICFLp95=15.12,LD=0,SF=1.00,DpuScale=1.00,LP=0,DVFS=0,Preempt=358,PoseAgeP95=0.00
1789437614.029	91	90	0		456	5.96	10.12	360	42.0	0.66	FPS=91/90,Prd=28ms,Tear=0,Early=0,Stale=0,Stale2/5/10/max=0/0/0/0,VSnc=1,Lat=-4,Fov=0,CPU4/GPU=2/2,1382/456MHz,OC=3F,TA=0/38/0,SP=N/N/N,Mem=2736MHz,Free=3676MB,PLS=0,Temp=42.0C/0.0C,TW=1.02ms,App=5.96ms,GD=0.00ms,CPU&GPU=10.12ms,LCnt=1(DR90,LM0),GPU%=0.66,CPU%=0.21(W0.36),CFL=12.23/15.84,ICFLp95=15.11,LD=0,SF=1.00,DpuScale=1.00,LP=0,DVFS=0,Preempt=360,PoseAgeP95=0.00
1789437615.029	90	90	0		456	5.98	10.45	360	42.0	0.66	FPS=90/90,Prd=28ms,Tear=0,Early=0,Stale=0,Stale2/5/10/max=0/0/0/0,VSnc=1,Lat=-4,Fov=0,CPU4/GPU=2/2,1382/456MHz,OC=3F,TA=0/38/0,SP=N/N/N,Mem=2736MHz,Free=3676MB,PLS=0,Temp=42.0C/0.0C,TW=1.02ms,App=5.98ms,GD=0.00ms,CPU&GPU=10.45ms,LCnt=1(DR90,LM0),GPU%=0.66,CPU%=0.22(W0.27),CFL=12.25/15.88,ICFLp95=15.08,LD=0,SF=1.00,DpuScale=1.00,LP=0,DVFS=0,Preempt=360,PoseAgeP95=0.00
1789437616.054	91	90	0		456	5.92	10.07	364	42.0	0.66	FPS=91/90,Prd=28ms,Tear=0,Early=0,Stale=0,Stale2/5/10/max=0/0/0/0,VSnc=1,Lat=-4,Fov=0,CPU4/GPU=2/2,1382/456MHz,OC=3F,TA=0/38/0,SP=N/N/N,Mem=2736MHz,Free=3529MB,PLS=0,Temp=42.0C/0.0C,TW=1.01ms,App=5.92ms,GD=0.00ms,CPU&GPU=10.07ms,LCnt=1(DR91,LM0),GPU%=0.66,CPU%=0.22(W0.30),CFL=12.23/15.90,ICFLp95=15.19,LD=0,SF=1.00,DpuScale=1.00,LP=0,DVFS=0,Preempt=364,PoseAgeP95=0.00
1789437617.029	90	90	0		456	6.09	10.35	354	42.0	0.67	FPS=90/90,Prd=28ms,Tear=0,Early=0,Stale=0,Stale2/5/10/max=0/0/0/0,VSnc=1,Lat=-4,Fov=0,CPU4/GPU=2/2,1382/456MHz,OC=3F,TA=0/38/0,SP=N/N/N,Mem=2736MHz,Free=3529MB,PLS=0,Temp=42.0C/0.0C,TW=1.08ms,App=6.09ms,GD=0.00ms,CPU&GPU=10.35ms,LCnt=1(DR89,LM0),GPU%=0.67,CPU%=0.22(W0.24),CFL=12.36/15.96,ICFLp95=15.15,LD=0,SF=1.00,DpuScale=1.00,LP=0,DVFS=0,Preempt=354,PoseAgeP95=0.00
1789437618.029	91	90	0		456	5.95	10.23	356	42.0	0.67	FPS=91/90,Prd=28ms,Tear=0,Early=0,Stale=0,Stale2/5/10/max=0/0/0/0,VSnc=1,Lat=-4,Fov=0,CPU4/GPU=2/2,1382/456MHz,OC=3F,TA=0/38/0,SP=N/N/N,Mem=2736MHz,Free=3529MB,PLS=0,Temp=42.0C/0.0C,TW=1.01ms,App=5.95ms,GD=0.00ms,CPU&GPU=10.23ms,LCnt=1(DR90,LM0),GPU%=0.67,CPU%=0.24(W0.29),CFL=12.38/16.22,ICFLp95=15.23,LD=0,SF=1.00,DpuScale=1.00,LP=0,DVFS=0,Preempt=356,PoseAgeP95=0.00
1789437619.029	91	90	0		456	5.96	10.04	360	42.0	0.67	FPS=91/90,Prd=28ms,Tear=0,Early=0,Stale=0,Stale2/5/10/max=0/0/0/0,VSnc=1,Lat=-4,Fov=0,CPU4/GPU=2/2,1382/456MHz,OC=3F,TA=0/38/0,SP=N/N/N,Mem=2736MHz,Free=3529MB,PLS=0,Temp=42.0C/0.0C,TW=1.02ms,App=5.96ms,GD=0.00ms,CPU&GPU=10.04ms,LCnt=1(DR90,LM0),GPU%=0.67,CPU%=0.23(W0.36),CFL=12.45/15.92,ICFLp95=15.19,LD=0,SF=1.00,DpuScale=1.00,LP=0,DVFS=0,Preempt=360,PoseAgeP95=0.00
1789437620.030	91	90	0		456	5.95	10.19	360	42.0	0.66	FPS=91/90,Prd=28ms,Tear=0,Early=0,Stale=0,Stale2/5/10/max=0/0/0/0,VSnc=1,Lat=-4,Fov=0,CPU4/GPU=2/2,1382/456MHz,OC=3F,TA=0/38/0,SP=N/N/N,Mem=2736MHz,Free=3529MB,PLS=0,Temp=42.0C/0.0C,TW=1.02ms,App=5.95ms,GD=0.00ms,CPU&GPU=10.19ms,LCnt=1(DR90,LM0),GPU%=0.66,CPU%=0.22(W0.27),CFL=12.28/16.03,ICFLp95=15.15,LD=0,SF=1.00,DpuScale=1.00,LP=0,DVFS=0,Preempt=360,PoseAgeP95=0.00
1789437621.030	91	90	0		456	5.94	9.97	364	42.0	0.66	FPS=91/90,Prd=28ms,Tear=0,Early=0,Stale=0,Stale2/5/10/max=0/0/0/0,VSnc=1,Lat=-4,Fov=0,CPU4/GPU=2/2,1920/456MHz,OC=3F,TA=0/38/0,SP=N/N/N,Mem=2092MHz,Free=3529MB,PLS=0,Temp=42.0C/0.0C,TW=1.01ms,App=5.94ms,GD=0.00ms,CPU&GPU=9.97ms,LCnt=1(DR91,LM0),GPU%=0.66,CPU%=0.23(W0.33),CFL=12.31/15.92,ICFLp95=15.15,LD=0,SF=1.00,DpuScale=1.00,LP=0,DVFS=0,Preempt=364,PoseAgeP95=0.00
1789437622.030	91	90	0		456	5.97	10.40	360	42.0	0.66	FPS=91/90,Prd=28ms,Tear=0,Early=0,Stale=0,Stale2/5/10/max=0/0/0/0,VSnc=1,Lat=-4,Fov=0,CPU4/GPU=2/2,1920/456MHz,OC=3F,TA=0/38/0,SP=N/N/N,Mem=2092MHz,Free=3529MB,PLS=0,Temp=42.0C/0.0C,TW=1.01ms,App=5.97ms,GD=0.00ms,CPU&GPU=10.40ms,LCnt=1(DR90,LM0),GPU%=0.66,CPU%=0.23(W0.30),CFL=12.34/15.86,ICFLp95=15.10,LD=0,SF=1.00,DpuScale=1.00,LP=0,DVFS=0,Preempt=360,PoseAgeP95=0.00
1789437623.030	90	90	0		456	5.98	10.47	360	42.0	0.67	FPS=90/90,Prd=28ms,Tear=0,Early=0,Stale=0,Stale2/5/10/max=0/0/0/0,VSnc=1,Lat=-4,Fov=0,CPU4/GPU=2/2,1920/456MHz,OC=3F,TA=0/38/0,SP=N/N/N,Mem=2092MHz,Free=3529MB,PLS=0,Temp=42.0C/0.0C,TW=1.02ms,App=5.98ms,GD=0.00ms,CPU&GPU=10.47ms,LCnt=1(DR90,LM0),GPU%=0.67,CPU%=0.22(W0.34),CFL=12.31/15.83,ICFLp95=15.05,LD=0,SF=1.00,DpuScale=1.00,LP=0,DVFS=0,Preempt=360,PoseAgeP95=0.00
1789437624.030	91	90	0		456	5.95	10.57	360	42.0	0.67	FPS=91/90,Prd=28ms,Tear=0,Early=0,Stale=0,Stale2/5/10/max=0/0/0/0,VSnc=1,Lat=-4,Fov=0,CPU4/GPU=2/2,1920/456MHz,OC=3F,TA=0/38/0,SP=N/N/N,Mem=2092MHz,Free=3529MB,PLS=0,Temp=42.0C/0.0C,TW=1.02ms,App=5.95ms,GD=0.00ms,CPU&GPU=10.57ms,LCnt=1(DR90,LM0),GPU%=0.67,CPU%=0.21(W0.24),CFL=12.37/16.13,ICFLp95=15.14,LD=0,SF=1.00,DpuScale=1.00,LP=0,DVFS=0,Preempt=360,PoseAgeP95=0.00
1789437625.030	90	90	0		456	5.96	10.64	360	42.0	0.67	FPS=90/90,Prd=28ms,Tear=0,Early=0,Stale=0,Stale2/5/10/max=0/0/0/0,VSnc=1,Lat=-4,Fov=0,CPU4/GPU=2/2,1920/456MHz,OC=3F,TA=0/38/0,SP=N/N/N,Mem=2092MHz,Free=3529MB,PLS=0,Temp=42.0C/0.0C,TW=1.02ms,App=5.96ms,GD=0.00ms,CPU&GPU=10.64ms,LCnt=1(DR90,LM0),GPU%=0.67,CPU%=0.21(W0.27),CFL=12.28/15.88,ICFLp95=15.13,LD=0,SF=1.00,DpuScale=1.00,LP=0,DVFS=0,Preempt=360,PoseAgeP95=0.00
1789437626.030	90	90	0		456	5.94	10.59	358	42.0	0.66	FPS=90/90,Prd=28ms,Tear=0,Early=0,Stale=0,Stale2/5/10/max=0/0/0/0,VSnc=1,Lat=-4,Fov=0,CPU4/GPU=2/2,1920/456MHz,OC=3F,TA=0/38/0,SP=N/N/N,Mem=2092MHz,Free=3529MB,PLS=0,Temp=42.0C/0.0C,TW=1.01ms,App=5.94ms,GD=0.00ms,CPU&GPU=10.59ms,LCnt=1(DR90,LM0),GPU%=0.66,CPU%=0.21(W0.29),CFL=12.33/15.86,ICFLp95=15.14,LD=0,SF=1.00,DpuScale=1.00,LP=0,DVFS=0,Preempt=358,PoseAgeP95=0.00
1789437627.030	91	90	0		456	5.96	10.11	364	42.0	0.66	FPS=91/90,Prd=28ms,Tear=0,Early=0,Stale=0,Stale2/5/10/max=0/0/0/0,VSnc=1,Lat=-4,Fov=0,CPU4/GPU=2/2,1920/456MHz,OC=3F,TA=0/38/0,SP=N/N/N,Mem=2092MHz,Free=3529MB,PLS=0,Temp=42.0C/0.0C,TW=1.01ms,App=5.96ms,GD=0.00ms,CPU&GPU=10.11ms,LCnt=1(DR91,LM0),GPU%=0.66,CPU%=0.21(W0.31),CFL=12.19/16.29,ICFLp95=15.25,LD=0,SF=1.00,DpuScale=1.00,LP=0,DVFS=0,Preempt=364,PoseAgeP95=0.00
1789437628.030	90	90	0		456	5.95	10.45	358	42.0	0.66	FPS=90/90,Prd=28ms,Tear=0,Early=0,Stale=0,Stale2/5/10/max=0/0/0/0,VSnc=1,Lat=-4,Fov=0,CPU4/GPU=2/2,1920/456MHz,OC=3F,TA=0/38/0,SP=N/N/N,Mem=2092MHz,Free=3529MB,PLS=0,Temp=42.0C/0.0C,TW=1.01ms,App=5.95ms,GD=0.00ms,CPU&GPU=10.45ms,LCnt=1(DR90,LM0),GPU%=0.66,CPU%=0.21(W0.22),CFL=12.34/16.04,ICFLp95=15.23,LD=0,SF=1.00,DpuScale=1.00,LP=0,DVFS=0,Preempt=358,PoseAgeP95=0.00
1789437629.030	91	90	0		456	5.95	9.95	360	42.0	0.66	FPS=91/90,Prd=28ms,Tear=0,Early=0,Stale=0,Stale2/5/10/max=0/0/0/0,VSnc=1,Lat=-4,Fov=0,CPU4/GPU=2/2,1920/456MHz,OC=3F,TA=0/38/0,SP=N/N/N,Mem=2092MHz,Free=3529MB,PLS=0,Temp=42.0C/0.0C,TW=1.02ms,App=5.95ms,GD=0.00ms,CPU&GPU=9.95ms,LCnt=1(DR90,LM0),GPU%=0.66,CPU%=0.19(W0.35),CFL=12.24/15.94,ICFLp95=15.15,LD=0,SF=1.00,DpuScale=1.00,LP=0,DVFS=0,Preempt=360,PoseAgeP95=0.00
1789437630.030	91	90	0		456	5.97	10.08	360	42.0	0.66	FPS=91/90,Prd=28ms,Tear=0,Early=0,Stale=0,Stale2/5/10/max=0/0/0/0,VSnc=1,Lat=-4,Fov=0,CPU4/GPU=2/2,1920/456MHz,OC=3F,TA=0/38/0,SP=N/N/N,Mem=2092MHz,Free=3529MB,PLS=0,Temp=42.0C/0.0C,TW=1.02ms,App=5.97ms,GD=0.00ms,CPU&GPU=10.08ms,LCnt=1(DR90,LM0),GPU%=0.66,CPU%=0.22(W0.31),CFL=12.16/15.74,ICFLp95=15.04,LD=0,SF=1.00,DpuScale=1.00,LP=0,DVFS=0,Preempt=360,PoseAgeP95=0.00
1789437631.030	91	90	0		456	5.92	10.00	360	42.0	0.66	FPS=91/90,Prd=28ms,Tear=0,Early=0,Stale=0,Stale2/5/10/max=0/0/0/0,VSnc=1,Lat=-4,Fov=0,CPU4/GPU=2/2,2054/456MHz,OC=3F,TA=0/38/0,SP=N/N/N,Mem=2736MHz,Free=3529MB,PLS=0,Temp=42.0C/0.0C,TW=1.01ms,App=5.92ms,GD=0.00ms,CPU&GPU=10.00ms,LCnt=1(DR90,LM0),GPU%=0.66,CPU%=0.22(W0.25),CFL=12.19/15.81,ICFLp95=15.08,LD=0,SF=1.00,DpuScale=1.00,LP=0,DVFS=0,Preempt=360,PoseAgeP95=0.00
1789437632.030	91	90	0		456	5.92	10.02	364	42.0	0.66	FPS=91/90,Prd=28ms,Tear=0,Early=0,Stale=0,Stale2/5/10/max=0/0/0/0,VSnc=1,Lat=-4,Fov=0,CPU4/GPU=2/2,2054/456MHz,OC=3F,TA=0/38/0,SP=N/N/N,Mem=2736MHz,Free=3529MB,PLS=0,Temp=42.0C/0.0C,TW=1.01ms,App=5.92ms,GD=0.00ms,CPU&GPU=10.02ms,LCnt=1(DR91,LM0),GPU%=0.66,CPU%=0.21(W0.33),CFL=12.29/15.91,ICFLp95=15.07,LD=0,SF=1.00,DpuScale=1.00,LP=0,DVFS=0,Preempt=364,PoseAgeP95=0.00
1789437633.031	90	90	0		456	5.95	10.16	362	42.0	0.66	FPS=90/90,Prd=28ms,Tear=0,Early=0,Stale=0,Stale2/5/10/max=0/0/0/0,VSnc=1,Lat=-4,Fov=0,CPU4/GPU=2/2,2054/456MHz,OC=3F,TA=0/38/0,SP=N/N/N,Mem=2736MHz,Free=3529MB,PLS=0,Temp=42.0C/0.0C,TW=1.01ms,App=5.95ms,GD=0.00ms,CPU&GPU=10.16ms,LCnt=1(DR91,LM0),GPU%=0.66,CPU%=0.23(W0.32),CFL=12.19/15.90,ICFLp95=15.16,LD=0,SF=1.00,DpuScale=1.00,LP=0,DVFS=0,Preempt=362,PoseAgeP95=0.00
1789437634.031	91	90	0		456	5.98	10.25	358	42.0	0.66	FPS=91/90,Prd=28ms,Tear=0,Early=0,Stale=0,Stale2/5/10/max=0/0/0/0,VSnc=1,Lat=-4,Fov=0,CPU4/GPU=2/2,2054/456MHz,OC=3F,TA=0/38/0,SP=N/N/N,Mem=2736MHz,Free=3529MB,PLS=0,Temp=42.0C/0.0C,TW=1.01ms,App=5.98ms,GD=0.00ms,CPU&GPU=10.25ms,LCnt=1(DR90,LM0),GPU%=0.66,CPU%=0.23(W0.39),CFL=12.26/15.92,ICFLp95=15.19,LD=0,SF=1.00,DpuScale=1.00,LP=0,DVFS=0,Preempt=358,PoseAgeP95=0.00
1789437635.031	90	90	0		456	5.94	9.93	360	42.0	0.66	FPS=90/90,Prd=28ms,Tear=0,Early=0,Stale=0,Stale2/5/10/max=0/0/0/0,VSnc=1,Lat=-4,Fov=0,CPU4/GPU=2/2,2054/456MHz,OC=3F,TA=0/38/0,SP=N/N/N,Mem=2736MHz,Free=3529MB,PLS=0,Temp=42.0C/0.0C,TW=1.01ms,App=5.94ms,GD=0.00ms,CPU&GPU=9.93ms,LCnt=1(DR90,LM0),GPU%=0.66,CPU%=0.20(W0.30),CFL=12.19/16.06,ICFLp95=15.11,LD=0,SF=1.00,DpuScale=1.00,LP=0,DVFS=0,Preempt=360,PoseAgeP95=0.00
1789437636.055	91	90	0		456	5.99	10.75	362	42.0	0.67	FPS=91/90,Prd=28ms,Tear=1,Early=0,Stale=0,Stale2/5/10/max=0/0/0/0,VSnc=1,Lat=-4,Fov=0,CPU4/GPU=2/2,2054/456MHz,OC=3F,TA=0/38/0,SP=N/N/N,Mem=2736MHz,Free=3674MB,PLS=0,Temp=42.0C/0.0C,TW=1.02ms,App=5.99ms,GD=0.00ms,CPU&GPU=10.75ms,LCnt=1(DR91,LM0),GPU%=0.67,CPU%=0.21(W0.27),CFL=12.33/15.86,ICFLp95=15.13,LD=0,SF=1.00,DpuScale=1.00,LP=0,DVFS=0,Preempt=362,PoseAgeP95=0.00
1789437637.031	90	90	0		456	5.97	10.28	360	42.0	0.66	FPS=90/90,Prd=28ms,Tear=0,Early=0,Stale=0,Stale2/5/10/max=0/0/0/0,VSnc=1,Lat=-4,Fov=0,CPU4/GPU=2/2,2054/456MHz,OC=3F,TA=0/38/0,SP=N/N/N,Mem=2736MHz,Free=3674MB,PLS=0,Temp=42.0C/0.0C,TW=1.01ms,App=5.97ms,GD=0.00ms,CPU&GPU=10.28ms,LCnt=1(DR90,LM0),GPU%=0.66,CPU%=0.20(W0.22),CFL=12.37/16.02,ICFLp95=15.26,LD=0,SF=1.00,DpuScale=1.00,LP=0,DVFS=0,Preempt=360,PoseAgeP95=0.00
1789437638.031	90	90	0		456	6.05	10.65	360	42.0	0.67	FPS=90/90,Prd=28ms,Tear=0,Early=0,Stale=0,Stale2/5/10/max=0/0/0/0,VSnc=1,Lat=-4,Fov=0,CPU4/GPU=2/2,2054/456MHz,OC=3F,TA=0/38/0,SP=N/N/N,Mem=2736MHz,Free=3674MB,PLS=0,Temp=42.0C/0.0C,TW=1.06ms,App=6.05ms,GD=0.00ms,CPU&GPU=10.65ms,LCnt=1(DR90,LM0),GPU%=0.67,CPU%=0.21(W0.33),CFL=12.29/15.92,ICFLp95=15.16,LD=0,SF=1.00,DpuScale=1.00,LP=0,DVFS=0,Preempt=360,PoseAgeP95=0.00
1789437639.031	91	90	0		456	5.97	10.71	358	42.0	0.67	FPS=91/90,Prd=28ms,Tear=0,Early=0,Stale=0,Stale2/5/10/max=0/0/0/0,VSnc=1,Lat=-4,Fov=0,CPU4/GPU=2/2,2054/456MHz,OC=3F,TA=0/38/0,SP=N/N/N,Mem=2736MHz,Free=3674MB,PLS=0,Temp=42.0C/0.0C,TW=1.08ms,App=5.97ms,GD=0.00ms,CPU&GPU=10.71ms,LCnt=1(DR90,LM0),GPU%=0.67,CPU%=0.25(W0.37),CFL=12.41/16.21,ICFLp95=15.29,LD=0,SF=1.00,DpuScale=1.00,LP=0,DVFS=0,Preempt=358,PoseAgeP95=0.00
1789437640.031	91	90	0		456	5.94	10.40	360	42.0	0.67	FPS=91/90,Prd=28ms,Tear=0,Early=0,Stale=0,Stale2/5/10/max=0/0/0/0,VSnc=1,Lat=-4,Fov=0,CPU4/GPU=2/2,2054/456MHz,OC=3F,TA=0/38/0,SP=N/N/N,Mem=2736MHz,Free=3674MB,PLS=0,Temp=42.0C/0.0C,TW=1.02ms,App=5.94ms,GD=0.00ms,CPU&GPU=10.40ms,LCnt=1(DR91,LM0),GPU%=0.67,CPU%=0.23(W0.35),CFL=12.51/16.18,ICFLp95=15.37,LD=0,SF=1.00,DpuScale=1.00,LP=0,DVFS=0,Preempt=360,PoseAgeP95=0.00
1789437641.031	90	90	0		456	6.02	10.91	358	42.0	0.67	FPS=90/90,Prd=28ms,Tear=0,Early=0,Stale=0,Stale2/5/10/max=0/0/0/0,VSnc=1,Lat=-4,Fov=0,CPU4/GPU=2/2,1382/456MHz,OC=3F,TA=0/38/0,SP=N/N/N,Mem=2092MHz,Free=3674MB,PLS=0,Temp=42.0C/0.0C,TW=1.02ms,App=6.02ms,GD=0.00ms,CPU&GPU=10.91ms,LCnt=1(DR90,LM0),GPU%=0.67,CPU%=0.22(W0.29),CFL=12.33/16.08,ICFLp95=15.24,LD=0,SF=1.00,DpuScale=1.00,LP=0,DVFS=0,Preempt=358,PoseAgeP95=0.00
1789437642.031	90	90	0		456	6.00	10.34	364	42.0	0.67	FPS=90/90,Prd=28ms,Tear=0,Early=0,Stale=0,Stale2/5/10/max=0/0/0/0,VSnc=1,Lat=-4,Fov=0,CPU4/GPU=2/2,1382/456MHz,OC=3F,TA=0/38/0,SP=N/N/N,Mem=2092MHz,Free=3674MB,PLS=0,Temp=42.0C/0.0C,TW=1.02ms,App=6.00ms,GD=0.00ms,CPU&GPU=10.34ms,LCnt=1(DR91,LM0),GPU%=0.67,CPU%=0.21(W0.32),CFL=12.34/16.17,ICFLp95=15.19,LD=0,SF=1.00,DpuScale=1.00,LP=0,DVFS=0,Preempt=364,PoseAgeP95=0.00
1789437643.031	90	90	0		456	5.90	10.97	358	42.0	0.66	FPS=90/90,Prd=28ms,Tear=0,Early=0,Stale=0,Stale2/5/10/max=0/0/0/0,VSnc=1,Lat=-4,Fov=0,CPU4/GPU=2/2,1382/456MHz,OC=3F,TA=0/38/0,SP=N/N/N,Mem=2092MHz,Free=3674MB,PLS=0,Temp=42.0C/0.0C,TW=1.03ms,App=5.90ms,GD=0.00ms,CPU&GPU=10.97ms,LCnt=1(DR90,LM0),GPU%=0.66,CPU%=0.20(W0.24),CFL=12.28/15.93,ICFLp95=15.14,LD=0,SF=1.00,DpuScale=1.00,LP=0,DVFS=0,Preempt=358,PoseAgeP95=0.00
1789437644.031	90	90	0		456	5.95	10.29	358	42.0	0.66	FPS=90/90,Prd=28ms,Tear=0,Early=0,Stale=0,Stale2/5/10/max=0/0/0/0,VSnc=1,Lat=-4,Fov=0,CPU4/GPU=2/2,1382/456MHz,OC=3F,TA=0/38/0,SP=N/N/N,Mem=2092MHz,Free=3674MB,PLS=0,Temp=42.0C/0.0C,TW=1.01ms,App=5.95ms,GD=0.00ms,CPU&GPU=10.29ms,LCnt=1(DR90,LM0),GPU%=0.66,CPU%=0.22(W0.22),CFL=12.26/15.86,ICFLp95=15.11,LD=0,SF=1.00,DpuScale=1.00,LP=0,DVFS=0,Preempt=358,PoseAgeP95=0.00
1789437645.031	91	90	0		456	5.94	10.55	362	42.0	0.67	FPS=91/90,Prd=28ms,Tear=1,Early=0,Stale=0,Stale2/5/10/max=0/0/0/0,VSnc=1,Lat=-4,Fov=0,CPU4/GPU=2/2,1382/456MHz,OC=3F,TA=0/38/0,SP=N/N/N,Mem=2092MHz,Free=3674MB,PLS=0,Temp=42.0C/0.0C,TW=1.01ms,App=5.94ms,GD=0.00ms,CPU&GPU=10.55ms,LCnt=1(DR91,LM0),GPU%=0.67,CPU%=0.22(W0.24),CFL=12.26/15.94,ICFLp95=15.20,LD=0,SF=1.00,DpuScale=1.00,LP=0,DVFS=0,Preempt=362,PoseAgeP95=0.00
1789437646.031	90	90	0		456	5.90	10.17	360	42.0	0.66	FPS=90/90,Prd=28ms,Tear=0,Early=0,Stale=0,Stale2/5/10/max=0/0/0/0,VSnc=1,Lat=-4,Fov=0,CPU4/GPU=2/2,1382/456MHz,OC=3F,TA=0/38/0,SP=N/N/N,Mem=2092MHz,Free=3674MB,PLS=0,Temp=42.0C/0.0C,TW=1.02ms,App=5.90ms,GD=0.00ms,CPU&GPU=10.17ms,LCnt=1(DR90,LM0),GPU%=0.66,CPU%=0.21(W0.33),CFL=12.30/16.03,ICFLp95=15.22,LD=0,SF=1.00,DpuScale=1.00,LP=0,DVFS=0,Preempt=360,PoseAgeP95=0.00
1789437647.032	90	90	0		456	5.95	10.36	364	42.0	0.66	FPS=90/90,Prd=28ms,Tear=0,Early=0,Stale=0,Stale2/5/10/max=0/0/0/0,VSnc=1,Lat=-4,Fov=0,CPU4/GPU=2/2,1382/456MHz,OC=3F,TA=0/38/0,SP=N/N/N,Mem=2092MHz,Free=3674MB,PLS=0,Temp=42.0C/0.0C,TW=1.02ms,App=5.95ms,GD=0.00ms,CPU&GPU=10.36ms,LCnt=1(DR91,LM0),GPU%=0.66,CPU%=0.21(W0.38),CFL=12.22/15.98,ICFLp95=15.24,LD=0,SF=1.00,DpuScale=1.00,LP=0,DVFS=0,Preempt=364,PoseAgeP95=0.00
1789437648.032	91	90	0		456	5.96	10.75	360	42.0	0.66	FPS=91/90,Prd=28ms,Tear=0,Early=0,Stale=0,Stale2/5/10/max=0/0/0/0,VSnc=1,Lat=-4,Fov=0,CPU4/GPU=2/2,1382/456MHz,OC=3F,TA=0/38/0,SP=N/N/N,Mem=2092MHz,Free=3674MB,PLS=0,Temp=42.0C/0.0C,TW=1.02ms,App=5.96ms,GD=0.00ms,CPU&GPU=10.75ms,LCnt=1(DR90,LM0),GPU%=0.66,CPU%=0.22(W0.31),CFL=12.33/16.13,ICFLp95=15.31,LD=0,SF=1.00,DpuScale=1.00,LP=0,DVFS=0,Preempt=360,PoseAgeP95=0.00
1789437649.032	90	90	0		456	5.91	10.13	360	42.0	0.66	FPS=90/90,Prd=28ms,Tear=0,Early=0,Stale=0,Stale2/5/10/max=0/0/0/0,VSnc=1,Lat=-4,Fov=0,CPU4/GPU=2/2,1382/456MHz,OC=3F,TA=0/38/0,SP=N/N/N,Mem=2092MHz,Free=3674MB,PLS=0,Temp=42.0C/0.0C,TW=1.02ms,App=5.91ms,GD=0.00ms,CPU&GPU=10.13ms,LCnt=1(DR90,LM0),GPU%=0.66,CPU%=0.21(W0.25),CFL=12.35/16.01,ICFLp95=15.30,LD=0,SF=1.00,DpuScale=1.00,LP=0,DVFS=0,Preempt=360,PoseAgeP95=0.00
1789437650.032	91	90	0		456	5.94	10.10	360	42.0	0.66	FPS=91/90,Prd=28ms,Tear=0,Early=0,Stale=0,Stale2/5/10/max=0/0/0/0,VSnc=1,Lat=-4,Fov=0,CPU4/GPU=2/2,1382/456MHz,OC=3F,TA=0/38/0,SP=N/N/N,Mem=2092MHz,Free=3674MB,PLS=0,Temp=42.0C/0.0C,TW=1.01ms,App=5.94ms,GD=0.00ms,CPU&GPU=10.10ms,LCnt=1(DR90,LM0),GPU%=0.66,CPU%=0.22(W0.28),CFL=12.28/16.07,ICFLp95=15.30,LD=0,SF=1.00,DpuScale=1.00,LP=0,DVFS=0,Preempt=360,PoseAgeP95=0.00
1789437651.032	90	90	0		456	5.94	10.03	360	42.0	0.66	FPS=90/90,Prd=28ms,Tear=0,Early=0,Stale=0,Stale2/5/10/max=0/0/0/0,VSnc=1,Lat=-4,Fov=0,CPU4/GPU=2/2,1382/456MHz,OC=3F,TA=0/38/0,SP=N/N/N,Mem=2736MHz,Free=3674MB,PLS=0,Temp=42.0C/0.0C,TW=1.02ms,App=5.94ms,GD=0.00ms,CPU&GPU=10.03ms,LCnt=1(DR90,LM0),GPU%=0.66,CPU%=0.21(W0.26),CFL=12.39/15.92,ICFLp95=15.20,LD=0,SF=1.00,DpuScale=1.00,LP=0,DVFS=0,Preempt=360,PoseAgeP95=0.00
1789437652.032	90	90	0		456	5.96	10.04	358	42.0	0.66	FPS=90/90,Prd=28ms,Tear=0,Early=0,Stale=0,Stale2/5/10/max=0/0/0/0,VSnc=1,Lat=-4,Fov=0,CPU4/GPU=2/2,1382/456MHz,OC=3F,TA=0/38/0,SP=N/N/N,Mem=2736MHz,Free=3674MB,PLS=0,Temp=42.0C/0.0C,TW=1.02ms,App=5.96ms,GD=0.00ms,CPU&GPU=10.04ms,LCnt=1(DR90,LM0),GPU%=0.66,CPU%=0.19(W0.38),CFL=12.33/15.99,ICFLp95=15.23,LD=0,SF=1.00,DpuScale=1.00,LP=0,DVFS=0,Preempt=358,PoseAgeP95=0.00
1789437653.032	90	90	0		456	5.92	9.99	358	42.0	0.66	FPS=90/90,Prd=28ms,Tear=0,Early=0,Stale=0,Stale2/5/10/max=0/0/0/0,VSnc=1,Lat=-4,Fov=0,CPU4/GPU=2/2,1382/456MHz,OC=3F,TA=0/38/0,SP=N/N/N,Mem=2736MHz,Free=3674MB,PLS=0,Temp=42.0C/0.0C,TW=1.02ms,App=5.92ms,GD=0.00ms,CPU&GPU=9.99ms,LCnt=1(DR90,LM0),GPU%=0.66,CPU%=0.22(W0.32),CFL=12.30/15.88,ICFLp95=15.14,LD=0,SF=1.00,DpuScale=1.00,LP=0,DVFS=0,Preempt=358,PoseAgeP95=0.00
1789437654.032	91	90	0		456	5.94	10.07	360	42.0	0.66	FPS=91/90,Prd=28ms,Tear=0,Early=0,Stale=0,Stale2/5/10/max=0/0/0/0,VSnc=1,Lat=-4,Fov=0,CPU4/GPU=2/2,1382/456MHz,OC=3F,TA=0/38/0,SP=N/N/N,Mem=2736MHz,Free=3674MB,PLS=0,Temp=42.0C/0.0C,TW=1.02ms,App=5.94ms,GD=0.00ms,CPU&GPU=10.07ms,LCnt=1(DR90,LM0),GPU%=0.66,CPU%=0.21(W0.37),CFL=12.28/16.03,ICFLp95=15.26,LD=0,SF=1.00,DpuScale=1.00,LP=0,DVFS=0,Preempt=360,PoseAgeP95=0.00
1789437655.032	90	90	0		456	5.95	10.26	360	42.0	0.66	FPS=90/90,Prd=28ms,Tear=0,Early=0,Stale=0,Stale2/5/10/max=0/0/0/0,VSnc=1,Lat=-4,Fov=0,CPU4/GPU=2/2,1382/456MHz,OC=3F,TA=0/38/0,SP=N/N/N,Mem=2736MHz,Free=3674MB,PLS=0,Temp=42.0C/0.0C,TW=1.03ms,App=5.95ms,GD=0.00ms,CPU&GPU=10.26ms,LCnt=1(DR90,LM0),GPU%=0.66,CPU%=0.20(W0.32),CFL=12.34/16.00,ICFLp95=15.21,LD=0,SF=1.00,DpuScale=1.00,LP=0,DVFS=0,Preempt=360,PoseAgeP95=0.00
1789437656.054	91	90	0		456	5.98	10.08	358	42.0	0.66	FPS=91/90,Prd=28ms,Tear=0,Early=0,Stale=0,Stale2/5/10/max=0/0/0/0,VSnc=1,Lat=-4,Fov=0,CPU4/GPU=2/2,1382/456MHz,OC=3F,TA=0/38/0,SP=N/N/N,Mem=2736MHz,Free=3681MB,PLS=0,Temp=42.0C/0.0C,TW=1.01ms,App=5.98ms,GD=0.00ms,CPU&GPU=10.08ms,LCnt=1(DR90,LM0),GPU%=0.66,CPU%=0.21(W0.28),CFL=12.36/15.95,ICFLp95=15.16,LD=0,SF=1.00,DpuScale=1.00,LP=0,DVFS=0,Preempt=358,PoseAgeP95=0.00
1789437657.032	90	90	0		456	5.92	10.60	360	42.0	0.66	FPS=90/90,Prd=28ms,Tear=0,Early=0,Stale=0,Stale2/5/10/max=0/0/0/0,VSnc=1,Lat=-4,Fov=0,CPU4/GPU=2/2,1382/456MHz,OC=3F,TA=0/38/0,SP=N/N/N,Mem=2736MHz,Free=3681MB,PLS=0,Temp=42.0C/0.0C,TW=1.02ms,App=5.92ms,GD=0.00ms,CPU&GPU=10.60ms,LCnt=1(DR90,LM0),GPU%=0.66,CPU%=0.20(W0.30),CFL=12.25/15.90,ICFLp95=15.16,LD=0,SF=1.00,DpuScale=1.00,LP=0,DVFS=0,Preempt=360,PoseAgeP95=0.00
1789437658.032	90	90	0		456	6.02	10.44	358	42.0	0.66	FPS=90/90,Prd=28ms,Tear=0,Early=0,Stale=0,Stale2/5/10/max=0/0/0/0,VSnc=1,Lat=-4,Fov=0,CPU4/GPU=2/2,1382/456MHz,OC=3F,TA=0/38/0,SP=N/N/N,Mem=2736MHz,Free=3681MB,PLS=0,Temp=42.0C/0.0C,TW=1.02ms,App=6.02ms,GD=0.00ms,CPU&GPU=10.44ms,LCnt=1(DR90,LM0),GPU%=0.66,CPU%=0.21(W0.26),CFL=12.27/15.84,ICFLp95=15.09,LD=0,SF=1.00,DpuScale=1.00,LP=0,DVFS=0,Preempt=358,PoseAgeP95=0.00
1789437659.033	90	90	0		456	5.92	10.69	358	42.0	0.66	FPS=90/90,Prd=28ms,Tear=0,Early=0,Stale=0,Stale2/5/10/max=0/0/0/0,VSnc=1,Lat=-4,Fov=0,CPU4/GPU=2/2,1382/456MHz,OC=3F,TA=0/38/0,SP=N/N/N,Mem=2736MHz,Free=3681MB,PLS=0,Temp=42.0C/0.0C,TW=1.03ms,App=5.92ms,GD=0.00ms,CPU&GPU=10.69ms,LCnt=1(DR90,LM0),GPU%=0.66,CPU%=0.22(W0.39),CFL=12.25/15.87,ICFLp95=15.15,LD=0,SF=1.00,DpuScale=1.00,LP=0,DVFS=0,Preempt=358,PoseAgeP95=0.00
1789437660.033	91	90	0		456	5.95	10.52	358	42.0	0.66	FPS=91/90,Prd=28ms,Tear=0,Early=0,Stale=0,Stale2/5/10/max=0/0/0/0,VSnc=1,Lat=-4,Fov=0,CPU4/GPU=2/2,1382/456MHz,OC=3F,TA=0/38/0,SP=N/N/N,Mem=2736MHz,Free=3681MB,PLS=0,Temp=42.0C/0.0C,TW=1.08ms,App=5.95ms,GD=0.00ms,CPU&GPU=10.52ms,LCnt=1(DR90,LM0),GPU%=0.66,CPU%=0.24(W0.30),CFL=12.22/16.03,ICFLp95=15.21,LD=0,SF=1.00,DpuScale=1.00,LP=0,DVFS=0,Preempt=358,PoseAgeP95=0.00
1789437661.033	90	90	0		456	5.94	10.46	360	42.0	0.66	FPS=90/90,Prd=28ms,Tear=0,Early=0,Stale=0,Stale2/5/10/max=0/0/0/0,VSnc=1,Lat=-4,Fov=0,CPU4/GPU=2/2,1382/456MHz,OC=3F,TA=0/38/0,SP=N/N/N,Mem=3196MHz,Free=3681MB,PLS=0,Temp=42.0C/0.0C,TW=1.02ms,App=5.94ms,GD=0.00ms,CPU&GPU=10.46ms,LCnt=1(DR90,LM0),GPU%=0.66,CPU%=0.23(W0.32),CFL=12.37/15.99,ICFLp95=15.29,LD=0,SF=1.00,DpuScale=1.00,LP=0,DVFS=0,Preempt=360,PoseAgeP95=0.00
1789437662.033	91	90	0		456	6.00	10.21	360	42.0	0.66	FPS=91/90,Prd=28ms,Tear=0,Early=0,Stale=0,Stale2/5/10/max=0/0/0/0,VSnc=1,Lat=-4,Fov=0,CPU4/GPU=2/2,1382/456MHz,OC=3F,TA=0/38/0,SP=N/N/N,Mem=3196MHz,Free=3681MB,PLS=0,Temp=42.0C/0.0C,TW=1.02ms,App=6.00ms,GD=0.00ms,CPU&GPU=10.21ms,LCnt=1(DR90,LM0),GPU%=0.66,CPU%=0.25(W0.34),CFL=12.26/15.92,ICFLp95=15.21,LD=0,SF=1.00,DpuScale=1.00,LP=0,DVFS=0,Preempt=360,PoseAgeP95=0.00
1789437663.033	91	90	0		456	5.94	10.38	362	42.0	0.66	FPS=91/90,Prd=28ms,Tear=0,Early=0,Stale=0,Stale2/5/10/max=0/0/0/0,VSnc=1,Lat=-4,Fov=0,CPU4/GPU=2/2,1382/456MHz,OC=3F,TA=0/38/0,SP=N/N/N,Mem=3196MHz,Free=3681MB,PLS=0,Temp=42.0C/0.0C,TW=1.02ms,App=5.94ms,GD=0.00ms,CPU&GPU=10.38ms,LCnt=1(DR91,LM0),GPU%=0.66,CPU%=0.23(W0.29),CFL=12.30/16.09,ICFLp95=15.27,LD=0,SF=1.00,DpuScale=1.00,LP=0,DVFS=0,Preempt=362,PoseAgeP95=0.00
1789437664.033	90	90	0		456	5.93	10.82	358	42.0	0.66	FPS=90/90,Prd=28ms,Tear=0,Early=0,Stale=0,Stale2/5/10/max=0/0/0/0,VSnc=1,Lat=-4,Fov=0,CPU4/GPU=2/2,1382/456MHz,OC=3F,TA=0/38/0,SP=N/N/N,Mem=3196MHz,Free=3681MB,PLS=0,Temp=42.0C/0.0C,TW=1.02ms,App=5.93ms,GD=0.00ms,CPU&GPU=10.82ms,LCnt=1(DR90,LM0),GPU%=0.66,CPU%=0.24(W0.32),CFL=12.26/15.98,ICFLp95=15.22,LD=0,SF=1.00,DpuScale=1.00,LP=0,DVFS=0,Preempt=358,PoseAgeP95=0.00
1789437665.033	91	90	0		456	5.97	10.69	358	42.0	0.66	FPS=91/90,Prd=28ms,Tear=0,Early=0,Stale=0,Stale2/5/10/max=0/0/0/0,VSnc=1,Lat=-4,Fov=0,CPU4/GPU=2/2,1382/456MHz,OC=3F,TA=0/38/0,SP=N/N/N,Mem=3196MHz,Free=3681MB,PLS=0,Temp=42.0C/0.0C,TW=1.01ms,App=5.97ms,GD=0.00ms,CPU&GPU=10.69ms,LCnt=1(DR90,LM0),GPU%=0.66,CPU%=0.22(W0.38),CFL=12.29/15.98,ICFLp95=15.14,LD=0,SF=1.00,DpuScale=1.00,LP=0,DVFS=0,Preempt=358,PoseAgeP95=0.00
1789437666.033	90	90	0		456	5.90	10.33	358	42.0	0.66	FPS=90/90,Prd=28ms,Tear=0,Early=0,Stale=0,Stale2/5/10/max=0/0/0/0,VSnc=1,Lat=-4,Fov=0,CPU4/GPU=2/2,1382/456MHz,OC=3F,TA=0/38/0,SP=N/N/N,Mem=3196MHz,Free=3681MB,PLS=0,Temp=42.0C/0.0C,TW=1.01ms,App=5.90ms,GD=0.00ms,CPU&GPU=10.33ms,LCnt=1(DR90,LM0),GPU%=0.66,CPU%=0.22(W0.24),CFL=12.21/15.87,ICFLp95=15.14,LD=0,SF=1.00,DpuScale=1.00,LP=0,DVFS=0,Preempt=358,PoseAgeP95=0.00
1789437667.033	90	90	0		456	5.94	10.50	358	42.0	0.66	FPS=90/90,Prd=28ms,Tear=0,Early=0,Stale=0,Stale2/5/10/max=0/0/0/0,VSnc=1,Lat=-4,Fov=0,CPU4/GPU=2/2,1382/456MHz,OC=3F,TA=0/38/0,SP=N/N/N,Mem=3196MHz,Free=3681MB,PLS=0,Temp=42.0C/0.0C,TW=1.02ms,App=5.94ms,GD=0.00ms,CPU&GPU=10.50ms,LCnt=1(DR90,LM0),GPU%=0.66,CPU%=0.23(W0.27),CFL=12.15/15.85,ICFLp95=15.12,LD=0,SF=1.00,DpuScale=1.00,LP=0,DVFS=0,Preempt=358,PoseAgeP95=0.00
1789437668.033	91	90	0		456	6.05	10.38	364	42.0	0.66	FPS=91/90,Prd=28ms,Tear=0,Early=0,Stale=0,Stale2/5/10/max=0/0/0/0,VSnc=1,Lat=-4,Fov=0,CPU4/GPU=2/2,1382/456MHz,OC=3F,TA=0/38/0,SP=N/N/N,Mem=3196MHz,Free=3681MB,PLS=0,Temp=42.0C/0.0C,TW=1.02ms,App=6.05ms,GD=0.00ms,CPU&GPU=10.38ms,LCnt=1(DR91,LM0),GPU%=0.66,CPU%=0.22(W0.28),CFL=12.16/15.82,ICFLp95=15.13,LD=0,SF=1.00,DpuScale=1.00,LP=0,DVFS=0,Preempt=364,PoseAgeP95=0.00
1789437669.033	91	90	0		456	5.90	10.14	358	42.0	0.66	FPS=91/90,Prd=28ms,Tear=0,Early=0,Stale=0,Stale2/5/10/max=0/0/0/0,VSnc=1,Lat=-4,Fov=0,CPU4/GPU=2/2,1382/456MHz,OC=3F,TA=0/38/0,SP=N/N/N,Mem=3196MHz,Free=3681MB,PLS=0,Temp=42.0C/0.0C,TW=1.01ms,App=5.90ms,GD=0.00ms,CPU&GPU=10.14ms,LCnt=1(DR90,LM0),GPU%=0.66,CPU%=0.20(W0.34),CFL=12.23/16.02,ICFLp95=15.17,LD=0,SF=1.00,DpuScale=1.00,LP=0,DVFS=0,Preempt=358,PoseAgeP95=0.00
1789437670.033	91	90	0		456	5.96	10.40	362	42.0	0.67	FPS=91/90,Prd=28ms,Tear=0,Early=0,Stale=0,Stale2/5/10/max=0/0/0/0,VSnc=1,Lat=-4,Fov=0,CPU4/GPU=2/2,1382/456MHz,OC=3F,TA=0/38/0,SP=N/N/N,Mem=3196MHz,Free=3681MB,PLS=0,Temp=42.0C/0.0C,TW=1.01ms,App=5.96ms,GD=0.00ms,CPU&GPU=10.40ms,LCnt=1(DR91,LM0),GPU%=0.67,CPU%=0.20(W0.27),CFL=12.20/15.82,ICFLp95=15.10,LD=0,SF=1.00,DpuScale=1.00,LP=0,DVFS=0,Preempt=362,PoseAgeP95=0.00
1789437671.034	90	90	0		456	5.97	10.78	358	42.0	0.66	FPS=90/90,Prd=28ms,Tear=0,Early=0,Stale=0,Stale2/5/10/max=0/0/0/0,VSnc=1,Lat=-4,Fov=0,CPU4/GPU=2/2,1382/456MHz,OC=3F,TA=0/38/0,SP=N/N/N,Mem=2092MHz,Free=3681MB,PLS=0,Temp=42.0C/0.0C,TW=1.01ms,App=5.97ms,GD=0.00ms,CPU&GPU=10.78ms,LCnt=1(DR90,LM0),GPU%=0.66,CPU%=0.21(W0.33),CFL=12.36/15.94,ICFLp95=15.16,LD=0,SF=1.00,DpuScale=1.00,LP=0,DVFS=0,Preempt=358,PoseAgeP95=0.00
1789437672.034	91	90	0		456	5.96	10.56	358	42.0	0.66	FPS=91/90,Prd=28ms,Tear=0,Early=0,Stale=0,Stale2/5/10/max=0/0/0/0,VSnc=1,Lat=-4,Fov=0,CPU4/GPU=2/2,1382/456MHz,OC=3F,TA=0/38/0,SP=N/N/N,Mem=2092MHz,Free=3681MB,PLS=0,Temp=42.0C/0.0C,TW=1.01ms,App=5.96ms,GD=0.00ms,CPU&GPU=10.56ms,LCnt=1(DR90,LM0),GPU%=0.66,CPU%=0.21(W0.32),CFL=12.29/15.82,ICFLp95=15.10,LD=0,SF=1.00,DpuScale=1.00,LP=0,DVFS=0,Preempt=358,PoseAgeP95=0.00
1789437673.034	91	90	0		456	5.94	10.22	358	42.0	0.66	FPS=91/90,Prd=28ms,Tear=0,Early=0,Stale=0,Stale2/5/10/max=0/0/0/0,VSnc=1,Lat=-4,Fov=0,CPU4/GPU=2/2,1382/456MHz,OC=3F,TA=0/38/0,SP=N/N/N,Mem=2092MHz,Free=3681MB,PLS=0,Temp=42.0C/0.0C,TW=1.01ms,App=5.94ms,GD=0.00ms,CPU&GPU=10.22ms,LCnt=1(DR90,LM0),GPU%=0.66,CPU%=0.22(W0.35),CFL=12.18/16.01,ICFLp95=15.18,LD=0,SF=1.00,DpuScale=1.00,LP=0,DVFS=0,Preempt=358,PoseAgeP95=0.00
1789437674.034	91	90	0		456	6.03	10.37	364	42.0	0.67	FPS=91/90,Prd=28ms,Tear=1,Early=0,Stale=0,Stale2/5/10/max=0/0/0/0,VSnc=1,Lat=-4,Fov=0,CPU4/GPU=2/2,1382/456MHz,OC=3F,TA=0/38/0,SP=N/N/N,Mem=2092MHz,Free=3681MB,PLS=0,Temp=42.0C/0.0C,TW=1.02ms,App=6.03ms,GD=0.00ms,CPU&GPU=10.37ms,LCnt=1(DR91,LM0),GPU%=0.67,CPU%=0.21(W0.27),CFL=12.14/16.08,ICFLp95=15.23,LD=0,SF=1.00,DpuScale=1.00,LP=0,DVFS=0,Preempt=364,PoseAgeP95=0.00
1789437675.034	90	90	0		456	5.95	10.28	358	42.0	0.67	FPS=90/90,Prd=28ms,Tear=0,Early=0,Stale=0,Stale2/5/10/max=0/0/0/0,VSnc=1,Lat=-4,Fov=0,CPU4/GPU=2/2,1382/456MHz,OC=3F,TA=0/38/0,SP=N/N/N,Mem=2092MHz,Free=3681MB,PLS=0,Temp=42.0C/0.0C,TW=1.02ms,App=5.95ms,GD=0.00ms,CPU&GPU=10.28ms,LCnt=1(DR90,LM0),GPU%=0.67,CPU%=0.23(W0.36),CFL=12.34/16.09,ICFLp95=15.11,LD=0,SF=1.00,DpuScale=1.00,LP=0,DVFS=0,Preempt=358,PoseAgeP95=0.00
1789437676.056	91	90	0		456	5.96	10.81	358	42.0	0.66	FPS=91/90,Prd=28ms,Tear=0,Early=0,Stale=0,Stale2/5/10/max=0/0/0/0,VSnc=1,Lat=-4,Fov=0,CPU4/GPU=2/2,1382/456MHz,OC=3F,TA=0/38/0,SP=N/N/N,Mem=2092MHz,Free=3684MB,PLS=0,Temp=42.0C/0.0C,TW=1.02ms,App=5.96ms,GD=0.00ms,CPU&GPU=10.81ms,LCnt=1(DR90,LM0),GPU%=0.66,CPU%=0.22(W0.24),CFL=12.23/16.02,ICFLp95=15.18,LD=0,SF=1.00,DpuScale=1.00,LP=0,DVFS=0,Preempt=358,PoseAgeP95=0.00
1789437677.034	90	90	0		456	5.94	10.88	358	42.0	0.66	FPS=90/90,Prd=28ms,Tear=0,Early=0,Stale=0,Stale2/5/10/max=0/0/0/0,VSnc=1,Lat=-4,Fov=0,CPU4/GPU=2/2,1382/456MHz,OC=3F,TA=0/38/0,SP=N/N/N,Mem=2092MHz,Free=3684MB,PLS=0,Temp=42.0C/0.0C,TW=1.02ms,App=5.94ms,GD=0.00ms,CPU&GPU=10.88ms,LCnt=1(DR90,LM0),GPU%=0.66,CPU%=0.24(W0.31),CFL=12.33/16.08,ICFLp95=15.19,LD=0,SF=1.00,DpuScale=1.00,LP=0,DVFS=0,Preempt=358,PoseAgeP95=0.00
1789437678.034	91	90	0		456	5.97	10.74	358	42.0	0.66	FPS=91/90,Prd=28ms,Tear=0,Early=0,Stale=0,Stale2/5/10/max=0/0/0/0,VSnc=1,Lat=-4,Fov=0,CPU4/GPU=2/2,1382/456MHz,OC=3F,TA=0/38/0,SP=N/N/N,Mem=2092MHz,Free=3684MB,PLS=0,Temp=42.0C/0.0C,TW=1.01ms,App=5.97ms,GD=0.00ms,CPU&GPU=10.74ms,LCnt=1(DR90,LM0),GPU%=0.66,CPU%=0.23(W0.28),CFL=12.22/15.93,ICFLp95=15.11,LD=0,SF=1.00,DpuScale=1.00,LP=0,DVFS=0,Preempt=358,PoseAgeP95=0.00
1789437679.034	91	90	0		456	5.91	10.62	360	42.0	0.66	FPS=91/90,Prd=28ms,Tear=0,Early=0,Stale=0,Stale2/5/10/max=0/0/0/0,VSnc=1,Lat=-4,Fov=0,CPU4/GPU=2/2,1382/456MHz,OC=3F,TA=0/38/0,SP=N/N/N,Mem=2092MHz,Free=3684MB,PLS=0,Temp=42.0C/0.0C,TW=1.02ms,App=5.91ms,GD=0.00ms,CPU&GPU=10.62ms,LCnt=1(DR90,LM0),GPU%=0.66,CPU%=0.21(W0.26),CFL=12.20/15.78,ICFLp95=15.08,LD=0,SF=1.00,DpuScale=1.00,LP=0,DVFS=0,Preempt=360,PoseAgeP95=0.00
1789437680.034	90	90	0		456	5.98	10.42	358	42.0	0.66	FPS=90/90,Prd=28ms,Tear=0,Early=0,Stale=0,Stale2/5/10/max=0/0/0/0,VSnc=1,Lat=-4,Fov=0,CPU4/GPU=2/2,1382/456MHz,OC=3F,TA=0/38/0,SP=N/N/N,Mem=2092MHz,Free=3684MB,PLS=0,Temp=42.0C/0.0C,TW=1.03ms,App=5.98ms,GD=0.00ms,CPU&GPU=10.42ms,LCnt=1(DR90,LM0),GPU%=0.66,CPU%=0.23(W0.34),CFL=12.21/15.75,ICFLp95=15.02,LD=0,SF=1.00,DpuScale=1.00,LP=0,DVFS=0,Preempt=358,PoseAgeP95=0.00
1789437681.034	91	90	0		456	5.94	10.97	360	42.0	0.67	FPS=91/90,Prd=28ms,Tear=0,Early=0,Stale=0,Stale2/5/10/max=0/0/0/0,VSnc=1,Lat=-4,Fov=0,CPU4/GPU=2/2,1382/456MHz,OC=3F,TA=0/38/0,SP=N/N/N,Mem=2736MHz,Free=3684MB,PLS=0,Temp=42.0C/0.0C,TW=1.09ms,App=5.94ms,GD=0.00ms,CPU&GPU=10.97ms,LCnt=1(DR90,LM0),GPU%=0.67,CPU%=0.24(W0.35),CFL=12.19/16.13,ICFLp95=15.23,LD=0,SF=1.00,DpuScale=1.00,LP=0,DVFS=0,Preempt=360,PoseAgeP95=0.00
1789437682.034	90	90	0		456	5.91	11.78	358	42.0	0.67	FPS=90/90,Prd=28ms,Tear=0,Early=0,Stale=0,Stale2/5/10/max=0/0/0/0,VSnc=1,Lat=-4,Fov=0,CPU4/GPU=2/2,1382/456MHz,OC=3F,TA=0/38/0,SP=N/N/N,Mem=2736MHz,Free=3684MB,PLS=0,Temp=42.0C/0.0C,TW=1.01ms,App=5.91ms,GD=0.00ms,CPU&GPU=11.78ms,LCnt=1(DR90,LM0),GPU%=0.67,CPU%=0.25(W0.30),CFL=12.30/15.92,ICFLp95=15.22,LD=0,SF=1.00,DpuScale=1.00,LP=0,DVFS=0,Preempt=358,PoseAgeP95=0.00
1789437683.035	90	90	0		456	5.92	10.42	358	42.0	0.66	FPS=90/90,Prd=28ms,Tear=0,Early=0,Stale=0,Stale2/5/10/max=0/0/0/0,VSnc=1,Lat=-4,Fov=0,CPU4/GPU=2/2,1382/456MHz,OC=3F,TA=0/38/0,SP=N/N/N,Mem=2736MHz,Free=3684MB,PLS=0,Temp=42.0C/0.0C,TW=1.02ms,App=5.92ms,GD=0.00ms,CPU&GPU=10.42ms,LCnt=1(DR90,LM0),GPU%=0.66,CPU%=0.21(W0.27),CFL=12.28/15.97,ICFLp95=15.16,LD=0,SF=1.00,DpuScale=1.00,LP=0,DVFS=0,Preempt=358,PoseAgeP95=0.00
1789437684.035	90	90	0		456	5.94	10.44	358	42.0	0.66	FPS=90/90,Prd=28ms,Tear=0,Early=0,Stale=0,Stale2/5/10/max=0/0/0/0,VSnc=1,Lat=-4,Fov=0,CPU4/GPU=2/2,1382/456MHz,OC=3F,TA=0/38/0,SP=N/N/N,Mem=2736MHz,Free=3684MB,PLS=0,Temp=42.0C/0.0C,TW=1.02ms,App=5.94ms,GD=0.00ms,CPU&GPU=10.44ms,LCnt=1(DR90,LM0),GPU%=0.66,CPU%=0.23(W0.26),CFL=12.25/15.87,ICFLp95=15.17,LD=0,SF=1.00,DpuScale=1.00,LP=0,DVFS=0,Preempt=358,PoseAgeP95=0.00
1789437685.035	90	90	0		456	5.88	10.67	358	42.0	0.66	FPS=90/90,Prd=28ms,Tear=0,Early=0,Stale=0,Stale2/5/10/max=0/0/0/0,VSnc=1,Lat=-4,Fov=0,CPU4/GPU=2/2,1382/456MHz,OC=3F,TA=0/38/0,SP=N/N/N,Mem=2736MHz,Free=3684MB,PLS=0,Temp=42.0C/0.0C,TW=1.02ms,App=5.88ms,GD=0.00ms,CPU&GPU=10.67ms,LCnt=1(DR90,LM0),GPU%=0.66,CPU%=0.22(W0.24),CFL=12.14/15.98,ICFLp95=15.15,LD=0,SF=1.00,DpuScale=1.00,LP=0,DVFS=0,Preempt=358,PoseAgeP95=0.00
1789437686.035	90	90	0		456	5.92	10.11	360	42.0	0.66	FPS=90/90,Prd=28ms,Tear=0,Early=0,Stale=0,Stale2/5/10/max=0/0/0/0,VSnc=1,Lat=-4,Fov=0,CPU4/GPU=2/2,1382/456MHz,OC=3F,TA=0/38/0,SP=N/N/N,Mem=2736MHz,Free=3684MB,PLS=0,Temp=42.0C/0.0C,TW=1.02ms,App=5.92ms,GD=0.00ms,CPU&GPU=10.11ms,LCnt=1(DR90,LM0),GPU%=0.66,CPU%=0.21(W0.31),CFL=12.19/15.82,ICFLp95=15.08,LD=0,SF=1.00,DpuScale=1.00,LP=0,DVFS=0,Preempt=360,PoseAgeP95=0.00
1789437687.035	91	90	0		456	5.94	10.09	358	42.0	0.66	FPS=91/90,Prd=28ms,Tear=0,Early=0,Stale=0,Stale2/5/10/max=0/0/0/0,VSnc=1,Lat=-4,Fov=0,CPU4/GPU=2/2,1382/456MHz,OC=3F,TA=0/38/0,SP=N/N/N,Mem=2736MHz,Free=3684MB,PLS=0,Temp=42.0C/0.0C,TW=1.02ms,App=5.94ms,GD=0.00ms,CPU&GPU=10.09ms,LCnt=1(DR90,LM0),GPU%=0.66,CPU%=0.22(W0.29),CFL=12.22/15.84,ICFLp95=15.01,LD=0,SF=1.00,DpuScale=1.00,LP=0,DVFS=0,Preempt=358,PoseAgeP95=0.00
1789437688.035	90	90	0		456	5.93	10.16	360	42.0	0.66	FPS=90/90,Prd=28ms,Tear=0,Early=0,Stale=0,Stale2/5/10/max=0/0/0/0,VSnc=1,Lat=-4,Fov=0,CPU4/GPU=2/2,1382/456MHz,OC=3F,TA=0/38/0,SP=N/N/N,Mem=2736MHz,Free=3684MB,PLS=0,Temp=42.0C/0.0C,TW=1.01ms,App=5.93ms,GD=0.00ms,CPU&GPU=10.16ms,LCnt=1(DR90,LM0),GPU%=0.66,CPU%=0.22(W0.33),CFL=12.19/15.72,ICFLp95=15.02,LD=0,SF=1.00,DpuScale=1.00,LP=0,DVFS=0,Preempt=360,PoseAgeP95=0.00
1789437689.035	90	90	0		456	5.89	10.04	358	42.0	0.66	FPS=90/90,Prd=28ms,Tear=0,Early=0,Stale=0,Stale2/5/10/max=0/0/0/0,VSnc=1,Lat=-4,Fov=0,CPU4/GPU=2/2,1382/456MHz,OC=3F,TA=0/38/0,SP=N/N/N,Mem=2736MHz,Free=3684MB,PLS=0,Temp=42.0C/0.0C,TW=1.02ms,App=5.89ms,GD=0.00ms,CPU&GPU=10.04ms,LCnt=1(DR90,LM0),GPU%=0.66,CPU%=0.22(W0.26),CFL=12.24/16.01,ICFLp95=15.14,LD=0,SF=1.00,DpuScale=1.00,LP=0,DVFS=0,Preempt=358,PoseAgeP95=0.00
1789437690.035	91	90	0		456	5.95	10.41	358	42.0	0.66	FPS=91/90,Prd=28ms,Tear=0,Early=0,Stale=0,Stale2/5/10/max=0/0/0/0,VSnc=1,Lat=-4,Fov=0,CPU4/GPU=2/2,1382/456MHz,OC=3F,TA=0/38/0,SP=N/N/N,Mem=2736MHz,Free=3684MB,PLS=0,Temp=42.0C/0.0C,TW=1.02ms,App=5.95ms,GD=0.00ms,CPU&GPU=10.41ms,LCnt=1(DR90,LM0),GPU%=0.66,CPU%=0.22(W0.28),CFL=12.31/15.75,ICFLp95=15.05,LD=0,SF=1.00,DpuScale=1.00,LP=0,DVFS=0,Preempt=358,PoseAgeP95=0.00
1789437691.035	90	90	0		456	5.92	10.33	358	42.0	0.66	FPS=90/90,Prd=28ms,Tear=0,Early=0,Stale=0,Stale2/5/10/max=0/0/0/0,VSnc=1,Lat=-4,Fov=0,CPU4/GPU=2/2,1382/456MHz,OC=3F,TA=0/38/0,SP=N/N/N,Mem=2736MHz,Free=3684MB,PLS=0,Temp=42.0C/0.0C,TW=1.02ms,App=5.92ms,GD=0.00ms,CPU&GPU=10.33ms,LCnt=1(DR90,LM0),GPU%=0.66,CPU%=0.23(W0.25),CFL=12.16/15.81,ICFLp95=15.10,LD=0,SF=1.00,DpuScale=1.00,LP=0,DVFS=0,Preempt=358,PoseAgeP95=0.00
1789437692.035	90	90	0		456	5.91	10.09	362	42.0	0.66	FPS=90/90,Prd=28ms,Tear=1,Early=0,Stale=0,Stale2/5/10/max=0/0/0/0,VSnc=1,Lat=-4,Fov=0,CPU4/GPU=2/2,1382/456MHz,OC=3F,TA=0/38/0,SP=N/N/N,Mem=2736MHz,Free=3684MB,PLS=0,Temp=42.0C/0.0C,TW=1.02ms,App=5.91ms,GD=0.00ms,CPU&GPU=10.09ms,LCnt=1(DR91,LM0),GPU%=0.66,CPU%=0.23(W0.32),CFL=12.17/16.01,ICFLp95=15.01,LD=0,SF=1.00,DpuScale=1.00,LP=0,DVFS=0,Preempt=362,PoseAgeP95=0.00
1789437693.035	90	90	0		456	5.91	10.32	358	42.0	0.66	FPS=90/90,Prd=28ms,Tear=0,Early=0,Stale=0,Stale2/5/10/max=0/0/0/0,VSnc=1,Lat=-4,Fov=0,CPU4/GPU=2/2,1382/456MHz,OC=3F,TA=0/38/0,SP=N/N/N,Mem=2736MHz,Free=3684MB,PLS=0,Temp=42.0C/0.0C,TW=1.01ms,App=5.91ms,GD=0.00ms,CPU&GPU=10.32ms,LCnt=1(DR90,LM0),GPU%=0.66,CPU%=0.20(W0.24),CFL=12.29/15.90,ICFLp95=15.15,LD=0,SF=1.00,DpuScale=1.00,LP=0,DVFS=0,Preempt=358,PoseAgeP95=0.00
1789437694.035	91	90	0		456	5.93	10.58	358	42.0	0.66	FPS=91/90,Prd=28ms,Tear=0,Early=0,Stale=0,Stale2/5/10/max=0/0/0/0,VSnc=1,Lat=-4,Fov=0,CPU4/GPU=2/2,1382/456MHz,OC=3F,TA=0/38/0,SP=N/N/N,Mem=2736MHz,Free=3684MB,PLS=0,Temp=42.0C/0.0C,TW=1.01ms,App=5.93ms,GD=0.00ms,CPU&GPU=10.58ms,LCnt=1(DR90,LM0),GPU%=0.66,CPU%=0.21(W0.28),CFL=12.12/15.79,ICFLp95=15.10,LD=0,SF=1.00,DpuScale=1.00,LP=0,DVFS=0,Preempt=358,PoseAgeP95=0.00
1789437695.035	90	90	0		456	5.94	10.43	358	42.0	0.66	FPS=90/90,Prd=28ms,Tear=0,Early=0,Stale=0,Stale2/5/10/max=0/0/0/0,VSnc=1,Lat=-4,Fov=0,CPU4/GPU=2/2,1382/456MHz,OC=3F,TA=0/38/0,SP=N/N/N,Mem=2736MHz,Free=3684MB,PLS=0,Temp=42.0C/0.0C,TW=1.02ms,App=5.94ms,GD=0.00ms,CPU&GPU=10.43ms,LCnt=1(DR90,LM0),GPU%=0.66,CPU%=0.23(W0.32),CFL=12.18/15.89,ICFLp95=15.11,LD=0,SF=1.00,DpuScale=1.00,LP=0,DVFS=0,Preempt=358,PoseAgeP95=0.00
1789437696.060	91	90	0		456	5.95	10.53	360	42.0	0.66	FPS=91/90,Prd=28ms,Tear=0,Early=0,Stale=0,Stale2/5/10/max=0/0/0/0,VSnc=1,Lat=-4,Fov=0,CPU4/GPU=2/2,1382/456MHz,OC=3F,TA=0/38/0,SP=N/N/N,Mem=2736MHz,Free=3680MB,PLS=0,Temp=42.0C/0.0C,TW=1.02ms,App=5.95ms,GD=0.00ms,CPU&GPU=10.53ms,LCnt=1(DR90,LM0),GPU%=0.66,CPU%=0.22(W0.29),CFL=12.16/15.96,ICFLp95=15.16,LD=0,SF=1.00,DpuScale=1.00,LP=0,DVFS=0,Preempt=360,PoseAgeP95=0.00
1789437697.036	90	90	0		456	5.93	9.97	362	42.0	0.66	FPS=90/90,Prd=28ms,Tear=0,Early=0,Stale=0,Stale2/5/10/max=0/0/0/0,VSnc=1,Lat=-4,Fov=0,CPU4/GPU=2/2,1382/456MHz,OC=3F,TA=0/38/0,SP=N/N/N,Mem=2736MHz,Free=3680MB,PLS=0,Temp=42.0C/0.0C,TW=1.02ms,App=5.93ms,GD=0.00ms,CPU&GPU=9.97ms,LCnt=1(DR91,LM0),GPU%=0.66,CPU%=0.23(W0.36),CFL=12.18/15.80,ICFLp95=15.12,LD=0,SF=1.00,DpuScale=1.00,LP=0,DVFS=0,Preempt=362,PoseAgeP95=0.00
1789437698.036	91	90	0		456	6.02	10.46	358	42.0	0.67	FPS=91/90,Prd=28ms,Tear=0,Early=0,Stale=0,Stale2/5/10/max=0/0/0/0,VSnc=1,Lat=-4,Fov=0,CPU4/GPU=2/2,1382/456MHz,OC=3F,TA=0/38/0,SP=N/N/N,Mem=2736MHz,Free=3680MB,PLS=0,Temp=42.0C/0.0C,TW=1.03ms,App=6.02ms,GD=0.00ms,CPU&GPU=10.46ms,LCnt=1(DR90,LM0),GPU%=0.67,CPU%=0.23(W0.25),CFL=12.29/15.81,ICFLp95=15.01,LD=0,SF=1.00,DpuScale=1.00,LP=0,DVFS=0,Preempt=358,PoseAgeP95=0.00
1789437699.036	91	90	0		456	5.94	10.24	358	43.0	0.66	FPS=91/90,Prd=28ms,Tear=0,Early=0,Stale=0,Stale2/5/10/max=0/0/0/0,VSnc=1,Lat=-4,Fov=0,CPU4/GPU=2/2,1382/456MHz,OC=3F,TA=0/38/0,SP=N/N/N,Mem=2736MHz,Free=3680MB,PLS=0,Temp=43.0C/0.0C,TW=1.01ms,App=5.94ms,GD=0.00ms,CPU&GPU=10.24ms,LCnt=1(DR90,LM0),GPU%=0.66,CPU%=0.23(W0.34),CFL=12.25/16.10,ICFLp95=15.23,LD=0,SF=1.00,DpuScale=1.00,LP=0,DVFS=0,Preempt=358,PoseAgeP95=0.00
1789437700.036	90	90	0		456	5.91	10.35	360	43.0	0.66	FPS=90/90,Prd=28ms,Tear=0,Early=0,Stale=0,Stale2/5/10/max=0/0/0/0,VSnc=1,Lat=-4,Fov=0,CPU4/GPU=2/2,1382/456MHz,OC=3F,TA=0/38/0,SP=N/N/N,Mem=2736MHz,Free=3680MB,PLS=0,Temp=43.0C/0.0C,TW=1.01ms,App=5.91ms,GD=0.00ms,CPU&GPU=10.35ms,LCnt=1(DR90,LM0),GPU%=0.66,CPU%=0.24(W0.28),CFL=12.05/15.85,ICFLp95=15.08,LD=0,SF=1.00,DpuScale=1.00,LP=0,DVFS=0,Preempt=360,PoseAgeP95=0.00
1789437701.036	90	90	0		456	5.93	10.11	360	43.0	0.66	FPS=90/90,Prd=28ms,Tear=0,Early=0,Stale=0,Stale2/5/10/max=0/0/0/0,VSnc=1,Lat=-4,Fov=0,CPU4/GPU=2/2,1382/456MHz,OC=3F,TA=0/38/0,SP=N/N/N,Mem=2736MHz,Free=3680MB,PLS=0,Temp=43.0C/0.0C,TW=1.01ms,App=5.93ms,GD=0.00ms,CPU&GPU=10.11ms,LCnt=1(DR90,LM0),GPU%=0.66,CPU%=0.25(W0.39),CFL=12.12/15.64,ICFLp95=14.95,LD=0,SF=1.00,DpuScale=1.00,LP=0,DVFS=0,Preempt=360,PoseAgeP95=0.00
1789437702.036	91	90	0		456	6.06	10.74	364	43.0	0.67	FPS=91/90,Prd=28ms,Tear=0,Early=0,Stale=0,Stale2/5/10/max=0/0/0/0,VSnc=1,Lat=-4,Fov=0,CPU4/GPU=2/2,1382/456MHz,OC=3F,TA=0/38/0,SP=N/N/N,Mem=2736MHz,Free=3680MB,PLS=0,Temp=43.0C/0.0C,TW=1.07ms,App=6.06ms,GD=0.00ms,CPU&GPU=10.74ms,LCnt=1(DR91,LM0),GPU%=0.67,CPU%=0.25(W0.35),CFL=12.22/15.79,ICFLp95=15.07,LD=0,SF=1.00,DpuScale=1.00,LP=0,DVFS=0,Preempt=364,PoseAgeP95=0.00
1789437703.036	91	90	0		456	5.91	11.27	358	43.0	0.67	FPS=91/90,Prd=28ms,Tear=0,Early=0,Stale=0,Stale2/5/10/max=0/0/0/0,VSnc=1,Lat=-4,Fov=0,CPU4/GPU=2/2,1382/456MHz,OC=3F,TA=0/38/0,SP=N/N/N,Mem=2736MHz,Free=3680MB,PLS=0,Temp=43.0C/0.0C,TW=1.06ms,App=5.91ms,GD=0.00ms,CPU&GPU=11.27ms,LCnt=1(DR90,LM0),GPU%=0.67,CPU%=0.26(W0.38),CFL=12.15/15.99,ICFLp95=15.22,LD=0,SF=1.00,DpuScale=1.00,LP=0,DVFS=0,Preempt=358,PoseAgeP95=0.00
1789437704.036	90	90	0		456	5.93	10.03	360	43.0	0.67	FPS=90/90,Prd=28ms,Tear=0,Early=0,Stale=0,Stale2/5/10/max=0/0/0/0,VSnc=1,Lat=-4,Fov=0,CPU4/GPU=2/2,1382/456MHz,OC=3F,TA=0/38/0,SP=N/N/N,Mem=2736MHz,Free=3680MB,PLS=0,Temp=43.0C/0.0C,TW=1.02ms,App=5.93ms,GD=0.00ms,CPU&GPU=10.03ms,LCnt=1(DR90,LM0),GPU%=0.67,CPU%=0.24(W0.32),CFL=12.35/15.91,ICFLp95=15.18,LD=0,SF=1.00,DpuScale=1.00,LP=0,DVFS=0,Preempt=360,PoseAgeP95=0.00
1789437705.036	90	90	0		456	5.97	10.73	360	43.0	0.66	FPS=90/90,Prd=28ms,Tear=0,Early=0,Stale=0,Stale2/5/10/max=0/0/0/0,VSnc=1,Lat=-4,Fov=0,CPU4/GPU=2/2,1382/456MHz,OC=3F,TA=0/38/0,SP=N/N/N,Mem=2736MHz,Free=3680MB,PLS=0,Temp=43.0C/0.0C,TW=1.01ms,App=5.97ms,GD=0.00ms,CPU&GPU=10.73ms,LCnt=1(DR90,LM0),GPU%=0.66,CPU%=0.23(W0.31),CFL=12.23/15.93,ICFLp95=15.16,LD=0,SF=1.00,DpuScale=1.00,LP=0,DVFS=0,Preempt=360,PoseAgeP95=0.00
1789437706.036	91	90	0		456	5.99	10.59	358	43.0	0.66	FPS=91/90,Prd=28ms,Tear=0,Early=0,Stale=0,Stale2/5/10/max=0/0/0/0,VSnc=1,Lat=-4,Fov=0,CPU4/GPU=2/2,1382/456MHz,OC=3F,TA=0/38/0,SP=N/N/N,Mem=2736MHz,Free=3680MB,PLS=0,Temp=43.0C/0.0C,TW=1.02ms,App=5.99ms,GD=0.00ms,CPU&GPU=10.59ms,LCnt=1(DR90,LM0),GPU%=0.66,CPU%=0.25(W0.32),CFL=12.24/15.86,ICFLp95=14.98,LD=0,SF=1.00,DpuScale=1.00,LP=0,DVFS=0,Preempt=358,PoseAgeP95=0.00
1789437707.036	90	90	0		456	5.87	10.43	358	43.0	0.66	FPS=90/90,Prd=28ms,Tear=0,Early=0,Stale=0,Stale2/5/10/max=0/0/0/0,VSnc=1,Lat=-4,Fov=0,CPU4/GPU=2/2,1382/456MHz,OC=3F,TA=0/38/0,SP=N/N/N,Mem=2736MHz,Free=3680MB,PLS=0,Temp=43.0C/0.0C,TW=1.02ms,App=5.87ms,GD=0.00ms,CPU&GPU=10.43ms,LCnt=1(DR90,LM0),GPU%=0.66,CPU%=0.23(W0.26),CFL=12.18/15.76,ICFLp95=15.04,LD=0,SF=1.00,DpuScale=1.00,LP=0,DVFS=0,Preempt=358,PoseAgeP95=0.00
1789437708.036	91	90	0		456	5.92	10.40	360	43.0	0.66	FPS=91/90,Prd=28ms,Tear=0,Early=0,Stale=0,Stale2/5/10/max=0/0/0/0,VSnc=1,Lat=-4,Fov=0,CPU4/GPU=2/2,1382/456MHz,OC=3F,TA=0/38/0,SP=N/N/N,Mem=2736MHz,Free=3680MB,PLS=0,Temp=43.0C/0.0C,TW=1.03ms,App=5.92ms,GD=0.00ms,CPU&GPU=10.40ms,LCnt=1(DR90,LM0),GPU%=0.66,CPU%=0.24(W0.25),CFL=12.19/16.21,ICFLp95=15.14,LD=0,SF=1.00,DpuScale=1.00,LP=0,DVFS=0,Preempt=360,PoseAgeP95=0.00
1789437709.037	90	90	0		456	5.95	10.19	362	43.0	0.66	FPS=90/90,Prd=28ms,Tear=0,Early=0,Stale=0,Stale2/5/10/max=0/0/0/0,VSnc=1,Lat=-4,Fov=0,CPU4/GPU=2/2,1382/456MHz,OC=3F,TA=0/38/0,SP=N/N/N,Mem=2736MHz,Free=3680MB,PLS=0,Temp=43.0C/0.0C,TW=1.01ms,App=5.95ms,GD=0.00ms,CPU&GPU=10.19ms,LCnt=1(DR91,LM0),GPU%=0.66,CPU%=0.26(W0.31),CFL=12.21/15.79,ICFLp95=15.06,LD=0,SF=1.00,DpuScale=1.00,LP=0,DVFS=0,Preempt=362,PoseAgeP95=0.00
1789437710.037	90	90	0		456	5.93	10.27	358	43.0	0.66	FPS=90/90,Prd=28ms,Tear=0,Early=0,Stale=0,Stale2/5/10/max=0/0/0/0,VSnc=1,Lat=-4,Fov=0,CPU4/GPU=2/2,1382/456MHz,OC=3F,TA=0/38/0,SP=N/N/N,Mem=2736MHz,Free=3680MB,PLS=0,Temp=43.0C/0.0C,TW=1.02ms,App=5.93ms,GD=0.00ms,CPU&GPU=10.27ms,LCnt=1(DR90,LM0),GPU%=0.66,CPU%=0.23(W0.32),CFL=12.27/15.79,ICFLp95=15.09,LD=0,SF=1.00,DpuScale=1.00,LP=0,DVFS=0,Preempt=358,PoseAgeP95=0.00
1789437711.037	91	90	0		456	5.91	10.46	358	43.0	0.66	FPS=91/90,Prd=28ms,Tear=0,Early=0,Stale=0,Stale2/5/10/max=0/0/0/0,VSnc=1,Lat=-4,Fov=0,CPU4/GPU=2/2,1382/456MHz,OC=3F,TA=0/38/0,SP=N/N/N,Mem=2092MHz,Free=3680MB,PLS=0,Temp=43.0C/0.0C,TW=1.02ms,App=5.91ms,GD=0.00ms,CPU&GPU=10.46ms,LCnt=1(DR90,LM0),GPU%=0.66,CPU%=0.24(W0.31),CFL=12.21/15.86,ICFLp95=15.09,LD=0,SF=1.00,DpuScale=1.00,LP=0,DVFS=0,Preempt=358,PoseAgeP95=0.00
1789437712.037	90	90	0		456	5.94	10.52	358	43.0	0.66	FPS=90/90,Prd=28ms,Tear=0,Early=0,Stale=0,Stale2/5/10/max=0/0/0/0,VSnc=1,Lat=-4,Fov=0,CPU4/GPU=2/2,1382/456MHz,OC=3F,TA=0/38/0,SP=N/N/N,Mem=2092MHz,Free=3680MB,PLS=0,Temp=43.0C/0.0C,TW=1.02ms,App=5.94ms,GD=0.00ms,CPU&GPU=10.52ms,LCnt=1(DR90,LM0),GPU%=0.66,CPU%=0.25(W0.29),CFL=12.17/16.42,ICFLp95=15.10,LD=0,SF=1.00,DpuScale=1.00,LP=0,DVFS=0,Preempt=358,PoseAgeP95=0.00
1789437713.037	91	90	0		456	6.00	10.43	364	43.0	0.66	FPS=91/90,Prd=28ms,Tear=0,Early=0,Stale=0,Stale2/5/10/max=0/0/0/0,VSnc=1,Lat=-4,Fov=0,CPU4/GPU=2/2,1382/456MHz,OC=3F,TA=0/38/0,SP=N/N/N,Mem=2092MHz,Free=3680MB,PLS=0,Temp=43.0C/0.0C,TW=1.02ms,App=6.00ms,GD=0.00ms,CPU&GPU=10.43ms,LCnt=1(DR91,LM0),GPU%=0.66,CPU%=0.21(W0.38),CFL=12.19/15.90,ICFLp95=15.07,LD=0,SF=1.00,DpuScale=1.00,LP=0,DVFS=0,Preempt=364,PoseAgeP95=0.00
1789437714.037	91	90	0		456	5.92	10.66	362	43.0	0.66	FPS=91/90,Prd=28ms,Tear=0,Early=0,Stale=0,Stale2/5/10/max=0/0/0/0,VSnc=1,Lat=-4,Fov=0,CPU4/GPU=2/2,1382/456MHz,OC=3F,TA=0/38/0,SP=N/N/N,Mem=2092MHz,Free=3680MB,PLS=0,Temp=43.0C/0.0C,TW=1.02ms,App=5.92ms,GD=0.00ms,CPU&GPU=10.66ms,LCnt=1(DR91,LM0),GPU%=0.66,CPU%=0.24(W0.30),CFL=12.25/15.74,ICFLp95=15.03,LD=0,SF=1.00,DpuScale=1.00,LP=0,DVFS=0,Preempt=362,PoseAgeP95=0.00
1789437715.037	90	90	0		456	5.92	10.47	358	43.0	0.66	FPS=90/90,Prd=28ms,Tear=0,Early=0,Stale=0,Stale2/5/10/max=0/0/0/0,VSnc=1,Lat=-4,Fov=0,CPU4/GPU=2/2,1382/456MHz,OC=3F,TA=0/38/0,SP=N/N/N,Mem=2092MHz,Free=3680MB,PLS=0,Temp=43.0C/0.0C,TW=1.02ms,App=5.92ms,GD=0.00ms,CPU&GPU=10.47ms,LCnt=1(DR90,LM0),GPU%=0.66,CPU%=0.22(W0.31),CFL=12.26/15.94,ICFLp95=15.13,LD=0,SF=1.00,DpuScale=1.00,LP=0,DVFS=0,Preempt=358,PoseAgeP95=0.00
1789437716.059	90	90	0		456	5.97	10.28	360	43.0	0.66	FPS=90/90,Prd=28ms,Tear=0,Early=0,Stale=0,Stale2/5/10/max=0/0/0/0,VSnc=1,Lat=-4,Fov=0,CPU4/GPU=2/2,1382/456MHz,OC=3F,TA=0/38/0,SP=N/N/N,Mem=2092MHz,Free=3673MB,PLS=0,Temp=43.0C/0.0C,TW=1.02ms,App=5.97ms,GD=0.00ms,CPU&GPU=10.28ms,LCnt=1(DR90,LM0),GPU%=0.66,CPU%=0.20(W0.29),CFL=12.29/15.95,ICFLp95=15.15,LD=0,SF=1.00,DpuScale=1.00,LP=0,DVFS=0,Preempt=360,PoseAgeP95=0.00
1789437717.037	91	90	0		456	5.94	10.40	358	43.0	0.66	FPS=91/90,Prd=28ms,Tear=0,Early=0,Stale=0,Stale2/5/10/max=0/0/0/0,VSnc=1,Lat=-4,Fov=0,CPU4/GPU=2/2,1382/456MHz,OC=3F,TA=0/38/0,SP=N/N/N,Mem=2092MHz,Free=3673MB,PLS=0,Temp=43.0C/0.0C,TW=1.02ms,App=5.94ms,GD=0.00ms,CPU&GPU=10.40ms,LCnt=1(DR90,LM0),GPU%=0.66,CPU%=0.24(W0.35),CFL=12.18/15.74,ICFLp95=15.04,LD=0,SF=1.00,DpuScale=1.00,LP=0,DVFS=0,Preempt=358,PoseAgeP95=0.00
1789437718.037	91	90	0		456	5.98	10.23	362	43.0	0.66	FPS=91/90,Prd=28ms,Tear=0,Early=0,Stale=0,Stale2/5/10/max=0/0/0/0,VSnc=1,Lat=-4,Fov=0,CPU4/GPU=2/2,1382/456MHz,OC=3F,TA=0/38/0,SP=N/N/N,Mem=2092MHz,Free=3673MB,PLS=0,Temp=43.0C/0.0C,TW=1.02ms,App=5.98ms,GD=0.00ms,CPU&GPU=10.23ms,LCnt=1(DR91,LM0),GPU%=0.66,CPU%=0.23(W0.31),CFL=12.27/15.94,ICFLp95=15.13,LD=0,SF=1.00,DpuScale=1.00,LP=0,DVFS=0,Preempt=362,PoseAgeP95=0.00
1789437719.037	90	90	0		456	5.93	10.11	358	43.0	0.66	FPS=90/90,Prd=28ms,Tear=0,Early=0,Stale=0,Stale2/5/10/max=0/0/0/0,VSnc=1,Lat=-4,Fov=0,CPU4/GPU=2/2,1382/456MHz,OC=3F,TA=0/38/0,SP=N/N/N,Mem=2092MHz,Free=3673MB,PLS=0,Temp=43.0C/0.0C,TW=1.02ms,App=5.93ms,GD=0.00ms,CPU&GPU=10.11ms,LCnt=1(DR90,LM0),GPU%=0.66,CPU%=0.22(W0.33),CFL=12.25/15.74,ICFLp95=15.04,LD=0,SF=1.00,DpuScale=1.00,LP=0,DVFS=0,Preempt=358,PoseAgeP95=0.00
1789437720.037	90	90	0		456	5.97	10.15	360	43.0	0.66	FPS=90/90,Prd=28ms,Tear=0,Early=0,Stale=0,Stale2/5/10/max=0/0/0/0,VSnc=1,Lat=-4,Fov=0,CPU4/GPU=2/2,1382/456MHz,OC=3F,TA=0/38/0,SP=N/N/N,Mem=2092MHz,Free=3673MB,PLS=0,Temp=43.0C/0.0C,TW=1.02ms,App=5.97ms,GD=0.00ms,CPU&GPU=10.15ms,LCnt=1(DR90,LM0),GPU%=0.66,CPU%=0.22(W0.28),CFL=12.23/15.71,ICFLp95=15.01,LD=0,SF=1.00,DpuScale=1.00,LP=0,DVFS=0,Preempt=360,PoseAgeP95=0.00
1789437721.037	91	90	0		456	5.92	10.42	360	43.0	0.66	FPS=91/90,Prd=28ms,Tear=0,Early=0,Stale=0,Stale2/5/10/max=0/0/0/0,VSnc=1,Lat=-4,Fov=0,CPU4/GPU=2/2,2208/456MHz,OC=3F,TA=0/38/0,SP=N/N/N,Mem=2092MHz,Free=3673MB,PLS=0,Temp=43.0C/0.0C,TW=1.02ms,App=5.92ms,GD=0.00ms,CPU&GPU=10.42ms,LCnt=1(DR90,LM0),GPU%=0.66,CPU%=0.25(W0.29),CFL=12.24/15.99,ICFLp95=15.10,LD=0,SF=1.00,DpuScale=1.00,LP=0,DVFS=0,Preempt=360,PoseAgeP95=0.00
1789437722.037	91	90	0		456	5.97	10.58	364	43.0	0.66	FPS=91/90,Prd=28ms,Tear=0,Early=0,Stale=0,Stale2/5/10/max=0/0/0/0,VSnc=1,Lat=-4,Fov=0,CPU4/GPU=2/2,2208/456MHz,OC=3F,TA=0/38/0,SP=N/N/N,Mem=2092MHz,Free=3673MB,PLS=0,Temp=43.0C/0.0C,TW=1.02ms,App=5.97ms,GD=0.00ms,CPU&GPU=10.58ms,LCnt=1(DR91,LM0),GPU%=0.66,CPU%=0.21(W0.31),CFL=12.21/15.93,ICFLp95=15.06,LD=0,SF=1.00,DpuScale=1.00,LP=0,DVFS=0,Preempt=364,PoseAgeP95=0.00
1789437723.038	90	90	0		456	5.97	10.58	360	43.0	0.66	FPS=90/90,Prd=28ms,Tear=0,Early=0,Stale=0,Stale2/5/10/max=0/0/0/0,VSnc=1,Lat=-4,Fov=0,CPU4/GPU=2/2,2208/456MHz,OC=3F,TA=0/38/0,SP=N/N/N,Mem=2092MHz,Free=3673MB,PLS=0,Temp=43.0C/0.0C,TW=1.03ms,App=5.97ms,GD=0.00ms,CPU&GPU=10.58ms,LCnt=1(DR90,LM0),GPU%=0.66,CPU%=0.24(W0.30),CFL=12.18/15.85,ICFLp95=15.13,LD=0,SF=1.00,DpuScale=1.00,LP=0,DVFS=0,Preempt=360,PoseAgeP95=0.00
1789437724.038	91	90	0		456	5.99	10.52	362	43.0	0.67	FPS=91/90,Prd=28ms,Tear=0,Early=0,Stale=0,Stale2/5/10/max=0/0/0/0,VSnc=1,Lat=-4,Fov=0,CPU4/GPU=2/2,2208/456MHz,OC=3F,TA=0/38/0,SP=N/N/N,Mem=2092MHz,Free=3673MB,PLS=0,Temp=43.0C/0.0C,TW=1.09ms,App=5.99ms,GD=0.00ms,CPU&GPU=10.52ms,LCnt=1(DR91,LM0),GPU%=0.67,CPU%=0.25(W0.30),CFL=12.33/15.91,ICFLp95=15.15,LD=0,SF=1.00,DpuScale=1.00,LP=0,DVFS=0,Preempt=362,PoseAgeP95=0.00
1789437725.038	91	90	0		456	6.07	10.83	363	43.0	0.68	FPS=91/90,Prd=28ms,Tear=1,Early=0,Stale=0,Stale2/5/10/max=0/0/0/0,VSnc=1,Lat=-4,Fov=0,CPU4/GPU=2/2,2208/456MHz,OC=3F,TA=0/38/0,SP=N/N/N,Mem=2092MHz,Free=3673MB,PLS=0,Temp=43.0C/0.0C,TW=1.01ms,App=6.07ms,GD=0.00ms,CPU&GPU=10.83ms,LCnt=1(DR91,LM0),GPU%=0.68,CPU%=0.23(W0.29),CFL=12.35/15.93,ICFLp95=15.28,LD=0,SF=1.00,DpuScale=1.00,LP=0,DVFS=0,Preempt=363,PoseAgeP95=0.00
1789437726.038	90	90	0		456	5.96	10.56	357	43.0	0.67	FPS=90/90,Prd=28ms,Tear=0,Early=0,Stale=0,Stale2/5/10/max=0/0/0/0,VSnc=1,Lat=-4,Fov=0,CPU4/GPU=2/2,2208/456MHz,OC=3F,TA=0/38/0,SP=N/N/N,Mem=2092MHz,Free=3673MB,PLS=0,Temp=43.0C/0.0C,TW=1.01ms,App=5.96ms,GD=0.00ms,CPU&GPU=10.56ms,LCnt=1(DR90,LM0),GPU%=0.67,CPU%=0.23(W0.40),CFL=12.46/15.81,ICFLp95=15.10,LD=0,SF=1.00,DpuScale=1.00,LP=0,DVFS=0,Preempt=357,PoseAgeP95=0.00
1789437727.038	90	90	0		456	5.95	10.53	358	43.0	0.67	FPS=90/90,Prd=28ms,Tear=0,Early=0,Stale=0,Stale2/5/10/max=0/0/0/0,VSnc=1,Lat=-4,Fov=0,CPU4/GPU=2/2,2208/456MHz,OC=3F,TA=0/38/0,SP=N/N/N,Mem=2092MHz,Free=3673MB,PLS=0,Temp=43.0C/0.0C,TW=1.02ms,App=5.95ms,GD=0.00ms,CPU&GPU=10.53ms,LCnt=1(DR90,LM0),GPU%=0.67,CPU%=0.21(W0.27),CFL=12.21/15.73,ICFLp95=14.99,LD=0,SF=1.00,DpuScale=1.00,LP=0,DVFS=0,Preempt=358,PoseAgeP95=0.00
1789437728.038	90	90	0		456	5.94	10.47	358	43.0	0.66	FPS=90/90,Prd=28ms,Tear=0,Early=0,Stale=0,Stale2/5/10/max=0/0/0/0,VSnc=1,Lat=-4,Fov=0,CPU4/GPU=2/2,2208/456MHz,OC=3F,TA=0/38/0,SP=N/N/N,Mem=2092MHz,Free=3673MB,PLS=0,Temp=43.0C/0.0C,TW=1.02ms,App=5.94ms,GD=0.00ms,CPU&GPU=10.47ms,LCnt=1(DR90,LM0),GPU%=0.66,CPU%=0.21(W0.26),CFL=12.14/15.84,ICFLp95=15.09,LD=0,SF=1.00,DpuScale=1.00,LP=0,DVFS=0,Preempt=358,PoseAgeP95=0.00
1789437729.038	91	90	0		456	5.97	10.43	362	43.0	0.66	FPS=91/90,Prd=28ms,Tear=0,Early=0,Stale=0,Stale2/5/10/max=0/0/0/0,VSnc=1,Lat=-4,Fov=0,CPU4/GPU=2/2,2208/456MHz,OC=3F,TA=0/38/0,SP=N/N/N,Mem=2092MHz,Free=3673MB,PLS=0,Temp=43.0C/0.0C,TW=1.02ms,App=5.97ms,GD=0.00ms,CPU&GPU=10.43ms,LCnt=1(DR91,LM0),GPU%=0.66,CPU%=0.22(W0.25),CFL=12.20/15.95,ICFLp95=15.10,LD=0,SF=1.00,DpuScale=1.00,LP=0,DVFS=0,Preempt=362,PoseAgeP95=0.00
1789437730.038	90	90	0		456	5.91	10.20	358	43.0	0.66	FPS=90/90,Prd=28ms,Tear=0,Early=0,Stale=0,Stale2/5/10/max=0/0/0/0,VSnc=1,Lat=-4,Fov=0,CPU4/GPU=2/2,2208/456MHz,OC=3F,TA=0/38/0,SP=N/N/N,Mem=2092MHz,Free=3673MB,PLS=0,Temp=43.0C/0.0C,TW=1.02ms,App=5.91ms,GD=0.00ms,CPU&GPU=10.20ms,LCnt=1(DR90,LM0),GPU%=0.66,CPU%=0.23(W0.30),CFL=12.18/15.79,ICFLp95=15.06,LD=0,SF=1.00,DpuScale=1.00,LP=0,DVFS=0,Preempt=358,PoseAgeP95=0.00
1789437731.038	91	90	0		456	5.94	10.51	358	43.0	0.66	FPS=91/90,Prd=28ms,Tear=0,Early=0,Stale=0,Stale2/5/10/max=0/0/0/0,VSnc=1,Lat=-4,Fov=0,CPU4/GPU=2/2,1920/456MHz,OC=3F,TA=0/38/0,SP=N/N/N,Mem=1708MHz,Free=3673MB,PLS=0,Temp=43.0C/0.0C,TW=1.02ms,App=5.94ms,GD=0.00ms,CPU&GPU=10.51ms,LCnt=1(DR90,LM0),GPU%=0.66,CPU%=0.22(W0.28),CFL=12.19/15.97,ICFLp95=15.04,LD=0,SF=1.00,DpuScale=1.00,LP=0,DVFS=0,Preempt=358,PoseAgeP95=0.00
1789437732.038	91	90	0		456	5.99	10.26	358	43.0	0.66	FPS=91/90,Prd=28ms,Tear=0,Early=0,Stale=0,Stale2/5/10/max=0/0/0/0,VSnc=1,Lat=-4,Fov=0,CPU4/GPU=2/2,1920/456MHz,OC=3F,TA=0/38/0,SP=N/N/N,Mem=1708MHz,Free=3673MB,PLS=0,Temp=43.0C/0.0C,TW=1.02ms,App=5.99ms,GD=0.00ms,CPU&GPU=10.26ms,LCnt=1(DR90,LM0),GPU%=0.66,CPU%=0.23(W0.41),CFL=12.15/15.95,ICFLp95=15.08,LD=0,SF=1.00,DpuScale=1.00,LP=0,DVFS=0,Preempt=358,PoseAgeP95=0.00
1789437733.038	91	90	0		456	5.94	10.45	358	43.0	0.66	FPS=91/90,Prd=28ms,Tear=0,Early=0,Stale=0,Stale2/5/10/max=0/0/0/0,VSnc=1,Lat=-4,Fov=0,CPU4/GPU=2/2,1920/456MHz,OC=3F,TA=0/38/0,SP=N/N/N,Mem=1708MHz,Free=3673MB,PLS=0,Temp=43.0C/0.0C,TW=1.02ms,App=5.94ms,GD=0.00ms,CPU&GPU=10.45ms,LCnt=1(DR90,LM0),GPU%=0.66,CPU%=0.22(W0.34),CFL=12.15/15.95,ICFLp95=15.08,LD=0,SF=1.00,DpuScale=1.00,LP=0,DVFS=0,Preempt=358,PoseAgeP95=0.00
1789437734.038	90	90	0		456	5.95	10.84	364	43.0	0.66	FPS=90/90,Prd=28ms,Tear=0,Early=0,Stale=0,Stale2/5/10/max=0/0/0/0,VSnc=1,Lat=-4,Fov=0,CPU4/GPU=2/2,1920/456MHz,OC=3F,TA=0/38/0,SP=N/N/N,Mem=1708MHz,Free=3673MB,PLS=0,Temp=43.0C/0.0C,TW=1.02ms,App=5.95ms,GD=0.00ms,CPU&GPU=10.84ms,LCnt=1(DR91,LM0),GPU%=0.66,CPU%=0.23(W0.29),CFL=12.09/15.88,ICFLp95=15.14,LD=0,SF=1.00,DpuScale=1.00,LP=0,DVFS=0,Preempt=364,PoseAgeP95=0.00
1789437735.038	91	90	0		456	5.94	10.20	358	43.0	0.66	FPS=91/90,Prd=28ms,Tear=0,Early=0,Stale=0,Stale2/5/10/max=0/0/0/0,VSnc=1,Lat=-4,Fov=0,CPU4/GPU=2/2,1920/456MHz,OC=3F,TA=0/38/0,SP=N/N/N,Mem=1708MHz,Free=3673MB,PLS=0,Temp=43.0C/0.0C,TW=1.02ms,App=5.94ms,GD=0.00ms,CPU&GPU=10.20ms,LCnt=1(DR90,LM0),GPU%=0.66,CPU%=0.22(W0.38),CFL=12.28/15.98,ICFLp95=15.07,LD=0,SF=1.00,DpuScale=1.00,LP=0,DVFS=0,Preempt=358,PoseAgeP95=0.00
1789437736.061	90	90	0		456	5.92	10.46	364	43.0	0.66	FPS=90/90,Prd=27ms,Tear=0,Early=0,Stale=0,Stale2/5/10/max=0/0/0/0,VSnc=1,Lat=-4,Fov=0,CPU4/GPU=2/2,1920/456MHz,OC=3F,TA=0/38/0,SP=N/N/N,Mem=1708MHz,Free=3675MB,PLS=0,Temp=43.0C/0.0C,TW=1.03ms,App=5.92ms,GD=0.00ms,CPU&GPU=10.46ms,LCnt=1(DR91,LM0),GPU%=0.66,CPU%=0.22(W0.31),CFL=12.16/15.77,ICFLp95=15.09,LD=0,SF=1.00,DpuScale=1.00,LP=0,DVFS=0,Preempt=364,PoseAgeP95=0.00
1789437737.039	91	90	0		456	5.92	10.27	360	43.0	0.66	FPS=91/90,Prd=28ms,Tear=0,Early=0,Stale=0,Stale2/5/10/max=0/0/0/0,VSnc=1,Lat=-4,Fov=0,CPU4/GPU=2/2,1920/456MHz,OC=3F,TA=0/38/0,SP=N/N/N,Mem=1708MHz,Free=3675MB,PLS=0,Temp=43.0C/0.0C,TW=1.02ms,App=5.92ms,GD=0.00ms,CPU&GPU=10.27ms,LCnt=1(DR90,LM0),GPU%=0.66,CPU%=0.22(W0.33),CFL=12.13/15.84,ICFLp95=15.02,LD=0,SF=1.00,DpuScale=1.00,LP=0,DVFS=0,Preempt=360,PoseAgeP95=0.00
1789437738.039	90	90	0		456	5.94	10.29	358	43.0	0.66	FPS=90/90,Prd=28ms,Tear=0,Early=0,Stale=0,Stale2/5/10/max=0/0/0/0,VSnc=1,Lat=-4,Fov=0,CPU4/GPU=2/2,1920/456MHz,OC=3F,TA=0/38/0,SP=N/N/N,Mem=1708MHz,Free=3675MB,PLS=0,Temp=43.0C/0.0C,TW=1.02ms,App=5.94ms,GD=0.00ms,CPU&GPU=10.29ms,LCnt=1(DR90,LM0),GPU%=0.66,CPU%=0.22(W0.23),CFL=12.19/15.68,ICFLp95=14.99,LD=0,SF=1.00,DpuScale=1.00,LP=0,DVFS=0,Preempt=358,PoseAgeP95=0.00
1789437739.039	91	90	0		456	5.96	10.23	360	43.0	0.66	FPS=91/90,Prd=28ms,Tear=0,Early=0,Stale=0,Stale2/5/10/max=0/0/0/0,VSnc=1,Lat=-4,Fov=0,CPU4/GPU=2/2,1920/456MHz,OC=3F,TA=0/38/0,SP=N/N/N,Mem=1708MHz,Free=3675MB,PLS=0,Temp=43.0C/0.0C,TW=1.02ms,App=5.96ms,GD=0.00ms,CPU&GPU=10.23ms,LCnt=1(DR90,LM0),GPU%=0.66,CPU%=0.22(W0.23),CFL=12.12/15.69,ICFLp95=14.94,LD=0,SF=1.00,DpuScale=1.00,LP=0,DVFS=0,Preempt=360,PoseAgeP95=0.00
1789437740.039	90	90	0		456	5.95	10.14	362	43.0	0.66	FPS=90/90,Prd=28ms,Tear=0,Early=0,Stale=0,Stale2/5/10/max=0/0/0/0,VSnc=1,Lat=-4,Fov=0,CPU4/GPU=2/2,1920/456MHz,OC=3F,TA=0/38/0,SP=N/N/N,Mem=1708MHz,Free=3675MB,PLS=0,Temp=43.0C/0.0C,TW=1.02ms,App=5.95ms,GD=0.00ms,CPU&GPU=10.14ms,LCnt=1(DR91,LM0),GPU%=0.66,CPU%=0.21(W0.26),CFL=12.09/15.97,ICFLp95=15.09,LD=0,SF=1.00,DpuScale=1.00,LP=0,DVFS=0,Preempt=362,PoseAgeP95=0.00
1789437741.039	90	90	0		456	5.91	10.45	358	43.0	0.66	FPS=90/90,Prd=28ms,Tear=0,Early=0,Stale=0,Stale2/5/10/max=0/0/0/0,VSnc=1,Lat=-4,Fov=0,CPU4/GPU=2/2,1382/456MHz,OC=3F,TA=0/38/0,SP=N/N/N,Mem=2736MHz,Free=3675MB,PLS=0,Temp=43.0C/0.0C,TW=1.02ms,App=5.91ms,GD=0.00ms,CPU&GPU=10.45ms,LCnt=1(DR90,LM0),GPU%=0.66,CPU%=0.22(W0.29),CFL=12.25/15.81,ICFLp95=15.08,LD=0,SF=1.00,DpuScale=1.00,LP=0,DVFS=0,Preempt=358,PoseAgeP95=0.00
1789437742.039	91	90	0		456	5.93	10.13	360	43.0	0.66	FPS=91/90,Prd=28ms,Tear=0,Early=0,Stale=0,Stale2/5/10/max=0/0/0/0,VSnc=1,Lat=-4,Fov=0,CPU4/GPU=2/2,1382/456MHz,OC=3F,TA=0/38/0,SP=N/N/N,Mem=2736MHz,Free=3675MB,PLS=0,Temp=43.0C/0.0C,TW=1.02ms,App=5.93ms,GD=0.00ms,CPU&GPU=10.13ms,LCnt=1(DR90,LM0),GPU%=0.66,CPU%=0.20(W0.36),CFL=12.12/15.74,ICFLp95=15.03,LD=0,SF=1.00,DpuScale=1.00,LP=0,DVFS=0,Preempt=360,PoseAgeP95=0.00
1789437743.039	91	90	0		456	5.95	10.17	358	43.0	0.66	FPS=91/90,Prd=28ms,Tear=0,Early=0,Stale=0,Stale2/5/10/max=0/0/0/0,VSnc=1,Lat=-4,Fov=0,CPU4/GPU=2/2,1382/456MHz,OC=3F,TA=0/38/0,SP=N/N/N,Mem=2736MHz,Free=3675MB,PLS=0,Temp=43.0C/0.0C,TW=1.01ms,App=5.95ms,GD=0.00ms,CPU&GPU=10.17ms,LCnt=1(DR90,LM0),GPU%=0.66,CPU%=0.21(W0.29),CFL=12.18/15.71,ICFLp95=15.00,LD=0,SF=1.00,DpuScale=1.00,LP=0,DVFS=0,Preempt=358,PoseAgeP95=0.00
1789437744.039	90	90	0		456	6.00	10.19	360	43.0	0.66	FPS=90/90,Prd=28ms,Tear=0,Early=0,Stale=0,Stale2/5/10/max=0/0/0/0,VSnc=1,Lat=-4,Fov=0,CPU4/GPU=2/2,1382/456MHz,OC=3F,TA=0/38/0,SP=N/N/N,Mem=2736MHz,Free=3675MB,PLS=0,Temp=43.0C/0.0C,TW=1.01ms,App=6.00ms,GD=0.00ms,CPU&GPU=10.19ms,LCnt=1(DR90,LM0),GPU%=0.66,CPU%=0.22(W0.27),CFL=12.16/15.82,ICFLp95=15.04,LD=0,SF=1.00,DpuScale=1.00,LP=0,DVFS=0,Preempt=360,PoseAgeP95=0.00
1789437745.039	91	90	0		456	6.00	10.83	358	43.0	0.67	FPS=91/90,Prd=28ms,Tear=0,Early=0,Stale=0,Stale2/5/10/max=0/0/0/0,VSnc=1,Lat=-4,Fov=0,CPU4/GPU=2/2,1382/456MHz,OC=3F,TA=0/38/0,SP=N/N/N,Mem=2736MHz,Free=3675MB,PLS=0,Temp=43.0C/0.0C,TW=1.08ms,App=6.00ms,GD=0.00ms,CPU&GPU=10.83ms,LCnt=1(DR90,LM0),GPU%=0.67,CPU%=0.21(W0.29),CFL=12.18/15.88,ICFLp95=15.09,LD=0,SF=1.00,DpuScale=1.00,LP=0,DVFS=0,Preempt=358,PoseAgeP95=0.00
1789437746.039	91	90	0		456	6.11	10.63	358	43.0	0.68	FPS=91/90,Prd=28ms,Tear=0,Early=0,Stale=0,Stale2/5/10/max=0/0/0/0,VSnc=1,Lat=-4,Fov=0,CPU4/GPU=2/2,1382/456MHz,OC=3F,TA=0/38/0,SP=N/N/N,Mem=2736MHz,Free=3675MB,PLS=0,Temp=43.0C/0.0C,TW=1.00ms,App=6.11ms,GD=0.00ms,CPU&GPU=10.63ms,LCnt=1(DR90,LM0),GPU%=0.68,CPU%=0.21(W0.23),CFL=12.14/15.85,ICFLp95=15.12,LD=0,SF=1.00,DpuScale=1.00,LP=0,DVFS=0,Preempt=358,PoseAgeP95=0.00
1789437747.039	90	90	0		456	5.96	10.55	364	43.0	0.68	FPS=90/90,Prd=28ms,Tear=1,Early=0,Stale=0,Stale2/5/10/max=0/0/0/0,VSnc=1,Lat=-4,Fov=0,CPU4/GPU=2/2,1382/456MHz,OC=3F,TA=0/38/0,SP=N/N/N,Mem=2736MHz,Free=3675MB,PLS=0,Temp=43.0C/0.0C,TW=1.01ms,App=5.96ms,GD=0.00ms,CPU&GPU=10.55ms,LCnt=1(DR91,LM0),GPU%=0.68,CPU%=0.23(W0.32),CFL=12.20/16.23,ICFLp95=15.31,LD=0,SF=1.00,DpuScale=1.00,LP=0,DVFS=0,Preempt=364,PoseAgeP95=0.00
1789437748.040	90	90	0		456	5.96	10.34	358	43.0	0.67	FPS=90/90,Prd=28ms,Tear=0,Early=0,Stale=0,Stale2/5/10/max=0/0/0/0,VSnc=1,Lat=-4,Fov=0,CPU4/GPU=2/2,1382/456MHz,OC=3F,TA=0/38/0,SP=N/N/N,Mem=2736MHz,Free=3675MB,PLS=0,Temp=43.0C/0.0C,TW=1.02ms,App=5.96ms,GD=0.00ms,CPU&GPU=10.34ms,LCnt=1(DR90,LM0),GPU%=0.67,CPU%=0.23(W0.25),CFL=12.49/15.88,ICFLp95=15.17,LD=0,SF=1.00,DpuScale=1.00,LP=0,DVFS=0,Preempt=358,PoseAgeP95=0.00
1789437749.040	91	90	0		456	5.97	10.15	358	43.0	0.66	FPS=91/90,Prd=28ms,Tear=0,Early=0,Stale=0,Stale2/5/10/max=0/0/0/0,VSnc=1,Lat=-4,Fov=0,CPU4/GPU=2/2,1382/456MHz,OC=3F,TA=0/38/0,SP=N/N/N,Mem=2736MHz,Free=3675MB,PLS=0,Temp=43.0C/0.0C,TW=1.02ms,App=5.97ms,GD=0.00ms,CPU&GPU=10.15ms,LCnt=1(DR90,LM0),GPU%=0.66,CPU%=0.23(W0.28),CFL=12.24/15.72,ICFLp95=15.00,LD=0,SF=1.00,DpuScale=1.00,LP=0,DVFS=0,Preempt=358,PoseAgeP95=0.00
1789437750.040	90	90	0		456	5.95	10.33	364	43.0	0.66	FPS=90/90,Prd=28ms,Tear=0,Early=0,Stale=0,Stale2/5/10/max=0/0/0/0,VSnc=1,Lat=-4,Fov=0,CPU4/GPU=2/2,1382/456MHz,OC=3F,TA=0/38/0,SP=N/N/N,Mem=2736MHz,Free=3675MB,PLS=0,Temp=43.0C/0.0C,TW=1.02ms,App=5.95ms,GD=0.00ms,CPU&GPU=10.33ms,LCnt=1(DR91,LM0),GPU%=0.66,CPU%=0.22(W0.29),CFL=12.20/15.78,ICFLp95=15.06,LD=0,SF=1.00,DpuScale=1.00,LP=0,DVFS=0,Preempt=364,PoseAgeP95=0.00
1789437751.040	90	90	0		456	5.92	10.60	358	43.0	0.66	FPS=90/90,Prd=28ms,Tear=0,Early=0,Stale=0,Stale2/5/10/max=0/0/0/0,VSnc=1,Lat=-4,Fov=0,CPU4/GPU=2/2,1382/456MHz,OC=3F,TA=0/38/0,SP=N/N/N,Mem=2092MHz,Free=3675MB,PLS=0,Temp=43.0C/0.0C,TW=1.01ms,App=5.92ms,GD=0.00ms,CPU&GPU=10.60ms,LCnt=1(DR90,LM0),GPU%=0.66,CPU%=0.22(W0.28),CFL=12.26/15.84,ICFLp95=15.01,LD=0,SF=1.00,DpuScale=1.00,LP=0,DVFS=0,Preempt=358,PoseAgeP95=0.00
1789437752.040	90	90	0		456	5.90	10.39	360	43.0	0.66	FPS=90/90,Prd=28ms,Tear=0,Early=0,Stale=0,Stale2/5/10/max=0/0/0/0,VSnc=1,Lat=-4,Fov=0,CPU4/GPU=2/2,1382/456MHz,OC=3F,TA=0/38/0,SP=N/N/N,Mem=2092MHz,Free=3675MB,PLS=0,Temp=43.0C/0.0C,TW=1.03ms,App=5.90ms,GD=0.00ms,CPU&GPU=10.39ms,LCnt=1(DR90,LM0),GPU%=0.66,CPU%=0.23(W0.28),CFL=12.23/15.77,ICFLp95=15.02,LD=0,SF=1.00,DpuScale=1.00,LP=0,DVFS=0,Preempt=360,PoseAgeP95=0.00
1789437753.040	91	90	0		456	5.99	10.66	360	43.0	0.66	FPS=91/90,Prd=28ms,Tear=0,Early=0,Stale=0,Stale2/5/10/max=0/0/0/0,VSnc=1,Lat=-4,Fov=0,CPU4/GPU=2/2,1382/456MHz,OC=3F,TA=0/38/0,SP=N/N/N,Mem=2092MHz,Free=3675MB,PLS=0,Temp=43.0C/0.0C,TW=1.01ms,App=5.99ms,GD=0.00ms,CPU&GPU=10.66ms,LCnt=1(DR90,LM0),GPU%=0.66,CPU%=0.20(W0.28),CFL=12.20/15.81,ICFLp95=15.04,LD=0,SF=1.00,DpuScale=1.00,LP=0,DVFS=0,Preempt=360,PoseAgeP95=0.00
1789437754.040	90	90	0		456	5.97	10.60	362	43.0	0.66	FPS=90/90,Prd=28ms,Tear=0,Early=0,Stale=0,Stale2/5/10/max=0/0/0/0,VSnc=1,Lat=-4,Fov=0,CPU4/GPU=2/2,1382/456MHz,OC=3F,TA=0/38/0,SP=N/N/N,Mem=2092MHz,Free=3675MB,PLS=0,Temp=43.0C/0.0C,TW=1.03ms,App=5.97ms,GD=0.00ms,CPU&GPU=10.60ms,LCnt=1(DR91,LM0),GPU%=0.66,CPU%=0.20(W0.28),CFL=12.18/15.97,ICFLp95=15.05,LD=0,SF=1.00,DpuScale=1.00,LP=0,DVFS=0,Preempt=362,PoseAgeP95=0.00
1789437755.040	91	90	0		456	5.98	10.17	360	43.0	0.66	FPS=91/90,Prd=28ms,Tear=0,Early=0,Stale=0,Stale2/5/10/max=0/0/0/0,VSnc=1,Lat=-4,Fov=0,CPU4/GPU=2/2,1382/456MHz,OC=3F,TA=0/38/0,SP=N/N/N,Mem=2092MHz,Free=3675MB,PLS=0,Temp=43.0C/0.0C,TW=1.02ms,App=5.98ms,GD=0.00ms,CPU&GPU=10.17ms,LCnt=1(DR90,LM0),GPU%=0.66,CPU%=0.22(W0.31),CFL=12.24/15.99,ICFLp95=15.15,LD=0,SF=1.00,DpuScale=1.00,LP=0,DVFS=0,Preempt=360,PoseAgeP95=0.00
1789437756.060	91	90	0		456	5.94	10.19	360	43.0	0.66	FPS=91/90,Prd=28ms,Tear=0,Early=0,Stale=0,Stale2/5/10/max=0/0/0/0,VSnc=1,Lat=-4,Fov=0,CPU4/GPU=2/2,1382/456MHz,OC=3F,TA=0/38/0,SP=N/N/N,Mem=2092MHz,Free=3672MB,PLS=0,Temp=43.0C/0.0C,TW=1.03ms,App=5.94ms,GD=0.00ms,CPU&GPU=10.19ms,LCnt=1(DR90,LM0),GPU%=0.66,CPU%=0.21(W0.28),CFL=12.20/15.83,ICFLp95=15.05,LD=0,SF=1.00,DpuScale=1.00,LP=0,DVFS=0,Preempt=360,PoseAgeP95=0.00
1789437757.040	91	90	0		456	5.95	10.26	360	43.0	0.66	FPS=91/90,Prd=28ms,Tear=0,Early=0,Stale=0,Stale2/5/10/max=0/0/0/0,VSnc=1,Lat=-4,Fov=0,CPU4/GPU=2/2,1382/456MHz,OC=3F,TA=0/38/0,SP=N/N/N,Mem=2092MHz,Free=3672MB,PLS=0,Temp=43.0C/0.0C,TW=1.02ms,App=5.95ms,GD=0.00ms,CPU&GPU=10.26ms,LCnt=1(DR90,LM0),GPU%=0.66,CPU%=0.21(W0.29),CFL=12.13/15.80,ICFLp95=14.99,LD=0,SF=1.00,DpuScale=1.00,LP=0,DVFS=0,Preempt=360,PoseAgeP95=0.00
1789437758.040	91	90	0		456	5.94	10.21	360	43.0	0.66	FPS=91/90,Prd=28ms,Tear=0,Early=0,Stale=0,Stale2/5/10/max=0/0/0/0,VSnc=1,Lat=-4,Fov=0,CPU4/GPU=2/2,1382/456MHz,OC=3F,TA=0/38/0,SP=N/N/N,Mem=2092MHz,Free=3672MB,PLS=0,Temp=43.0C/0.0C,TW=1.03ms,App=5.94ms,GD=0.00ms,CPU&GPU=10.21ms,LCnt=1(DR90,LM0),GPU%=0.66,CPU%=0.22(W0.28),CFL=12.15/15.72,ICFLp95=15.02,LD=0,SF=1.00,DpuScale=1.00,LP=0,DVFS=0,Preempt=360,PoseAgeP95=0.00
1789437759.040	90	90	0		456	5.99	10.28	358	43.0	0.66	FPS=90/90,Prd=28ms,Tear=0,Early=0,Stale=0,Stale2/5/10/max=0/0/0/0,VSnc=1,Lat=-4,Fov=0,CPU4/GPU=2/2,1382/456MHz,OC=3F,TA=0/38/0,SP=N/N/N,Mem=2092MHz,Free=3672MB,PLS=0,Temp=43.0C/0.0C,TW=1.03ms,App=5.99ms,GD=0.00ms,CPU&GPU=10.28ms,LCnt=1(DR90,LM0),GPU%=0.66,CPU%=0.20(W0.22),CFL=12.20/15.87,ICFLp95=15.10,LD=0,SF=1.00,DpuScale=1.00,LP=0,DVFS=0,Preempt=358,PoseAgeP95=0.00
1789437760.040	90	90	0		456	5.98	10.45	358	43.0	0.67	FPS=90/90,Prd=28ms,Tear=0,Early=0,Stale=0,Stale2/5/10/max=0/0/0/0,VSnc=1,Lat=-4,Fov=0,CPU4/GPU=2/2,1382/456MHz,OC=3F,TA=0/38/0,SP=N/N/N,Mem=2092MHz,Free=3672MB,PLS=0,Temp=43.0C/0.0C,TW=1.02ms,App=5.98ms,GD=0.00ms,CPU&GPU=10.45ms,LCnt=1(DR90,LM0),GPU%=0.67,CPU%=0.22(W0.27),CFL=12.23/15.71,ICFLp95=15.01,LD=0,SF=1.00,DpuScale=1.00,LP=0,DVFS=0,Preempt=358,PoseAgeP95=0.00
1789437761.041	91	90	0		456	5.90	10.43	362	43.0	0.66	FPS=91/90,Prd=28ms,Tear=0,Early=0,Stale=0,Stale2/5/10/max=0/0/0/0,VSnc=1,Lat=-4,Fov=0,CPU4/GPU=2/2,1382/456MHz,OC=3F,TA=0/38/0,SP=N/N/N,Mem=2736MHz,Free=3672MB,PLS=0,Temp=43.0C/0.0C,TW=1.02ms,App=5.90ms,GD=0.00ms,CPU&GPU=10.43ms,LCnt=1(DR91,LM0),GPU%=0.66,CPU%=0.24(W0.32),CFL=12.28/15.94,ICFLp95=15.01,LD=0,SF=1.00,DpuScale=1.00,LP=0,DVFS=0,Preempt=362,PoseAgeP95=0.00
1789437762.041	91	90	0		456	5.96	10.43	358	43.0	0.66	FPS=91/90,Prd=28ms,Tear=0,Early=0,Stale=0,Stale2/5/10/max=0/0/0/0,VSnc=1,Lat=-4,Fov=0,CPU4/GPU=2/2,1382/456MHz,OC=3F,TA=0/38/0,SP=N/N/N,Mem=2736MHz,Free=3672MB,PLS=0,Temp=43.0C/0.0C,TW=1.02ms,App=5.96ms,GD=0.00ms,CPU&GPU=10.43ms,LCnt=1(DR90,LM0),GPU%=0.66,CPU%=0.22(W0.30),CFL=12.26/15.96,ICFLp95=15.10,LD=0,SF=1.00,DpuScale=1.00,LP=0,DVFS=0,Preempt=358,PoseAgeP95=0.00
1789437763.041	91	90	0		456	5.95	10.13	360	43.0	0.67	FPS=91/90,Prd=28ms,Tear=0,Early=0,Stale=0,Stale2/5/10/max=0/0/0/0,VSnc=1,Lat=-4,Fov=0,CPU4/GPU=2/2,1382/456MHz,OC=3F,TA=0/38/0,SP=N/N/N,Mem=2736MHz,Free=3672MB,PLS=0,Temp=43.0C/0.0C,TW=1.03ms,App=5.95ms,GD=0.00ms,CPU&GPU=10.13ms,LCnt=1(DR90,LM0),GPU%=0.67,CPU%=0.23(W0.36),CFL=12.26/15.84,ICFLp95=15.10,LD=0,SF=1.00,DpuScale=1.00,LP=0,DVFS=0,Preempt=360,PoseAgeP95=0.00
1789437764.041	91	90	0		456	5.98	10.68	364	43.0	0.67	FPS=91/90,Prd=28ms,Tear=1,Early=0,Stale=0,Stale2/5/10/max=0/0/0/0,VSnc=1,Lat=-4,Fov=0,CPU4/GPU=2/2,1382/456MHz,OC=3F,TA=0/38/0,SP=N/N/N,Mem=2736MHz,Free=3672MB,PLS=0,Temp=43.0C/0.0C,TW=1.02ms,App=5.98ms,GD=0.00ms,CPU&GPU=10.68ms,LCnt=1(DR91,LM0),GPU%=0.67,CPU%=0.21(W0.31),CFL=12.24/15.89,ICFLp95=15.14,LD=0,SF=1.00,DpuScale=1.00,LP=0,DVFS=0,Preempt=364,PoseAgeP95=0.00
1789437765.041	90	90	0		456	5.97	10.25	360	43.0	0.67	FPS=90/90,Prd=28ms,Tear=0,Early=0,Stale=0,Stale2/5/10/max=0/0/0/0,VSnc=1,Lat=-4,Fov=0,CPU4/GPU=2/2,1382/456MHz,OC=3F,TA=0/38/0,SP=N/N/N,Mem=2736MHz,Free=3672MB,PLS=0,Temp=43.0C/0.0C,TW=1.03ms,App=5.97ms,GD=0.00ms,CPU&GPU=10.25ms,LCnt=1(DR90,LM0),GPU%=0.67,CPU%=0.21(W0.29),CFL=12.30/15.87,ICFLp95=15.10,LD=0,SF=1.00,DpuScale=1.00,LP=0,DVFS=0,Preempt=360,PoseAgeP95=0.00
1789437766.041	91	90	0		456	6.10	10.17	360	43.0	0.67	FPS=91/90,Prd=28ms,Tear=0,Early=0,Stale=0,Stale2/5/10/max=0/0/0/0,VSnc=1,Lat=-4,Fov=0,CPU4/GPU=2/2,1382/456MHz,OC=3F,TA=0/38/0,SP=N/N/N,Mem=2736MHz,Free=3672MB,PLS=0,Temp=43.0C/0.0C,TW=1.09ms,App=6.10ms,GD=0.00ms,CPU&GPU=10.17ms,LCnt=1(DR90,LM0),GPU%=0.67,CPU%=0.21(W0.24),CFL=12.31/15.93,ICFLp95=15.10,LD=0,SF=1.00,DpuScale=1.00,LP=0,DVFS=0,Preempt=360,PoseAgeP95=0.00
1789437767.041	91	90	0		456	6.14	11.28	360	43.0	0.68	FPS=91/90,Prd=28ms,Tear=1,Early=0,Stale=0,Stale2/5/10/max=0/0/0/0,VSnc=1,Lat=-4,Fov=0,CPU4/GPU=2/2,1382/456MHz,OC=3F,TA=0/38/0,SP=N/N/N,Mem=2736MHz,Free=3672MB,PLS=0,Temp=43.0C/0.0C,TW=1.04ms,App=6.14ms,GD=0.00ms,CPU&GPU=11.28ms,LCnt=1(DR90,LM0),GPU%=0.68,CPU%=0.24(W0.29),CFL=12.24/15.72,ICFLp95=15.01,LD=0,SF=1.00,DpuScale=1.00,LP=0,DVFS=0,Preempt=360,PoseAgeP95=0.00
1789437768.041	91	90	0		456	6.09	10.83	364	43.0	0.69	FPS=91/90,Prd=28ms,Tear=1,Early=0,Stale=0,Stale2/5/10/max=0/0/0/0,VSnc=1,Lat=-4,Fov=0,CPU4/GPU=2/2,1382/456MHz,OC=3F,TA=0/38/0,SP=N/N/N,Mem=2736MHz,Free=3672MB,PLS=0,Temp=43.0C/0.0C,TW=1.02ms,App=6.09ms,GD=0.00ms,CPU&GPU=10.83ms,LCnt=1(DR91,LM0),GPU%=0.69,CPU%=0.24(W0.37),CFL=12.39/15.92,ICFLp95=15.19,LD=0,SF=1.00,DpuScale=1.00,LP=0,DVFS=0,Preempt=364,PoseAgeP95=0.00
1789437769.041	90	90	0		456	5.89	10.42	358	43.0	0.67	FPS=90/90,Prd=28ms,Tear=0,Early=0,Stale=0,Stale2/5/10/max=0/0/0/0,VSnc=1,Lat=-4,Fov=0,CPU4/GPU=2/2,1382/456MHz,OC=3F,TA=0/38/0,SP=N/N/N,Mem=2736MHz,Free=3672MB,PLS=0,Temp=43.0C/0.0C,TW=1.02ms,App=5.89ms,GD=0.00ms,CPU&GPU=10.42ms,LCnt=1(DR90,LM0),GPU%=0.67,CPU%=0.21(W0.37),CFL=12.54/15.79,ICFLp95=15.17,LD=0,SF=1.00,DpuScale=1.00,LP=0,DVFS=0,Preempt=358,PoseAgeP95=0.00
1789437770.041	90	90	0		456	5.95	10.08	360	43.0	0.67	FPS=90/90,Prd=28ms,Tear=0,Early=0,Stale=0,Stale2/5/10/max=0/0/0/0,VSnc=1,Lat=-4,Fov=0,CPU4/GPU=2/2,1382/456MHz,OC=3F,TA=0/38/0,SP=N/N/N,Mem=2736MHz,Free=3672MB,PLS=0,Temp=43.0C/0.0C,TW=1.02ms,App=5.95ms,GD=0.00ms,CPU&GPU=10.08ms,LCnt=1(DR90,LM0),GPU%=0.67,CPU%=0.22(W0.25),CFL=12.37/15.81,ICFLp95=15.08,LD=0,SF=1.00,DpuScale=1.00,LP=0,DVFS=0,Preempt=360,PoseAgeP95=0.00
1789437771.041	91	90	0		456	5.96	10.85	360	43.0	0.66	FPS=91/90,Prd=28ms,Tear=0,Early=0,Stale=0,Stale2/5/10/max=0/0/0/0,VSnc=1,Lat=-4,Fov=0,CPU4/GPU=2/2,1382/456MHz,OC=3F,TA=0/38/0,SP=N/N/N,Mem=2736MHz,Free=3672MB,PLS=0,Temp=43.0C/0.0C,TW=1.02ms,App=5.96ms,GD=0.00ms,CPU&GPU=10.85ms,LCnt=1(DR90,LM0),GPU%=0.66,CPU%=0.22(W0.26),CFL=12.26/15.78,ICFLp95=15.06,LD=0,SF=1.00,DpuScale=1.00,LP=0,DVFS=0,Preempt=360,PoseAgeP95=0.00
1789437772.041	91	90	0		456	5.95	10.31	358	43.0	0.66	FPS=91/90,Prd=28ms,Tear=0,Early=0,Stale=0,Stale2/5/10/max=0/0/0/0,VSnc=1,Lat=-4,Fov=0,CPU4/GPU=2/2,1382/456MHz,OC=3F,TA=0/38/0,SP=N/N/N,Mem=2736MHz,Free=3672MB,PLS=0,Temp=43.0C/0.0C,TW=1.02ms,App=5.95ms,GD=0.00ms,CPU&GPU=10.31ms,LCnt=1(DR90,LM0),GPU%=0.66,CPU%=0.21(W0.26),CFL=12.27/15.93,ICFLp95=15.11,LD=0,SF=1.00,DpuScale=1.00,LP=0,DVFS=0,Preempt=358,PoseAgeP95=0.00
1789437773.041	90	90	0		456	5.92	10.58	360	43.0	0.66	FPS=90/90,Prd=28ms,Tear=0,Early=0,Stale=0,Stale2/5/10/max=0/0/0/0,VSnc=1,Lat=-4,Fov=0,CPU4/GPU=2/2,1382/456MHz,OC=3F,TA=0/38/0,SP=N/N/N,Mem=2736MHz,Free=3672MB,PLS=0,Temp=43.0C/0.0C,TW=1.02ms,App=5.92ms,GD=0.00ms,CPU&GPU=10.58ms,LCnt=1(DR90,LM0),GPU%=0.66,CPU%=0.23(W0.27),CFL=12.19/15.81,ICFLp95=15.08,LD=0,SF=1.00,DpuScale=1.00,LP=0,DVFS=0,Preempt=360,PoseAgeP95=0.00
1789437774.041	90	90	0		456	5.97	10.46	358	43.0	0.67	FPS=90/90,Prd=28ms,Tear=0,Early=0,Stale=0,Stale2/5/10/max=0/0/0/0,VSnc=1,Lat=-4,Fov=0,CPU4/GPU=2/2,1382/456MHz,OC=3F,TA=0/38/0,SP=N/N/N,Mem=2736MHz,Free=3672MB,PLS=0,Temp=43.0C/0.0C,TW=1.01ms,App=5.97ms,GD=0.00ms,CPU&GPU=10.46ms,LCnt=1(DR90,LM0),GPU%=0.67,CPU%=0.22(W0.32),CFL=12.22/15.82,ICFLp95=14.99,LD=0,SF=1.00,DpuScale=1.00,LP=0,DVFS=0,Preempt=358,PoseAgeP95=0.00
1789437775.042	91	90	0		456	5.98	10.73	360	43.0	0.67	FPS=91/90,Prd=28ms,Tear=0,Early=0,Stale=0,Stale2/5/10/max=0/0/0/0,VSnc=1,Lat=-4,Fov=0,CPU4/GPU=2/2,1382/456MHz,OC=3F,TA=0/38/0,SP=N/N/N,Mem=2736MHz,Free=3672MB,PLS=0,Temp=43.0C/0.0C,TW=1.02ms,App=5.98ms,GD=0.00ms,CPU&GPU=10.73ms,LCnt=1(DR90,LM0),GPU%=0.67,CPU%=0.21(W0.36),CFL=12.22/15.75,ICFLp95=15.04,LD=0,SF=1.00,DpuScale=1.00,LP=0,DVFS=0,Preempt=360,PoseAgeP95=0.00
1789437776.065	90	90	0		456	5.94	10.56	358	43.0	0.66	FPS=90/90,Prd=28ms,Tear=0,Early=0,Stale=0,Stale2/5/10/max=0/0/0/0,VSnc=1,Lat=-4,Fov=0,CPU4/GPU=2/2,1382/456MHz,OC=3F,TA=0/38/0,SP=N/N/N,Mem=2736MHz,Free=3670MB,PLS=0,Temp=43.0C/0.0C,TW=1.02ms,App=5.94ms,GD=0.00ms,CPU&GPU=10.56ms,LCnt=1(DR90,LM0),GPU%=0.66,CPU%=0.23(W0.27),CFL=12.28/15.76,ICFLp95=15.01,LD=0,SF=1.00,DpuScale=1.00,LP=0,DVFS=0,Preempt=358,PoseAgeP95=0.00
1789437777.042	91	90	0		456	5.95	10.23	358	43.0	0.66	FPS=91/90,Prd=28ms,Tear=0,Early=0,Stale=0,Stale2/5/10/max=0/0/0/0,VSnc=1,Lat=-4,Fov=0,CPU4/GPU=2/2,1382/456MHz,OC=3F,TA=0/38/0,SP=N/N/N,Mem=2736MHz,Free=3670MB,PLS=0,Temp=43.0C/0.0C,TW=1.02ms,App=5.95ms,GD=0.00ms,CPU&GPU=10.23ms,LCnt=1(DR90,LM0),GPU%=0.66,CPU%=0.22(W0.32),CFL=12.21/15.92,ICFLp95=15.10,LD=0,SF=1.00,DpuScale=1.00,LP=0,DVFS=0,Preempt=358,PoseAgeP95=0.00
1789437778.042	91	90	0		456	5.99	10.77	360	43.0	0.66	FPS=91/90,Prd=28ms,Tear=0,Early=0,Stale=0,Stale2/5/10/max=0/0/0/0,VSnc=1,Lat=-4,Fov=0,CPU4/GPU=2/2,1382/456MHz,OC=3F,TA=0/38/0,SP=N/N/N,Mem=2736MHz,Free=3670MB,PLS=0,Temp=43.0C/0.0C,TW=1.02ms,App=5.99ms,GD=0.00ms,CPU&GPU=10.77ms,LCnt=1(DR90,LM0),GPU%=0.66,CPU%=0.23(W0.30),CFL=12.13/15.79,ICFLp95=15.07,LD=0,SF=1.00,DpuScale=1.00,LP=0,DVFS=0,Preempt=360,PoseAgeP95=0.00
1789437779.042	90	90	0		456	5.90	10.54	358	43.0	0.66	FPS=90/90,Prd=28ms,Tear=0,Early=0,Stale=0,Stale2/5/10/max=0/0/0/0,VSnc=1,Lat=-4,Fov=0,CPU4/GPU=2/2,1382/456MHz,OC=3F,TA=0/38/0,SP=N/N/N,Mem=2736MHz,Free=3670MB,PLS=0,Temp=43.0C/0.0C,TW=1.02ms,App=5.90ms,GD=0.00ms,CPU&GPU=10.54ms,LCnt=1(DR90,LM0),GPU%=0.66,CPU%=0.21(W0.35),CFL=12.19/15.75,ICFLp95=15.00,LD=0,SF=1.00,DpuScale=1.00,LP=0,DVFS=0,Preempt=358,PoseAgeP95=0.00
1789437780.042	91	90	0		456	5.94	10.30	358	43.0	0.66	FPS=91/90,Prd=28ms,Tear=0,Early=0,Stale=0,Stale2/5/10/max=0/0/0/0,VSnc=1,Lat=-4,Fov=0,CPU4/GPU=2/2,1382/456MHz,OC=3F,TA=0/38/0,SP=N/N/N,Mem=2736MHz,Free=3670MB,PLS=0,Temp=43.0C/0.0C,TW=1.02ms,App=5.94ms,GD=0.00ms,CPU&GPU=10.30ms,LCnt=1(DR90,LM0),GPU%=0.66,CPU%=0.22(W0.34),CFL=12.17/16.09,ICFLp95=15.02,LD=0,SF=1.00,DpuScale=1.00,LP=0,DVFS=0,Preempt=358,PoseAgeP95=0.00
1789437781.042	90	90	0		456	5.94	10.64	360	43.0	0.66	FPS=90/90,Prd=28ms,Tear=0,Early=0,Stale=0,Stale2/5/10/max=0/0/0/0,VSnc=1,Lat=-4,Fov=0,CPU4/GPU=2/2,1920/456MHz,OC=3F,TA=0/38/0,SP=N/N/N,Mem=2092MHz,Free=3670MB,PLS=0,Temp=43.0C/0.0C,TW=1.02ms,App=5.94ms,GD=0.00ms,CPU&GPU=10.64ms,LCnt=1(DR90,LM0),GPU%=0.66,CPU%=0.21(W0.28),CFL=12.17/15.83,ICFLp95=15.06,LD=0,SF=1.00,DpuScale=1.00,LP=0,DVFS=0,Preempt=360,PoseAgeP95=0.00
1789437782.042	91	90	0		456	5.94	10.07	360	43.0	0.66	FPS=91/90,Prd=28ms,Tear=0,Early=0,Stale=0,Stale2/5/10/max=0/0/0/0,VSnc=1,Lat=-4,Fov=0,CPU4/GPU=2/2,1920/456MHz,OC=3F,TA=0/38/0,SP=N/N/N,Mem=2092MHz,Free=3670MB,PLS=0,Temp=43.0C/0.0C,TW=1.01ms,App=5.94ms,GD=0.00ms,CPU&GPU=10.07ms,LCnt=1(DR91,LM0),GPU%=0.66,CPU%=0.26(W0.36),CFL=12.18/15.81,ICFLp95=15.09,LD=0,SF=1.00,DpuScale=1.00,LP=0,DVFS=0,Preempt=360,PoseAgeP95=0.00
1789437783.042	91	90	0		456	6.01	10.82	360	43.0	0.66	FPS=91/90,Prd=28ms,Tear=0,Early=0,Stale=0,Stale2/5/10/max=0/0/0/0,VSnc=1,Lat=-4,Fov=0,CPU4/GPU=2/2,1920/456MHz,OC=3F,TA=0/38/0,SP=N/N/N,Mem=2092MHz,Free=3670MB,PLS=0,Temp=43.0C/0.0C,TW=1.01ms,App=6.01ms,GD=0.00ms,CPU&GPU=10.82ms,LCnt=1(DR90,LM0),GPU%=0.66,CPU%=0.21(W0.25),CFL=12.25/16.13,ICFLp95=15.14,LD=0,SF=1.00,DpuScale=1.00,LP=0,DVFS=0,Preempt=360,PoseAgeP95=0.00
1789437784.042	91	90	0		456	5.92	10.33	362	43.0	0.66	FPS=91/90,Prd=28ms,Tear=0,Early=0,Stale=0,Stale2/5/10/max=0/0/0/0,VSnc=1,Lat=-4,Fov=0,CPU4/GPU=2/2,1920/456MHz,OC=3F,TA=0/38/0,SP=N/N/N,Mem=2092MHz,Free=3670MB,PLS=0,Temp=43.0C/0.0C,TW=1.01ms,App=5.92ms,GD=0.00ms,CPU&GPU=10.33ms,LCnt=1(DR91,LM0),GPU%=0.66,CPU%=0.22(W0.36),CFL=12.08/15.97,ICFLp95=15.21,LD=0,SF=1.00,DpuScale=1.00,LP=0,DVFS=0,Preempt=362,PoseAgeP95=0.00
1789437785.042	90	90	0		456	5.92	10.64	358	43.0	0.66	FPS=90/90,Prd=28ms,Tear=0,Early=0,Stale=0,Stale2/5/10/max=0/0/0/0,VSnc=1,Lat=-4,Fov=0,CPU4/GPU=2/2,1920/456MHz,OC=3F,TA=0/38/0,SP=N/N/N,Mem=2092MHz,Free=3670MB,PLS=0,Temp=43.0C/0.0C,TW=1.01ms,App=5.92ms,GD=0.00ms,CPU&GPU=10.64ms,LCnt=1(DR90,LM0),GPU%=0.66,CPU%=0.21(W0.29),CFL=12.23/16.25,ICFLp95=15.23,LD=0,SF=1.00,DpuScale=1.00,LP=0,DVFS=0,Preempt=358,PoseAgeP95=0.00
1789437786.042	90	90	0		456	5.97	10.33	360	43.0	0.66	FPS=90/90,Prd=28ms,Tear=0,Early=0,Stale=0,Stale2/5/10/max=0/0/0/0,VSnc=1,Lat=-4,Fov=0,CPU4/GPU=2/2,1920/456MHz,OC=3F,TA=0/38/0,SP=N/N/N,Mem=2092MHz,Free=3670MB,PLS=0,Temp=43.0C/0.0C,TW=1.02ms,App=5.97ms,GD=0.00ms,CPU&GPU=10.33ms,LCnt=1(DR90,LM0),GPU%=0.66,CPU%=0.21(W0.33),CFL=12.15/15.90,ICFLp95=15.11,LD=0,SF=1.00,DpuScale=1.00,LP=0,DVFS=0,Preempt=360,PoseAgeP95=0.00
1789437787.043	91	90	0		456	6.00	10.25	360	43.0	0.66	FPS=91/90,Prd=28ms,Tear=0,Early=0,Stale=0,Stale2/5/10/max=0/0/0/0,VSnc=1,Lat=-4,Fov=0,CPU4/GPU=2/2,1920/456MHz,OC=3F,TA=0/38/0,SP=N/N/N,Mem=2092MHz,Free=3670MB,PLS=0,Temp=43.0C/0.0C,TW=1.03ms,App=6.00ms,GD=0.00ms,CPU&GPU=10.25ms,LCnt=1(DR90,LM0),GPU%=0.66,CPU%=0.21(W0.26),CFL=12.17/16.10,ICFLp95=15.11,LD=0,SF=1.00,DpuScale=1.00,LP=0,DVFS=0,Preempt=360,PoseAgeP95=0.00
1789437788.043	91	90	0		456	6.02	10.73	364	43.0	0.67	FPS=91/90,Prd=28ms,Tear=0,Early=0,Stale=0,Stale2/5/10/max=0/0/0/0,VSnc=1,Lat=-4,Fov=0,CPU4/GPU=2/2,1920/456MHz,OC=3F,TA=0/38/0,SP=N/N/N,Mem=2092MHz,Free=3670MB,PLS=0,Temp=43.0C/0.0C,TW=1.09ms,App=6.02ms,GD=0.00ms,CPU&GPU=10.73ms,LCnt=1(DR91,LM0),GPU%=0.67,CPU%=0.23(W0.27),CFL=12.13/15.90,ICFLp95=15.14,LD=0,SF=1.00,DpuScale=1.00,LP=0,DVFS=0,Preempt=364,PoseAgeP95=0.00
1789437789.043	91	90	0		456	5.92	10.45	356	43.0	0.66	FPS=91/90,Prd=28ms,Tear=0,Early=0,Stale=0,Stale2/5/10/max=0/0/0/0,VSnc=1,Lat=-4,Fov=0,CPU4/GPU=2/2,1920/456MHz,OC=3F,TA=0/38/0,SP=N/N/N,Mem=2092MHz,Free=3670MB,PLS=0,Temp=43.0C/0.0C,TW=1.02ms,App=5.92ms,GD=0.00ms,CPU&GPU=10.45ms,LCnt=1(DR90,LM0),GPU%=0.66,CPU%=0.23(W0.29),CFL=12.34/15.99,ICFLp95=15.08,LD=0,SF=1.00,DpuScale=1.00,LP=0,DVFS=0,Preempt=356,PoseAgeP95=0.00
1789437790.043	90	90	0		456	5.93	10.14	358	43.0	0.66	FPS=90/90,Prd=28ms,Tear=0,Early=0,Stale=0,Stale2/5/10/max=0/0/0/0,VSnc=1,Lat=-4,Fov=0,CPU4/GPU=2/2,1920/456MHz,OC=3F,TA=0/38/0,SP=N/N/N,Mem=2092MHz,Free=3670MB,PLS=0,Temp=43.0C/0.0C,TW=1.01ms,App=5.93ms,GD=0.00ms,CPU&GPU=10.14ms,LCnt=1(DR90,LM0),GPU%=0.66,CPU%=0.22(W0.36),CFL=12.30/16.00,ICFLp95=15.30,LD=0,SF=1.00,DpuScale=1.00,LP=0,DVFS=0,Preempt=358,PoseAgeP95=0.00
1789437791.043	91	90	0		456	5.93	10.23	358	43.0	0.66	FPS=91/90,Prd=28ms,Tear=0,Early=0,Stale=0,Stale2/5/10/max=0/0/0/0,VSnc=1,Lat=-4,Fov=0,CPU4/GPU=2/2,1382/456MHz,OC=3F,TA=0/38/0,SP=N/N/N,Mem=2092MHz,Free=3670MB,PLS=0,Temp=43.0C/0.0C,TW=1.01ms,App=5.93ms,GD=0.00ms,CPU&GPU=10.23ms,LCnt=1(DR90,LM0),GPU%=0.66,CPU%=0.22(W0.38),CFL=12.23/16.03,ICFLp95=15.23,LD=0,SF=1.00,DpuScale=1.00,LP=0,DVFS=0,Preempt=358,PoseAgeP95=0.00
1789437792.043	90	90	0		456	5.95	10.20	364	43.0	0.66	FPS=90/90,Prd=28ms,Tear=0,Early=0,Stale=0,Stale2/5/10/max=0/0/0/0,VSnc=1,Lat=-4,Fov=0,CPU4/GPU=2/2,1382/456MHz,OC=3F,TA=0/38/0,SP=N/N/N,Mem=2092MHz,Free=3670MB,PLS=0,Temp=43.0C/0.0C,TW=1.03ms,App=5.95ms,GD=0.00ms,CPU&GPU=10.20ms,LCnt=1(DR91,LM0),GPU%=0.66,CPU%=0.23(W0.28),CFL=12.19/16.26,ICFLp95=15.25,LD=0,SF=1.00,DpuScale=1.00,LP=0,DVFS=0,Preempt=364,PoseAgeP95=0.00
1789437793.043	90	90	0		456	5.93	10.05	358	43.0	0.66	FPS=90/90,Prd=28ms,Tear=0,Early=0,Stale=0,Stale2/5/10/max=0/0/0/0,VSnc=1,Lat=-4,Fov=0,CPU4/GPU=2/2,1382/456MHz,OC=3F,TA=0/38/0,SP=N/N/N,Mem=2092MHz,Free=3670MB,PLS=0,Temp=43.0C/0.0C,TW=1.02ms,App=5.93ms,GD=0.00ms,CPU&GPU=10.05ms,LCnt=1(DR90,LM0),GPU%=0.66,CPU%=0.22(W0.25),CFL=12.12/16.40,ICFLp95=15.29,LD=0,SF=1.00,DpuScale=1.00,LP=0,DVFS=0,Preempt=358,PoseAgeP95=0.00
1789437794.043	90	90	0		456	5.95	10.09	358	43.0	0.66	FPS=90/90,Prd=28ms,Tear=0,Early=0,Stale=0,Stale2/5/10/max=0/0/0/0,VSnc=1,Lat=-4,Fov=0,CPU4/GPU=2/2,1382/456MHz,OC=3F,TA=0/38/0,SP=N/N/N,Mem=2092MHz,Free=3670MB,PLS=0,Temp=43.0C/0.0C,TW=1.01ms,App=5.95ms,GD=0.00ms,CPU&GPU=10.09ms,LCnt=1(DR90,LM0),GPU%=0.66,CPU%=0.22(W0.27),CFL=12.22/16.06,ICFLp95=15.25,LD=0,SF=1.00,DpuScale=1.00,LP=0,DVFS=0,Preempt=358,PoseAgeP95=0.00
1789437795.043	91	90	0		456	5.91	10.26	358	43.0	0.66	FPS=91/90,Prd=28ms,Tear=0,Early=0,Stale=0,Stale2/5/10/max=0/0/0/0,VSnc=1,Lat=-4,Fov=0,CPU4/GPU=2/2,1382/456MHz,OC=3F,TA=0/38/0,SP=N/N/N,Mem=2092MHz,Free=3670MB,PLS=0,Temp=43.0C/0.0C,TW=1.02ms,App=5.91ms,GD=0.00ms,CPU&GPU=10.26ms,LCnt=1(DR90,LM0),GPU%=0.66,CPU%=0.24(W0.26),CFL=12.23/15.90,ICFLp95=15.17,LD=0,SF=1.00,DpuScale=1.00,LP=0,DVFS=0,Preempt=358,PoseAgeP95=0.00
1789437796.067	90	90	0		456	5.94	10.03	360	43.0	0.66	FPS=90/90,Prd=28ms,Tear=0,Early=0,Stale=0,Stale2/5/10/max=0/0/0/0,VSnc=1,Lat=-4,Fov=0,CPU4/GPU=2/2,1382/456MHz,OC=3F,TA=0/38/0,SP=N/N/N,Mem=2092MHz,Free=3672MB,PLS=0,Temp=43.0C/0.0C,TW=1.02ms,App=5.94ms,GD=0.00ms,CPU&GPU=10.03ms,LCnt=1(DR90,LM0),GPU%=0.66,CPU%=0.21(W0.24),CFL=12.25/16.04,ICFLp95=15.20,LD=0,SF=1.00,DpuScale=1.00,LP=0,DVFS=0,Preempt=360,PoseAgeP95=0.00
1789437797.043	91	90	0		456	5.95	10.27	364	43.0	0.66	FPS=91/90,Prd=28ms,Tear=0,Early=0,Stale=0,Stale2/5/10/max=0/0/0/0,VSnc=1,Lat=-4,Fov=0,CPU4/GPU=2/2,1382/456MHz,OC=3F,TA=0/38/0,SP=N/N/N,Mem=2092MHz,Free=3672MB,PLS=0,Temp=43.0C/0.0C,TW=1.02ms,App=5.95ms,GD=0.00ms,CPU&GPU=10.27ms,LCnt=1(DR91,LM0),GPU%=0.66,CPU%=0.20(W0.23),CFL=12.17/16.19,ICFLp95=15.17,LD=0,SF=1.00,DpuScale=1.00,LP=0,DVFS=0,Preempt=364,PoseAgeP95=0.00
1789437798.043	90	90	0		456	5.98	10.26	358	43.0	0.66	FPS=90/90,Prd=28ms,Tear=0,Early=0,Stale=0,Stale2/5/10/max=0/0/0/0,VSnc=1,Lat=-4,Fov=0,CPU4/GPU=2/2,1382/456MHz,OC=3F,TA=0/38/0,SP=N/N/N,Mem=2092MHz,Free=3672MB,PLS=0,Temp=43.0C/0.0C,TW=1.02ms,App=5.98ms,GD=0.00ms,CPU&GPU=10.26ms,LCnt=1(DR90,LM0),GPU%=0.66,CPU%=0.22(W0.23),CFL=12.19/15.94,ICFLp95=15.13,LD=0,SF=1.00,DpuScale=1.00,LP=0,DVFS=0,Preempt=358,PoseAgeP95=0.00
1789437799.043	91	90	0		456	5.98	10.17	360	43.0	0.66	FPS=91/90,Prd=28ms,Tear=0,Early=0,Stale=0,Stale2/5/10/max=0/0/0/0,VSnc=1,Lat=-4,Fov=0,CPU4/GPU=2/2,1382/456MHz,OC=3F,TA=0/38/0,SP=N/N/N,Mem=2092MHz,Free=3672MB,PLS=0,Temp=43.0C/0.0C,TW=1.03ms,App=5.98ms,GD=0.00ms,CPU&GPU=10.17ms,LCnt=1(DR90,LM0),GPU%=0.66,CPU%=0.21(W0.26),CFL=11.89/15.82,ICFLp95=15.05,LD=0,SF=1.00,DpuScale=1.00,LP=0,DVFS=0,Preempt=360,PoseAgeP95=0.00
1789437800.044	91	90	0		456	5.97	10.81	358	43.0	0.66	FPS=91/90,Prd=28ms,Tear=0,Early=0,Stale=0,Stale2/5/10/max=0/0/0/0,VSnc=1,Lat=-4,Fov=0,CPU4/GPU=2/2,1382/456MHz,OC=3F,TA=0/38/0,SP=N/N/N,Mem=2092MHz,Free=3672MB,PLS=0,Temp=43.0C/0.0C,TW=1.02ms,App=5.97ms,GD=0.00ms,CPU&GPU=10.81ms,LCnt=1(DR90,LM0),GPU%=0.66,CPU%=0.21(W0.27),CFL=12.21/15.92,ICFLp95=15.14,LD=0,SF=1.00,DpuScale=1.00,LP=0,DVFS=0,Preempt=358,PoseAgeP95=0.00
1789437801.044	90	90	0		456	5.92	10.33	358	43.0	0.66	FPS=90/90,Prd=28ms,Tear=0,Early=0,Stale=0,Stale2/5/10/max=0/0/0/0,VSnc=1,Lat=-4,Fov=0,CPU4/GPU=2/2,1382/456MHz,OC=3F,TA=0/38/0,SP=N/N/N,Mem=2736MHz,Free=3672MB,PLS=0,Temp=43.0C/0.0C,TW=1.02ms,App=5.92ms,GD=0.00ms,CPU&GPU=10.33ms,LCnt=1(DR90,LM0),GPU%=0.66,CPU%=0.22(W0.37),CFL=12.27/15.79,ICFLp95=15.09,LD=0,SF=1.00,DpuScale=1.00,LP=0,DVFS=0,Preempt=358,PoseAgeP95=0.00
1789437802.044	91	90	0		456	5.95	10.17	362	43.0	0.66	FPS=91/90,Prd=28ms,Tear=0,Early=0,Stale=0,Stale2/5/10/max=0/0/0/0,VSnc=1,Lat=-4,Fov=0,CPU4/GPU=2/2,1382/456MHz,OC=3F,TA=0/38/0,SP=N/N/N,Mem=2736MHz,Free=3672MB,PLS=0,Temp=43.0C/0.0C,TW=1.02ms,App=5.95ms,GD=0.00ms,CPU&GPU=10.17ms,LCnt=1(DR91,LM0),GPU%=0.66,CPU%=0.22(W0.36),CFL=11.97/15.90,ICFLp95=15.16,LD=0,SF=1.00,DpuScale=1.00,LP=0,DVFS=0,Preempt=362,PoseAgeP95=0.00
1789437803.044	90	90	0		456	5.97	10.15	358	43.0	0.66	FPS=90/90,Prd=28ms,Tear=0,Early=0,Stale=0,Stale2/5/10/max=0/0/0/0,VSnc=1,Lat=-4,Fov=0,CPU4/GPU=2/2,1382/456MHz,OC=3F,TA=0/38/0,SP=N/N/N,Mem=2736MHz,Free=3672MB,PLS=0,Temp=43.0C/0.0C,TW=1.02ms,App=5.97ms,GD=0.00ms,CPU&GPU=10.15ms,LCnt=1(DR90,LM0),GPU%=0.66,CPU%=0.22(W0.29),CFL=12.16/16.04,ICFLp95=15.14,LD=0,SF=1.00,DpuScale=1.00,LP=0,DVFS=0,Preempt=358,PoseAgeP95=0.00
1789437804.044	91	90	0		456	5.98	10.11	358	43.0	0.67	FPS=91/90,Prd=28ms,Tear=0,Early=0,Stale=0,Stale2/5/10/max=0/0/0/0,VSnc=1,Lat=-4,Fov=0,CPU4/GPU=2/2,1382/456MHz,OC=3F,TA=0/38/0,SP=N/N/N,Mem=2736MHz,Free=3672MB,PLS=0,Temp=43.0C/0.0C,TW=1.02ms,App=5.98ms,GD=0.00ms,CPU&GPU=10.11ms,LCnt=1(DR90,LM0),GPU%=0.67,CPU%=0.21(W0.24),CFL=12.22/15.84,ICFLp95=15.10,LD=0,SF=1.00,DpuScale=1.00,LP=0,DVFS=0,Preempt=358,PoseAgeP95=0.00
1789437805.044	90	90	0		456	5.91	10.60	360	43.0	0.66	FPS=90/90,Prd=28ms,Tear=0,Early=0,Stale=0,Stale2/5/10/max=0/0/0/0,VSnc=1,Lat=-4,Fov=0,CPU4/GPU=2/2,1382/456MHz,OC=3F,TA=0/38/0,SP=N/N/N,Mem=2736MHz,Free=3672MB,PLS=0,Temp=43.0C/0.0C,TW=1.02ms,App=5.91ms,GD=0.00ms,CPU&GPU=10.60ms,LCnt=1(DR90,LM0),GPU%=0.66,CPU%=0.22(W0.28),CFL=12.06/15.80,ICFLp95=15.04,LD=0,SF=1.00,DpuScale=1.00,LP=0,DVFS=0,Preempt=360,PoseAgeP95=0.00
1789437806.044	91	90	0		456	5.96	10.42	362	43.0	0.66	FPS=91/90,Prd=28ms,Tear=0,Early=0,Stale=0,Stale2/5/10/max=0/0/0/0,VSnc=1,Lat=-4,Fov=0,CPU4/GPU=2/2,1382/456MHz,OC=3F,TA=0/38/0,SP=N/N/N,Mem=2736MHz,Free=3672MB,PLS=0,Temp=43.0C/0.0C,TW=1.02ms,App=5.96ms,GD=0.00ms,CPU&GPU=10.42ms,LCnt=1(DR91,LM0),GPU%=0.66,CPU%=0.22(W0.32),CFL=12.15/15.87,ICFLp95=15.13,LD=0,SF=1.00,DpuScale=1.00,LP=0,DVFS=0,Preempt=362,PoseAgeP95=0.00
1789437807.044	90	90	0		456	5.96	10.93	358	43.0	0.66	FPS=90/90,Prd=28ms,Tear=0,Early=0,Stale=0,Stale2/5/10/max=0/0/0/0,VSnc=1,Lat=-4,Fov=0,CPU4/GPU=2/2,1382/456MHz,OC=3F,TA=0/38/0,SP=N/N/N,Mem=2736MHz,Free=3672MB,PLS=0,Temp=43.0C/0.0C,TW=1.02ms,App=5.96ms,GD=0.00ms,CPU&GPU=10.93ms,LCnt=1(DR90,LM0),GPU%=0.66,CPU%=0.23(W0.31),CFL=12.30/16.14,ICFLp95=15.30,LD=0,SF=1.00,DpuScale=1.00,LP=0,DVFS=0,Preempt=358,PoseAgeP95=0.00
1789437808.044	91	90	0		456	5.95	10.33	358	43.0	0.66	FPS=91/90,Prd=28ms,Tear=0,Early=0,Stale=0,Stale2/5/10/max=0/0/0/0,VSnc=1,Lat=-4,Fov=0,CPU4/GPU=2/2,1382/456MHz,OC=3F,TA=0/38/0,SP=N/N/N,Mem=2736MHz,Free=3672MB,PLS=0,Temp=43.0C/0.0C,TW=1.02ms,App=5.95ms,GD=0.00ms,CPU&GPU=10.33ms,LCnt=1(DR90,LM0),GPU%=0.66,CPU%=0.23(W0.33),CFL=12.27/15.89,ICFLp95=15.12,LD=0,SF=1.00,DpuScale=1.00,LP=0,DVFS=0,Preempt=358,PoseAgeP95=0.00
1789437809.044	91	90	0		456	5.95	10.73	358	43.0	0.67	FPS=91/90,Prd=28ms,Tear=0,Early=0,Stale=0,Stale2/5/10/max=0/0/0/0,VSnc=1,Lat=-4,Fov=0,CPU4/GPU=2/2,1382/456MHz,OC=3F,TA=0/38/0,SP=N/N/N,Mem=2736MHz,Free=3672MB,PLS=0,Temp=43.0C/0.0C,TW=1.08ms,App=5.95ms,GD=0.00ms,CPU&GPU=10.73ms,LCnt=1(DR90,LM0),GPU%=0.67,CPU%=0.22(W0.28),CFL=12.24/15.86,ICFLp95=15.06,LD=0,SF=1.00,DpuScale=1.00,LP=0,DVFS=0,Preempt=358,PoseAgeP95=0.00
1789437810.044	90	90	0		456	6.24	11.60	358	43.0	0.68	FPS=90/90,Prd=28ms,Tear=0,Early=0,Stale=0,Stale2/5/10/max=0/0/0/0,VSnc=1,Lat=-4,Fov=0,CPU4/GPU=2/2,1382/456MHz,OC=3F,TA=0/38/0,SP=N/N/N,Mem=2736MHz,Free=3672MB,PLS=0,Temp=43.0C/0.0C,TW=1.01ms,App=6.24ms,GD=0.00ms,CPU&GPU=11.60ms,LCnt=1(DR90,LM0),GPU%=0.68,CPU%=0.26(W0.38),CFL=12.34/16.18,ICFLp95=15.28,LD=0,SF=1.00,DpuScale=1.00,LP=0,DVFS=0,Preempt=358,PoseAgeP95=0.00
1789437811.044	91	90	0		456	5.96	10.48	362	43.0	0.67	FPS=91/90,Prd=28ms,Tear=1,Early=0,Stale=0,Stale2/5/10/max=0/0/0/0,VSnc=1,Lat=-4,Fov=0,CPU4/GPU=2/2,1920/456MHz,OC=3F,TA=0/38/0,SP=N/N/N,Mem=1555MHz,Free=3672MB,PLS=0,Temp=43.0C/0.0C,TW=1.02ms,App=5.96ms,GD=0.00ms,CPU&GPU=10.48ms,LCnt=1(DR91,LM0),GPU%=0.67,CPU%=0.25(W0.37),CFL=12.44/15.88,ICFLp95=15.24,LD=0,SF=1.00,DpuScale=1.00,LP=0,DVFS=0,Preempt=362,PoseAgeP95=0.00
1789437812.044	91	90	0		456	5.97	10.07	360	43.0	0.67	FPS=91/90,Prd=28ms,Tear=0,Early=0,Stale=0,Stale2/5/10/max=0/0/0/0,VSnc=1,Lat=-4,Fov=0,CPU4/GPU=2/2,1920/456MHz,OC=3F,TA=0/38/0,SP=N/N/N,Mem=1555MHz,Free=3672MB,PLS=0,Temp=43.0C/0.0C,TW=1.02ms,App=5.97ms,GD=0.00ms,CPU&GPU=10.07ms,LCnt=1(DR90,LM0),GPU%=0.67,CPU%=0.24(W0.35),CFL=12.28/15.80,ICFLp95=15.05,LD=0,SF=1.00,DpuScale=1.00,LP=0,DVFS=0,Preempt=360,PoseAgeP95=0.00
1789437813.045	90	90	0		456	5.93	10.44	360	43.0	0.66	FPS=90/90,Prd=28ms,Tear=0,Early=0,Stale=0,Stale2/5/10/max=0/0/0/0,VSnc=1,Lat=-4,Fov=0,CPU4/GPU=2/2,1920/456MHz,OC=3F,TA=0/38/0,SP=N/N/N,Mem=1555MHz,Free=3672MB,PLS=0,Temp=43.0C/0.0C,TW=1.02ms,App=5.93ms,GD=0.00ms,CPU&GPU=10.44ms,LCnt=1(DR90,LM0),GPU%=0.66,CPU%=0.24(W0.33),CFL=12.20/15.77,ICFLp95=15.06,LD=0,SF=1.00,DpuScale=1.00,LP=0,DVFS=0,Preempt=360,PoseAgeP95=0.00
1789437814.045	91	90	0		456	5.98	10.36	358	43.0	0.66	FPS=91/90,Prd=28ms,Tear=0,Early=0,Stale=0,Stale2/5/10/max=0/0/0/0,VSnc=1,Lat=-4,Fov=0,CPU4/GPU=2/2,1920/456MHz,OC=3F,TA=0/38/0,SP=N/N/N,Mem=1555MHz,Free=3672MB,PLS=0,Temp=43.0C/0.0C,TW=1.01ms,App=5.98ms,GD=0.00ms,CPU&GPU=10.36ms,LCnt=1(DR90,LM0),GPU%=0.66,CPU%=0.24(W0.26),CFL=12.08/15.96,ICFLp95=15.06,LD=0,SF=1.00,DpuScale=1.00,LP=0,DVFS=0,Preempt=358,PoseAgeP95=0.00
1789437815.045	90	90	0		456	5.93	10.55	360	43.0	0.66	FPS=90/90,Prd=28ms,Tear=0,Early=0,Stale=0,Stale2/5/10/max=0/0/0/0,VSnc=1,Lat=-4,Fov=0,CPU4/GPU=2/2,1920/456MHz,OC=3F,TA=0/38/0,SP=N/N/N,Mem=1555MHz,Free=3672MB,PLS=0,Temp=43.0C/0.0C,TW=1.02ms,App=5.93ms,GD=0.00ms,CPU&GPU=10.55ms,LCnt=1(DR90,LM0),GPU%=0.66,CPU%=0.24(W0.29),CFL=12.18/15.84,ICFLp95=15.13,LD=0,SF=1.00,DpuScale=1.00,LP=0,DVFS=0,Preempt=360,PoseAgeP95=0.00
1789437816.069	90	90	0		456	5.95	10.23	358	43.0	0.66	FPS=90/90,Prd=28ms,Tear=0,Early=0,Stale=0,Stale2/5/10/max=0/0/0/0,VSnc=1,Lat=-4,Fov=0,CPU4/GPU=2/2,1920/456MHz,OC=3F,TA=0/38/0,SP=N/N/N,Mem=1555MHz,Free=3675MB,PLS=0,Temp=43.0C/0.0C,TW=1.02ms,App=5.95ms,GD=0.00ms,CPU&GPU=10.23ms,LCnt=1(DR90,LM0),GPU%=0.66,CPU%=0.23(W0.28),CFL=12.20/15.86,ICFLp95=15.04,LD=0,SF=1.00,DpuScale=1.00,LP=0,DVFS=0,Preempt=358,PoseAgeP95=0.00
1789437817.045	91	90	0		456	5.93	10.35	362	43.0	0.66	FPS=91/90,Prd=28ms,Tear=0,Early=0,Stale=0,Stale2/5/10/max=0/0/0/0,VSnc=1,Lat=-4,Fov=0,CPU4/GPU=2/2,1920/456MHz,OC=3F,TA=0/38/0,SP=N/N/N,Mem=1555MHz,Free=3675MB,PLS=0,Temp=43.0C/0.0C,TW=1.02ms,App=5.93ms,GD=0.00ms,CPU&GPU=10.35ms,LCnt=1(DR91,LM0),GPU%=0.66,CPU%=0.24(W0.36),CFL=12.11/15.73,ICFLp95=15.02,LD=0,SF=1.00,DpuScale=1.00,LP=0,DVFS=0,Preempt=362,PoseAgeP95=0.00
1789437818.045	90	90	0		456	5.97	10.20	360	43.0	0.66	FPS=90/90,Prd=28ms,Tear=0,Early=0,Stale=0,Stale2/5/10/max=0/0/0/0,VSnc=1,Lat=-4,Fov=0,CPU4/GPU=2/2,1920/456MHz,OC=3F,TA=0/38/0,SP=N/N/N,Mem=1555MHz,Free=3675MB,PLS=0,Temp=43.0C/0.0C,TW=1.01ms,App=5.97ms,GD=0.00ms,CPU&GPU=10.20ms,LCnt=1(DR90,LM0),GPU%=0.66,CPU%=0.26(W0.41),CFL=12.17/15.96,ICFLp95=15.14,LD=0,SF=1.00,DpuScale=1.00,LP=0,DVFS=0,Preempt=360,PoseAgeP95=0.00
1789437819.045	91	90	0		456	5.95	10.19	358	43.0	0.66	FPS=91/90,Prd=28ms,Tear=0,Early=0,Stale=0,Stale2/5/10/max=0/0/0/0,VSnc=1,Lat=-4,Fov=0,CPU4/GPU=2/2,1920/456MHz,OC=3F,TA=0/38/0,SP=N/N/N,Mem=1555MHz,Free=3675MB,PLS=0,Temp=43.0C/0.0C,TW=1.01ms,App=5.95ms,GD=0.00ms,CPU&GPU=10.19ms,LCnt=1(DR90,LM0),GPU%=0.66,CPU%=0.24(W0.31),CFL=12.10/15.84,ICFLp95=15.05,LD=0,SF=1.00,DpuScale=1.00,LP=0,DVFS=0,Preempt=358,PoseAgeP95=0.00
1789437820.045	90	90	0		456	5.97	10.76	358	43.0	0.66	FPS=90/90,Prd=28ms,Tear=0,Early=0,Stale=0,Stale2/5/10/max=0/0/0/0,VSnc=1,Lat=-4,Fov=0,CPU4/GPU=2/2,1920/456MHz,OC=3F,TA=0/38/0,SP=N/N/N,Mem=1555MHz,Free=3675MB,PLS=0,Temp=43.0C/0.0C,TW=1.01ms,App=5.97ms,GD=0.00ms,CPU&GPU=10.76ms,LCnt=1(DR90,LM0),GPU%=0.66,CPU%=0.24(W0.29),CFL=12.14/15.81,ICFLp95=15.09,LD=0,SF=1.00,DpuScale=1.00,LP=0,DVFS=0,Preempt=358,PoseAgeP95=0.00
1789437821.045	91	90	0		456	6.03	10.36	362	43.0	0.66	FPS=91/90,Prd=28ms,Tear=0,Early=0,Stale=0,Stale2/5/10/max=0/0/0/0,VSnc=1,Lat=-4,Fov=0,CPU4/GPU=2/2,1382/456MHz,OC=3F,TA=0/38/0,SP=N/N/N,Mem=2092MHz,Free=3675MB,PLS=0,Temp=43.0C/0.0C,TW=1.02ms,App=6.03ms,GD=0.00ms,CPU&GPU=10.36ms,LCnt=1(DR91,LM0),GPU%=0.66,CPU%=0.24(W0.29),CFL=12.21/15.95,ICFLp95=15.10,LD=0,SF=1.00,DpuScale=1.00,LP=0,DVFS=0,Preempt=362,PoseAgeP95=0.00
1789437822.045	90	90	0		456	5.94	10.70	364	43.0	0.66	FPS=90/90,Prd=28ms,Tear=0,Early=0,Stale=0,Stale2/5/10/max=0/0/0/0,VSnc=1,Lat=-4,Fov=0,CPU4/GPU=2/2,1382/456MHz,OC=3F,TA=0/38/0,SP=N/N/N,Mem=2092MHz,Free=3675MB,PLS=0,Temp=43.0C/0.0C,TW=1.02ms,App=5.94ms,GD=0.00ms,CPU&GPU=10.70ms,LCnt=1(DR91,LM0),GPU%=0.66,CPU%=0.24(W0.27),CFL=12.17/15.79,ICFLp95=14.98,LD=0,SF=1.00,DpuScale=1.00,LP=0,DVFS=0,Preempt=364,PoseAgeP95=0.00
1789437823.045	91	90	0		456	6.00	10.42	358	43.0	0.66	FPS=91/90,Prd=28ms,Tear=0,Early=0,Stale=0,Stale2/5/10/max=0/0/0/0,VSnc=1,Lat=-4,Fov=0,CPU4/GPU=2/2,1382/456MHz,OC=3F,TA=0/38/0,SP=N/N/N,Mem=2092MHz,Free=3675MB,PLS=0,Temp=43.0C/0.0C,TW=1.01ms,App=6.00ms,GD=0.00ms,CPU&GPU=10.42ms,LCnt=1(DR90,LM0),GPU%=0.66,CPU%=0.22(W0.27),CFL=12.14/15.85,ICFLp95=15.06,LD=0,SF=1.00,DpuScale=1.00,LP=0,DVFS=0,Preempt=358,PoseAgeP95=0.00
1789437824.045	91	90	0		456	5.98	10.57	360	43.0	0.66	FPS=91/90,Prd=28ms,Tear=0,Early=0,Stale=0,Stale2/5/10/max=0/0/0/0,VSnc=1,Lat=-4,Fov=0,CPU4/GPU=2/2,1382/456MHz,OC=3F,TA=0/38/0,SP=N/N/N,Mem=2092MHz,Free=3675MB,PLS=0,Temp=43.0C/0.0C,TW=1.01ms,App=5.98ms,GD=0.00ms,CPU&GPU=10.57ms,LCnt=1(DR90,LM0),GPU%=0.66,CPU%=0.25(W0.36),CFL=12.16/15.81,ICFLp95=15.01,LD=0,SF=1.00,DpuScale=1.00,LP=0,DVFS=0,Preempt=360,PoseAgeP95=0.00
1789437825.046	91	90	0		456	5.95	10.47	362	43.0	0.66	FPS=91/90,Prd=28ms,Tear=1,Early=0,Stale=0,Stale2/5/10/max=0/0/0/0,VSnc=1,Lat=-4,Fov=0,CPU4/GPU=2/2,1382/456MHz,OC=3F,TA=0/38/0,SP=N/N/N,Mem=2092MHz,Free=3675MB,PLS=0,Temp=43.0C/0.0C,TW=1.01ms,App=5.95ms,GD=0.00ms,CPU&GPU=10.47ms,LCnt=1(DR91,LM0),GPU%=0.66,CPU%=0.23(W0.30),CFL=12.12/15.82,ICFLp95=15.04,LD=0,SF=1.00,DpuScale=1.00,LP=0,DVFS=0,Preempt=362,PoseAgeP95=0.00
1789437826.046	90	90	0		456	6.02	10.33	358	43.0	0.67	FPS=90/90,Prd=28ms,Tear=0,Early=0,Stale=0,Stale2/5/10/max=0/0/0/0,VSnc=1,Lat=-4,Fov=0,CPU4/GPU=2/2,1382/456MHz,OC=3F,TA=0/38/0,SP=N/N/N,Mem=2092MHz,Free=3675MB,PLS=0,Temp=43.0C/0.0C,TW=1.02ms,App=6.02ms,GD=0.00ms,CPU&GPU=10.33ms,LCnt=1(DR90,LM0),GPU%=0.67,CPU%=0.22(W0.26),CFL=12.23/15.79,ICFLp95=15.02,LD=0,SF=1.00,DpuScale=1.00,LP=0,DVFS=0,Preempt=358,PoseAgeP95=0.00
1789437827.046	90	90	0		456	6.01	10.34	360	43.0	0.67	FPS=90/90,Prd=28ms,Tear=0,Early=0,Stale=0,Stale2/5/10/max=0/0/0/0,VSnc=1,Lat=-4,Fov=0,CPU4/GPU=2/2,1382/456MHz,OC=3F,TA=0/38/0,SP=N/N/N,Mem=2092MHz,Free=3675MB,PLS=0,Temp=43.0C/0.0C,TW=1.03ms,App=6.01ms,GD=0.00ms,CPU&GPU=10.34ms,LCnt=1(DR90,LM0),GPU%=0.67,CPU%=0.21(W0.22),CFL=12.15/15.67,ICFLp95=14.97,LD=0,SF=1.00,DpuScale=1.00,LP=0,DVFS=0,Preempt=360,PoseAgeP95=0.00
1789437828.046	91	90	0		456	5.91	10.72	360	43.0	0.67	FPS=91/90,Prd=28ms,Tear=0,Early=0,Stale=0,Stale2/5/10/max=0/0/0/0,VSnc=1,Lat=-4,Fov=0,CPU4/GPU=2/2,1382/456MHz,OC=3F,TA=0/38/0,SP=N/N/N,Mem=2092MHz,Free=3675MB,PLS=0,Temp=43.0C/0.0C,TW=1.02ms,App=5.91ms,GD=0.00ms,CPU&GPU=10.72ms,LCnt=1(DR90,LM0),GPU%=0.67,CPU%=0.19(W0.34),CFL=12.06/15.82,ICFLp95=15.04,LD=0,SF=1.00,DpuScale=1.00,LP=0,DVFS=0,Preempt=360,PoseAgeP95=0.00
1789437829.046	90	90	0		456	5.92	10.22	362	43.0	0.67	FPS=90/90,Prd=28ms,Tear=0,Early=0,Stale=0,Stale2/5/10/max=0/0/0/0,VSnc=1,Lat=-4,Fov=0,CPU4/GPU=2/2,1382/456MHz,OC=3F,TA=0/38/0,SP=N/N/N,Mem=2092MHz,Free=3675MB,PLS=0,Temp=43.0C/0.0C,TW=1.01ms,App=5.92ms,GD=0.00ms,CPU&GPU=10.22ms,LCnt=1(DR91,LM0),GPU%=0.67,CPU%=0.24(W0.32),CFL=12.13/15.96,ICFLp95=15.07,LD=0,SF=1.00,DpuScale=1.00,LP=0,DVFS=0,Preempt=362,PoseAgeP95=0.00
1789437830.046	91	90	0		456	6.07	10.61	356	43.0	0.67	FPS=91/90,Prd=28ms,Tear=0,Early=0,Stale=0,Stale2/5/10/max=0/0/0/0,VSnc=1,Lat=-4,Fov=0,CPU4/GPU=2/2,1382/456MHz,OC=3F,TA=0/38/0,SP=N/N/N,Mem=2092MHz,Free=3675MB,PLS=0,Temp=43.0C/0.0C,TW=1.09ms,App=6.07ms,GD=0.00ms,CPU&GPU=10.61ms,LCnt=1(DR90,LM0),GPU%=0.67,CPU%=0.22(W0.31),CFL=12.28/15.75,ICFLp95=14.99,LD=0,SF=1.00,DpuScale=1.00,LP=0,DVFS=0,Preempt=356,PoseAgeP95=0.00
1789437831.046	90	90	0		456	6.06	10.66	364	43.0	0.67	FPS=90/90,Prd=28ms,Tear=0,Early=0,Stale=0,Stale2/5/10/max=0/0/0/0,VSnc=1,Lat=-4,Fov=0,CPU4/GPU=2/2,1382/456MHz,OC=3F,TA=0/38/0,SP=N/N/N,Mem=2736MHz,Free=3675MB,PLS=0,Temp=43.0C/0.0C,TW=1.01ms,App=6.06ms,GD=0.00ms,CPU&GPU=10.66ms,LCnt=1(DR91,LM0),GPU%=0.67,CPU%=0.23(W0.32),CFL=12.23/15.95,ICFLp95=15.17,LD=0,SF=1.00,DpuScale=1.00,LP=0,DVFS=0,Preempt=364,PoseAgeP95=0.00
1789437832.046	90	90	0		456	5.96	11.03	362	43.0	0.67	FPS=90/90,Prd=28ms,Tear=0,Early=0,Stale=0,Stale2/5/10/max=0/0/0/0,VSnc=1,Lat=-4,Fov=0,CPU4/GPU=2/2,1382/456MHz,OC=3F,TA=0/38/0,SP=N/N/N,Mem=2736MHz,Free=3675MB,PLS=0,Temp=43.0C/0.0C,TW=1.02ms,App=5.96ms,GD=0.00ms,CPU&GPU=11.03ms,LCnt=1(DR91,LM0),GPU%=0.67,CPU%=0.25(W0.29),CFL=12.34/16.13,ICFLp95=15.28,LD=0,SF=1.00,DpuScale=1.00,LP=0,DVFS=0,Preempt=362,PoseAgeP95=0.00
1789437833.046	90	90	0		456	5.96	10.42	358	43.0	0.67	FPS=90/90,Prd=28ms,Tear=0,Early=0,Stale=0,Stale2/5/10/max=0/0/0/0,VSnc=1,Lat=-4,Fov=0,CPU4/GPU=2/2,1382/456MHz,OC=3F,TA=0/38/0,SP=N/N/N,Mem=2736MHz,Free=3675MB,PLS=0,Temp=43.0C/0.0C,TW=1.02ms,App=5.96ms,GD=0.00ms,CPU&GPU=10.42ms,LCnt=1(DR90,LM0),GPU%=0.67,CPU%=0.21(W0.37),CFL=12.31/15.92,ICFLp95=15.16,LD=0,SF=1.00,DpuScale=1.00,LP=0,DVFS=0,Preempt=358,PoseAgeP95=0.00
1789437834.046	90	90	0		456	5.89	10.63	358	43.0	0.66	FPS=90/90,Prd=28ms,Tear=0,Early=0,Stale=0,Stale2/5/10/max=0/0/0/0,VSnc=1,Lat=-4,Fov=0,CPU4/GPU=2/2,1382/456MHz,OC=3F,TA=0/38/0,SP=N/N/N,Mem=2736MHz,Free=3675MB,PLS=0,Temp=43.0C/0.0C,TW=1.02ms,App=5.89ms,GD=0.00ms,CPU&GPU=10.63ms,LCnt=1(DR90,LM0),GPU%=0.66,CPU%=0.23(W0.39),CFL=12.19/15.75,ICFLp95=15.00,LD=0,SF=1.00,DpuScale=1.00,LP=0,DVFS=0,Preempt=358,PoseAgeP95=0.00
1789437835.046	91	90	0		456	5.95	10.44	358	43.0	0.66	FPS=91/90,Prd=28ms,Tear=0,Early=0,Stale=0,Stale2/5/10/max=0/0/0/0,VSnc=1,Lat=-4,Fov=0,CPU4/GPU=2/2,1382/456MHz,OC=3F,TA=0/38/0,SP=N/N/N,Mem=2736MHz,Free=3675MB,PLS=0,Temp=43.0C/0.0C,TW=1.03ms,App=5.95ms,GD=0.00ms,CPU&GPU=10.44ms,LCnt=1(DR90,LM0),GPU%=0.66,CPU%=0.24(W0.35),CFL=12.11/15.73,ICFLp95=14.96,LD=0,SF=1.00,DpuScale=1.00,LP=0,DVFS=0,Preempt=358,PoseAgeP95=0.00
1789437836.067	90	90	0		456	5.93	11.16	360	43.0	0.66	FPS=90/90,Prd=28ms,Tear=0,Early=0,Stale=0,Stale2/5/10/max=0/0/0/0,VSnc=1,Lat=-4,Fov=0,CPU4/GPU=2/2,1382/456MHz,OC=3F,TA=0/38/0,SP=N/N/N,Mem=2736MHz,Free=3668MB,PLS=0,Temp=43.0C/0.0C,TW=1.02ms,App=5.93ms,GD=0.00ms,CPU&GPU=11.16ms,LCnt=1(DR90,LM0),GPU%=0.66,CPU%=0.23(W0.30),CFL=12.12/16.00,ICFLp95=15.02,LD=0,SF=1.00,DpuScale=1.00,LP=0,DVFS=0,Preempt=360,PoseAgeP95=0.00
1789437837.046	91	90	0		456	5.95	10.41	358	43.0	0.66	FPS=91/90,Prd=28ms,Tear=0,Early=0,Stale=0,Stale2/5/10/max=0/0/0/0,VSnc=1,Lat=-4,Fov=0,CPU4/GPU=2/2,1382/456MHz,OC=3F,TA=0/38/0,SP=N/N/N,Mem=2736MHz,Free=3668MB,PLS=0,Temp=43.0C/0.0C,TW=1.03ms,App=5.95ms,GD=0.00ms,CPU&GPU=10.41ms,LCnt=1(DR90,LM0),GPU%=0.66,CPU%=0.25(W0.32),CFL=12.08/15.70,ICFLp95=14.98,LD=0,SF=1.00,DpuScale=1.00,LP=0,DVFS=0,Preempt=358,PoseAgeP95=0.00
1789437838.046	90	90	0		456	5.93	10.28	358	43.0	0.66	FPS=90/90,Prd=28ms,Tear=0,Early=0,Stale=0,Stale2/5/10/max=0/0/0/0,VSnc=1,Lat=-4,Fov=0,CPU4/GPU=2/2,1382/456MHz,OC=3F,TA=0/38/0,SP=N/N/N,Mem=2736MHz,Free=3668MB,PLS=0,Temp=43.0C/0.0C,TW=1.03ms,App=5.93ms,GD=0.00ms,CPU&GPU=10.28ms,LCnt=1(DR90,LM0),GPU%=0.66,CPU%=0.24(W0.26),CFL=11.92/15.62,ICFLp95=14.90,LD=0,SF=1.00,DpuScale=1.00,LP=0,DVFS=0,Preempt=358,PoseAgeP95=0.00
1789437839.047	91	90	0		456	5.97	10.27	360	43.0	0.66	FPS=91/90,Prd=28ms,Tear=0,Early=0,Stale=0,Stale2/5/10/max=0/0/0/0,VSnc=1,Lat=-4,Fov=0,CPU4/GPU=2/2,1382/456MHz,OC=3F,TA=0/38/0,SP=N/N/N,Mem=2736MHz,Free=3668MB,PLS=0,Temp=43.0C/0.0C,TW=1.03ms,App=5.97ms,GD=0.00ms,CPU&GPU=10.27ms,LCnt=1(DR90,LM0),GPU%=0.66,CPU%=0.21(W0.26),CFL=12.16/15.73,ICFLp95=15.02,LD=0,SF=1.00,DpuScale=1.00,LP=0,DVFS=0,Preempt=360,PoseAgeP95=0.00
1789437840.047	90	90	0		456	5.90	10.64	364	43.0	0.66	FPS=90/90,Prd=28ms,Tear=0,Early=0,Stale=0,Stale2/5/10/max=0/0/0/0,VSnc=1,Lat=-4,Fov=0,CPU4/GPU=2/2,1382/456MHz,OC=3F,TA=0/38/0,SP=N/N/N,Mem=2736MHz,Free=3668MB,PLS=0,Temp=43.0C/0.0C,TW=1.02ms,App=5.90ms,GD=0.00ms,CPU&GPU=10.64ms,LCnt=1(DR91,LM0),GPU%=0.66,CPU%=0.24(W0.34),CFL=12.11/15.82,ICFLp95=15.11,LD=0,SF=1.00,DpuScale=1.00,LP=0,DVFS=0,Preempt=364,PoseAgeP95=0.00
1789437841.047	91	90	0		456	5.96	10.76	360	43.0	0.67	FPS=91/90,Prd=28ms,Tear=0,Early=0,Stale=0,Stale2/5/10/max=0/0/0/0,VSnc=1,Lat=-4,Fov=0,CPU4/GPU=2/2,1382/456MHz,OC=3F,TA=0/38/0,SP=N/N/N,Mem=1555MHz,Free=3668MB,PLS=0,Temp=43.0C/0.0C,TW=1.02ms,App=5.96ms,GD=0.00ms,CPU&GPU=10.76ms,LCnt=1(DR90,LM0),GPU%=0.67,CPU%=0.21(W0.27),CFL=12.21/15.70,ICFLp95=14.98,LD=0,SF=1.00,DpuScale=1.00,LP=0,DVFS=0,Preempt=360,PoseAgeP95=0.00
1789437842.047	91	90	0		456	6.20	10.56	360	43.0	0.67	FPS=91/90,Prd=28ms,Tear=0,Early=0,Stale=0,Stale2/5/10/max=0/0/0/0,VSnc=1,Lat=-4,Fov=0,CPU4/GPU=2/2,1382/456MHz,OC=3F,TA=0/38/0,SP=N/N/N,Mem=1555MHz,Free=3668MB,PLS=0,Temp=43.0C/0.0C,TW=1.01ms,App=6.20ms,GD=0.00ms,CPU&GPU=10.56ms,LCnt=1(DR90,LM0),GPU%=0.67,CPU%=0.23(W0.34),CFL=12.14/15.71,ICFLp95=14.98,LD=0,SF=1.00,DpuScale=1.00,LP=0,DVFS=0,Preempt=360,PoseAgeP95=0.00
1789437843.047	90	90	0		456	5.94	10.19	358	43.0	0.67	FPS=90/90,Prd=28ms,Tear=0,Early=0,Stale=0,Stale2/5/10/max=0/0/0/0,VSnc=1,Lat=-4,Fov=0,CPU4/GPU=2/2,1382/456MHz,OC=3F,TA=0/38/0,SP=N/N/N,Mem=1555MHz,Free=3668MB,PLS=0,Temp=43.0C/0.0C,TW=1.02ms,App=5.94ms,GD=0.00ms,CPU&GPU=10.19ms,LCnt=1(DR90,LM0),GPU%=0.67,CPU%=0.26(W0.30),CFL=12.20/16.08,ICFLp95=15.09,LD=0,SF=1.00,DpuScale=1.00,LP=0,DVFS=0,Preempt=358,PoseAgeP95=0.00
1789437844.047	91	90	0		456	5.93	10.25	358	43.0	0.66	FPS=91/90,Prd=28ms,Tear=0,Early=0,Stale=0,Stale2/5/10/max=0/0/0/0,VSnc=1,Lat=-4,Fov=0,CPU4/GPU=2/2,1382/456MHz,OC=3F,TA=0/38/0,SP=N/N/N,Mem=1555MHz,Free=3668MB,PLS=0,Temp=43.0C/0.0C,TW=1.02ms,App=5.93ms,GD=0.00ms,CPU&GPU=10.25ms,LCnt=1(DR90,LM0),GPU%=0.66,CPU%=0.22(W0.31),CFL=12.07/15.77,ICFLp95=15.03,LD=0,SF=1.00,DpuScale=1.00,LP=0,DVFS=0,Preempt=358,PoseAgeP95=0.00
1789437845.047	90	90	0		456	5.98	10.22	360	43.0	0.66	FPS=90/90,Prd=28ms,Tear=0,Early=0,Stale=0,Stale2/5/10/max=0/0/0/0,VSnc=1,Lat=-4,Fov=0,CPU4/GPU=2/2,1382/456MHz,OC=3F,TA=0/38/0,SP=N/N/N,Mem=1555MHz,Free=3668MB,PLS=0,Temp=43.0C/0.0C,TW=1.02ms,App=5.98ms,GD=0.00ms,CPU&GPU=10.22ms,LCnt=1(DR90,LM0),GPU%=0.66,CPU%=0.20(W0.34),CFL=12.18/15.70,ICFLp95=14.97,LD=0,SF=1.00,DpuScale=1.00,LP=0,DVFS=0,Preempt=360,PoseAgeP95=0.00
1789437846.047	90	90	0		456	5.91	10.26	358	43.0	0.66	FPS=90/90,Prd=28ms,Tear=0,Early=0,Stale=0,Stale2/5/10/max=0/0/0/0,VSnc=1,Lat=-4,Fov=0,CPU4/GPU=2/2,1382/456MHz,OC=3F,TA=0/38/0,SP=N/N/N,Mem=1555MHz,Free=3668MB,PLS=0,Temp=43.0C/0.0C,TW=1.02ms,App=5.91ms,GD=0.00ms,CPU&GPU=10.26ms,LCnt=1(DR90,LM0),GPU%=0.66,CPU%=0.23(W0.25),CFL=12.18/15.76,ICFLp95=15.01,LD=0,SF=1.00,DpuScale=1.00,LP=0,DVFS=0,Preempt=358,PoseAgeP95=0.00
1789437847.047	90	90	0		456	5.99	10.51	362	43.0	0.67	FPS=90/90,Prd=28ms,Tear=0,Early=0,Stale=0,Stale2/5/10/max=0/0/0/0,VSnc=1,Lat=-4,Fov=0,CPU4/GPU=2/2,1382/456MHz,OC=3F,TA=0/38/0,SP=N/N/N,Mem=1555MHz,Free=3668MB,PLS=0,Temp=43.0C/0.0C,TW=1.02ms,App=5.99ms,GD=0.00ms,CPU&GPU=10.51ms,LCnt=1(DR91,LM0),GPU%=0.67,CPU%=0.23(W0.24),CFL=12.15/15.76,ICFLp95=14.97,LD=0,SF=1.00,DpuScale=1.00,LP=0,DVFS=0,Preempt=362,PoseAgeP95=0.00
1789437848.047	90	90	0		456	5.93	10.26	358	43.0	0.66	FPS=90/90,Prd=28ms,Tear=0,Early=0,Stale=0,Stale2/5/10/max=0/0/0/0,VSnc=1,Lat=-4,Fov=0,CPU4/GPU=2/2,1382/456MHz,OC=3F,TA=0/38/0,SP=N/N/N,Mem=1555MHz,Free=3668MB,PLS=0,Temp=43.0C/0.0C,TW=1.02ms,App=5.93ms,GD=0.00ms,CPU&GPU=10.26ms,LCnt=1(DR90,LM0),GPU%=0.66,CPU%=0.23(W0.34),CFL=12.21/15.78,ICFLp95=15.04,LD=0,SF=1.00,DpuScale=1.00,LP=0,DVFS=0,Preempt=358,PoseAgeP95=0.00
1789437849.048	91	90	0		456	5.92	10.63	358	43.0	0.66	FPS=91/90,Prd=28ms,Tear=0,Early=0,Stale=0,Stale2/5/10/max=0/0/0/0,VSnc=1,Lat=-4,Fov=0,CPU4/GPU=2/2,1382/456MHz,OC=3F,TA=0/38/0,SP=N/N/N,Mem=1555MHz,Free=3668MB,PLS=0,Temp=43.0C/0.0C,TW=1.02ms,App=5.92ms,GD=0.00ms,CPU&GPU=10.63ms,LCnt=1(DR90,LM0),GPU%=0.66,CPU%=0.23(W0.30),CFL=12.12/15.74,ICFLp95=14.99,LD=0,SF=1.00,DpuScale=1.00,LP=0,DVFS=0,Preempt=358,PoseAgeP95=0.00
1789437850.048	91	90	0		456	5.94	10.37	358	43.0	0.66	FPS=91/90,Prd=28ms,Tear=0,Early=0,Stale=0,Stale2/5/10/max=0/0/0/0,VSnc=1,Lat=-4,Fov=0,CPU4/GPU=2/2,1382/456MHz,OC=3F,TA=0/38/0,SP=N/N/N,Mem=1555MHz,Free=3668MB,PLS=0,Temp=43.0C/0.0C,TW=1.02ms,App=5.94ms,GD=0.00ms,CPU&GPU=10.37ms,LCnt=1(DR90,LM0),GPU%=0.66,CPU%=0.22(W0.40),CFL=12.14/15.75,ICFLp95=15.03,LD=0,SF=1.00,DpuScale=1.00,LP=0,DVFS=0,Preempt=358,PoseAgeP95=0.00
1789437851.048	90	90	0		456	5.99	10.71	362	43.0	0.67	FPS=90/90,Prd=28ms,Tear=0,Early=0,Stale=0,Stale2/5/10/max=0/0/0/0,VSnc=1,Lat=-4,Fov=0,CPU4/GPU=2/2,1382/456MHz,OC=3F,TA=0/38/0,SP=N/N/N,Mem=2092MHz,Free=3668MB,PLS=0,Temp=43.0C/0.0C,TW=1.07ms,App=5.99ms,GD=0.00ms,CPU&GPU=10.71ms,LCnt=1(DR91,LM0),GPU%=0.67,CPU%=0.22(W0.23),CFL=12.06/15.81,ICFLp95=15.03,LD=0,SF=1.00,DpuScale=1.00,LP=0,DVFS=0,Preempt=362,PoseAgeP95=0.00
1789437852.048	91	90	0		456	5.99	10.44	358	43.0	0.67	FPS=91/90,Prd=28ms,Tear=0,Early=0,Stale=0,Stale2/5/10/max=0/0/0/0,VSnc=1,Lat=-4,Fov=0,CPU4/GPU=2/2,1382/456MHz,OC=3F,TA=0/38/0,SP=N/N/N,Mem=2092MHz,Free=3668MB,PLS=0,Temp=43.0C/0.0C,TW=1.04ms,App=5.99ms,GD=0.00ms,CPU&GPU=10.44ms,LCnt=1(DR90,LM0),GPU%=0.67,CPU%=0.24(W0.37),CFL=12.34/15.91,ICFLp95=15.14,LD=0,SF=1.00,DpuScale=1.00,LP=0,DVFS=0,Preempt=358,PoseAgeP95=0.00
1789437853.048	91	90	0		456	5.96	11.04	356	43.0	0.66	FPS=91/90,Prd=28ms,Tear=0,Early=0,Stale=0,Stale2/5/10/max=0/0/0/0,VSnc=1,Lat=-4,Fov=0,CPU4/GPU=2/2,1382/456MHz,OC=3F,TA=0/38/0,SP=N/N/N,Mem=2092MHz,Free=3668MB,PLS=0,Temp=43.0C/0.0C,TW=1.01ms,App=5.96ms,GD=0.00ms,CPU&GPU=11.04ms,LCnt=1(DR90,LM0),GPU%=0.66,CPU%=0.24(W0.37),CFL=12.30/15.83,ICFLp95=15.08,LD=0,SF=1.00,DpuScale=1.00,LP=0,DVFS=0,Preempt=356,PoseAgeP95=0.00
1789437854.048	91	90	0		456	6.02	10.76	358	43.0	0.66	FPS=91/90,Prd=28ms,Tear=0,Early=0,Stale=0,Stale2/5/10/max=0/0/0/0,VSnc=1,Lat=-4,Fov=0,CPU4/GPU=2/2,1382/456MHz,OC=3F,TA=0/38/0,SP=N/N/N,Mem=2092MHz,Free=3668MB,PLS=0,Temp=43.0C/0.0C,TW=1.03ms,App=6.02ms,GD=0.00ms,CPU&GPU=10.76ms,LCnt=1(DR90,LM0),GPU%=0.66,CPU%=0.22(W0.31),CFL=12.22/15.93,ICFLp95=15.09,LD=0,SF=1.00,DpuScale=1.00,LP=0,DVFS=0,Preempt=358,PoseAgeP95=0.00
1789437855.048	90	90	0		456	6.00	10.08	358	43.0	0.66	FPS=90/90,Prd=28ms,Tear=0,Early=0,Stale=0,Stale2/5/10/max=0/0/0/0,VSnc=1,Lat=-4,Fov=0,CPU4/GPU=2/2,1382/456MHz,OC=3F,TA=0/38/0,SP=N/N/N,Mem=2092MHz,Free=3668MB,PLS=0,Temp=43.0C/0.0C,TW=1.01ms,App=6.00ms,GD=0.00ms,CPU&GPU=10.08ms,LCnt=1(DR90,LM0),GPU%=0.66,CPU%=0.21(W0.30),CFL=12.23/15.76,ICFLp95=15.02,LD=0,SF=1.00,DpuScale=1.00,LP=0,DVFS=0,Preempt=358,PoseAgeP95=0.00
1789437856.072	90	90	0		456	5.97	10.31	358	43.0	0.66	FPS=90/90,Prd=28ms,Tear=0,Early=0,Stale=0,Stale2/5/10/max=0/0/0/0,VSnc=1,Lat=-4,Fov=0,CPU4/GPU=2/2,1382/456MHz,OC=3F,TA=0/38/0,SP=N/N/N,Mem=2092MHz,Free=3692MB,PLS=0,Temp=43.0C/0.0C,TW=1.02ms,App=5.97ms,GD=0.00ms,CPU&GPU=10.31ms,LCnt=1(DR90,LM0),GPU%=0.66,CPU%=0.20(W0.31),CFL=12.15/15.72,ICFLp95=14.97,LD=0,SF=1.00,DpuScale=1.00,LP=0,DVFS=0,Preempt=358,PoseAgeP95=0.00
1789437857.048	90	90	0		456	5.93	10.31	358	43.0	0.66	FPS=90/90,Prd=28ms,Tear=0,Early=0,Stale=0,Stale2/5/10/max=0/0/0/0,VSnc=1,Lat=-4,Fov=0,CPU4/GPU=2/2,1382/456MHz,OC=3F,TA=0/38/0,SP=N/N/N,Mem=2092MHz,Free=3692MB,PLS=0,Temp=43.0C/0.0C,TW=1.01ms,App=5.93ms,GD=0.00ms,CPU&GPU=10.31ms,LCnt=1(DR90,LM0),GPU%=0.66,CPU%=0.21(W0.26),CFL=12.16/15.64,ICFLp95=14.92,LD=0,SF=1.00,DpuScale=1.00,LP=0,DVFS=0,Preempt=358,PoseAgeP95=0.00
1789437858.048	90	90	0		456	5.94	10.48	358	43.0	0.66	FPS=90/90,Prd=28ms,Tear=0,Early=0,Stale=0,Stale2/5/10/max=0/0/0/0,VSnc=1,Lat=-4,Fov=0,CPU4/GPU=2/2,1382/456MHz,OC=3F,TA=0/38/0,SP=N/N/N,Mem=2092MHz,Free=3692MB,PLS=0,Temp=43.0C/0.0C,TW=1.02ms,App=5.94ms,GD=0.00ms,CPU&GPU=10.48ms,LCnt=1(DR90,LM0),GPU%=0.66,CPU%=0.21(W0.34),CFL=12.13/15.83,ICFLp95=15.01,LD=0,SF=1.00,DpuScale=1.00,LP=0,DVFS=0,Preempt=358,PoseAgeP95=0.00
1789437859.048	91	90	0		456	5.94	10.75	358	44.0	0.66	FPS=91/90,Prd=28ms,Tear=0,Early=0,Stale=0,Stale2/5/10/max=0/0/0/0,VSnc=1,Lat=-4,Fov=0,CPU4/GPU=2/2,1382/456MHz,OC=3F,TA=0/38/0,SP=N/N/N,Mem=2092MHz,Free=3692MB,PLS=0,Temp=44.0C/0.0C,TW=1.02ms,App=5.94ms,GD=0.00ms,CPU&GPU=10.75ms,LCnt=1(DR90,LM0),GPU%=0.66,CPU%=0.21(W0.40),CFL=12.09/15.71,ICFLp95=14.98,LD=0,SF=1.00,DpuScale=1.00,LP=0,DVFS=0,Preempt=358,PoseAgeP95=0.00
1789437860.048	90	90	0		456	5.95	10.16	364	44.0	0.66	FPS=90/90,Prd=28ms,Tear=0,Early=0,Stale=0,Stale2/5/10/max=0/0/0/0,VSnc=1,Lat=-4,Fov=0,CPU4/GPU=2/2,1382/456MHz,OC=3F,TA=0/38/0,SP=N/N/N,Mem=2092MHz,Free=3692MB,PLS=0,Temp=44.0C/0.0C,TW=1.02ms,App=5.95ms,GD=0.00ms,CPU&GPU=10.16ms,LCnt=1(DR91,LM0),GPU%=0.66,CPU%=0.24(W0.32),CFL=12.06/15.77,ICFLp95=15.00,LD=0,SF=1.00,DpuScale=1.00,LP=0,DVFS=0,Preempt=364,PoseAgeP95=0.00
1789437861.049	91	90	0		456	6.00	10.04	358	44.0	0.66	FPS=91/90,Prd=28ms,Tear=0,Early=0,Stale=0,Stale2/5/10/max=0/0/0/0,VSnc=1,Lat=-4,Fov=0,CPU4/GPU=2/2,1382/456MHz,OC=3F,TA=0/38/0,SP=N/N/N,Mem=2092MHz,Free=3692MB,PLS=0,Temp=44.0C/0.0C,TW=1.02ms,App=6.00ms,GD=0.00ms,CPU&GPU=10.04ms,LCnt=1(DR90,LM0),GPU%=0.66,CPU%=0.21(W0.26),CFL=12.12/15.96,ICFLp95=15.01,LD=0,SF=1.00,DpuScale=1.00,LP=0,DVFS=0,Preempt=358,PoseAgeP95=0.00
1789437862.049	90	90	0		456	5.94	10.27	360	44.0	0.66	FPS=90/90,Prd=28ms,Tear=0,Early=0,Stale=0,Stale2/5/10/max=0/0/0/0,VSnc=1,Lat=-4,Fov=0,CPU4/GPU=2/2,1382/456MHz,OC=3F,TA=0/38/0,SP=N/N/N,Mem=2092MHz,Free=3692MB,PLS=0,Temp=44.0C/0.0C,TW=1.02ms,App=5.94ms,GD=0.00ms,CPU&GPU=10.27ms,LCnt=1(DR90,LM0),GPU%=0.66,CPU%=0.23(W0.33),CFL=12.08/15.74,ICFLp95=15.04,LD=0,SF=1.00,DpuScale=1.00,LP=0,DVFS=0,Preempt=360,PoseAgeP95=0.00
1789437863.049	91	90	0		456	5.89	10.37	360	44.0	0.66	FPS=91/90,Prd=28ms,Tear=0,Early=0,Stale=0,Stale2/5/10/max=0/0/0/0,VSnc=1,Lat=-4,Fov=0,CPU4/GPU=2/2,1382/456MHz,OC=3F,TA=0/38/0,SP=N/N/N,Mem=2092MHz,Free=3692MB,PLS=0,Temp=44.0C/0.0C,TW=1.02ms,App=5.89ms,GD=0.00ms,CPU&GPU=10.37ms,LCnt=1(DR90,LM0),GPU%=0.66,CPU%=0.23(W0.30),CFL=12.09/15.71,ICFLp95=15.02,LD=0,SF=1.00,DpuScale=1.00,LP=0,DVFS=0,Preempt=360,PoseAgeP95=0.00
1789437864.049	90	90	0		456	5.95	10.58	362	44.0	0.66	FPS=90/90,Prd=28ms,Tear=0,Early=0,Stale=0,Stale2/5/10/max=0/0/0/0,VSnc=1,Lat=-4,Fov=0,CPU4/GPU=2/2,1382/456MHz,OC=3F,TA=0/38/0,SP=N/N/N,Mem=2092MHz,Free=3692MB,PLS=0,Temp=44.0C/0.0C,TW=1.02ms,App=5.95ms,GD=0.00ms,CPU&GPU=10.58ms,LCnt=1(DR91,LM0),GPU%=0.66,CPU%=0.21(W0.33),CFL=12.01/15.80,ICFLp95=14.95,LD=0,SF=1.00,DpuScale=1.00,LP=0,DVFS=0,Preempt=362,PoseAgeP95=0.00
1789437865.049	90	90	0		456	5.92	10.10	358	44.0	0.66	FPS=90/90,Prd=28ms,Tear=0,Early=0,Stale=0,Stale2/5/10/max=0/0/0/0,VSnc=1,Lat=-4,Fov=0,CPU4/GPU=2/2,1382/456MHz,OC=3F,TA=0/38/0,SP=N/N/N,Mem=2092MHz,Free=3692MB,PLS=0,Temp=44.0C/0.0C,TW=1.02ms,App=5.92ms,GD=0.00ms,CPU&GPU=10.10ms,LCnt=1(DR90,LM0),GPU%=0.66,CPU%=0.21(W0.32),CFL=12.20/15.64,ICFLp95=14.91,LD=0,SF=1.00,DpuScale=1.00,LP=0,DVFS=0,Preempt=358,PoseAgeP95=0.00
1789437866.049	91	90	0		456	5.94	10.30	360	44.0	0.66	FPS=91/90,Prd=28ms,Tear=0,Early=0,Stale=0,Stale2/5/10/max=0/0/0/0,VSnc=1,Lat=-4,Fov=0,CPU4/GPU=2/2,1382/456MHz,OC=3F,TA=0/38/0,SP=N/N/N,Mem=2092MHz,Free=3692MB,PLS=0,Temp=44.0C/0.0C,TW=1.02ms,App=5.94ms,GD=0.00ms,CPU&GPU=10.30ms,LCnt=1(DR90,LM0),GPU%=0.66,CPU%=0.22(W0.25),CFL=12.12/15.74,ICFLp95=15.03,LD=0,SF=1.00,DpuScale=1.00,LP=0,DVFS=0,Preempt=360,PoseAgeP95=0.00
1789437867.049	91	90	0		456	5.93	10.20	364	44.0	0.66	FPS=91/90,Prd=28ms,Tear=0,Early=0,Stale=0,Stale2/5/10/max=0/0/0/0,VSnc=1,Lat=-4,Fov=0,CPU4/GPU=2/2,1382/456MHz,OC=3F,TA=0/38/0,SP=N/N/N,Mem=2092MHz,Free=3692MB,PLS=0,Temp=44.0C/0.0C,TW=1.03ms,App=5.93ms,GD=0.00ms,CPU&GPU=10.20ms,LCnt=1(DR91,LM0),GPU%=0.66,CPU%=0.21(W0.27),CFL=12.17/16.19,ICFLp95=15.11,LD=0,SF=1.00,DpuScale=1.00,LP=0,DVFS=0,Preempt=364,PoseAgeP95=0.00
1789437868.049	90	90	0		456	5.94	10.67	356	44.0	0.66	FPS=90/90,Prd=28ms,Tear=0,Early=0,Stale=0,Stale2/5/10/max=0/0/0/0,VSnc=1,Lat=-4,Fov=0,CPU4/GPU=2/2,1382/456MHz,OC=3F,TA=0/38/0,SP=N/N/N,Mem=2092MHz,Free=3692MB,PLS=0,Temp=44.0C/0.0C,TW=1.02ms,App=5.94ms,GD=0.00ms,CPU&GPU=10.67ms,LCnt=1(DR90,LM0),GPU%=0.66,CPU%=0.22(W0.29),CFL=12.19/16.29,ICFLp95=15.03,LD=0,SF=1.00,DpuScale=1.00,LP=0,DVFS=0,Preempt=356,PoseAgeP95=0.00
1789437869.049	91	90	0		456	6.00	10.41	360	44.0	0.66	FPS=91/90,Prd=28ms,Tear=0,Early=0,Stale=0,Stale2/5/10/max=0/0/0/0,VSnc=1,Lat=-4,Fov=0,CPU4/GPU=2/2,1382/456MHz,OC=3F,TA=0/38/0,SP=N/N/N,Mem=2092MHz,Free=3692MB,PLS=0,Temp=44.0C/0.0C,TW=1.02ms,App=6.00ms,GD=0.00ms,CPU&GPU=10.41ms,LCnt=1(DR90,LM0),GPU%=0.66,CPU%=0.20(W0.25),CFL=12.06/15.85,ICFLp95=15.06,LD=0,SF=1.00,DpuScale=1.00,LP=0,DVFS=0,Preempt=360,PoseAgeP95=0.00
1789437870.049	91	90	0		456	5.96	10.94	365	44.0	0.66	FPS=91/90,Prd=28ms,Tear=0,Early=0,Stale=0,Stale2/5/10/max=0/0/0/0,VSnc=1,Lat=-4,Fov=0,CPU4/GPU=2/2,1382/456MHz,OC=3F,TA=0/38/0,SP=N/N/N,Mem=2092MHz,Free=3692MB,PLS=0,Temp=44.0C/0.0C,TW=1.02ms,App=5.96ms,GD=0.00ms,CPU&GPU=10.94ms,LCnt=1(DR91,LM0),GPU%=0.66,CPU%=0.21(W0.27),CFL=12.06/15.68,ICFLp95=14.97,LD=0,SF=1.00,DpuScale=1.00,LP=0,DVFS=0,Preempt=365,PoseAgeP95=0.00
1789437871.049	91	90	0		456	5.96	10.44	357	44.0	0.66	FPS=91/90,Prd=28ms,Tear=0,Early=0,Stale=0,Stale2/5/10/max=0/0/0/0,VSnc=1,Lat=-4,Fov=0,CPU4/GPU=2/2,2208/456MHz,OC=3F,TA=0/38/0,SP=N/N/N,Mem=2092MHz,Free=3692MB,PLS=0,Temp=44.0C/0.0C,TW=1.02ms,App=5.96ms,GD=0.00ms,CPU&GPU=10.44ms,LCnt=1(DR90,LM0),GPU%=0.66,CPU%=0.21(W0.33),CFL=12.12/15.69,ICFLp95=15.00,LD=0,SF=1.00,DpuScale=1.00,LP=0,DVFS=0,Preempt=357,PoseAgeP95=0.00
1789437872.049	90	90	0		456	5.99	10.80	360	44.0	0.66	FPS=90/90,Prd=28ms,Tear=0,Early=0,Stale=0,Stale2/5/10/max=0/0/0/0,VSnc=1,Lat=-4,Fov=0,CPU4/GPU=2/2,2208/456MHz,OC=3F,TA=0/38/0,SP=N/N/N,Mem=2092MHz,Free=3692MB,PLS=0,Temp=44.0C/0.0C,TW=1.02ms,App=5.99ms,GD=0.00ms,CPU&GPU=10.80ms,LCnt=1(DR90,LM0),GPU%=0.66,CPU%=0.21(W0.23),CFL=12.08/15.97,ICFLp95=15.01,LD=0,SF=1.00,DpuScale=1.00,LP=0,DVFS=0,Preempt=360,PoseAgeP95=0.00
1789437873.049	91	90	0		456	5.98	10.66	362	44.0	0.67	FPS=91/90,Prd=28ms,Tear=0,Early=0,Stale=0,Stale2/5/10/max=0/0/0/0,VSnc=1,Lat=-4,Fov=0,CPU4/GPU=2/2,2208/456MHz,OC=3F,TA=0/38/0,SP=N/N/N,Mem=2092MHz,Free=3692MB,PLS=0,Temp=44.0C/0.0C,TW=1.09ms,App=5.98ms,GD=0.00ms,CPU&GPU=10.66ms,LCnt=1(DR91,LM0),GPU%=0.67,CPU%=0.24(W0.30),CFL=12.09/15.76,ICFLp95=15.01,LD=0,SF=1.00,DpuScale=1.00,LP=0,DVFS=0,Preempt=362,PoseAgeP95=0.00
1789437874.050	91	90	0		456	6.08	10.64	362	44.0	0.68	FPS=91/90,Prd=28ms,Tear=1,Early=0,Stale=0,Stale2/5/10/max=0/0/0/0,VSnc=1,Lat=-4,Fov=0,CPU4/GPU=2/2,2208/456MHz,OC=3F,TA=0/38/0,SP=N/N/N,Mem=2092MHz,Free=3692MB,PLS=0,Temp=44.0C/0.0C,TW=1.02ms,App=6.08ms,GD=0.00ms,CPU&GPU=10.64ms,LCnt=1(DR91,LM0),GPU%=0.68,CPU%=0.23(W0.33),CFL=12.19/15.94,ICFLp95=15.20,LD=0,SF=1.00,DpuScale=1.00,LP=0,DVFS=0,Preempt=362,PoseAgeP95=0.00
1789437875.050	90	90	0		456	5.95	10.71	358	44.0	0.67	FPS=90/90,Prd=28ms,Tear=0,Early=0,Stale=0,Stale2/5/10/max=0/0/0/0,VSnc=1,Lat=-4,Fov=0,CPU4/GPU=2/2,2208/456MHz,OC=3F,TA=0/38/0,SP=N/N/N,Mem=2092MHz,Free=3692MB,PLS=0,Temp=44.0C/0.0C,TW=1.01ms,App=5.95ms,GD=0.00ms,CPU&GPU=10.71ms,LCnt=1(DR90,LM0),GPU%=0.67,CPU%=0.22(W0.22),CFL=12.52/15.86,ICFLp95=15.16,LD=0,SF=1.00,DpuScale=1.00,LP=0,DVFS=0,Preempt=358,PoseAgeP95=0.00
1789437876.071	90	90	0		456	5.91	10.33	358	44.0	0.67	FPS=90/90,Prd=28ms,Tear=0,Early=0,Stale=0,Stale2/5/10/max=0/0/0/0,VSnc=1,Lat=-4,Fov=0,CPU4/GPU=2/2,2208/456MHz,OC=3F,TA=0/38/0,SP=N/N/N,Mem=2092MHz,Free=3692MB,PLS=0,Temp=44.0C/0.0C,TW=1.02ms,App=5.91ms,GD=0.00ms,CPU&GPU=10.33ms,LCnt=1(DR90,LM0),GPU%=0.67,CPU%=0.21(W0.25),CFL=12.21/15.78,ICFLp95=15.00,LD=0,SF=1.00,DpuScale=1.00,LP=0,DVFS=0,Preempt=358,PoseAgeP95=0.00
1789437877.050	91	90	0		456	5.98	10.56	362	44.0	0.67	FPS=91/90,Prd=28ms,Tear=0,Early=0,Stale=0,Stale2/5/10/max=0/0/0/0,VSnc=1,Lat=-4,Fov=0,CPU4/GPU=2/2,2208/456MHz,OC=3F,TA=0/38/0,SP=N/N/N,Mem=2092MHz,Free=3692MB,PLS=0,Temp=44.0C/0.0C,TW=1.02ms,App=5.98ms,GD=0.00ms,CPU&GPU=10.56ms,LCnt=1(DR91,LM0),GPU%=0.67,CPU%=0.23(W0.30),CFL=12.13/15.75,ICFLp95=15.02,LD=0,SF=1.00,DpuScale=1.00,LP=0,DVFS=0,Preempt=362,PoseAgeP95=0.00
1789437878.050	90	90	0		456	5.94	10.88	358	44.0	0.66	FPS=90/90,Prd=28ms,Tear=0,Early=0,Stale=0,Stale2/5/10/max=0/0/0/0,VSnc=1,Lat=-4,Fov=0,CPU4/GPU=2/2,2208/456MHz,OC=3F,TA=0/38/0,SP=N/N/N,Mem=2092MHz,Free=3692MB,PLS=0,Temp=44.0C/0.0C,TW=1.03ms,App=5.94ms,GD=0.00ms,CPU&GPU=10.88ms,LCnt=1(DR90,LM0),GPU%=0.66,CPU%=0.23(W0.29),CFL=12.23/15.80,ICFLp95=15.04,LD=0,SF=1.00,DpuScale=1.00,LP=0,DVFS=0,Preempt=358,PoseAgeP95=0.00
1789437879.050	91	90	0		456	5.98	10.29	358	44.0	0.66	FPS=91/90,Prd=28ms,Tear=0,Early=0,Stale=0,Stale2/5/10/max=0/0/0/0,VSnc=1,Lat=-4,Fov=0,CPU4/GPU=2/2,2208/456MHz,OC=3F,TA=0/38/0,SP=N/N/N,Mem=2092MHz,Free=3692MB,PLS=0,Temp=44.0C/0.0C,TW=1.02ms,App=5.98ms,GD=0.00ms,CPU&GPU=10.29ms,LCnt=1(DR90,LM0),GPU%=0.66,CPU%=0.22(W0.28),CFL=12.19/15.77,ICFLp95=15.00,LD=0,SF=1.00,DpuScale=1.00,LP=0,DVFS=0,Preempt=358,PoseAgeP95=0.00
1789437880.050	90	90	0		456	5.98	11.05	362	44.0	0.66	FPS=90/90,Prd=28ms,Tear=0,Early=0,Stale=0,Stale2/5/10/max=0/0/0/0,VSnc=1,Lat=-4,Fov=0,CPU4/GPU=2/2,2208/456MHz,OC=3F,TA=0/38/0,SP=N/N/N,Mem=2092MHz,Free=3692MB,PLS=0,Temp=44.0C/0.0C,TW=1.02ms,App=5.98ms,GD=0.00ms,CPU&GPU=11.05ms,LCnt=1(DR91,LM0),GPU%=0.66,CPU%=0.21(W0.25),CFL=12.15/15.77,ICFLp95=15.04,LD=0,SF=1.00,DpuScale=1.00,LP=0,DVFS=0,Preempt=362,PoseAgeP95=0.00
1789437881.050	90	90	0		456	5.91	10.24	358	44.0	0.66	FPS=90/90,Prd=28ms,Tear=0,Early=0,Stale=0,Stale2/5/10/max=0/0/0/0,VSnc=1,Lat=-4,Fov=0,CPU4/GPU=2/2,1382/456MHz,OC=3F,TA=0/38/0,SP=N/N/N,Mem=2736MHz,Free=3692MB,PLS=0,Temp=44.0C/0.0C,TW=1.02ms,App=5.91ms,GD=0.00ms,CPU&GPU=10.24ms,LCnt=1(DR90,LM0),GPU%=0.66,CPU%=0.22(W0.30),CFL=12.17/15.78,ICFLp95=15.04,LD=0,SF=1.00,DpuScale=1.00,LP=0,DVFS=0,Preempt=358,PoseAgeP95=0.00
1789437882.050	91	90	0		456	5.93	10.25	358	44.0	0.66	FPS=91/90,Prd=28ms,Tear=0,Early=0,Stale=0,Stale2/5/10/max=0/0/0/0,VSnc=1,Lat=-4,Fov=0,CPU4/GPU=2/2,1382/456MHz,OC=3F,TA=0/38/0,SP=N/N/N,Mem=2736MHz,Free=3692MB,PLS=0,Temp=44.0C/0.0C,TW=1.01ms,App=5.93ms,GD=0.00ms,CPU&GPU=10.25ms,LCnt=1(DR90,LM0),GPU%=0.66,CPU%=0.23(W0.28),CFL=12.08/15.88,ICFLp95=15.03,LD=0,SF=1.00,DpuScale=1.00,LP=0,DVFS=0,Preempt=358,PoseAgeP95=0.00
1789437883.050	91	90	0		456	5.93	10.74	358	44.0	0.66	FPS=91/90,Prd=28ms,Tear=0,Early=0,Stale=0,Stale2/5/10/max=0/0/0/0,VSnc=1,Lat=-4,Fov=0,CPU4/GPU=2/2,1382/456MHz,OC=3F,TA=0/38/0,SP=N/N/N,Mem=2736MHz,Free=3692MB,PLS=0,Temp=44.0C/0.0C,TW=1.03ms,App=5.93ms,GD=0.00ms,CPU&GPU=10.74ms,LCnt=1(DR90,LM0),GPU%=0.66,CPU%=0.21(W0.30),CFL=11.87/15.75,ICFLp95=14.98,LD=0,SF=1.00,DpuScale=1.00,LP=0,DVFS=0,Preempt=358,PoseAgeP95=0.00
1789437884.050	90	90	0		456	5.95	10.43	358	44.0	0.66	FPS=90/90,Prd=28ms,Tear=0,Early=0,Stale=0,Stale2/5/10/max=0/0/0/0,VSnc=1,Lat=-4,Fov=0,CPU4/GPU=2/2,1382/456MHz,OC=3F,TA=0/38/0,SP=N/N/N,Mem=2736MHz,Free=3692MB,PLS=0,Temp=44.0C/0.0C,TW=1.02ms,App=5.95ms,GD=0.00ms,CPU&GPU=10.43ms,LCnt=1(DR90,LM0),GPU%=0.66,CPU%=0.22(W0.24),CFL=12.10/15.93,ICFLp95=14.94,LD=0,SF=1.00,DpuScale=1.00,LP=0,DVFS=0,Preempt=358,PoseAgeP95=0.00
1789437885.050	91	90	0		456	5.95	10.19	360	44.0	0.66	FPS=91/90,Prd=28ms,Tear=0,Early=0,Stale=0,Stale2/5/10/max=0/0/0/0,VSnc=1,Lat=-4,Fov=0,CPU4/GPU=2/2,1382/456MHz,OC=3F,TA=0/38/0,SP=N/N/N,Mem=2736MHz,Free=3692MB,PLS=0,Temp=44.0C/0.0C,TW=1.04ms,App=5.95ms,GD=0.00ms,CPU&GPU=10.19ms,LCnt=1(DR90,LM0),GPU%=0.66,CPU%=0.22(W0.22),CFL=12.10/15.85,ICFLp95=15.13,LD=0,SF=1.00,DpuScale=1.00,LP=0,DVFS=0,Preempt=360,PoseAgeP95=0.00
1789437886.050	90	90	0		456	5.93	10.42	360	44.0	0.66	FPS=90/90,Prd=28ms,Tear=0,Early=0,Stale=0,Stale2/5/10/max=0/0/0/0,VSnc=1,Lat=-4,Fov=0,CPU4/GPU=2/2,1382/456MHz,OC=3F,TA=0/38/0,SP=N/N/N,Mem=2736MHz,Free=3692MB,PLS=0,Temp=44.0C/0.0C,TW=1.02ms,App=5.93ms,GD=0.00ms,CPU&GPU=10.42ms,LCnt=1(DR90,LM0),GPU%=0.66,CPU%=0.20(W0.32),CFL=12.07/15.78,ICFLp95=15.01,LD=0,SF=1.00,DpuScale=1.00,LP=0,DVFS=0,Preempt=360,PoseAgeP95=0.00
1789437887.051	90	90	0		456	5.94	10.17	364	44.0	0.66	FPS=90/90,Prd=28ms,Tear=0,Early=0,Stale=0,Stale2/5/10/max=0/0/0/0,VSnc=1,Lat=-4,Fov=0,CPU4/GPU=2/2,1382/456MHz,OC=3F,TA=0/38/0,SP=N/N/N,Mem=2736MHz,Free=3692MB,PLS=0,Temp=44.0C/0.0C,TW=1.03ms,App=5.94ms,GD=0.00ms,CPU&GPU=10.17ms,LCnt=1(DR91,LM0),GPU%=0.66,CPU%=0.22(W0.34),CFL=12.12/15.70,ICFLp95=14.95,LD=0,SF=1.00,DpuScale=1.00,LP=0,DVFS=0,Preempt=364,PoseAgeP95=0.00
1789437888.051	91	90	0		456	5.97	10.38	358	44.0	0.66	FPS=91/90,Prd=28ms,Tear=0,Early=0,Stale=0,Stale2/5/10/max=0/0/0/0,VSnc=1,Lat=-4,Fov=0,CPU4/GPU=2/2,1382/456MHz,OC=3F,TA=0/38/0,SP=N/N/N,Mem=2736MHz,Free=3692MB,PLS=0,Temp=44.0C/0.0C,TW=1.02ms,App=5.97ms,GD=0.00ms,CPU&GPU=10.38ms,LCnt=1(DR90,LM0),GPU%=0.66,CPU%=0.22(W0.29),CFL=12.08/15.88,ICFLp95=15.02,LD=0,SF=1.00,DpuScale=1.00,LP=0,DVFS=0,Preempt=358,PoseAgeP95=0.00
1789437889.051	91	90	0		456	5.91	10.42	362	44.0	0.67	FPS=91/90,Prd=28ms,Tear=1,Early=0,Stale=0,Stale2/5/10/max=0/0/0/0,VSnc=1,Lat=-4,Fov=0,CPU4/GPU=2/2,1382/456MHz,OC=3F,TA=0/38/0,SP=N/N/N,Mem=2736MHz,Free=3692MB,PLS=0,Temp=44.0C/0.0C,TW=1.02ms,App=5.91ms,GD=0.00ms,CPU&GPU=10.42ms,LCnt=1(DR91,LM0),GPU%=0.67,CPU%=0.22(W0.27),CFL=12.05/15.71,ICFLp95=14.98,LD=0,SF=1.00,DpuScale=1.00,LP=0,DVFS=0,Preempt=362,PoseAgeP95=0.00
1789437890.051	90	90	0		456	6.00	10.46	358	44.0	0.67	FPS=90/90,Prd=28ms,Tear=0,Early=0,Stale=0,Stale2/5/10/max=0/0/0/0,VSnc=1,Lat=-4,Fov=0,CPU4/GPU=2/2,1382/456MHz,OC=3F,TA=0/38/0,SP=N/N/N,Mem=2736MHz,Free=3692MB,PLS=0,Temp=44.0C/0.0C,TW=1.02ms,App=6.00ms,GD=0.00ms,CPU&GPU=10.46ms,LCnt=1(DR90,LM0),GPU%=0.67,CPU%=0.23(W0.27),CFL=12.10/15.76,ICFLp95=15.05,LD=0,SF=1.00,DpuScale=1.00,LP=0,DVFS=0,Preempt=358,PoseAgeP95=0.00
1789437891.051	91	90	0		456	5.94	10.47	358	44.0	0.66	FPS=91/90,Prd=28ms,Tear=0,Early=0,Stale=0,Stale2/5/10/max=0/0/0/0,VSnc=1,Lat=-4,Fov=0,CPU4/GPU=2/2,1651/456MHz,OC=3F,TA=0/38/0,SP=N/N/N,Mem=2736MHz,Free=3692MB,PLS=0,Temp=44.0C/0.0C,TW=1.01ms,App=5.94ms,GD=0.00ms,CPU&GPU=10.47ms,LCnt=1(DR90,LM0),GPU%=0.66,CPU%=0.24(W0.27),CFL=12.19/15.72,ICFLp95=15.00,LD=0,SF=1.00,DpuScale=1.00,LP=0,DVFS=0,Preempt=358,PoseAgeP95=0.00
1789437892.051	91	90	0		456	6.00	10.35	358	44.0	0.66	FPS=91/90,Prd=28ms,Tear=0,Early=0,Stale=0,Stale2/5/10/max=0/0/0/0,VSnc=1,Lat=-4,Fov=0,CPU4/GPU=2/2,1651/456MHz,OC=3F,TA=0/38/0,SP=N/N/N,Mem=2736MHz,Free=3692MB,PLS=0,Temp=44.0C/0.0C,TW=1.01ms,App=6.00ms,GD=0.00ms,CPU&GPU=10.35ms,LCnt=1(DR90,LM0),GPU%=0.66,CPU%=0.21(W0.29),CFL=12.07/16.00,ICFLp95=15.10,LD=0,SF=1.00,DpuScale=1.00,LP=0,DVFS=0,Preempt=358,PoseAgeP95=0.00
1789437893.051	91	90	0		456	5.96	10.32	358	44.0	0.66	FPS=91/90,Prd=28ms,Tear=0,Early=0,Stale=0,Stale2/5/10/max=0/0/0/0,VSnc=1,Lat=-4,Fov=0,CPU4/GPU=2/2,1651/456MHz,OC=3F,TA=0/38/0,SP=N/N/N,Mem=2736MHz,Free=3692MB,PLS=0,Temp=44.0C/0.0C,TW=1.02ms,App=5.96ms,GD=0.00ms,CPU&GPU=10.32ms,LCnt=1(DR90,LM0),GPU%=0.66,CPU%=0.23(W0.32),CFL=12.13/15.69,ICFLp95=14.96,LD=0,SF=1.00,DpuScale=1.00,LP=0,DVFS=0,Preempt=358,PoseAgeP95=0.00
1789437894.051	90	90	0		456	6.03	10.40	354	44.0	0.67	FPS=90/90,Prd=28ms,Tear=0,Early=0,Stale=0,Stale2/5/10/max=0/0/0/0,VSnc=1,Lat=-4,Fov=0,CPU4/GPU=2/2,1651/456MHz,OC=3F,TA=0/38/0,SP=N/N/N,Mem=2736MHz,Free=3692MB,PLS=0,Temp=44.0C/0.0C,TW=1.08ms,App=6.03ms,GD=0.00ms,CPU&GPU=10.40ms,LCnt=1(DR89,LM0),GPU%=0.67,CPU%=0.22(W0.31),CFL=12.04/15.66,ICFLp95=14.98,LD=0,SF=1.00,DpuScale=1.00,LP=0,DVFS=0,Preempt=354,PoseAgeP95=0.00
1789437895.051	90	90	0		456	5.92	10.40	360	44.0	0.67	FPS=90/90,Prd=28ms,Tear=0,Early=0,Stale=0,Stale2/5/10/max=0/0/0/0,VSnc=1,Lat=-4,Fov=0,CPU4/GPU=2/2,1651/456MHz,OC=3F,TA=0/38/0,SP=N/N/N,Mem=2736MHz,Free=3692MB,PLS=0,Temp=44.0C/0.0C,TW=1.01ms,App=5.92ms,GD=0.00ms,CPU&GPU=10.40ms,LCnt=1(DR91,LM0),GPU%=0.67,CPU%=0.25(W0.33),CFL=12.18/16.11,ICFLp95=15.22,LD=0,SF=1.00,DpuScale=1.00,LP=0,DVFS=0,Preempt=360,PoseAgeP95=0.00
1789437896.072	90	90	0		456	5.95	10.27	358	44.0	0.66	FPS=90/90,Prd=28ms,Tear=0,Early=0,Stale=0,Stale2/5/10/max=0/0/0/0,VSnc=1,Lat=-4,Fov=0,CPU4/GPU=2/2,1651/456MHz,OC=3F,TA=0/38/0,SP=N/N/N,Mem=2736MHz,Free=3690MB,PLS=0,Temp=44.0C/0.0C,TW=1.01ms,App=5.95ms,GD=0.00ms,CPU&GPU=10.27ms,LCnt=1(DR90,LM0),GPU%=0.66,CPU%=0.22(W0.34),CFL=12.10/15.94,ICFLp95=15.17,LD=0,SF=1.00,DpuScale=1.00,LP=0,DVFS=0,Preempt=358,PoseAgeP95=0.00
1789437897.051	91	90	0		456	5.93	10.52	358	44.0	0.66	FPS=91/90,Prd=28ms,Tear=0,Early=0,Stale=0,Stale2/5/10/max=0/0/0/0,VSnc=1,Lat=-4,Fov=0,CPU4/GPU=2/2,1651/456MHz,OC=3F,TA=0/38/0,SP=N/N/N,Mem=2736MHz,Free=3690MB,PLS=0,Temp=44.0C/0.0C,TW=1.01ms,App=5.93ms,GD=0.00ms,CPU&GPU=10.52ms,LCnt=1(DR90,LM0),GPU%=0.66,CPU%=0.20(W0.23),CFL=12.24/15.72,ICFLp95=14.98,LD=0,SF=1.00,DpuScale=1.00,LP=0,DVFS=0,Preempt=358,PoseAgeP95=0.00
1789437898.051	91	90	0		456	5.95	10.81	362	44.0	0.66	FPS=91/90,Prd=28ms,Tear=0,Early=0,Stale=0,Stale2/5/10/max=0/0/0/0,VSnc=1,Lat=-4,Fov=0,CPU4/GPU=2/2,1651/456MHz,OC=3F,TA=0/38/0,SP=N/N/N,Mem=2736MHz,Free=3690MB,PLS=0,Temp=44.0C/0.0C,TW=1.01ms,App=5.95ms,GD=0.00ms,CPU&GPU=10.81ms,LCnt=1(DR91,LM0),GPU%=0.66,CPU%=0.20(W0.30),CFL=12.07/15.73,ICFLp95=14.99,LD=0,SF=1.00,DpuScale=1.00,LP=0,DVFS=0,Preempt=362,PoseAgeP95=0.00
1789437899.051	90	90	0		456	5.93	10.26	360	44.0	0.66	FPS=90/90,Prd=28ms,Tear=0,Early=0,Stale=0,Stale2/5/10/max=0/0/0/0,VSnc=1,Lat=-4,Fov=0,CPU4/GPU=2/2,1651/456MHz,OC=3F,TA=0/38/0,SP=N/N/N,Mem=2736MHz,Free=3690MB,PLS=0,Temp=44.0C/0.0C,TW=1.01ms,App=5.93ms,GD=0.00ms,CPU&GPU=10.26ms,LCnt=1(DR90,LM0),GPU%=0.66,CPU%=0.22(W0.33),CFL=12.17/15.65,ICFLp95=14.90,LD=0,SF=1.00,DpuScale=1.00,LP=0,DVFS=0,Preempt=360,PoseAgeP95=0.00
1789437900.052	90	90	0		456	5.96	10.36	358	44.0	0.66	FPS=90/90,Prd=28ms,Tear=0,Early=0,Stale=0,Stale2/5/10/max=0/0/0/0,VSnc=1,Lat=-4,Fov=0,CPU4/GPU=2/2,1651/456MHz,OC=3F,TA=0/38/0,SP=N/N/N,Mem=2736MHz,Free=3690MB,PLS=0,Temp=44.0C/0.0C,TW=1.02ms,App=5.96ms,GD=0.00ms,CPU&GPU=10.36ms,LCnt=1(DR90,LM0),GPU%=0.66,CPU%=0.20(W0.25),CFL=12.13/15.79,ICFLp95=15.07,LD=0,SF=1.00,DpuScale=1.00,LP=0,DVFS=0,Preempt=358,PoseAgeP95=0.00
1789437901.052	90	90	0		456	5.99	10.94	360	44.0	0.66	FPS=90/90,Prd=28ms,Tear=0,Early=0,Stale=0,Stale2/5/10/max=0/0/0/0,VSnc=1,Lat=-4,Fov=0,CPU4/GPU=2/2,1382/456MHz,OC=3F,TA=0/38/0,SP=N/N/N,Mem=2092MHz,Free=3690MB,PLS=0,Temp=44.0C/0.0C,TW=1.02ms,App=5.99ms,GD=0.00ms,CPU&GPU=10.94ms,LCnt=1(DR90,LM0),GPU%=0.66,CPU%=0.21(W0.23),CFL=12.09/15.75,ICFLp95=15.00,LD=0,SF=1.00,DpuScale=1.00,LP=0,DVFS=0,Preempt=360,PoseAgeP95=0.00
1789437902.052	90	90	0		456	5.91	10.09	362	44.0	0.67	FPS=90/90,Prd=28ms,Tear=0,Early=0,Stale=0,Stale2/5/10/max=0/0/0/0,VSnc=1,Lat=-4,Fov=0,CPU4/GPU=2/2,1382/456MHz,OC=3F,TA=0/38/0,SP=N/N/N,Mem=2092MHz,Free=3690MB,PLS=0,Temp=44.0C/0.0C,TW=1.01ms,App=5.91ms,GD=0.00ms,CPU&GPU=10.09ms,LCnt=1(DR91,LM0),GPU%=0.67,CPU%=0.25(W0.34),CFL=12.10/15.72,ICFLp95=14.98,LD=0,SF=1.00,DpuScale=1.00,LP=0,DVFS=0,Preempt=362,PoseAgeP95=0.00
1789437903.052	91	90	0		456	5.94	10.21	360	44.0	0.67	FPS=91/90,Prd=28ms,Tear=0,Early=0,Stale=0,Stale2/5/10/max=0/0/0/0,VSnc=1,Lat=-4,Fov=0,CPU4/GPU=2/2,1382/456MHz,OC=3F,TA=0/38/0,SP=N/N/N,Mem=2092MHz,Free=3690MB,PLS=0,Temp=44.0C/0.0C,TW=1.01ms,App=5.94ms,GD=0.00ms,CPU&GPU=10.21ms,LCnt=1(DR90,LM0),GPU%=0.67,CPU%=0.22(W0.31),CFL=12.15/15.95,ICFLp95=15.08,LD=0,SF=1.00,DpuScale=1.00,LP=0,DVFS=0,Preempt=360,PoseAgeP95=0.00
1789437904.052	90	90	0		456	5.94	10.02	359	44.0	0.66	FPS=90/90,Prd=28ms,Tear=0,Early=0,Stale=0,Stale2/5/10/max=0/0/0/0,VSnc=1,Lat=-4,Fov=0,CPU4/GPU=2/2,1382/456MHz,OC=3F,TA=0/38/0,SP=N/N/N,Mem=2092MHz,Free=3690MB,PLS=0,Temp=44.0C/0.0C,TW=1.02ms,App=5.94ms,GD=0.00ms,CPU&GPU=10.02ms,LCnt=1(DR90,LM0),GPU%=0.66,CPU%=0.23(W0.31),CFL=12.21/15.64,ICFLp95=14.92,LD=0,SF=1.00,DpuScale=1.00,LP=0,DVFS=0,Preempt=359,PoseAgeP95=0.00
1789437905.052	90	90	0		456	5.96	10.35	357	44.0	0.66	FPS=90/90,Prd=28ms,Tear=0,Early=0,Stale=0,Stale2/5/10/max=0/0/0/0,VSnc=1,Lat=-4,Fov=0,CPU4/GPU=2/2,1382/456MHz,OC=3F,TA=0/38/0,SP=N/N/N,Mem=2092MHz,Free=3690MB,PLS=0,Temp=44.0C/0.0C,TW=1.02ms,App=5.96ms,GD=0.00ms,CPU&GPU=10.35ms,LCnt=1(DR90,LM0),GPU%=0.66,CPU%=0.21(W0.28),CFL=12.12/15.65,ICFLp95=14.88,LD=0,SF=1.00,DpuScale=1.00,LP=0,DVFS=0,Preempt=357,PoseAgeP95=0.00
1789437906.052	91	90	0		456	5.96	10.25	360	44.0	0.66	FPS=91/90,Prd=28ms,Tear=0,Early=0,Stale=0,Stale2/5/10/max=0/0/0/0,VSnc=1,Lat=-4,Fov=0,CPU4/GPU=2/2,1382/456MHz,OC=3F,TA=0/38/0,SP=N/N/N,Mem=2092MHz,Free=3690MB,PLS=0,Temp=44.0C/0.0C,TW=1.02ms,App=5.96ms,GD=0.00ms,CPU&GPU=10.25ms,LCnt=1(DR90,LM0),GPU%=0.66,CPU%=0.21(W0.33),CFL=11.99/15.74,ICFLp95=14.95,LD=0,SF=1.00,DpuScale=1.00,LP=0,DVFS=0,Preempt=360,PoseAgeP95=0.00
1789437907.052	91	90	0		456	5.94	10.27	358	44.0	0.66	FPS=91/90,Prd=28ms,Tear=0,Early=0,Stale=0,Stale2/5/10/max=0/0/0/0,VSnc=1,Lat=-4,Fov=0,CPU4/GPU=2/2,1382/456MHz,OC=3F,TA=0/38/0,SP=N/N/N,Mem=2092MHz,Free=3690MB,PLS=0,Temp=44.0C/0.0C,TW=1.01ms,App=5.94ms,GD=0.00ms,CPU&GPU=10.27ms,LCnt=1(DR90,LM0),GPU%=0.66,CPU%=0.23(W0.32),CFL=12.13/15.75,ICFLp95=14.93,LD=0,SF=1.00,DpuScale=1.00,LP=0,DVFS=0,Preempt=358,PoseAgeP95=0.00
1789437908.052	90	90	0		456	5.91	10.49	358	44.0	0.66	FPS=90/90,Prd=28ms,Tear=0,Early=0,Stale=0,Stale2/5/10/max=0/0/0/0,VSnc=1,Lat=-4,Fov=0,CPU4/GPU=2/2,1382/456MHz,OC=3F,TA=0/38/0,SP=N/N/N,Mem=2092MHz,Free=3690MB,PLS=0,Temp=44.0C/0.0C,TW=1.02ms,App=5.91ms,GD=0.00ms,CPU&GPU=10.49ms,LCnt=1(DR90,LM0),GPU%=0.66,CPU%=0.21(W0.34),CFL=12.05/15.84,ICFLp95=15.02,LD=0,SF=1.00,DpuScale=1.00,LP=0,DVFS=0,Preempt=358,PoseAgeP95=0.00
1789437909.052	91	90	0		456	5.97	10.36	362	44.0	0.66	FPS=91/90,Prd=28ms,Tear=0,Early=0,Stale=0,Stale2/5/10/max=0/0/0/0,VSnc=1,Lat=-4,Fov=0,CPU4/GPU=2/2,1382/456MHz,OC=3F,TA=0/38/0,SP=N/N/N,Mem=2092MHz,Free=3690MB,PLS=0,Temp=44.0C/0.0C,TW=1.01ms,App=5.97ms,GD=0.00ms,CPU&GPU=10.36ms,LCnt=1(DR91,LM0),GPU%=0.66,CPU%=0.20(W0.33),CFL=12.01/15.76,ICFLp95=14.95,LD=0,SF=1.00,DpuScale=1.00,LP=0,DVFS=0,Preempt=362,PoseAgeP95=0.00
1789437910.052	91	90	0		456	5.96	10.15	358	44.0	0.66	FPS=91/90,Prd=28ms,Tear=0,Early=0,Stale=0,Stale2/5/10/max=0/0/0/0,VSnc=1,Lat=-4,Fov=0,CPU4/GPU=2/2,1382/456MHz,OC=3F,TA=0/38/0,SP=N/N/N,Mem=2092MHz,Free=3690MB,PLS=0,Temp=44.0C/0.0C,TW=1.02ms,App=5.96ms,GD=0.00ms,CPU&GPU=10.15ms,LCnt=1(DR90,LM0),GPU%=0.66,CPU%=0.24(W0.27),CFL=12.15/16.03,ICFLp95=15.08,LD=0,SF=1.00,DpuScale=1.00,LP=0,DVFS=0,Preempt=358,PoseAgeP95=0.00
1789437911.052	91	90	0		456	6.04	10.14	358	44.0	0.66	FPS=91/90,Prd=28ms,Tear=0,Early=0,Stale=0,Stale2/5/10/max=0/0/0/0,VSnc=1,Lat=-4,Fov=0,CPU4/GPU=2/2,1651/456MHz,OC=3F,TA=0/38/0,SP=N/N/N,Mem=2092MHz,Free=3690MB,PLS=0,Temp=44.0C/0.0C,TW=1.03ms,App=6.04ms,GD=0.00ms,CPU&GPU=10.14ms,LCnt=1(DR90,LM0),GPU%=0.66,CPU%=0.21(W0.29),CFL=12.16/16.04,ICFLp95=15.08,LD=0,SF=1.00,DpuScale=1.00,LP=0,DVFS=0,Preempt=358,PoseAgeP95=0.00
1789437912.052	91	90	0		456	6.01	10.28	360	44.0	0.67	FPS=91/90,Prd=28ms,Tear=0,Early=0,Stale=0,Stale2/5/10/max=0/0/0/0,VSnc=1,Lat=-4,Fov=0,CPU4/GPU=2/2,1651/456MHz,OC=3F,TA=0/38/0,SP=N/N/N,Mem=2092MHz,Free=3690MB,PLS=0,Temp=44.0C/0.0C,TW=1.02ms,App=6.01ms,GD=0.00ms,CPU&GPU=10.28ms,LCnt=1(DR90,LM0),GPU%=0.67,CPU%=0.21(W0.33),CFL=12.12/15.69,ICFLp95=14.96,LD=0,SF=1.00,DpuScale=1.00,LP=0,DVFS=0,Preempt=360,PoseAgeP95=0.00
1789437913.052	90	90	0		456	5.95	10.14	358	44.0	0.66	FPS=90/90,Prd=28ms,Tear=0,Early=0,Stale=0,Stale2/5/10/max=0/0/0/0,VSnc=1,Lat=-4,Fov=0,CPU4/GPU=2/2,1651/456MHz,OC=3F,TA=0/38/0,SP=N/N/N,Mem=2092MHz,Free=3690MB,PLS=0,Temp=44.0C/0.0C,TW=1.02ms,App=5.95ms,GD=0.00ms,CPU&GPU=10.14ms,LCnt=1(DR90,LM0),GPU%=0.66,CPU%=0.21(W0.23),CFL=12.17/15.78,ICFLp95=14.95,LD=0,SF=1.00,DpuScale=1.00,LP=0,DVFS=0,Preempt=358,PoseAgeP95=0.00
1789437914.053	91	90	0		456	5.91	10.53	360	44.0	0.66	FPS=91/90,Prd=28ms,Tear=0,Early=0,Stale=0,Stale2/5/10/max=0/0/0/0,VSnc=1,Lat=-4,Fov=0,CPU4/GPU=2/2,1651/456MHz,OC=3F,TA=0/38/0,SP=N/N/N,Mem=2092MHz,Free=3690MB,PLS=0,Temp=44.0C/0.0C,TW=1.02ms,App=5.91ms,GD=0.00ms,CPU&GPU=10.53ms,LCnt=1(DR90,LM0),GPU%=0.66,CPU%=0.22(W0.35),CFL=12.04/15.75,ICFLp95=15.07,LD=0,SF=1.00,DpuScale=1.00,LP=0,DVFS=0,Preempt=360,PoseAgeP95=0.00
1789437915.053	90	90	0		456	5.95	10.25	358	44.0	0.67	FPS=90/90,Prd=28ms,Tear=0,Early=0,Stale=0,Stale2/5/10/max=0/0/0/0,VSnc=1,Lat=-4,Fov=0,CPU4/GPU=2/2,1651/456MHz,OC=3F,TA=0/38/0,SP=N/N/N,Mem=2092MHz,Free=3690MB,PLS=0,Temp=44.0C/0.0C,TW=1.09ms,App=5.95ms,GD=0.00ms,CPU&GPU=10.25ms,LCnt=1(DR90,LM0),GPU%=0.67,CPU%=0.20(W0.41),CFL=12.14/15.93,ICFLp95=14.97,LD=0,SF=1.00,DpuScale=1.00,LP=0,DVFS=0,Preempt=358,PoseAgeP95=0.00
1789437916.074	91	90	0		456	6.11	11.11	364	44.0	0.68	FPS=91/90,Prd=28ms,Tear=1,Early=0,Stale=0,Stale2/5/10/max=0/0/0/0,VSnc=1,Lat=-4,Fov=0,CPU4/GPU=2/2,1651/456MHz,OC=3F,TA=0/38/0,SP=N/N/N,Mem=2092MHz,Free=3687MB,PLS=0,Temp=44.0C/0.0C,TW=1.01ms,App=6.11ms,GD=0.00ms,CPU&GPU=11.11ms,LCnt=1(DR91,LM0),GPU%=0.68,CPU%=0.24(W0.28),CFL=12.14/15.98,ICFLp95=15.09,LD=0,SF=1.00,DpuScale=1.00,LP=0,DVFS=0,Preempt=364,PoseAgeP95=0.00
1789437917.053	90	90	0		456	5.97	10.57	360	44.0	0.67	FPS=90/90,Prd=28ms,Tear=0,Early=0,Stale=0,Stale2/5/10/max=0/0/0/0,VSnc=1,Lat=-4,Fov=0,CPU4/GPU=2/2,1651/456MHz,OC=3F,TA=0/38/0,SP=N/N/N,Mem=2092MHz,Free=3687MB,PLS=0,Temp=44.0C/0.0C,TW=1.03ms,App=5.97ms,GD=0.00ms,CPU&GPU=10.57ms,LCnt=1(DR90,LM0),GPU%=0.67,CPU%=0.22(W0.24),CFL=12.37/15.77,ICFLp95=15.06,LD=0,SF=1.00,DpuScale=1.00,LP=0,DVFS=0,Preempt=360,PoseAgeP95=0.00
1789437918.053	91	90	0		456	5.94	10.53	358	44.0	0.67	FPS=91/90,Prd=28ms,Tear=0,Early=0,Stale=0,Stale2/5/10/max=0/0/0/0,VSnc=1,Lat=-4,Fov=0,CPU4/GPU=2/2,1651/456MHz,OC=3F,TA=0/38/0,SP=N/N/N,Mem=2092MHz,Free=3687MB,PLS=0,Temp=44.0C/0.0C,TW=1.02ms,App=5.94ms,GD=0.00ms,CPU&GPU=10.53ms,LCnt=1(DR90,LM0),GPU%=0.67,CPU%=0.23(W0.36),CFL=12.20/15.68,ICFLp95=14.96,LD=0,SF=1.00,DpuScale=1.00,LP=0,DVFS=0,Preempt=358,PoseAgeP95=0.00
1789437919.053	90	90	0		456	6.00	10.68	364	44.0	0.67	FPS=90/90,Prd=28ms,Tear=0,Early=0,Stale=0,Stale2/5/10/max=0/0/0/0,VSnc=1,Lat=-4,Fov=0,CPU4/GPU=2/2,1651/456MHz,OC=3F,TA=0/38/0,SP=N/N/N,Mem=2092MHz,Free=3687MB,PLS=0,Temp=44.0C/0.0C,TW=1.02ms,App=6.00ms,GD=0.00ms,CPU&GPU=10.68ms,LCnt=1(DR91,LM0),GPU%=0.67,CPU%=0.23(W0.37),CFL=12.12/15.82,ICFLp95=14.99,LD=0,SF=1.00,DpuScale=1.00,LP=0,DVFS=0,Preempt=364,PoseAgeP95=0.00
1789437920.053	91	90	0		456	5.92	10.13	358	44.0	0.66	FPS=91/90,Prd=28ms,Tear=0,Early=0,Stale=0,Stale2/5/10/max=0/0/0/0,VSnc=1,Lat=-4,Fov=0,CPU4/GPU=2/2,1651/456MHz,OC=3F,TA=0/38/0,SP=N/N/N,Mem=2092MHz,Free=3687MB,PLS=0,Temp=44.0C/0.0C,TW=1.01ms,App=5.92ms,GD=0.00ms,CPU&GPU=10.13ms,LCnt=1(DR90,LM0),GPU%=0.66,CPU%=0.21(W0.32),CFL=12.13/15.74,ICFLp95=14.97,LD=0,SF=1.00,DpuScale=1.00,LP=0,DVFS=0,Preempt=358,PoseAgeP95=0.00
1789437921.053	90	90	0		456	5.91	10.75	358	44.0	0.66	FPS=90/90,Prd=28ms,Tear=0,Early=0,Stale=0,Stale2/5/10/max=0/0/0/0,VSnc=1,Lat=-4,Fov=0,CPU4/GPU=2/2,1382/456MHz,OC=3F,TA=0/38/0,SP=N/N/N,Mem=2736MHz,Free=3687MB,PLS=0,Temp=44.0C/0.0C,TW=1.02ms,App=5.91ms,GD=0.00ms,CPU&GPU=10.75ms,LCnt=1(DR90,LM0),GPU%=0.66,CPU%=0.22(W0.24),CFL=12.13/15.70,ICFLp95=14.98,LD=0,SF=1.00,DpuScale=1.00,LP=0,DVFS=0,Preempt=358,PoseAgeP95=0.00
1789437922.053	91	90	0		456	6.00	9.99	358	44.0	0.66	FPS=91/90,Prd=28ms,Tear=0,Early=0,Stale=0,Stale2/5/10/max=0/0/0/0,VSnc=1,Lat=-4,Fov=0,CPU4/GPU=2/2,1382/456MHz,OC=3F,TA=0/38/0,SP=N/N/N,Mem=2736MHz,Free=3687MB,PLS=0,Temp=44.0C/0.0C,TW=1.03ms,App=6.00ms,GD=0.00ms,CPU&GPU=9.99ms,LCnt=1(DR90,LM0),GPU%=0.66,CPU%=0.24(W0.29),CFL=12.13/15.97,ICFLp95=15.01,LD=0,SF=1.00,DpuScale=1.00,LP=0,DVFS=0,Preempt=358,PoseAgeP95=0.00
1789437923.053	90	90	0		456	6.00	10.09	358	44.0	0.66	FPS=90/90,Prd=28ms,Tear=0,Early=0,Stale=0,Stale2/5/10/max=0/0/0/0,VSnc=1,Lat=-4,Fov=0,CPU4/GPU=2/2,1382/456MHz,OC=3F,TA=0/38/0,SP=N/N/N,Mem=2736MHz,Free=3687MB,PLS=0,Temp=44.0C/0.0C,TW=1.00ms,App=6.00ms,GD=0.00ms,CPU&GPU=10.09ms,LCnt=1(DR90,LM0),GPU%=0.66,CPU%=0.23(W0.29),CFL=12.10/15.76,ICFLp95=14.97,LD=0,SF=1.00,DpuScale=1.00,LP=0,DVFS=0,Preempt=358,PoseAgeP95=0.00
1789437924.053	91	90	0		456	5.98	10.53	358	44.0	0.66	FPS=91/90,Prd=28ms,Tear=1,Early=0,Stale=0,Stale2/5/10/max=0/0/0/0,VSnc=1,Lat=-4,Fov=0,CPU4/GPU=2/2,1382/456MHz,OC=3F,TA=0/38/0,SP=N/N/N,Mem=2736MHz,Free=3687MB,PLS=0,Temp=44.0C/0.0C,TW=1.01ms,App=5.98ms,GD=0.00ms,CPU&GPU=10.53ms,LCnt=1(DR90,LM0),GPU%=0.66,CPU%=0.25(W0.31),CFL=12.15/15.67,ICFLp95=14.92,LD=0,SF=1.00,DpuScale=1.00,LP=0,DVFS=0,Preempt=358,PoseAgeP95=0.00
1789437925.053	90	90	0		456	5.93	10.40	358	44.0	0.66	FPS=90/90,Prd=28ms,Tear=0,Early=0,Stale=0,Stale2/5/10/max=0/0/0/0,VSnc=1,Lat=-4,Fov=0,CPU4/GPU=2/2,1382/456MHz,OC=3F,TA=0/38/0,SP=N/N/N,Mem=2736MHz,Free=3687MB,PLS=0,Temp=44.0C/0.0C,TW=1.02ms,App=5.93ms,GD=0.00ms,CPU&GPU=10.40ms,LCnt=1(DR90,LM0),GPU%=0.66,CPU%=0.23(W0.34),CFL=12.11/15.63,ICFLp95=14.91,LD=0,SF=1.00,DpuScale=1.00,LP=0,DVFS=0,Preempt=358,PoseAgeP95=0.00
1789437926.053	91	90	0		456	5.92	10.32	358	44.0	0.66	FPS=91/90,Prd=28ms,Tear=0,Early=0,Stale=0,Stale2/5/10/max=0/0/0/0,VSnc=1,Lat=-4,Fov=0,CPU4/GPU=2/2,1382/456MHz,OC=3F,TA=0/38/0,SP=N/N/N,Mem=2736MHz,Free=3687MB,PLS=0,Temp=44.0C/0.0C,TW=1.01ms,App=5.92ms,GD=0.00ms,CPU&GPU=10.32ms,LCnt=1(DR90,LM0),GPU%=0.66,CPU%=0.22(W0.26),CFL=12.07/15.90,ICFLp95=14.99,LD=0,SF=1.00,DpuScale=1.00,LP=0,DVFS=0,Preempt=358,PoseAgeP95=0.00
1789437927.053	90	90	0		456	5.93	10.35	360	44.0	0.66	FPS=90/90,Prd=28ms,Tear=0,Early=0,Stale=0,Stale2/5/10/max=0/0/0/0,VSnc=1,Lat=-4,Fov=0,CPU4/GPU=2/2,1382/456MHz,OC=3F,TA=0/38/0,SP=N/N/N,Mem=2736MHz,Free=3687MB,PLS=0,Temp=44.0C/0.0C,TW=1.03ms,App=5.93ms,GD=0.00ms,CPU&GPU=10.35ms,LCnt=1(DR90,LM0),GPU%=0.66,CPU%=0.24(W0.28),CFL=12.07/15.82,ICFLp95=15.06,LD=0,SF=1.00,DpuScale=1.00,LP=0,DVFS=0,Preempt=360,PoseAgeP95=0.00
1789437928.054	91	90	0		456	5.92	10.46	358	44.0	0.66	FPS=91/90,Prd=28ms,Tear=0,Early=0,Stale=0,Stale2/5/10/max=0/0/0/0,VSnc=1,Lat=-4,Fov=0,CPU4/GPU=2/2,1382/456MHz,OC=3F,TA=0/38/0,SP=N/N/N,Mem=2736MHz,Free=3687MB,PLS=0,Temp=44.0C/0.0C,TW=1.02ms,App=5.92ms,GD=0.00ms,CPU&GPU=10.46ms,LCnt=1(DR90,LM0),GPU%=0.66,CPU%=0.25(W0.38),CFL=12.03/15.87,ICFLp95=15.03,LD=0,SF=1.00,DpuScale=1.00,LP=0,DVFS=0,Preempt=358,PoseAgeP95=0.00
1789437929.054	90	90	0		456	5.96	10.35	358	44.0	0.66	FPS=90/90,Prd=28ms,Tear=0,Early=0,Stale=0,Stale2/5/10/max=0/0/0/0,VSnc=1,Lat=-4,Fov=0,CPU4/GPU=2/2,1382/456MHz,OC=3F,TA=0/38/0,SP=N/N/N,Mem=2736MHz,Free=3687MB,PLS=0,Temp=44.0C/0.0C,TW=1.02ms,App=5.96ms,GD=0.00ms,CPU&GPU=10.35ms,LCnt=1(DR90,LM0),GPU%=0.66,CPU%=0.21(W0.27),CFL=12.13/15.74,ICFLp95=15.04,LD=0,SF=1.00,DpuScale=1.00,LP=0,DVFS=0,Preempt=358,PoseAgeP95=0.00
1789437930.054	90	90	0		456	5.94	10.34	362	44.0	0.66	FPS=90/90,Prd=28ms,Tear=0,Early=0,Stale=0,Stale2/5/10/max=0/0/0/0,VSnc=1,Lat=-4,Fov=0,CPU4/GPU=2/2,1382/456MHz,OC=3F,TA=0/38/0,SP=N/N/N,Mem=2736MHz,Free=3687MB,PLS=0,Temp=44.0C/0.0C,TW=1.02ms,App=5.94ms,GD=0.00ms,CPU&GPU=10.34ms,LCnt=1(DR91,LM0),GPU%=0.66,CPU%=0.24(W0.31),CFL=12.13/16.01,ICFLp95=15.06,LD=0,SF=1.00,DpuScale=1.00,LP=0,DVFS=0,Preempt=362,PoseAgeP95=0.00
1789437931.054	91	90	0		456	5.89	10.32	358	44.0	0.66	FPS=91/90,Prd=28ms,Tear=0,Early=0,Stale=0,Stale2/5/10/max=0/0/0/0,VSnc=1,Lat=-4,Fov=0,CPU4/GPU=2/2,1382/456MHz,OC=3F,TA=0/38/0,SP=N/N/N,Mem=1555MHz,Free=3687MB,PLS=0,Temp=44.0C/0.0C,TW=1.02ms,App=5.89ms,GD=0.00ms,CPU&GPU=10.32ms,LCnt=1(DR90,LM0),GPU%=0.66,CPU%=0.22(W0.30),CFL=12.14/15.62,ICFLp95=14.94,LD=0,SF=1.00,DpuScale=1.00,LP=0,DVFS=0,Preempt=358,PoseAgeP95=0.00
1789437932.054	90	90	0		456	5.99	10.32	358	44.0	0.66	FPS=90/90,Prd=28ms,Tear=0,Early=0,Stale=0,Stale2/5/10/max=0/0/0/0,VSnc=1,Lat=-4,Fov=0,CPU4/GPU=2/2,1382/456MHz,OC=3F,TA=0/38/0,SP=N/N/N,Mem=1555MHz,Free=3687MB,PLS=0,Temp=44.0C/0.0C,TW=1.02ms,App=5.99ms,GD=0.00ms,CPU&GPU=10.32ms,LCnt=1(DR90,LM0),GPU%=0.66,CPU%=0.22(W0.31),CFL=12.10/15.85,ICFLp95=15.14,LD=0,SF=1.00,DpuScale=1.00,LP=0,DVFS=0,Preempt=358,PoseAgeP95=0.00
1789437933.054	91	90	0		456	5.91	10.63	360	44.0	0.66	FPS=91/90,Prd=28ms,Tear=0,Early=0,Stale=0,Stale2/5/10/max=0/0/0/0,VSnc=1,Lat=-4,Fov=0,CPU4/GPU=2/2,1382/456MHz,OC=3F,TA=0/38/0,SP=N/N/N,Mem=1555MHz,Free=3687MB,PLS=0,Temp=44.0C/0.0C,TW=1.02ms,App=5.91ms,GD=0.00ms,CPU&GPU=10.63ms,LCnt=1(DR90,LM0),GPU%=0.66,CPU%=0.24(W0.38),CFL=12.11/15.99,ICFLp95=15.05,LD=0,SF=1.00,DpuScale=1.00,LP=0,DVFS=0,Preempt=360,PoseAgeP95=0.00
1789437934.054	91	90	0		456	5.94	10.38	363	44.0	0.66	FPS=91/90,Prd=28ms,Tear=0,Early=0,Stale=0,Stale2/5/10/max=0/0/0/0,VSnc=1,Lat=-4,Fov=0,CPU4/GPU=2/2,1382/456MHz,OC=3F,TA=0/38/0,SP=N/N/N,Mem=1555MHz,Free=3687MB,PLS=0,Temp=44.0C/0.0C,TW=1.02ms,App=5.94ms,GD=0.00ms,CPU&GPU=10.38ms,LCnt=1(DR91,LM0),GPU%=0.66,CPU%=0.23(W0.36),CFL=12.02/15.81,ICFLp95=15.05,LD=0,SF=1.00,DpuScale=1.00,LP=0,DVFS=0,Preempt=363,PoseAgeP95=0.00
1789437935.054	90	90	0		456	5.94	10.10	357	44.0	0.66	FPS=90/90,Prd=28ms,Tear=0,Early=0,Stale=0,Stale2/5/10/max=0/0/0/0,VSnc=1,Lat=-4,Fov=0,CPU4/GPU=2/2,1382/456MHz,OC=3F,TA=0/38/0,SP=N/N/N,Mem=1555MHz,Free=3687MB,PLS=0,Temp=44.0C/0.0C,TW=1.02ms,App=5.94ms,GD=0.00ms,CPU&GPU=10.10ms,LCnt=1(DR90,LM0),GPU%=0.66,CPU%=0.23(W0.31),CFL=12.07/15.69,ICFLp95=14.97,LD=0,SF=1.00,DpuScale=1.00,LP=0,DVFS=0,Preempt=357,PoseAgeP95=0.00
1789437936.078	90	90	0		456	5.98	10.10	360	44.0	0.66	FPS=90/90,Prd=28ms,Tear=0,Early=0,Stale=0,Stale2/5/10/max=0/0/0/0,VSnc=1,Lat=-4,Fov=0,CPU4/GPU=2/2,1382/456MHz,OC=3F,TA=0/38/0,SP=N/N/N,Mem=1555MHz,Free=3537MB,PLS=0,Temp=44.0C/0.0C,TW=1.04ms,App=5.98ms,GD=0.00ms,CPU&GPU=10.10ms,LCnt=1(DR90,LM0),GPU%=0.66,CPU%=0.24(W0.35),CFL=12.12/15.69,ICFLp95=15.00,LD=0,SF=1.00,DpuScale=1.00,LP=0,DVFS=0,Preempt=360,PoseAgeP95=0.00
1789437937.054	91	90	0		456	6.06	10.44	360	44.0	0.67	FPS=91/90,Prd=28ms,Tear=0,Early=0,Stale=0,Stale2/5/10/max=0/0/0/0,VSnc=1,Lat=-4,Fov=0,CPU4/GPU=2/2,1382/456MHz,OC=3F,TA=0/38/0,SP=N/N/N,Mem=1555MHz,Free=3537MB,PLS=0,Temp=44.0C/0.0C,TW=1.08ms,App=6.06ms,GD=0.00ms,CPU&GPU=10.44ms,LCnt=1(DR90,LM0),GPU%=0.67,CPU%=0.23(W0.26),CFL=11.99/15.92,ICFLp95=15.08,LD=0,SF=1.00,DpuScale=1.00,LP=0,DVFS=0,Preempt=360,PoseAgeP95=0.00
1789437938.054	91	90	0		456	6.14	11.26	362	44.0	0.69	FPS=91/90,Prd=28ms,Tear=2,Early=0,Stale=0,Stale2/5/10/max=0/0/0/0,VSnc=1,Lat=-4,Fov=0,CPU4/GPU=2/2,1382/456MHz,OC=3F,TA=0/38/0,SP=N/N/N,Mem=1555MHz,Free=3537MB,PLS=0,Temp=44.0C/0.0C,TW=1.01ms,App=6.14ms,GD=0.00ms,CPU&GPU=11.26ms,LCnt=1(DR91,LM0),GPU%=0.69,CPU%=0.22(W0.30),CFL=12.17/16.19,ICFLp95=15.25,LD=0,SF=1.00,DpuScale=1.00,LP=0,DVFS=0,Preempt=362,PoseAgeP95=0.00
1789437939.054	90	90	0		456	5.96	10.74	358	44.0	0.68	FPS=90/90,Prd=29ms,Tear=0,Early=0,Stale=0,Stale2/5/10/max=0/0/0/0,VSnc=1,Lat=-4,Fov=0,CPU4/GPU=2/2,1382/456MHz,OC=3F,TA=0/38/0,SP=N/N/N,Mem=1555MHz,Free=3537MB,PLS=0,Temp=44.0C/0.0C,TW=1.01ms,App=5.96ms,GD=0.00ms,CPU&GPU=10.74ms,LCnt=1(DR90,LM0),GPU%=0.68,CPU%=0.22(W0.29),CFL=12.45/15.79,ICFLp95=15.08,LD=0,SF=1.00,DpuScale=1.00,LP=0,DVFS=0,Preempt=358,PoseAgeP95=0.00
1789437940.055	90	90	0		456	5.93	10.35	358	44.0	0.67	FPS=90/90,Prd=28ms,Tear=0,Early=0,Stale=0,Stale2/5/10/max=0/0/0/0,VSnc=1,Lat=-4,Fov=0,CPU4/GPU=2/2,1382/456MHz,OC=3F,TA=0/38/0,SP=N/N/N,Mem=1555MHz,Free=3537MB,PLS=0,Temp=44.0C/0.0C,TW=1.01ms,App=5.93ms,GD=0.00ms,CPU&GPU=10.35ms,LCnt=1(DR90,LM0),GPU%=0.67,CPU%=0.22(W0.38),CFL=12.23/15.75,ICFLp95=15.03,LD=0,SF=1.00,DpuScale=1.00,LP=0,DVFS=0,Preempt=358,PoseAgeP95=0.00
1789437941.055	90	90	0		456	5.92	10.47	358	44.0	0.66	FPS=90/90,Prd=28ms,Tear=0,Early=0,Stale=0,Stale2/5/10/max=0/0/0/0,VSnc=1,Lat=-4,Fov=0,CPU4/GPU=2/2,1516/456MHz,OC=3F,TA=0/38/0,SP=N/N/N,Mem=1708MHz,Free=3537MB,PLS=0,Temp=44.0C/0.0C,TW=1.02ms,App=5.92ms,GD=0.00ms,CPU&GPU=10.47ms,LCnt=1(DR90,LM0),GPU%=0.66,CPU%=0.21(W0.33),CFL=12.15/15.80,ICFLp95=15.02,LD=0,SF=1.00,DpuScale=1.00,LP=0,DVFS=0,Preempt=358,PoseAgeP95=0.00
1789437942.055	90	90	0		456	5.94	10.63	360	44.0	0.66	FPS=90/90,Prd=28ms,Tear=0,Early=0,Stale=0,Stale2/5/10/max=0/0/0/0,VSnc=1,Lat=-4,Fov=0,CPU4/GPU=2/2,1516/456MHz,OC=3F,TA=0/38/0,SP=N/N/N,Mem=1708MHz,Free=3537MB,PLS=0,Temp=44.0C/0.0C,TW=1.01ms,App=5.94ms,GD=0.00ms,CPU&GPU=10.63ms,LCnt=1(DR90,LM0),GPU%=0.66,CPU%=0.23(W0.30),CFL=12.10/15.72,ICFLp95=14.99,LD=0,SF=1.00,DpuScale=1.00,LP=0,DVFS=0,Preempt=360,PoseAgeP95=0.00
1789437943.055	91	90	0		456	5.97	10.50	358	44.0	0.66	FPS=91/90,Prd=28ms,Tear=0,Early=0,Stale=0,Stale2/5/10/max=0/0/0/0,VSnc=1,Lat=-4,Fov=0,CPU4/GPU=2/2,1516/456MHz,OC=3F,TA=0/38/0,SP=N/N/N,Mem=1708MHz,Free=3537MB,PLS=0,Temp=44.0C/0.0C,TW=1.02ms,App=5.97ms,GD=0.00ms,CPU&GPU=10.50ms,LCnt=1(DR90,LM0),GPU%=0.66,CPU%=0.20(W0.28),CFL=12.06/15.67,ICFLp95=14.97,LD=0,SF=1.00,DpuScale=1.00,LP=0,DVFS=0,Preempt=358,PoseAgeP95=0.00
1789437944.055	91	90	0		456	5.94	10.81	358	44.0	0.66	FPS=91/90,Prd=28ms,Tear=0,Early=0,Stale=0,Stale2/5/10/max=0/0/0/0,VSnc=1,Lat=-4,Fov=0,CPU4/GPU=2/2,1516/456MHz,OC=3F,TA=0/38/0,SP=N/N/N,Mem=1708MHz,Free=3537MB,PLS=0,Temp=44.0C/0.0C,TW=1.02ms,App=5.94ms,GD=0.00ms,CPU&GPU=10.81ms,LCnt=1(DR90,LM0),GPU%=0.66,CPU%=0.21(W0.26),CFL=12.06/15.86,ICFLp95=15.05,LD=0,SF=1.00,DpuScale=1.00,LP=0,DVFS=0,Preempt=358,PoseAgeP95=0.00
1789437945.055	90	90	0		456	5.97	10.34	364	44.0	0.66	FPS=90/90,Prd=28ms,Tear=0,Early=0,Stale=0,Stale2/5/10/max=0/0/0/0,VSnc=1,Lat=-4,Fov=0,CPU4/GPU=2/2,1516/456MHz,OC=3F,TA=0/38/0,SP=N/N/N,Mem=1708MHz,Free=3537MB,PLS=0,Temp=44.0C/0.0C,TW=1.03ms,App=5.97ms,GD=0.00ms,CPU&GPU=10.34ms,LCnt=1(DR91,LM0),GPU%=0.66,CPU%=0.22(W0.26),CFL=12.07/15.82,ICFLp95=15.00,LD=0,SF=1.00,DpuScale=1.00,LP=0,DVFS=0,Preempt=364,PoseAgeP95=0.00
1789437946.055	90	90	0		456	5.94	10.31	358	44.0	0.67	FPS=90/90,Prd=28ms,Tear=0,Early=0,Stale=0,Stale2/5/10/max=0/0/0/0,VSnc=1,Lat=-4,Fov=0,CPU4/GPU=2/2,1516/456MHz,OC=3F,TA=0/38/0,SP=N/N/N,Mem=1708MHz,Free=3537MB,PLS=0,Temp=44.0C/0.0C,TW=1.01ms,App=5.94ms,GD=0.00ms,CPU&GPU=10.31ms,LCnt=1(DR90,LM0),GPU%=0.67,CPU%=0.22(W0.34),CFL=12.17/15.82,ICFLp95=15.11,LD=0,SF=1.00,DpuScale=1.00,LP=0,DVFS=0,Preempt=358,PoseAgeP95=0.00
1789437947.055	90	90	0		456	5.89	10.38	358	44.0	0.66	FPS=90/90,Prd=28ms,Tear=0,Early=0,Stale=0,Stale2/5/10/max=0/0/0/0,VSnc=1,Lat=-4,Fov=0,CPU4/GPU=2/2,1516/456MHz,OC=3F,TA=0/38/0,SP=N/N/N,Mem=1708MHz,Free=3537MB,PLS=0,Temp=44.0C/0.0C,TW=1.01ms,App=5.89ms,GD=0.00ms,CPU&GPU=10.38ms,LCnt=1(DR90,LM0),GPU%=0.66,CPU%=0.24(W0.36),CFL=12.13/15.83,ICFLp95=15.03,LD=0,SF=1.00,DpuScale=1.00,LP=0,DVFS=0,Preempt=358,PoseAgeP95=0.00
1789437948.055	91	90	0		456	6.00	10.13	360	44.0	0.66	FPS=91/90,Prd=28ms,Tear=0,Early=0,Stale=0,Stale2/5/10/max=0/0/0/0,VSnc=1,Lat=-4,Fov=0,CPU4/GPU=2/2,1516/456MHz,OC=3F,TA=0/38/0,SP=N/N/N,Mem=1708MHz,Free=3537MB,PLS=0,Temp=44.0C/0.0C,TW=1.02ms,App=6.00ms,GD=0.00ms,CPU&GPU=10.13ms,LCnt=1(DR90,LM0),GPU%=0.66,CPU%=0.23(W0.28),CFL=12.04/15.92,ICFLp95=15.08,LD=0,SF=1.00,DpuScale=1.00,LP=0,DVFS=0,Preempt=360,PoseAgeP95=0.00
1789437949.055	90	90	0		456	5.92	10.70	358	44.0	0.66	FPS=90/90,Prd=28ms,Tear=0,Early=0,Stale=0,Stale2/5/10/max=0/0/0/0,VSnc=1,Lat=-4,Fov=0,CPU4/GPU=2/2,1516/456MHz,OC=3F,TA=0/38/0,SP=N/N/N,Mem=1708MHz,Free=3537MB,PLS=0,Temp=44.0C/0.0C,TW=1.01ms,App=5.92ms,GD=0.00ms,CPU&GPU=10.70ms,LCnt=1(DR90,LM0),GPU%=0.66,CPU%=0.20(W0.25),CFL=12.09/15.83,ICFLp95=15.03,LD=0,SF=1.00,DpuScale=1.00,LP=0,DVFS=0,Preempt=358,PoseAgeP95=0.00
1789437950.055	91	90	0		456	5.95	10.54	360	44.0	0.66	FPS=91/90,Prd=28ms,Tear=0,Early=0,Stale=0,Stale2/5/10/max=0/0/0/0,VSnc=1,Lat=-4,Fov=0,CPU4/GPU=2/2,1516/456MHz,OC=3F,TA=0/38/0,SP=N/N/N,Mem=1708MHz,Free=3537MB,PLS=0,Temp=44.0C/0.0C,TW=1.02ms,App=5.95ms,GD=0.00ms,CPU&GPU=10.54ms,LCnt=1(DR90,LM0),GPU%=0.66,CPU%=0.23(W0.25),CFL=12.09/15.93,ICFLp95=15.00,LD=0,SF=1.00,DpuScale=1.00,LP=0,DVFS=0,Preempt=360,PoseAgeP95=0.00
1789437951.055	90	90	0		456	5.93	10.32	362	44.0	0.66	FPS=90/90,Prd=28ms,Tear=0,Early=0,Stale=0,Stale2/5/10/max=0/0/0/0,VSnc=1,Lat=-4,Fov=0,CPU4/GPU=2/2,1382/456MHz,OC=3F,TA=0/38/0,SP=N/N/N,Mem=2736MHz,Free=3537MB,PLS=0,Temp=44.0C/0.0C,TW=1.02ms,App=5.93ms,GD=0.00ms,CPU&GPU=10.32ms,LCnt=1(DR91,LM0),GPU%=0.66,CPU%=0.21(W0.23),CFL=12.14/15.84,ICFLp95=15.12,LD=0,SF=1.00,DpuScale=1.00,LP=0,DVFS=0,Preempt=362,PoseAgeP95=0.00
1789437952.055	90	90	0		456	5.91	10.21	358	44.0	0.66	FPS=90/90,Prd=28ms,Tear=0,Early=0,Stale=0,Stale2/5/10/max=0/0/0/0,VSnc=1,Lat=-4,Fov=0,CPU4/GPU=2/2,1382/456MHz,OC=3F,TA=0/38/0,SP=N/N/N,Mem=2736MHz,Free=3537MB,PLS=0,Temp=44.0C/0.0C,TW=1.02ms,App=5.91ms,GD=0.00ms,CPU&GPU=10.21ms,LCnt=1(DR90,LM0),GPU%=0.66,CPU%=0.22(W0.32),CFL=12.10/16.07,ICFLp95=15.10,LD=0,SF=1.00,DpuScale=1.00,LP=0,DVFS=0,Preempt=358,PoseAgeP95=0.00
1789437953.055	91	90	0		456	5.92	10.34	358	44.0	0.66	FPS=91/90,Prd=28ms,Tear=0,Early=0,Stale=0,Stale2/5/10/max=0/0/0/0,VSnc=1,Lat=-4,Fov=0,CPU4/GPU=2/2,1382/456MHz,OC=3F,TA=0/38/0,SP=N/N/N,Mem=2736MHz,Free=3537MB,PLS=0,Temp=44.0C/0.0C,TW=1.02ms,App=5.92ms,GD=0.00ms,CPU&GPU=10.34ms,LCnt=1(DR90,LM0),GPU%=0.66,CPU%=0.24(W0.26),CFL=12.01/15.71,ICFLp95=14.98,LD=0,SF=1.00,DpuScale=1.00,LP=0,DVFS=0,Preempt=358,PoseAgeP95=0.00
1789437954.056	91	90	0		456	5.99	10.59	362	44.0	0.66	FPS=91/90,Prd=28ms,Tear=0,Early=0,Stale=0,Stale2/5/10/max=0/0/0/0,VSnc=1,Lat=-4,Fov=0,CPU4/GPU=2/2,1382/456MHz,OC=3F,TA=0/38/0,SP=N/N/N,Mem=2736MHz,Free=3537MB,PLS=0,Temp=44.0C/0.0C,TW=1.03ms,App=5.99ms,GD=0.00ms,CPU&GPU=10.59ms,LCnt=1(DR91,LM0),GPU%=0.66,CPU%=0.20(W0.32),CFL=12.06/16.12,ICFLp95=14.96,LD=0,SF=1.00,DpuScale=1.00,LP=0,DVFS=0,Preempt=362,PoseAgeP95=0.00
1789437955.056	90	90	0		456	5.96	10.22	358	44.0	0.66	FPS=90/90,Prd=28ms,Tear=0,Early=0,Stale=0,Stale2/5/10/max=0/0/0/0,VSnc=1,Lat=-4,Fov=0,CPU4/GPU=2/2,1382/456MHz,OC=3F,TA=0/38/0,SP=N/N/N,Mem=2736MHz,Free=3537MB,PLS=0,Temp=44.0C/0.0C,TW=1.02ms,App=5.96ms,GD=0.00ms,CPU&GPU=10.22ms,LCnt=1(DR90,LM0),GPU%=0.66,CPU%=0.19(W0.34),CFL=12.07/15.72,ICFLp95=15.00,LD=0,SF=1.00,DpuScale=1.00,LP=0,DVFS=0,Preempt=358,PoseAgeP95=0.00
1789437956.079	91	90	0		456	5.97	10.27	358	44.0	0.66	FPS=91/90,Prd=28ms,Tear=0,Early=0,Stale=0,Stale2/5/10/max=0/0/0/0,VSnc=1,Lat=-4,Fov=0,CPU4/GPU=2/2,1382/456MHz,OC=3F,TA=0/38/0,SP=N/N/N,Mem=2736MHz,Free=3681MB,PLS=0,Temp=44.0C/0.0C,TW=1.03ms,App=5.97ms,GD=0.00ms,CPU&GPU=10.27ms,LCnt=1(DR90,LM0),GPU%=0.66,CPU%=0.21(W0.24),CFL=12.11/15.81,ICFLp95=14.96,LD=0,SF=1.00,DpuScale=1.00,LP=0,DVFS=0,Preempt=358,PoseAgeP95=0.00
1789437957.056	90	90	0		456	5.96	10.73	358	44.0	0.66	FPS=90/90,Prd=28ms,Tear=0,Early=0,Stale=0,Stale2/5/10/max=0/0/0/0,VSnc=1,Lat=-4,Fov=0,CPU4/GPU=2/2,1382/456MHz,OC=3F,TA=0/38/0,SP=N/N/N,Mem=2736MHz,Free=3681MB,PLS=0,Temp=44.0C/0.0C,TW=1.03ms,App=5.96ms,GD=0.00ms,CPU&GPU=10.73ms,LCnt=1(DR90,LM0),GPU%=0.66,CPU%=0.21(W0.29),CFL=12.07/15.73,ICFLp95=15.01,LD=0,SF=1.00,DpuScale=1.00,LP=0,DVFS=0,Preempt=358,PoseAgeP95=0.00
1789437958.056	91	90	0		456	6.21	10.51	362	44.0	0.68	FPS=91/90,Prd=28ms,Tear=1,Early=0,Stale=0,Stale2/5/10/max=0/0/0/0,VSnc=1,Lat=-4,Fov=0,CPU4/GPU=2/2,1382/456MHz,OC=3F,TA=0/38/0,SP=N/N/N,Mem=2736MHz,Free=3681MB,PLS=0,Temp=44.0C/0.0C,TW=1.08ms,App=6.21ms,GD=0.00ms,CPU&GPU=10.51ms,LCnt=1(DR91,LM0),GPU%=0.68,CPU%=0.24(W0.28),CFL=12.03/15.78,ICFLp95=15.07,LD=0,SF=1.00,DpuScale=1.00,LP=0,DVFS=0,Preempt=362,PoseAgeP95=0.00
1789437959.056	90	90	0		456	5.95	10.78	358	45.0	0.67	FPS=90/90,Prd=28ms,Tear=0,Early=0,Stale=0,Stale2/5/10/max=0/0/0/0,VSnc=1,Lat=-4,Fov=0,CPU4/GPU=2/2,1382/456MHz,OC=3F,TA=0/38/0,SP=N/N/N,Mem=2736MHz,Free=3681MB,PLS=0,Temp=45.0C/0.0C,TW=1.01ms,App=5.95ms,GD=0.00ms,CPU&GPU=10.78ms,LCnt=1(DR90,LM0),GPU%=0.67,CPU%=0.23(W0.27),CFL=12.26/16.14,ICFLp95=15.10,LD=0,SF=1.00,DpuScale=1.00,LP=0,DVFS=0,Preempt=358,PoseAgeP95=0.00
1789437960.056	90	90	0		456	5.96	10.79	360	45.0	0.67	FPS=90/90,Prd=28ms,Tear=0,Early=0,Stale=0,Stale2/5/10/max=0/0/0/0,VSnc=1,Lat=-4,Fov=0,CPU4/GPU=2/2,1382/456MHz,OC=3F,TA=0/38/0,SP=N/N/N,Mem=2736MHz,Free=3681MB,PLS=0,Temp=45.0C/0.0C,TW=1.03ms,App=5.96ms,GD=0.00ms,CPU&GPU=10.79ms,LCnt=1(DR90,LM0),GPU%=0.67,CPU%=0.21(W0.35),CFL=12.17/15.78,ICFLp95=15.08,LD=0,SF=1.00,DpuScale=1.00,LP=0,DVFS=0,Preempt=360,PoseAgeP95=0.00
1789437961.056	91	90	0		456	5.95	10.51	360	45.0	0.66	FPS=91/90,Prd=28ms,Tear=0,Early=0,Stale=0,Stale2/5/10/max=0/0/0/0,VSnc=1,Lat=-4,Fov=0,CPU4/GPU=2/2,1651/456MHz,OC=3F,TA=0/38/0,SP=N/N/N,Mem=2736MHz,Free=3681MB,PLS=0,Temp=45.0C/0.0C,TW=1.03ms,App=5.95ms,GD=0.00ms,CPU&GPU=10.51ms,LCnt=1(DR90,LM0),GPU%=0.66,CPU%=0.22(W0.30),CFL=12.08/15.79,ICFLp95=15.00,LD=0,SF=1.00,DpuScale=1.00,LP=0,DVFS=0,Preempt=360,PoseAgeP95=0.00
1789437962.056	90	90	0		456	5.94	9.98	360	45.0	0.66	FPS=90/90,Prd=28ms,Tear=0,Early=0,Stale=0,Stale2/5/10/max=0/0/0/0,VSnc=1,Lat=-4,Fov=0,CPU4/GPU=2/2,1651/456MHz,OC=3F,TA=0/38/0,SP=N/N/N,Mem=2736MHz,Free=3681MB,PLS=0,Temp=45.0C/0.0C,TW=1.02ms,App=5.94ms,GD=0.00ms,CPU&GPU=9.98ms,LCnt=1(DR90,LM0),GPU%=0.66,CPU%=0.26(W0.35),CFL=12.08/15.61,ICFLp95=14.88,LD=0,SF=1.00,DpuScale=1.00,LP=0,DVFS=0,Preempt=360,PoseAgeP95=0.00
1789437963.056	91	90	0		456	5.95	10.06	362	45.0	0.66	FPS=91/90,Prd=28ms,Tear=0,Early=0,Stale=0,Stale2/5/10/max=0/0/0/0,VSnc=1,Lat=-4,Fov=0,CPU4/GPU=2/2,1651/456MHz,OC=3F,TA=0/38/0,SP=N/N/N,Mem=2736MHz,Free=3681MB,PLS=0,Temp=45.0C/0.0C,TW=1.03ms,App=5.95ms,GD=0.00ms,CPU&GPU=10.06ms,LCnt=1(DR91,LM0),GPU%=0.66,CPU%=0.23(W0.40),CFL=12.04/15.84,ICFLp95=15.07,LD=0,SF=1.00,DpuScale=1.00,LP=0,DVFS=0,Preempt=362,PoseAgeP95=0.00
1789437964.056	90	90	0		456	5.95	10.36	358	45.0	0.67	FPS=90/90,Prd=28ms,Tear=0,Early=0,Stale=0,Stale2/5/10/max=0/0/0/0,VSnc=1,Lat=-4,Fov=0,CPU4/GPU=2/2,1651/456MHz,OC=3F,TA=0/38/0,SP=N/N/N,Mem=2736MHz,Free=3681MB,PLS=0,Temp=45.0C/0.0C,TW=1.01ms,App=5.95ms,GD=0.00ms,CPU&GPU=10.36ms,LCnt=1(DR90,LM0),GPU%=0.67,CPU%=0.22(W0.30),CFL=12.13/15.79,ICFLp95=15.02,LD=0,SF=1.00,DpuScale=1.00,LP=0,DVFS=0,Preempt=358,PoseAgeP95=0.00
1789437965.057	91	90	0		456	5.94	10.78	360	45.0	0.66	FPS=91/90,Prd=28ms,Tear=0,Early=0,Stale=0,Stale2/5/10/max=0/0/0/0,VSnc=1,Lat=-4,Fov=0,CPU4/GPU=2/2,1651/456MHz,OC=3F,TA=0/38/0,SP=N/N/N,Mem=2736MHz,Free=3681MB,PLS=0,Temp=45.0C/0.0C,TW=1.02ms,App=5.94ms,GD=0.00ms,CPU&GPU=10.78ms,LCnt=1(DR90,LM0),GPU%=0.66,CPU%=0.22(W0.24),CFL=12.14/15.66,ICFLp95=14.89,LD=0,SF=1.00,DpuScale=1.00,LP=0,DVFS=0,Preempt=360,PoseAgeP95=0.00
1789437966.057	90	90	0		456	5.96	10.87	360	45.0	0.66	FPS=90/90,Prd=28ms,Tear=0,Early=0,Stale=0,Stale2/5/10/max=0/0/0/0,VSnc=1,Lat=-4,Fov=0,CPU4/GPU=2/2,1651/456MHz,OC=3F,TA=0/38/0,SP=N/N/N,Mem=2736MHz,Free=3681MB,PLS=0,Temp=45.0C/0.0C,TW=1.02ms,App=5.96ms,GD=0.00ms,CPU&GPU=10.87ms,LCnt=1(DR90,LM0),GPU%=0.66,CPU%=0.20(W0.23),CFL=12.05/15.62,ICFLp95=14.88,LD=0,SF=1.00,DpuScale=1.00,LP=0,DVFS=0,Preempt=360,PoseAgeP95=0.00
1789437967.057	90	90	0		456	5.97	10.67	360	45.0	0.66	FPS=90/90,Prd=28ms,Tear=0,Early=0,Stale=0,Stale2/5/10/max=0/0/0/0,VSnc=1,Lat=-4,Fov=0,CPU4/GPU=2/2,1651/456MHz,OC=3F,TA=0/38/0,SP=N/N/N,Mem=2736MHz,Free=3681MB,PLS=0,Temp=45.0C/0.0C,TW=1.02ms,App=5.97ms,GD=0.00ms,CPU&GPU=10.67ms,LCnt=1(DR90,LM0),GPU%=0.66,CPU%=0.23(W0.37),CFL=12.01/15.85,ICFLp95=14.96,LD=0,SF=1.00,DpuScale=1.00,LP=0,DVFS=0,Preempt=360,PoseAgeP95=0.00
1789437968.057	90	90	0		456	5.96	10.76	360	45.0	0.66	FPS=90/90,Prd=28ms,Tear=0,Early=0,Stale=0,Stale2/5/10/max=0/0/0/0,VSnc=1,Lat=-4,Fov=0,CPU4/GPU=2/2,1651/456MHz,OC=3F,TA=0/38/0,SP=N/N/N,Mem=2736MHz,Free=3681MB,PLS=0,Temp=45.0C/0.0C,TW=1.01ms,App=5.96ms,GD=0.00ms,CPU&GPU=10.76ms,LCnt=1(DR90,LM0),GPU%=0.66,CPU%=0.20(W0.26),CFL=12.05/15.71,ICFLp95=14.98,LD=0,SF=1.00,DpuScale=1.00,LP=0,DVFS=0,Preempt=360,PoseAgeP95=0.00
1789437969.057	91	90	0		456	5.93	10.38	360	45.0	0.66	FPS=91/90,Prd=28ms,Tear=0,Early=0,Stale=0,Stale2/5/10/max=0/0/0/0,VSnc=1,Lat=-4,Fov=0,CPU4/GPU=2/2,1651/456MHz,OC=3F,TA=0/38/0,SP=N/N/N,Mem=2736MHz,Free=3681MB,PLS=0,Temp=45.0C/0.0C,TW=1.02ms,App=5.93ms,GD=0.00ms,CPU&GPU=10.38ms,LCnt=1(DR90,LM0),GPU%=0.66,CPU%=0.21(W0.29),CFL=12.06/15.94,ICFLp95=15.06,LD=0,SF=1.00,DpuScale=1.00,LP=0,DVFS=0,Preempt=360,PoseAgeP95=0.00
1789437970.057	91	90	0		456	5.93	10.16	358	45.0	0.66	FPS=91/90,Prd=28ms,Tear=0,Early=0,Stale=0,Stale2/5/10/max=0/0/0/0,VSnc=1,Lat=-4,Fov=0,CPU4/GPU=2/2,1651/456MHz,OC=3F,TA=0/38/0,SP=N/N/N,Mem=2736MHz,Free=3681MB,PLS=0,Temp=45.0C/0.0C,TW=1.02ms,App=5.93ms,GD=0.00ms,CPU&GPU=10.16ms,LCnt=1(DR90,LM0),GPU%=0.66,CPU%=0.22(W0.29),CFL=11.97/15.72,ICFLp95=14.94,LD=0,SF=1.00,DpuScale=1.00,LP=0,DVFS=0,Preempt=358,PoseAgeP95=0.00
1789437971.057	90	90	0		456	5.95	10.15	358	45.0	0.66	FPS=90/90,Prd=28ms,Tear=0,Early=0,Stale=0,Stale2/5/10/max=0/0/0/0,VSnc=1,Lat=-4,Fov=0,CPU4/GPU=2/2,1382/456MHz,OC=3F,TA=0/38/0,SP=N/N/N,Mem=2092MHz,Free=3681MB,PLS=0,Temp=45.0C/0.0C,TW=1.02ms,App=5.95ms,GD=0.00ms,CPU&GPU=10.15ms,LCnt=1(DR90,LM0),GPU%=0.66,CPU%=0.21(W0.29),CFL=11.97/15.72,ICFLp95=14.90,LD=0,SF=1.00,DpuScale=1.00,LP=0,DVFS=0,Preempt=358,PoseAgeP95=0.00
1789437972.057	91	90	0		456	5.98	10.26	358	45.0	0.66	FPS=91/90,Prd=28ms,Tear=0,Early=0,Stale=0,Stale2/5/10/max=0/0/0/0,VSnc=1,Lat=-4,Fov=0,CPU4/GPU=2/2,1382/456MHz,OC=3F,TA=0/38/0,SP=N/N/N,Mem=2092MHz,Free=3681MB,PLS=0,Temp=45.0C/0.0C,TW=1.02ms,App=5.98ms,GD=0.00ms,CPU&GPU=10.26ms,LCnt=1(DR90,LM0),GPU%=0.66,CPU%=0.19(W0.26),CFL=12.11/15.85,ICFLp95=14.97,LD=0,SF=1.00,DpuScale=1.00,LP=0,DVFS=0,Preempt=358,PoseAgeP95=0.00
1789437973.057	91	90	0		456	5.94	10.13	358	45.0	0.66	FPS=91/90,Prd=27ms,Tear=0,Early=0,Stale=0,Stale2/5/10/max=0/0/0/0,VSnc=1,Lat=-4,Fov=0,CPU4/GPU=2/2,1382/456MHz,OC=3F,TA=0/38/0,SP=N/N/N,Mem=2092MHz,Free=3681MB,PLS=0,Temp=45.0C/0.0C,TW=1.02ms,App=5.94ms,GD=0.00ms,CPU&GPU=10.13ms,LCnt=1(DR90,LM0),GPU%=0.66,CPU%=0.24(W0.35),CFL=12.02/15.55,ICFLp95=14.83,LD=0,SF=1.00,DpuScale=1.00,LP=0,DVFS=0,Preempt=358,PoseAgeP95=0.00
1789437974.057	90	90	0		456	5.95	10.08	362	45.0	0.66	FPS=90/90,Prd=27ms,Tear=0,Early=0,Stale=0,Stale2/5/10/max=0/0/0/0,VSnc=1,Lat=-4,Fov=0,CPU4/GPU=2/2,1382/456MHz,OC=3F,TA=0/38/0,SP=N/N/N,Mem=2092MHz,Free=3681MB,PLS=0,Temp=45.0C/0.0C,TW=1.01ms,App=5.95ms,GD=0.00ms,CPU&GPU=10.08ms,LCnt=1(DR91,LM0),GPU%=0.66,CPU%=0.22(W0.37),CFL=12.07/15.82,ICFLp95=14.93,LD=0,SF=1.00,DpuScale=1.00,LP=0,DVFS=0,Preempt=362,PoseAgeP95=0.00
1789437975.057	91	90	0		456	5.91	10.12	362	45.0	0.66	FPS=91/90,Prd=28ms,Tear=0,Early=0,Stale=0,Stale2/5/10/max=0/0/0/0,VSnc=1,Lat=-4,Fov=0,CPU4/GPU=2/2,1382/456MHz,OC=3F,TA=0/38/0,SP=N/N/N,Mem=2092MHz,Free=3681MB,PLS=0,Temp=45.0C/0.0C,TW=1.01ms,App=5.91ms,GD=0.00ms,CPU&GPU=10.12ms,LCnt=1(DR91,LM0),GPU%=0.66,CPU%=0.21(W0.27),CFL=12.11/15.86,ICFLp95=15.07,LD=0,SF=1.00,DpuScale=1.00,LP=0,DVFS=0,Preempt=362,PoseAgeP95=0.00
1789437976.079	90	90	0		456	5.92	10.33	358	45.0	0.66	FPS=90/90,Prd=28ms,Tear=0,Early=0,Stale=0,Stale2/5/10/max=0/0/0/0,VSnc=1,Lat=-4,Fov=0,CPU4/GPU=2/2,1382/456MHz,OC=3F,TA=0/38/0,SP=N/N/N,Mem=2092MHz,Free=3685MB,PLS=0,Temp=45.0C/0.0C,TW=1.01ms,App=5.92ms,GD=0.00ms,CPU&GPU=10.33ms,LCnt=1(DR90,LM0),GPU%=0.66,CPU%=0.22(W0.28),CFL=12.12/15.77,ICFLp95=14.99,LD=0,SF=1.00,DpuScale=1.00,LP=0,DVFS=0,Preempt=358,PoseAgeP95=0.00
1789437977.057	90	90	0		456	5.95	10.07	358	45.0	0.66	FPS=90/90,Prd=28ms,Tear=0,Early=0,Stale=0,Stale2/5/10/max=0/0/0/0,VSnc=1,Lat=-4,Fov=0,CPU4/GPU=2/2,1382/456MHz,OC=3F,TA=0/38/0,SP=N/N/N,Mem=2092MHz,Free=3685MB,PLS=0,Temp=45.0C/0.0C,TW=1.02ms,App=5.95ms,GD=0.00ms,CPU&GPU=10.07ms,LCnt=1(DR90,LM0),GPU%=0.66,CPU%=0.20(W0.37),CFL=12.07/15.69,ICFLp95=14.87,LD=0,SF=1.00,DpuScale=1.00,LP=0,DVFS=0,Preempt=358,PoseAgeP95=0.00
1789437978.057	90	90	0		456	5.93	10.58	358	45.0	0.66	FPS=90/90,Prd=27ms,Tear=0,Early=0,Stale=0,Stale2/5/10/max=0/0/0/0,VSnc=1,Lat=-4,Fov=0,CPU4/GPU=2/2,1382/456MHz,OC=3F,TA=0/38/0,SP=N/N/N,Mem=2092MHz,Free=3685MB,PLS=0,Temp=45.0C/0.0C,TW=1.01ms,App=5.93ms,GD=0.00ms,CPU&GPU=10.58ms,LCnt=1(DR90,LM0),GPU%=0.66,CPU%=0.20(W0.32),CFL=12.07/15.73,ICFLp95=14.92,LD=0,SF=1.00,DpuScale=1.00,LP=0,DVFS=0,Preempt=358,PoseAgeP95=0.00
1789437979.058	91	90	0		456	6.01	9.94	358	45.0	0.67	FPS=91/90,Prd=28ms,Tear=0,Early=0,Stale=0,Stale2/5/10/max=0/0/0/0,VSnc=1,Lat=-4,Fov=0,CPU4/GPU=2/2,1382/456MHz,OC=3F,TA=0/38/0,SP=N/N/N,Mem=2092MHz,Free=3685MB,PLS=0,Temp=45.0C/0.0C,TW=1.09ms,App=6.01ms,GD=0.00ms,CPU&GPU=9.94ms,LCnt=1(DR90,LM0),GPU%=0.67,CPU%=0.24(W0.30),CFL=12.03/15.60,ICFLp95=14.84,LD=0,SF=1.00,DpuScale=1.00,LP=0,DVFS=0,Preempt=358,PoseAgeP95=0.00
1789437980.058	91	90	0		456	6.08	10.44	362	45.0	0.68	FPS=91/90,Prd=28ms,Tear=0,Early=0,Stale=0,Stale2/5/10/max=0/0/0/0,VSnc=1,Lat=-4,Fov=0,CPU4/GPU=2/2,1382/456MHz,OC=3F,TA=0/38/0,SP=N/N/N,Mem=2092MHz,Free=3685MB,PLS=0,Temp=45.0C/0.0C,TW=1.05ms,App=6.08ms,GD=0.00ms,CPU&GPU=10.44ms,LCnt=1(DR91,LM0),GPU%=0.68,CPU%=0.24(W0.29),CFL=12.12/15.87,ICFLp95=15.05,LD=0,SF=1.00,DpuScale=1.00,LP=0,DVFS=0,Preempt=362,PoseAgeP95=0.00
1789437981.058	91	90	0		456	6.06	11.05	364	45.0	0.68	FPS=91/90,Prd=28ms,Tear=1,Early=0,Stale=0,Stale2/5/10/max=0/0/0/0,VSnc=1,Lat=-4,Fov=0,CPU4/GPU=2/2,1382/456MHz,OC=3F,TA=0/38/0,SP=N/N/N,Mem=1708MHz,Free=3685MB,PLS=0,Temp=45.0C/0.0C,TW=1.01ms,App=6.06ms,GD=0.00ms,CPU&GPU=11.05ms,LCnt=1(DR91,LM0),GPU%=0.68,CPU%=0.21(W0.22),CFL=12.30/15.87,ICFLp95=15.16,LD=0,SF=1.00,DpuScale=1.00,LP=0,DVFS=0,Preempt=364,PoseAgeP95=0.00
1789437982.058	90	90	0		456	5.93	10.39	358	45.0	0.67	FPS=90/90,Prd=28ms,Tear=0,Early=0,Stale=0,Stale2/5/10/max=0/0/0/0,VSnc=1,Lat=-4,Fov=0,CPU4/GPU=2/2,1382/456MHz,OC=3F,TA=0/38/0,SP=N/N/N,Mem=1708MHz,Free=3685MB,PLS=0,Temp=45.0C/0.0C,TW=1.02ms,App=5.93ms,GD=0.00ms,CPU&GPU=10.39ms,LCnt=1(DR90,LM0),GPU%=0.67,CPU%=0.22(W0.27),CFL=12.30/16.09,ICFLp95=15.08,LD=0,SF=1.00,DpuScale=1.00,LP=0,DVFS=0,Preempt=358,PoseAgeP95=0.00
1789437983.058	91	90	0		456	5.97	9.96	358	45.0	0.67	FPS=91/90,Prd=28ms,Tear=0,Early=0,Stale=0,Stale2/5/10/max=0/0/0/0,VSnc=1,Lat=-4,Fov=0,CPU4/GPU=2/2,1382/456MHz,OC=3F,TA=0/38/0,SP=N/N/N,Mem=1708MHz,Free=3685MB,PLS=0,Temp=45.0C/0.0C,TW=1.02ms,App=5.97ms,GD=0.00ms,CPU&GPU=9.96ms,LCnt=1(DR90,LM0),GPU%=0.67,CPU%=0.21(W0.33),CFL=12.08/15.78,ICFLp95=15.00,LD=0,SF=1.00,DpuScale=1.00,LP=0,DVFS=0,Preempt=358,PoseAgeP95=0.00
1789437984.058	91	90	0		456	6.02	10.48	360	45.0	0.67	FPS=91/90,Prd=28ms,Tear=0,Early=0,Stale=0,Stale2/5/10/max=0/0/0/0,VSnc=1,Lat=-4,Fov=0,CPU4/GPU=2/2,1382/456MHz,OC=3F,TA=0/38/0,SP=N/N/N,Mem=1708MHz,Free=3685MB,PLS=0,Temp=45.0C/0.0C,TW=1.02ms,App=6.02ms,GD=0.00ms,CPU&GPU=10.48ms,LCnt=1(DR90,LM0),GPU%=0.67,CPU%=0.20(W0.26),CFL=11.82/15.70,ICFLp95=14.96,LD=0,SF=1.00,DpuScale=1.00,LP=0,DVFS=0,Preempt=360,PoseAgeP95=0.00
1789437985.058	91	90	0		456	5.98	10.13	358	45.0	0.66	FPS=91/90,Prd=28ms,Tear=0,Early=0,Stale=0,Stale2/5/10/max=0/0/0/0,VSnc=1,Lat=-4,Fov=0,CPU4/GPU=2/2,1382/456MHz,OC=3F,TA=0/38/0,SP=N/N/N,Mem=1708MHz,Free=3685MB,PLS=0,Temp=45.0C/0.0C,TW=1.01ms,App=5.98ms,GD=0.00ms,CPU&GPU=10.13ms,LCnt=1(DR90,LM0),GPU%=0.66,CPU%=0.21(W0.25),CFL=12.04/15.70,ICFLp95=14.94,LD=0,SF=1.00,DpuScale=1.00,LP=0,DVFS=0,Preempt=358,PoseAgeP95=0.00
1789437986.058	91	90	0		456	6.00	10.10	364	45.0	0.67	FPS=91/90,Prd=27ms,Tear=0,Early=0,Stale=0,Stale2/5/10/max=0/0/0/0,VSnc=1,Lat=-4,Fov=0,CPU4/GPU=2/2,1382/456MHz,OC=3F,TA=0/38/0,SP=N/N/N,Mem=1708MHz,Free=3685MB,PLS=0,Temp=45.0C/0.0C,TW=1.02ms,App=6.00ms,GD=0.00ms,CPU&GPU=10.10ms,LCnt=1(DR91,LM0),GPU%=0.67,CPU%=0.21(W0.32),CFL=12.00/15.88,ICFLp95=14.93,LD=0,SF=1.00,DpuScale=1.00,LP=0,DVFS=0,Preempt=364,PoseAgeP95=0.00
1789437987.058	91	90	0		456	6.00	10.23	360	45.0	0.67	FPS=91/90,Prd=28ms,Tear=0,Early=0,Stale=0,Stale2/5/10/max=0/0/0/0,VSnc=1,Lat=-4,Fov=0,CPU4/GPU=2/2,1382/456MHz,OC=3F,TA=0/38/0,SP=N/N/N,Mem=1708MHz,Free=3685MB,PLS=0,Temp=45.0C/0.0C,TW=1.02ms,App=6.00ms,GD=0.00ms,CPU&GPU=10.23ms,LCnt=1(DR90,LM0),GPU%=0.67,CPU%=0.22(W0.34),CFL=12.13/15.84,ICFLp95=14.98,LD=0,SF=1.00,DpuScale=1.00,LP=0,DVFS=0,Preempt=360,PoseAgeP95=0.00
1789437988.058	90	90	0		456	5.97	9.99	360	45.0	0.67	FPS=90/90,Prd=28ms,Tear=0,Early=0,Stale=0,Stale2/5/10/max=0/0/0/0,VSnc=1,Lat=-4,Fov=0,CPU4/GPU=2/2,1382/456MHz,OC=3F,TA=0/38/0,SP=N/N/N,Mem=1708MHz,Free=3685MB,PLS=0,Temp=45.0C/0.0C,TW=1.02ms,App=5.97ms,GD=0.00ms,CPU&GPU=9.99ms,LCnt=1(DR90,LM0),GPU%=0.67,CPU%=0.22(W0.39),CFL=12.09/15.61,ICFLp95=14.87,LD=0,SF=1.00,DpuScale=1.00,LP=0,DVFS=0,Preempt=360,PoseAgeP95=0.00
1789437989.058	91	90	0		456	5.99	10.30	362	45.0	0.67	FPS=91/90,Prd=28ms,Tear=0,Early=0,Stale=0,Stale2/5/10/max=0/0/0/0,VSnc=1,Lat=-4,Fov=0,CPU4/GPU=2/2,1382/456MHz,OC=3F,TA=0/38/0,SP=N/N/N,Mem=1708MHz,Free=3685MB,PLS=0,Temp=45.0C/0.0C,TW=1.02ms,App=5.99ms,GD=0.00ms,CPU&GPU=10.30ms,LCnt=1(DR91,LM0),GPU%=0.67,CPU%=0.22(W0.29),CFL=12.09/15.84,ICFLp95=14.95,LD=0,SF=1.00,DpuScale=1.00,LP=0,DVFS=0,Preempt=362,PoseAgeP95=0.00
1789437990.058	91	90	0		456	6.03	10.13	360	45.0	0.67	FPS=91/90,Prd=28ms,Tear=0,Early=0,Stale=0,Stale2/5/10/max=0/0/0/0,VSnc=1,Lat=-4,Fov=0,CPU4/GPU=2/2,1382/456MHz,OC=3F,TA=0/38/0,SP=N/N/N,Mem=1708MHz,Free=3685MB,PLS=0,Temp=45.0C/0.0C,TW=1.03ms,App=6.03ms,GD=0.00ms,CPU&GPU=10.13ms,LCnt=1(DR90,LM0),GPU%=0.67,CPU%=0.23(W0.24),CFL=11.91/15.88,ICFLp95=15.03,LD=0,SF=1.00,DpuScale=1.00,LP=0,DVFS=0,Preempt=360,PoseAgeP95=0.00
1789437991.058	90	90	0		456	5.91	10.63	360	45.0	0.66	FPS=90/90,Prd=28ms,Tear=0,Early=0,Stale=0,Stale2/5/10/max=0/0/0/0,VSnc=1,Lat=-4,Fov=0,CPU4/GPU=2/2,2208/456MHz,OC=3F,TA=0/38/0,SP=N/N/N,Mem=2092MHz,Free=3685MB,PLS=0,Temp=45.0C/0.0C,TW=1.02ms,App=5.91ms,GD=0.00ms,CPU&GPU=10.63ms,LCnt=1(DR90,LM0),GPU%=0.66,CPU%=0.22(W0.26),CFL=12.04/15.75,ICFLp95=14.99,LD=0,SF=1.00,DpuScale=1.00,LP=0,DVFS=0,Preempt=360,PoseAgeP95=0.00
1789437992.059	90	90	0		456	5.96	10.17	358	45.0	0.66	FPS=90/90,Prd=27ms,Tear=0,Early=0,Stale=0,Stale2/5/10/max=0/0/0/0,VSnc=1,Lat=-4,Fov=0,CPU4/GPU=2/2,2208/456MHz,OC=3F,TA=0/38/0,SP=N/N/N,Mem=2092MHz,Free=3685MB,PLS=0,Temp=45.0C/0.0C,TW=1.02ms,App=5.96ms,GD=0.00ms,CPU&GPU=10.17ms,LCnt=1(DR90,LM0),GPU%=0.66,CPU%=0.22(W0.34),CFL=12.05/15.61,ICFLp95=14.85,LD=0,SF=1.00,DpuScale=1.00,LP=0,DVFS=0,Preempt=358,PoseAgeP95=0.00
1789437993.059	90	90	0		456	5.99	10.32	360	45.0	0.67	FPS=90/90,Prd=27ms,Tear=0,Early=0,Stale=0,Stale2/5/10/max=0/0/0/0,VSnc=1,Lat=-4,Fov=0,CPU4/GPU=2/2,2208/456MHz,OC=3F,TA=0/38/0,SP=N/N/N,Mem=2092MHz,Free=3685MB,PLS=0,Temp=45.0C/0.0C,TW=1.02ms,App=5.99ms,GD=0.00ms,CPU&GPU=10.32ms,LCnt=1(DR90,LM0),GPU%=0.67,CPU%=0.23(W0.29),CFL=12.00/15.62,ICFLp95=14.88,LD=0,SF=1.00,DpuScale=1.00,LP=0,DVFS=0,Preempt=360,PoseAgeP95=0.00
1789437994.059	91	90	0		456	5.97	10.31	358	45.0	0.67	FPS=91/90,Prd=28ms,Tear=0,Early=0,Stale=0,Stale2/5/10/max=0/0/0/0,VSnc=1,Lat=-4,Fov=0,CPU4/GPU=2/2,2208/456MHz,OC=3F,TA=0/38/0,SP=N/N/N,Mem=2092MHz,Free=3685MB,PLS=0,Temp=45.0C/0.0C,TW=1.02ms,App=5.97ms,GD=0.00ms,CPU&GPU=10.31ms,LCnt=1(DR90,LM0),GPU%=0.67,CPU%=0.23(W0.25),CFL=12.00/15.89,ICFLp95=15.00,LD=0,SF=1.00,DpuScale=1.00,LP=0,DVFS=0,Preempt=358,PoseAgeP95=0.00
1789437995.059	90	90	0		456	5.99	10.81	358	45.0	0.67	FPS=90/90,Prd=28ms,Tear=0,Early=0,Stale=0,Stale2/5/10/max=0/0/0/0,VSnc=1,Lat=-4,Fov=0,CPU4/GPU=2/2,2208/456MHz,OC=3F,TA=0/38/0,SP=N/N/N,Mem=2092MHz,Free=3685MB,PLS=0,Temp=45.0C/0.0C,TW=1.02ms,App=5.99ms,GD=0.00ms,CPU&GPU=10.81ms,LCnt=1(DR90,LM0),GPU%=0.67,CPU%=0.20(W0.26),CFL=12.05/15.53,ICFLp95=14.82,LD=0,SF=1.00,DpuScale=1.00,LP=0,DVFS=0,Preempt=358,PoseAgeP95=0.00
1789437996.079	91	90	0		456	5.96	10.52	360	45.0	0.66	FPS=91/90,Prd=28ms,Tear=0,Early=0,Stale=0,Stale2/5/10/max=0/0/0/0,VSnc=1,Lat=-4,Fov=0,CPU4/GPU=2/2,2208/456MHz,OC=3F,TA=0/38/0,SP=N/N/N,Mem=2092MHz,Free=3684MB,PLS=0,Temp=45.0C/0.0C,TW=1.03ms,App=5.96ms,GD=0.00ms,CPU&GPU=10.52ms,LCnt=1(DR90,LM0),GPU%=0.66,CPU%=0.21(W0.28),CFL=12.05/15.75,ICFLp95=14.89,LD=0,SF=1.00,DpuScale=1.00,LP=0,DVFS=0,Preempt=360,PoseAgeP95=0.00
1789437997.059	90	90	0		456	5.93	10.12	362	45.0	0.66	FPS=90/90,Prd=28ms,Tear=0,Early=0,Stale=0,Stale2/5/10/max=0/0/0/0,VSnc=1,Lat=-4,Fov=0,CPU4/GPU=2/2,2208/456MHz,OC=3F,TA=0/38/0,SP=N/N/N,Mem=2092MHz,Free=3684MB,PLS=0,Temp=45.0C/0.0C,TW=1.02ms,App=5.93ms,GD=0.00ms,CPU&GPU=10.12ms,LCnt=1(DR91,LM0),GPU%=0.66,CPU%=0.20(W0.33),CFL=12.00/15.57,ICFLp95=14.84,LD=0,SF=1.00,DpuScale=1.00,LP=0,DVFS=0,Preempt=362,PoseAgeP95=0.00
1789437998.059	91	90	0		456	5.90	10.36	358	45.0	0.66	FPS=91/90,Prd=28ms,Tear=0,Early=0,Stale=0,Stale2/5/10/max=0/0/0/0,VSnc=1,Lat=-4,Fov=0,CPU4/GPU=2/2,2208/456MHz,OC=3F,TA=0/38/0,SP=N/N/N,Mem=2092MHz,Free=3684MB,PLS=0,Temp=45.0C/0.0C,TW=1.02ms,App=5.90ms,GD=0.00ms,CPU&GPU=10.36ms,LCnt=1(DR90,LM0),GPU%=0.66,CPU%=0.23(W0.30),CFL=12.09/15.71,ICFLp95=14.94,LD=0,SF=1.00,DpuScale=1.00,LP=0,DVFS=0,Preempt=358,PoseAgeP95=0.00
1789437999.059	90	90	0		456	5.91	10.74	358	45.0	0.66	FPS=90/90,Prd=28ms,Tear=0,Early=0,Stale=0,Stale2/5/10/max=0/0/0/0,VSnc=1,Lat=-4,Fov=0,CPU4/GPU=2/2,2208/456MHz,OC=3F,TA=0/38/0,SP=N/N/N,Mem=2092MHz,Free=3684MB,PLS=0,Temp=45.0C/0.0C,TW=1.02ms,App=5.91ms,GD=0.00ms,CPU&GPU=10.74ms,LCnt=1(DR90,LM0),GPU%=0.66,CPU%=0.22(W0.30),CFL=12.14/15.66,ICFLp95=14.97,LD=0,SF=1.00,DpuScale=1.00,LP=0,DVFS=0,Preempt=358,PoseAgeP95=0.00
1789438000.059	90	90	0		456	5.98	10.72	362	45.0	0.66	FPS=90/90,Prd=28ms,Tear=0,Early=0,Stale=0,Stale2/5/10/max=0/0/0/0,VSnc=1,Lat=-4,Fov=0,CPU4/GPU=2/2,2208/456MHz,OC=3F,TA=0/38/0,SP=N/N/N,Mem=2092MHz,Free=3684MB,PLS=0,Temp=45.0C/0.0C,TW=1.07ms,App=5.98ms,GD=0.00ms,CPU&GPU=10.72ms,LCnt=1(DR91,LM0),GPU%=0.66,CPU%=0.22(W0.28),CFL=12.09/15.66,ICFLp95=14.92,LD=0,SF=1.00,DpuScale=1.00,LP=0,DVFS=0,Preempt=362,PoseAgeP95=0.00
1789438001.059	91	90	0		456	6.09	10.53	358	45.0	0.67	FPS=91/90,Prd=28ms,Tear=0,Early=0,Stale=0,Stale2/5/10/max=0/0/0/0,VSnc=1,Lat=-4,Fov=0,CPU4/GPU=2/2,1382/456MHz,OC=3F,TA=0/38/0,SP=N/N/N,Mem=2736MHz,Free=3684MB,PLS=0,Temp=45.0C/0.0C,TW=1.07ms,App=6.09ms,GD=0.00ms,CPU&GPU=10.53ms,LCnt=1(DR90,LM0),GPU%=0.67,CPU%=0.22(W0.24),CFL=12.18/15.84,ICFLp95=15.01,LD=0,SF=1.00,DpuScale=1.00,LP=0,DVFS=0,Preempt=358,PoseAgeP95=0.00
1789438002.059	90	90	0		456	5.99	10.41	354	45.0	0.66	FPS=90/90,Prd=28ms,Tear=0,Early=0,Stale=0,Stale2/5/10/max=0/0/0/0,VSnc=1,Lat=-4,Fov=0,CPU4/GPU=2/2,1382/456MHz,OC=3F,TA=0/38/0,SP=N/N/N,Mem=2736MHz,Free=3684MB,PLS=0,Temp=45.0C/0.0C,TW=1.01ms,App=5.99ms,GD=0.00ms,CPU&GPU=10.41ms,LCnt=1(DR89,LM0),GPU%=0.66,CPU%=0.23(W0.27),CFL=12.14/15.80,ICFLp95=15.01,LD=0,SF=1.00,DpuScale=1.00,LP=0,DVFS=0,Preempt=354,PoseAgeP95=0.00
1789438003.059	90	90	0		456	5.89	10.46	358	45.0	0.66	FPS=90/90,Prd=28ms,Tear=0,Early=0,Stale=0,Stale2/5/10/max=0/0/0/0,VSnc=1,Lat=-4,Fov=0,CPU4/GPU=2/2,1382/456MHz,OC=3F,TA=0/38/0,SP=N/N/N,Mem=2736MHz,Free=3684MB,PLS=0,Temp=45.0C/0.0C,TW=1.01ms,App=5.89ms,GD=0.00ms,CPU&GPU=10.46ms,LCnt=1(DR90,LM0),GPU%=0.66,CPU%=0.22(W0.40),CFL=12.05/15.93,ICFLp95=15.14,LD=0,SF=1.00,DpuScale=1.00,LP=0,DVFS=0,Preempt=358,PoseAgeP95=0.00
1789438004.059	90	90	0		456	6.00	10.14	356	45.0	0.66	FPS=90/90,Prd=28ms,Tear=0,Early=0,Stale=0,Stale2/5/10/max=0/0/0/0,VSnc=1,Lat=-4,Fov=0,CPU4/GPU=2/2,1382/456MHz,OC=3F,TA=0/38/0,SP=N/N/N,Mem=2736MHz,Free=3684MB,PLS=0,Temp=45.0C/0.0C,TW=1.01ms,App=6.00ms,GD=0.00ms,CPU&GPU=10.14ms,LCnt=1(DR90,LM0),GPU%=0.66,CPU%=0.23(W0.29),CFL=12.09/15.75,ICFLp95=15.03,LD=0,SF=1.00,DpuScale=1.00,LP=0,DVFS=0,Preempt=356,PoseAgeP95=0.00
1789438005.060	91	90	0		456	5.93	10.14	360	45.0	0.66	FPS=91/90,Prd=28ms,Tear=0,Early=0,Stale=0,Stale2/5/10/max=0/0/0/0,VSnc=1,Lat=-4,Fov=0,CPU4/GPU=2/2,1382/456MHz,OC=3F,TA=0/38/0,SP=N/N/N,Mem=2736MHz,Free=3684MB,PLS=0,Temp=45.0C/0.0C,TW=1.01ms,App=5.93ms,GD=0.00ms,CPU&GPU=10.14ms,LCnt=1(DR90,LM0),GPU%=0.66,CPU%=0.22(W0.36),CFL=12.05/15.66,ICFLp95=14.96,LD=0,SF=1.00,DpuScale=1.00,LP=0,DVFS=0,Preempt=360,PoseAgeP95=0.00
1789438006.060	90	90	0		456	5.96	10.07	358	45.0	0.66	FPS=90/90,Prd=28ms,Tear=0,Early=0,Stale=0,Stale2/5/10/max=0/0/0/0,VSnc=1,Lat=-4,Fov=0,CPU4/GPU=2/2,1382/456MHz,OC=3F,TA=0/38/0,SP=N/N/N,Mem=2736MHz,Free=3684MB,PLS=0,Temp=45.0C/0.0C,TW=1.02ms,App=5.96ms,GD=0.00ms,CPU&GPU=10.07ms,LCnt=1(DR90,LM0),GPU%=0.66,CPU%=0.20(W0.34),CFL=12.05/15.75,ICFLp95=14.98,LD=0,SF=1.00,DpuScale=1.00,LP=0,DVFS=0,Preempt=358,PoseAgeP95=0.00
1789438007.060	91	90	0		456	5.99	10.08	358	45.0	0.66	FPS=91/90,Prd=28ms,Tear=0,Early=0,Stale=0,Stale2/5/10/max=0/0/0/0,VSnc=1,Lat=-4,Fov=0,CPU4/GPU=2/2,1382/456MHz,OC=3F,TA=0/38/0,SP=N/N/N,Mem=2736MHz,Free=3684MB,PLS=0,Temp=45.0C/0.0C,TW=1.02ms,App=5.99ms,GD=0.00ms,CPU&GPU=10.08ms,LCnt=1(DR90,LM0),GPU%=0.66,CPU%=0.22(W0.33),CFL=12.14/15.62,ICFLp95=14.86,LD=0,SF=1.00,DpuScale=1.00,LP=0,DVFS=0,Preempt=358,PoseAgeP95=0.00
1789438008.060	91	90	0		456	5.95	10.36	360	45.0	0.66	FPS=91/90,Prd=28ms,Tear=0,Early=0,Stale=0,Stale2/5/10/max=0/0/0/0,VSnc=1,Lat=-4,Fov=0,CPU4/GPU=2/2,1382/456MHz,OC=3F,TA=0/38/0,SP=N/N/N,Mem=2736MHz,Free=3684MB,PLS=0,Temp=45.0C/0.0C,TW=1.02ms,App=5.95ms,GD=0.00ms,CPU&GPU=10.36ms,LCnt=1(DR90,LM0),GPU%=0.66,CPU%=0.22(W0.26),CFL=12.09/15.66,ICFLp95=14.92,LD=0,SF=1.00,DpuScale=1.00,LP=0,DVFS=0,Preempt=360,PoseAgeP95=0.00
1789438009.060	91	90	0		456	5.95	10.30	362	45.0	0.66	FPS=91/90,Prd=28ms,Tear=0,Early=0,Stale=0,Stale2/5/10/max=0/0/0/0,VSnc=1,Lat=-4,Fov=0,CPU4/GPU=2/2,1382/456MHz,OC=3F,TA=0/38/0,SP=N/N/N,Mem=2736MHz,Free=3684MB,PLS=0,Temp=45.0C/0.0C,TW=1.02ms,App=5.95ms,GD=0.00ms,CPU&GPU=10.30ms,LCnt=1(DR91,LM0),GPU%=0.66,CPU%=0.21(W0.27),CFL=12.00/15.71,ICFLp95=14.95,LD=0,SF=1.00,DpuScale=1.00,LP=0,DVFS=0,Preempt=362,PoseAgeP95=0.00
1789438010.060	90	90	0		456	5.97	10.45	360	45.0	0.66	FPS=90/90,Prd=28ms,Tear=0,Early=0,Stale=0,Stale2/5/10/max=0/0/0/0,VSnc=1,Lat=-4,Fov=0,CPU4/GPU=2/2,1382/456MHz,OC=3F,TA=0/38/0,SP=N/N/N,Mem=2736MHz,Free=3684MB,PLS=0,Temp=45.0C/0.0C,TW=1.02ms,App=5.97ms,GD=0.00ms,CPU&GPU=10.45ms,LCnt=1(DR90,LM0),GPU%=0.66,CPU%=0.23(W0.37),CFL=12.00/15.75,ICFLp95=15.01,LD=0,SF=1.00,DpuScale=1.00,LP=0,DVFS=0,Preempt=360,PoseAgeP95=0.00
1789438011.060	90	90	0		456	5.94	10.06	358	45.0	0.66	FPS=90/90,Prd=28ms,Tear=0,Early=0,Stale=0,Stale2/5/10/max=0/0/0/0,VSnc=1,Lat=-4,Fov=0,CPU4/GPU=2/2,1382/456MHz,OC=3F,TA=0/38/0,SP=N/N/N,Mem=2092MHz,Free=3684MB,PLS=0,Temp=45.0C/0.0C,TW=1.02ms,App=5.94ms,GD=0.00ms,CPU&GPU=10.06ms,LCnt=1(DR90,LM0),GPU%=0.66,CPU%=0.20(W0.26),CFL=12.09/15.71,ICFLp95=14.92,LD=0,SF=1.00,DpuScale=1.00,LP=0,DVFS=0,Preempt=358,PoseAgeP95=0.00
1789438012.060	91	90	0		456	5.99	10.18	358	45.0	0.66	FPS=91/90,Prd=28ms,Tear=0,Early=0,Stale=0,Stale2/5/10/max=0/0/0/0,VSnc=1,Lat=-4,Fov=0,CPU4/GPU=2/2,1382/456MHz,OC=3F,TA=0/38/0,SP=N/N/N,Mem=2092MHz,Free=3684MB,PLS=0,Temp=45.0C/0.0C,TW=1.02ms,App=5.99ms,GD=0.00ms,CPU&GPU=10.18ms,LCnt=1(DR90,LM0),GPU%=0.66,CPU%=0.21(W0.24),CFL=12.00/15.75,ICFLp95=14.90,LD=0,SF=1.00,DpuScale=1.00,LP=0,DVFS=0,Preempt=358,PoseAgeP95=0.00
1789438013.060	90	90	0		456	5.95	10.16	364	45.0	0.66	FPS=90/90,Prd=28ms,Tear=0,Early=0,Stale=0,Stale2/5/10/max=0/0/0/0,VSnc=1,Lat=-4,Fov=0,CPU4/GPU=2/2,1382/456MHz,OC=3F,TA=0/38/0,SP=N/N/N,Mem=2092MHz,Free=3684MB,PLS=0,Temp=45.0C/0.0C,TW=1.02ms,App=5.95ms,GD=0.00ms,CPU&GPU=10.16ms,LCnt=1(DR91,LM0),GPU%=0.66,CPU%=0.21(W0.27),CFL=11.96/15.80,ICFLp95=14.92,LD=0,SF=1.00,DpuScale=1.00,LP=0,DVFS=0,Preempt=364,PoseAgeP95=0.00
1789438014.060	91	90	0		456	5.95	10.15	358	45.0	0.66	FPS=91/90,Prd=28ms,Tear=0,Early=0,Stale=0,Stale2/5/10/max=0/0/0/0,VSnc=1,Lat=-4,Fov=0,CPU4/GPU=2/2,1382/456MHz,OC=3F,TA=0/38/0,SP=N/N/N,Mem=2092MHz,Free=3684MB,PLS=0,Temp=45.0C/0.0C,TW=1.02ms,App=5.95ms,GD=0.00ms,CPU&GPU=10.15ms,LCnt=1(DR90,LM0),GPU%=0.66,CPU%=0.20(W0.26),CFL=12.05/15.84,ICFLp95=15.06,LD=0,SF=1.00,DpuScale=1.00,LP=0,DVFS=0,Preempt=358,PoseAgeP95=0.00
1789438015.060	90	90	0		456	5.94	10.57	360	45.0	0.66	FPS=90/90,Prd=28ms,Tear=0,Early=0,Stale=0,Stale2/5/10/max=0/0/0/0,VSnc=1,Lat=-4,Fov=0,CPU4/GPU=2/2,1382/456MHz,OC=3F,TA=0/38/0,SP=N/N/N,Mem=2092MHz,Free=3684MB,PLS=0,Temp=45.0C/0.0C,TW=1.02ms,App=5.94ms,GD=0.00ms,CPU&GPU=10.57ms,LCnt=1(DR90,LM0),GPU%=0.66,CPU%=0.20(W0.31),CFL=12.09/15.70,ICFLp95=14.95,LD=0,SF=1.00,DpuScale=1.00,LP=0,DVFS=0,Preempt=360,PoseAgeP95=0.00
1789438016.082	90	90	0		456	5.95	10.28	362	45.0	0.66	FPS=90/90,Prd=28ms,Tear=0,Early=0,Stale=0,Stale2/5/10/max=0/0/0/0,VSnc=1,Lat=-4,Fov=0,CPU4/GPU=2/2,1382/456MHz,OC=3F,TA=0/38/0,SP=N/N/N,Mem=2092MHz,Free=3680MB,PLS=0,Temp=45.0C/0.0C,TW=1.01ms,App=5.95ms,GD=0.00ms,CPU&GPU=10.28ms,LCnt=1(DR91,LM0),GPU%=0.66,CPU%=0.23(W0.26),CFL=12.04/15.66,ICFLp95=14.89,LD=0,SF=1.00,DpuScale=1.00,LP=0,DVFS=0,Preempt=362,PoseAgeP95=0.00
1789438017.060	91	90	0		456	5.94	10.20	358	45.0	0.66	FPS=91/90,Prd=28ms,Tear=0,Early=0,Stale=0,Stale2/5/10/max=0/0/0/0,VSnc=1,Lat=-4,Fov=0,CPU4/GPU=2/2,1382/456MHz,OC=3F,TA=0/38/0,SP=N/N/N,Mem=2092MHz,Free=3680MB,PLS=0,Temp=45.0C/0.0C,TW=1.02ms,App=5.94ms,GD=0.00ms,CPU&GPU=10.20ms,LCnt=1(DR90,LM0),GPU%=0.66,CPU%=0.23(W0.27),CFL=12.13/15.83,ICFLp95=15.01,LD=0,SF=1.00,DpuScale=1.00,LP=0,DVFS=0,Preempt=358,PoseAgeP95=0.00
1789438018.061	90	90	0		456	6.01	10.02	360	45.0	0.66	FPS=90/90,Prd=27ms,Tear=0,Early=0,Stale=0,Stale2/5/10/max=0/0/0/0,VSnc=1,Lat=-4,Fov=0,CPU4/GPU=2/2,1382/456MHz,OC=3F,TA=0/38/0,SP=N/N/N,Mem=2092MHz,Free=3680MB,PLS=0,Temp=45.0C/0.0C,TW=1.02ms,App=6.01ms,GD=0.00ms,CPU&GPU=10.02ms,LCnt=1(DR90,LM0),GPU%=0.66,CPU%=0.21(W0.28),CFL=12.04/15.57,ICFLp95=14.85,LD=0,SF=1.00,DpuScale=1.00,LP=0,DVFS=0,Preempt=360,PoseAgeP95=0.00
1789438019.061	91	90	0		456	5.96	10.21	364	45.0	0.66	FPS=91/90,Prd=28ms,Tear=0,Early=0,Stale=0,Stale2/5/10/max=0/0/0/0,VSnc=1,Lat=-4,Fov=0,CPU4/GPU=2/2,1382/456MHz,OC=3F,TA=0/38/0,SP=N/N/N,Mem=2092MHz,Free=3680MB,PLS=0,Temp=45.0C/0.0C,TW=1.02ms,App=5.96ms,GD=0.00ms,CPU&GPU=10.21ms,LCnt=1(DR91,LM0),GPU%=0.66,CPU%=0.22(W0.33),CFL=12.09/15.65,ICFLp95=14.85,LD=0,SF=1.00,DpuScale=1.00,LP=0,DVFS=0,Preempt=364,PoseAgeP95=0.00
1789438020.061	91	90	0		456	5.91	10.42	364	45.0	0.66	FPS=91/90,Prd=28ms,Tear=0,Early=0,Stale=0,Stale2/5/10/max=0/0/0/0,VSnc=1,Lat=-4,Fov=0,CPU4/GPU=2/2,1382/456MHz,OC=3F,TA=0/38/0,SP=N/N/N,Mem=2092MHz,Free=3680MB,PLS=0,Temp=45.0C/0.0C,TW=1.02ms,App=5.91ms,GD=0.00ms,CPU&GPU=10.42ms,LCnt=1(DR91,LM0),GPU%=0.66,CPU%=0.21(W0.28),CFL=11.99/15.61,ICFLp95=14.93,LD=0,SF=1.00,DpuScale=1.00,LP=0,DVFS=0,Preempt=364,PoseAgeP95=0.00
1789438021.061	91	90	0		456	5.93	10.28	358	45.0	0.66	FPS=91/90,Prd=27ms,Tear=0,Early=0,Stale=0,Stale2/5/10/max=0/0/0/0,VSnc=1,Lat=-4,Fov=0,CPU4/GPU=2/2,1382/456MHz,OC=3F,TA=0/38/0,SP=N/N/N,Mem=2736MHz,Free=3680MB,PLS=0,Temp=45.0C/0.0C,TW=1.02ms,App=5.93ms,GD=0.00ms,CPU&GPU=10.28ms,LCnt=1(DR90,LM0),GPU%=0.66,CPU%=0.22(W0.32),CFL=12.04/15.74,ICFLp95=14.99,LD=0,SF=1.00,DpuScale=1.00,LP=0,DVFS=0,Preempt=358,PoseAgeP95=0.00
1789438022.061	90	90	0		456	5.98	10.60	362	45.0	0.67	FPS=90/90,Prd=28ms,Tear=0,Early=0,Stale=0,Stale2/5/10/max=0/0/0/0,VSnc=1,Lat=-4,Fov=0,CPU4/GPU=2/2,1382/456MHz,OC=3F,TA=0/38/0,SP=N/N/N,Mem=2736MHz,Free=3680MB,PLS=0,Temp=45.0C/0.0C,TW=1.09ms,App=5.98ms,GD=0.00ms,CPU&GPU=10.60ms,LCnt=1(DR91,LM0),GPU%=0.67,CPU%=0.25(W0.28),CFL=11.99/15.83,ICFLp95=14.91,LD=0,SF=1.00,DpuScale=1.00,LP=0,DVFS=0,Preempt=362,PoseAgeP95=0.00
1789438023.061	91	90	0		456	5.95	10.27	354	45.0	0.67	FPS=91/90,Prd=28ms,Tear=0,Early=0,Stale=0,Stale2/5/10/max=0/0/0/0,VSnc=1,Lat=-4,Fov=0,CPU4/GPU=2/2,1382/456MHz,OC=3F,TA=0/38/0,SP=N/N/N,Mem=2736MHz,Free=3680MB,PLS=0,Temp=45.0C/0.0C,TW=1.02ms,App=5.95ms,GD=0.00ms,CPU&GPU=10.27ms,LCnt=1(DR89,LM0),GPU%=0.67,CPU%=0.24(W0.27),CFL=12.17/15.96,ICFLp95=15.09,LD=0,SF=1.00,DpuScale=1.00,LP=0,DVFS=0,Preempt=354,PoseAgeP95=0.00
1789438024.061	91	90	0		456	5.90	10.23	358	45.0	0.66	FPS=91/90,Prd=28ms,Tear=0,Early=0,Stale=0,Stale2/5/10/max=0/0/0/0,VSnc=1,Lat=-4,Fov=0,CPU4/GPU=2/2,1382/456MHz,OC=3F,TA=0/38/0,SP=N/N/N,Mem=2736MHz,Free=3680MB,PLS=0,Temp=45.0C/0.0C,TW=1.02ms,App=5.90ms,GD=0.00ms,CPU&GPU=10.23ms,LCnt=1(DR90,LM0),GPU%=0.66,CPU%=0.21(W0.30),CFL=12.12/15.83,ICFLp95=15.03,LD=0,SF=1.00,DpuScale=1.00,LP=0,DVFS=0,Preempt=358,PoseAgeP95=0.00
1789438025.061	90	90	0		456	5.95	10.16	358	45.0	0.66	FPS=90/90,Prd=28ms,Tear=0,Early=0,Stale=0,Stale2/5/10/max=0/0/0/0,VSnc=1,Lat=-4,Fov=0,CPU4/GPU=2/2,1382/456MHz,OC=3F,TA=0/38/0,SP=N/N/N,Mem=2736MHz,Free=3680MB,PLS=0,Temp=45.0C/0.0C,TW=1.02ms,App=5.95ms,GD=0.00ms,CPU&GPU=10.16ms,LCnt=1(DR90,LM0),GPU%=0.66,CPU%=0.20(W0.29),CFL=12.03/15.61,ICFLp95=14.86,LD=0,SF=1.00,DpuScale=1.00,LP=0,DVFS=0,Preempt=358,PoseAgeP95=0.00
1789438026.061	91	90	0		456	5.93	10.32	364	45.0	0.66	FPS=91/90,Prd=28ms,Tear=0,Early=0,Stale=0,Stale2/5/10/max=0/0/0/0,VSnc=1,Lat=-4,Fov=0,CPU4/GPU=2/2,1382/456MHz,OC=3F,TA=0/38/0,SP=N/N/N,Mem=2736MHz,Free=3680MB,PLS=0,Temp=45.0C/0.0C,TW=1.02ms,App=5.93ms,GD=0.00ms,CPU&GPU=10.32ms,LCnt=1(DR91,LM0),GPU%=0.66,CPU%=0.20(W0.26),CFL=12.03/15.61,ICFLp95=14.88,LD=0,SF=1.00,DpuScale=1.00,LP=0,DVFS=0,Preempt=364,PoseAgeP95=0.00
1789438027.061	91	90	0		456	6.00	10.25	358	45.0	0.67	FPS=91/90,Prd=28ms,Tear=0,Early=0,Stale=0,Stale2/5/10/max=0/0/0/0,VSnc=1,Lat=-4,Fov=0,CPU4/GPU=2/2,1382/456MHz,OC=3F,TA=0/38/0,SP=N/N/N,Mem=2736MHz,Free=3680MB,PLS=0,Temp=45.0C/0.0C,TW=1.02ms,App=6.00ms,GD=0.00ms,CPU&GPU=10.25ms,LCnt=1(DR90,LM0),GPU%=0.67,CPU%=0.25(W0.30),CFL=12.03/15.65,ICFLp95=14.90,LD=0,SF=1.00,DpuScale=1.00,LP=0,DVFS=0,Preempt=358,PoseAgeP95=0.00
1789438028.061	90	90	0		456	5.91	10.29	360	45.0	0.66	FPS=90/90,Prd=28ms,Tear=0,Early=0,Stale=0,Stale2/5/10/max=0/0/0/0,VSnc=1,Lat=-4,Fov=0,CPU4/GPU=2/2,1382/456MHz,OC=3F,TA=0/38/0,SP=N/N/N,Mem=2736MHz,Free=3680MB,PLS=0,Temp=45.0C/0.0C,TW=1.03ms,App=5.91ms,GD=0.00ms,CPU&GPU=10.29ms,LCnt=1(DR90,LM0),GPU%=0.66,CPU%=0.19(W0.22),CFL=11.99/15.69,ICFLp95=14.99,LD=0,SF=1.00,DpuScale=1.00,LP=0,DVFS=0,Preempt=360,PoseAgeP95=0.00
1789438029.061	90	90	0		456	5.97	10.38	360	45.0	0.67	FPS=90/90,Prd=28ms,Tear=0,Early=0,Stale=0,Stale2/5/10/max=0/0/0/0,VSnc=1,Lat=-4,Fov=0,CPU4/GPU=2/2,1382/456MHz,OC=3F,TA=0/38/0,SP=N/N/N,Mem=2736MHz,Free=3680MB,PLS=0,Temp=45.0C/0.0C,TW=1.02ms,App=5.97ms,GD=0.00ms,CPU&GPU=10.38ms,LCnt=1(DR90,LM0),GPU%=0.67,CPU%=0.22(W0.30),CFL=12.07/15.78,ICFLp95=14.94,LD=0,SF=1.00,DpuScale=1.00,LP=0,DVFS=0,Preempt=360,PoseAgeP95=0.00
1789438030.061	91	90	0		456	5.97	10.42	360	45.0	0.67	FPS=91/90,Prd=27ms,Tear=0,Early=0,Stale=0,Stale2/5/10/max=0/0/0/0,VSnc=1,Lat=-4,Fov=0,CPU4/GPU=2/2,1382/456MHz,OC=3F,TA=0/38/0,SP=N/N/N,Mem=2736MHz,Free=3680MB,PLS=0,Temp=45.0C/0.0C,TW=1.02ms,App=5.97ms,GD=0.00ms,CPU&GPU=10.42ms,LCnt=1(DR90,LM0),GPU%=0.67,CPU%=0.22(W0.27),CFL=12.02/15.68,ICFLp95=14.93,LD=0,SF=1.00,DpuScale=1.00,LP=0,DVFS=0,Preempt=360,PoseAgeP95=0.00
1789438031.062	90	90	0		456	5.95	10.04	358	45.0	0.66	FPS=90/90,Prd=28ms,Tear=0,Early=0,Stale=0,Stale2/5/10/max=0/0/0/0,VSnc=1,Lat=-4,Fov=0,CPU4/GPU=2/2,2054/456MHz,OC=3F,TA=0/38/0,SP=N/N/N,Mem=2092MHz,Free=3680MB,PLS=0,Temp=45.0C/0.0C,TW=1.02ms,App=5.95ms,GD=0.00ms,CPU&GPU=10.04ms,LCnt=1(DR90,LM0),GPU%=0.66,CPU%=0.21(W0.29),CFL=11.98/15.59,ICFLp95=14.85,LD=0,SF=1.00,DpuScale=1.00,LP=0,DVFS=0,Preempt=358,PoseAgeP95=0.00
1789438032.062	90	90	0		456	5.99	10.32	362	45.0	0.66	FPS=90/90,Prd=27ms,Tear=0,Early=0,Stale=0,Stale2/5/10/max=0/0/0/0,VSnc=1,Lat=-4,Fov=0,CPU4/GPU=2/2,2054/456MHz,OC=3F,TA=0/38/0,SP=N/N/N,Mem=2092MHz,Free=3680MB,PLS=0,Temp=45.0C/0.0C,TW=1.02ms,App=5.99ms,GD=0.00ms,CPU&GPU=10.32ms,LCnt=1(DR91,LM0),GPU%=0.66,CPU%=0.23(W0.28),CFL=12.02/15.59,ICFLp95=14.89,LD=0,SF=1.00,DpuScale=1.00,LP=0,DVFS=0,Preempt=362,PoseAgeP95=0.00
1789438033.062	91	90	0		456	5.94	9.98	358	45.0	0.66	FPS=91/90,Prd=28ms,Tear=0,Early=0,Stale=0,Stale2/5/10/max=0/0/0/0,VSnc=1,Lat=-4,Fov=0,CPU4/GPU=2/2,2054/456MHz,OC=3F,TA=0/38/0,SP=N/N/N,Mem=2092MHz,Free=3680MB,PLS=0,Temp=45.0C/0.0C,TW=1.02ms,App=5.94ms,GD=0.00ms,CPU&GPU=9.98ms,LCnt=1(DR90,LM0),GPU%=0.66,CPU%=0.25(W0.28),CFL=12.06/15.77,ICFLp95=15.02,LD=0,SF=1.00,DpuScale=1.00,LP=0,DVFS=0,Preempt=358,PoseAgeP95=0.00
1789438034.062	90	90	0		456	5.94	10.41	358	45.0	0.66	FPS=90/90,Prd=28ms,Tear=0,Early=0,Stale=0,Stale2/5/10/max=0/0/0/0,VSnc=1,Lat=-4,Fov=0,CPU4/GPU=2/2,2054/456MHz,OC=3F,TA=0/38/0,SP=N/N/N,Mem=2092MHz,Free=3680MB,PLS=0,Temp=45.0C/0.0C,TW=1.02ms,App=5.94ms,GD=0.00ms,CPU&GPU=10.41ms,LCnt=1(DR90,LM0),GPU%=0.66,CPU%=0.24(W0.31),CFL=12.20/15.59,ICFLp95=14.85,LD=0,SF=1.00,DpuScale=1.00,LP=0,DVFS=0,Preempt=358,PoseAgeP95=0.00
1789438035.062	90	90	0		456	5.92	10.11	358	45.0	0.66	FPS=90/90,Prd=28ms,Tear=0,Early=0,Stale=0,Stale2/5/10/max=0/0/0/0,VSnc=1,Lat=-4,Fov=0,CPU4/GPU=2/2,2054/456MHz,OC=3F,TA=0/38/0,SP=N/N/N,Mem=2092MHz,Free=3680MB,PLS=0,Temp=45.0C/0.0C,TW=1.02ms,App=5.92ms,GD=0.00ms,CPU&GPU=10.11ms,LCnt=1(DR90,LM0),GPU%=0.66,CPU%=0.24(W0.34),CFL=12.06/15.81,ICFLp95=14.92,LD=0,SF=1.00,DpuScale=1.00,LP=0,DVFS=0,Preempt=358,PoseAgeP95=0.00
1789438036.086	91	90	0		456	5.97	10.08	358	45.0	0.66	FPS=91/90,Prd=28ms,Tear=0,Early=0,Stale=0,Stale2/5/10/max=0/0/0/0,VSnc=1,Lat=-4,Fov=0,CPU4/GPU=2/2,2054/456MHz,OC=3F,TA=0/38/0,SP=N/N/N,Mem=2092MHz,Free=3676MB,PLS=0,Temp=45.0C/0.0C,TW=1.02ms,App=5.97ms,GD=0.00ms,CPU&GPU=10.08ms,LCnt=1(DR90,LM0),GPU%=0.66,CPU%=0.24(W0.34),CFL=11.97/15.90,ICFLp95=14.96,LD=0,SF=1.00,DpuScale=1.00,LP=0,DVFS=0,Preempt=358,PoseAgeP95=0.00
1789438037.062	91	90	0		456	5.93	10.26	358	45.0	0.66	FPS=91/90,Prd=28ms,Tear=0,Early=0,Stale=0,Stale2/5/10/max=0/0/0/0,VSnc=1,Lat=-4,Fov=0,CPU4/GPU=2/2,2054/456MHz,OC=3F,TA=0/38/0,SP=N/N/N,Mem=2092MHz,Free=3676MB,PLS=0,Temp=45.0C/0.0C,TW=1.02ms,App=5.93ms,GD=0.00ms,CPU&GPU=10.26ms,LCnt=1(DR90,LM0),GPU%=0.66,CPU%=0.26(W0.28),CFL=12.10/15.58,ICFLp95=14.83,LD=0,SF=1.00,DpuScale=1.00,LP=0,DVFS=0,Preempt=358,PoseAgeP95=0.00
1789438038.062	91	90	0		456	5.96	10.22	358	45.0	0.66	FPS=91/90,Prd=28ms,Tear=0,Early=0,Stale=0,Stale2/5/10/max=0/0/0/0,VSnc=1,Lat=-4,Fov=0,CPU4/GPU=2/2,2054/456MHz,OC=3F,TA=0/38/0,SP=N/N/N,Mem=2092MHz,Free=3676MB,PLS=0,Temp=45.0C/0.0C,TW=1.01ms,App=5.96ms,GD=0.00ms,CPU&GPU=10.22ms,LCnt=1(DR90,LM0),GPU%=0.66,CPU%=0.22(W0.30),CFL=12.01/15.58,ICFLp95=14.87,LD=0,SF=1.00,DpuScale=1.00,LP=0,DVFS=0,Preempt=358,PoseAgeP95=0.00
1789438039.062	90	90	0		456	5.98	10.27	360	45.0	0.66	FPS=90/90,Prd=28ms,Tear=0,Early=0,Stale=0,Stale2/5/10/max=0/0/0/0,VSnc=1,Lat=-4,Fov=0,CPU4/GPU=2/2,2054/456MHz,OC=3F,TA=0/38/0,SP=N/N/N,Mem=2092MHz,Free=3676MB,PLS=0,Temp=45.0C/0.0C,TW=1.03ms,App=5.98ms,GD=0.00ms,CPU&GPU=10.27ms,LCnt=1(DR90,LM0),GPU%=0.66,CPU%=0.25(W0.28),CFL=11.96/15.58,ICFLp95=14.89,LD=0,SF=1.00,DpuScale=1.00,LP=0,DVFS=0,Preempt=360,PoseAgeP95=0.00
1789438040.062	91	90	0		456	5.93	10.14	358	45.0	0.66	FPS=91/90,Prd=28ms,Tear=0,Early=0,Stale=0,Stale2/5/10/max=0/0/0/0,VSnc=1,Lat=-4,Fov=0,CPU4/GPU=2/2,2054/456MHz,OC=3F,TA=0/38/0,SP=N/N/N,Mem=2092MHz,Free=3676MB,PLS=0,Temp=45.0C/0.0C,TW=1.02ms,App=5.93ms,GD=0.00ms,CPU&GPU=10.14ms,LCnt=1(DR90,LM0),GPU%=0.66,CPU%=0.23(W0.27),CFL=11.96/15.76,ICFLp95=14.99,LD=0,SF=1.00,DpuScale=1.00,LP=0,DVFS=0,Preempt=358,PoseAgeP95=0.00
1789438041.062	90	90	0		456	5.93	10.37	364	45.0	0.66	FPS=90/90,Prd=28ms,Tear=0,Early=0,Stale=0,Stale2/5/10/max=0/0/0/0,VSnc=1,Lat=-4,Fov=0,CPU4/GPU=2/2,1382/456MHz,OC=3F,TA=0/38/0,SP=N/N/N,Mem=1555MHz,Free=3676MB,PLS=0,Temp=45.0C/0.0C,TW=1.02ms,App=5.93ms,GD=0.00ms,CPU&GPU=10.37ms,LCnt=1(DR91,LM0),GPU%=0.66,CPU%=0.23(W0.37),CFL=12.01/15.62,ICFLp95=14.92,LD=0,SF=1.00,DpuScale=1.00,LP=0,DVFS=0,Preempt=364,PoseAgeP95=0.00
1789438042.062	91	90	0		456	6.00	10.16	360	45.0	0.66	FPS=91/90,Prd=28ms,Tear=0,Early=0,Stale=0,Stale2/5/10/max=0/0/0/0,VSnc=1,Lat=-4,Fov=0,CPU4/GPU=2/2,1382/456MHz,OC=3F,TA=0/38/0,SP=N/N/N,Mem=1555MHz,Free=3676MB,PLS=0,Temp=45.0C/0.0C,TW=1.02ms,App=6.00ms,GD=0.00ms,CPU&GPU=10.16ms,LCnt=1(DR90,LM0),GPU%=0.66,CPU%=0.25(W0.31),CFL=12.05/15.62,ICFLp95=14.88,LD=0,SF=1.00,DpuScale=1.00,LP=0,DVFS=0,Preempt=360,PoseAgeP95=0.00
1789438043.062	90	90	0		456	6.02	10.42	360	45.0	0.67	FPS=90/90,Prd=28ms,Tear=0,Early=0,Stale=0,Stale2/5/10/max=0/0/0/0,VSnc=1,Lat=-4,Fov=0,CPU4/GPU=2/2,1382/456MHz,OC=3F,TA=0/38/0,SP=N/N/N,Mem=1555MHz,Free=3676MB,PLS=0,Temp=45.0C/0.0C,TW=1.07ms,App=6.02ms,GD=0.00ms,CPU&GPU=10.42ms,LCnt=1(DR90,LM0),GPU%=0.67,CPU%=0.24(W0.32),CFL=12.00/15.61,ICFLp95=14.86,LD=0,SF=1.00,DpuScale=1.00,LP=0,DVFS=0,Preempt=360,PoseAgeP95=0.00
1789438044.062	91	90	0		456	6.14	11.06	362	45.0	0.68	FPS=91/90,Prd=28ms,Tear=1,Early=0,Stale=0,Stale2/5/10/max=0/0/0/0,VSnc=1,Lat=-4,Fov=0,CPU4/GPU=2/2,1382/456MHz,OC=3F,TA=0/38/0,SP=N/N/N,Mem=1555MHz,Free=3676MB,PLS=0,Temp=45.0C/0.0C,TW=1.01ms,App=6.14ms,GD=0.00ms,CPU&GPU=11.06ms,LCnt=1(DR91,LM0),GPU%=0.68,CPU%=0.25(W0.33),CFL=12.13/16.10,ICFLp95=15.10,LD=0,SF=1.00,DpuScale=1.00,LP=0,DVFS=0,Preempt=362,PoseAgeP95=0.00
1789438045.063	90	90	0		456	5.97	10.27	360	45.0	0.67	FPS=90/90,Prd=28ms,Tear=0,Early=0,Stale=0,Stale2/5/10/max=0/0/0/0,VSnc=1,Lat=-4,Fov=0,CPU4/GPU=2/2,1382/456MHz,OC=3F,TA=0/38/0,SP=N/N/N,Mem=1555MHz,Free=3676MB,PLS=0,Temp=45.0C/0.0C,TW=1.01ms,App=5.97ms,GD=0.00ms,CPU&GPU=10.27ms,LCnt=1(DR90,LM0),GPU%=0.67,CPU%=0.23(W0.34),CFL=12.26/15.79,ICFLp95=15.00,LD=0,SF=1.00,DpuScale=1.00,LP=0,DVFS=0,Preempt=360,PoseAgeP95=0.00
1789438046.063	90	90	0		456	5.94	10.32	358	45.0	0.67	FPS=90/90,Prd=28ms,Tear=0,Early=0,Stale=0,Stale2/5/10/max=0/0/0/0,VSnc=1,Lat=-4,Fov=0,CPU4/GPU=2/2,1382/456MHz,OC=3F,TA=0/38/0,SP=N/N/N,Mem=1555MHz,Free=3676MB,PLS=0,Temp=45.0C/0.0C,TW=1.01ms,App=5.94ms,GD=0.00ms,CPU&GPU=10.32ms,LCnt=1(DR90,LM0),GPU%=0.67,CPU%=0.21(W0.25),CFL=12.08/15.52,ICFLp95=14.79,LD=0,SF=1.00,DpuScale=1.00,LP=0,DVFS=0,Preempt=358,PoseAgeP95=0.00
1789438047.063	91	90	0		456	5.93	10.18	358	45.0	0.66	FPS=91/90,Prd=28ms,Tear=0,Early=0,Stale=0,Stale2/5/10/max=0/0/0/0,VSnc=1,Lat=-4,Fov=0,CPU4/GPU=2/2,1382/456MHz,OC=3F,TA=0/38/0,SP=N/N/N,Mem=1555MHz,Free=3676MB,PLS=0,Temp=45.0C/0.0C,TW=1.01ms,App=5.93ms,GD=0.00ms,CPU&GPU=10.18ms,LCnt=1(DR90,LM0),GPU%=0.66,CPU%=0.21(W0.32),CFL=11.94/15.74,ICFLp95=14.92,LD=0,SF=1.00,DpuScale=1.00,LP=0,DVFS=0,Preempt=358,PoseAgeP95=0.00
1789438048.063	91	90	0		456	5.94	10.22	358	45.0	0.66	FPS=91/90,Prd=28ms,Tear=0,Early=0,Stale=0,Stale2/5/10/max=0/0/0/0,VSnc=1,Lat=-4,Fov=0,CPU4/GPU=2/2,1382/456MHz,OC=3F,TA=0/38/0,SP=N/N/N,Mem=1555MHz,Free=3676MB,PLS=0,Temp=45.0C/0.0C,TW=1.02ms,App=5.94ms,GD=0.00ms,CPU&GPU=10.22ms,LCnt=1(DR90,LM0),GPU%=0.66,CPU%=0.22(W0.29),CFL=12.08/15.87,ICFLp95=14.86,LD=0,SF=1.00,DpuScale=1.00,LP=0,DVFS=0,Preempt=358,PoseAgeP95=0.00
1789438049.063	90	90	0		456	5.97	10.55	360	45.0	0.66	FPS=90/90,Prd=27ms,Tear=0,Early=0,Stale=0,Stale2/5/10/max=0/0/0/0,VSnc=1,Lat=-4,Fov=0,CPU4/GPU=2/2,1382/456MHz,OC=3F,TA=0/38/0,SP=N/N/N,Mem=1555MHz,Free=3676MB,PLS=0,Temp=45.0C/0.0C,TW=1.01ms,App=5.97ms,GD=0.00ms,CPU&GPU=10.55ms,LCnt=1(DR90,LM0),GPU%=0.66,CPU%=0.20(W0.23),CFL=11.98/15.69,ICFLp95=14.87,LD=0,SF=1.00,DpuScale=1.00,LP=0,DVFS=0,Preempt=360,PoseAgeP95=0.00
1789438050.063	90	90	0		456	5.97	10.45	360	45.0	0.66	FPS=90/90,Prd=27ms,Tear=0,Early=0,Stale=0,Stale2/5/10/max=0/0/0/0,VSnc=1,Lat=-4,Fov=0,CPU4/GPU=2/2,1382/456MHz,OC=3F,TA=0/38/0,SP=N/N/N,Mem=1555MHz,Free=3676MB,PLS=0,Temp=45.0C/0.0C,TW=1.01ms,App=5.97ms,GD=0.00ms,CPU&GPU=10.45ms,LCnt=1(DR90,LM0),GPU%=0.66,CPU%=0.21(W0.26),CFL=11.98/15.51,ICFLp95=14.77,LD=0,SF=1.00,DpuScale=1.00,LP=0,DVFS=0,Preempt=360,PoseAgeP95=0.00
1789438051.063	90	90	0		456	5.96	10.56	358	45.0	0.66	FPS=90/90,Prd=27ms,Tear=0,Early=0,Stale=0,Stale2/5/10/max=0/0/0/0,VSnc=1,Lat=-4,Fov=0,CPU4/GPU=2/2,1382/456MHz,OC=3F,TA=0/38/0,SP=N/N/N,Mem=1555MHz,Free=3676MB,PLS=0,Temp=45.0C/0.0C,TW=1.02ms,App=5.96ms,GD=0.00ms,CPU&GPU=10.56ms,LCnt=1(DR90,LM0),GPU%=0.66,CPU%=0.21(W0.35),CFL=11.89/15.59,ICFLp95=14.84,LD=0,SF=1.00,DpuScale=1.00,LP=0,DVFS=0,Preempt=358,PoseAgeP95=0.00
1789438052.063	91	90	0		456	5.93	10.40	362	45.0	0.66	FPS=91/90,Prd=27ms,Tear=0,Early=0,Stale=0,Stale2/5/10/max=0/0/0/0,VSnc=1,Lat=-4,Fov=0,CPU4/GPU=2/2,1382/456MHz,OC=3F,TA=0/38/0,SP=N/N/N,Mem=1555MHz,Free=3676MB,PLS=0,Temp=45.0C/0.0C,TW=1.01ms,App=5.93ms,GD=0.00ms,CPU&GPU=10.40ms,LCnt=1(DR91,LM0),GPU%=0.66,CPU%=0.22(W0.24),CFL=12.02/15.77,ICFLp95=14.88,LD=0,SF=1.00,DpuScale=1.00,LP=0,DVFS=0,Preempt=362,PoseAgeP95=0.00
1789438053.063	90	90	0		456	5.99	10.33	362	45.0	0.67	FPS=90/90,Prd=28ms,Tear=0,Early=0,Stale=0,Stale2/5/10/max=0/0/0/0,VSnc=1,Lat=-4,Fov=0,CPU4/GPU=2/2,1382/456MHz,OC=3F,TA=0/38/0,SP=N/N/N,Mem=1555MHz,Free=3676MB,PLS=0,Temp=45.0C/0.0C,TW=1.03ms,App=5.99ms,GD=0.00ms,CPU&GPU=10.33ms,LCnt=1(DR91,LM0),GPU%=0.67,CPU%=0.23(W0.31),CFL=12.02/15.58,ICFLp95=14.85,LD=0,SF=1.00,DpuScale=1.00,LP=0,DVFS=0,Preempt=362,PoseAgeP95=0.00
1789438054.063	91	90	0		456	5.94	10.02	358	45.0	0.67	FPS=91/90,Prd=28ms,Tear=0,Early=0,Stale=0,Stale2/5/10/max=0/0/0/0,VSnc=1,Lat=-4,Fov=0,CPU4/GPU=2/2,1382/456MHz,OC=3F,TA=0/38/0,SP=N/N/N,Mem=1555MHz,Free=3676MB,PLS=0,Temp=45.0C/0.0C,TW=1.02ms,App=5.94ms,GD=0.00ms,CPU&GPU=10.02ms,LCnt=1(DR90,LM0),GPU%=0.67,CPU%=0.19(W0.24),CFL=12.10/15.90,ICFLp95=14.94,LD=0,SF=1.00,DpuScale=1.00,LP=0,DVFS=0,Preempt=358,PoseAgeP95=0.00
1789438055.063	91	90	0		456	5.95	10.13	358	45.0	0.66	FPS=91/90,Prd=27ms,Tear=0,Early=0,Stale=0,Stale2/5/10/max=0/0/0/0,VSnc=1,Lat=-4,Fov=0,CPU4/GPU=2/2,1382/456MHz,OC=3F,TA=0/38/0,SP=N/N/N,Mem=1555MHz,Free=3676MB,PLS=0,Temp=45.0C/0.0C,TW=1.02ms,App=5.95ms,GD=0.00ms,CPU&GPU=10.13ms,LCnt=1(DR90,LM0),GPU%=0.66,CPU%=0.20(W0.25),CFL=12.05/15.85,ICFLp95=14.94,LD=0,SF=1.00,DpuScale=1.00,LP=0,DVFS=0,Preempt=358,PoseAgeP95=0.00
1789438056.084	90	90	0		456	5.93	10.35	358	45.0	0.66	FPS=90/90,Prd=27ms,Tear=0,Early=0,Stale=0,Stale2/5/10/max=0/0/0/0,VSnc=1,Lat=-4,Fov=0,CPU4/GPU=2/2,1382/456MHz,OC=3F,TA=0/38/0,SP=N/N/N,Mem=1555MHz,Free=3676MB,PLS=0,Temp=45.0C/0.0C,TW=1.02ms,App=5.93ms,GD=0.00ms,CPU&GPU=10.35ms,LCnt=1(DR90,LM0),GPU%=0.66,CPU%=0.22(W0.37),CFL=12.10/15.80,ICFLp95=14.94,LD=0,SF=1.00,DpuScale=1.00,LP=0,DVFS=0,Preempt=358,PoseAgeP95=0.00
1789438057.064	90	90	0		456	5.96	10.07	362	45.0	0.66	FPS=90/90,Prd=27ms,Tear=0,Early=0,Stale=0,Stale2/5/10/max=0/0/0/0,VSnc=1,Lat=-4,Fov=0,CPU4/GPU=2/2,1382/456MHz,OC=3F,TA=0/38/0,SP=N/N/N,Mem=1555MHz,Free=3676MB,PLS=0,Temp=45.0C/0.0C,TW=1.02ms,App=5.96ms,GD=0.00ms,CPU&GPU=10.07ms,LCnt=1(DR91,LM0),GPU%=0.66,CPU%=0.21(W0.35),CFL=12.00/15.71,ICFLp95=14.95,LD=0,SF=1.00,DpuScale=1.00,LP=0,DVFS=0,Preempt=362,PoseAgeP95=0.00
1789438058.064	91	90	0		456	5.96	10.42	358	45.0	0.66	FPS=91/90,Prd=28ms,Tear=0,Early=0,Stale=0,Stale2/5/10/max=0/0/0/0,VSnc=1,Lat=-4,Fov=0,CPU4/GPU=2/2,1382/456MHz,OC=3F,TA=0/38/0,SP=N/N/N,Mem=1555MHz,Free=3676MB,PLS=0,Temp=45.0C/0.0C,TW=1.02ms,App=5.96ms,GD=0.00ms,CPU&GPU=10.42ms,LCnt=1(DR90,LM0),GPU%=0.66,CPU%=0.21(W0.24),CFL=12.13/15.80,ICFLp95=14.93,LD=0,SF=1.00,DpuScale=1.00,LP=0,DVFS=0,Preempt=358,PoseAgeP95=0.00
1789438059.064	90	90	0		456	5.98	10.60	358	45.0	0.66	FPS=90/90,Prd=27ms,Tear=0,Early=0,Stale=0,Stale2/5/10/max=0/0/0/0,VSnc=1,Lat=-4,Fov=0,CPU4/GPU=2/2,1382/456MHz,OC=3F,TA=0/38/0,SP=N/N/N,Mem=1555MHz,Free=3676MB,PLS=0,Temp=45.0C/0.0C,TW=1.02ms,App=5.98ms,GD=0.00ms,CPU&GPU=10.60ms,LCnt=1(DR90,LM0),GPU%=0.66,CPU%=0.21(W0.37),CFL=12.04/15.83,ICFLp95=14.89,LD=0,SF=1.00,DpuScale=1.00,LP=0,DVFS=0,Preempt=358,PoseAgeP95=0.00
1789438060.064	91	90	0		456	5.99	9.91	358	45.0	0.66	FPS=91/90,Prd=27ms,Tear=0,Early=0,Stale=0,Stale2/5/10/max=0/0/0/0,VSnc=1,Lat=-4,Fov=0,CPU4/GPU=2/2,1382/456MHz,OC=3F,TA=0/38/0,SP=N/N/N,Mem=1555MHz,Free=3676MB,PLS=0,Temp=45.0C/0.0C,TW=1.02ms,App=5.99ms,GD=0.00ms,CPU&GPU=9.91ms,LCnt=1(DR90,LM0),GPU%=0.66,CPU%=0.21(W0.36),CFL=11.99/15.70,ICFLp95=14.88,LD=0,SF=1.00,DpuScale=1.00,LP=0,DVFS=0,Preempt=358,PoseAgeP95=0.00
1789438061.064	90	90	0		456	5.98	10.09	362	45.0	0.66	FPS=90/90,Prd=27ms,Tear=1,Early=0,Stale=0,Stale2/5/10/max=0/0/0/0,VSnc=1,Lat=-4,Fov=0,CPU4/GPU=2/2,1382/456MHz,OC=3F,TA=0/38/0,SP=N/N/N,Mem=2092MHz,Free=3676MB,PLS=0,Temp=45.0C/0.0C,TW=1.01ms,App=5.98ms,GD=0.00ms,CPU&GPU=10.09ms,LCnt=1(DR91,LM0),GPU%=0.66,CPU%=0.22(W0.35),CFL=12.04/15.69,ICFLp95=14.93,LD=0,SF=1.00,DpuScale=1.00,LP=0,DVFS=0,Preempt=362,PoseAgeP95=0.00
1789438062.064	91	90	0		456	5.98	10.17	358	45.0	0.67	FPS=91/90,Prd=28ms,Tear=0,Early=0,Stale=0,Stale2/5/10/max=0/0/0/0,VSnc=1,Lat=-4,Fov=0,CPU4/GPU=2/2,1382/456MHz,OC=3F,TA=0/38/0,SP=N/N/N,Mem=2092MHz,Free=3676MB,PLS=0,Temp=45.0C/0.0C,TW=1.02ms,App=5.98ms,GD=0.00ms,CPU&GPU=10.17ms,LCnt=1(DR90,LM0),GPU%=0.67,CPU%=0.22(W0.26),CFL=12.17/15.60,ICFLp95=14.88,LD=0,SF=1.00,DpuScale=1.00,LP=0,DVFS=0,Preempt=358,PoseAgeP95=0.00
1789438063.064	90	90	0		456	5.93	10.19	364	45.0	0.66	FPS=90/90,Prd=28ms,Tear=0,Early=0,Stale=0,Stale2/5/10/max=0/0/0/0,VSnc=1,Lat=-4,Fov=0,CPU4/GPU=2/2,1382/456MHz,OC=3F,TA=0/38/0,SP=N/N/N,Mem=2092MHz,Free=3676MB,PLS=0,Temp=45.0C/0.0C,TW=1.02ms,App=5.93ms,GD=0.00ms,CPU&GPU=10.19ms,LCnt=1(DR91,LM0),GPU%=0.66,CPU%=0.23(W0.41),CFL=12.08/15.87,ICFLp95=15.08,LD=0,SF=1.00,DpuScale=1.00,LP=0,DVFS=0,Preempt=364,PoseAgeP95=0.00
1789438064.064	91	90	0		456	6.22	10.93	364	45.0	0.68	FPS=91/90,Prd=28ms,Tear=1,Early=0,Stale=0,Stale2/5/10/max=0/0/0/0,VSnc=1,Lat=-4,Fov=0,CPU4/GPU=2/2,1382/456MHz,OC=3F,TA=0/38/0,SP=N/N/N,Mem=2092MHz,Free=3676MB,PLS=0,Temp=45.0C/0.0C,TW=1.06ms,App=6.22ms,GD=0.00ms,CPU&GPU=10.93ms,LCnt=1(DR91,LM0),GPU%=0.68,CPU%=0.22(W0.27),CFL=12.12/15.95,ICFLp95=15.06,LD=0,SF=1.00,DpuScale=1.00,LP=0,DVFS=0,Preempt=364,PoseAgeP95=0.00
1789438065.064	91	90	0		456	6.22	11.47	359	45.0	0.69	FPS=91/90,Prd=28ms,Tear=0,Early=0,Stale=0,Stale2/5/10/max=0/0/0/0,VSnc=1,Lat=-4,Fov=0,CPU4/GPU=2/2,1382/456MHz,OC=3F,TA=0/38/0,SP=N/N/N,Mem=2092MHz,Free=3676MB,PLS=0,Temp=45.0C/0.0C,TW=1.07ms,App=6.22ms,GD=0.00ms,CPU&GPU=11.47ms,LCnt=1(DR90,LM0),GPU%=0.69,CPU%=0.23(W0.24),CFL=12.29/15.86,ICFLp95=15.05,LD=0,SF=1.00,DpuScale=1.00,LP=0,DVFS=0,Preempt=359,PoseAgeP95=0.00
1789438066.064	90	90	0		456	5.99	10.05	363	45.0	0.67	FPS=90/90,Prd=28ms,Tear=0,Early=0,Stale=0,Stale2/5/10/max=0/0/0/0,VSnc=1,Lat=-4,Fov=0,CPU4/GPU=2/2,1382/456MHz,OC=3F,TA=0/38/0,SP=N/N/N,Mem=2092MHz,Free=3676MB,PLS=0,Temp=45.0C/0.0C,TW=1.02ms,App=5.99ms,GD=0.00ms,CPU&GPU=10.05ms,LCnt=1(DR91,LM0),GPU%=0.67,CPU%=0.20(W0.29),CFL=12.28/16.03,ICFLp95=15.17,LD=0,SF=1.00,DpuScale=1.00,LP=0,DVFS=0,Preempt=363,PoseAgeP95=0.00
1789438067.064	90	90	0		456	5.91	10.18	360	45.0	0.67	FPS=90/90,Prd=28ms,Tear=0,Early=0,Stale=0,Stale2/5/10/max=0/0/0/0,VSnc=1,Lat=-4,Fov=0,CPU4/GPU=2/2,1382/456MHz,OC=3F,TA=0/38/0,SP=N/N/N,Mem=2092MHz,Free=3676MB,PLS=0,Temp=45.0C/0.0C,TW=1.02ms,App=5.91ms,GD=0.00ms,CPU&GPU=10.18ms,LCnt=1(DR90,LM0),GPU%=0.67,CPU%=0.20(W0.23),CFL=12.06/16.03,ICFLp95=14.99,LD=0,SF=1.00,DpuScale=1.00,LP=0,DVFS=0,Preempt=360,PoseAgeP95=0.00
1789438068.064	90	90	0		456	5.98	9.95	360	45.0	0.67	FPS=90/90,Prd=28ms,Tear=0,Early=0,Stale=0,Stale2/5/10/max=0/0/0/0,VSnc=1,Lat=-4,Fov=0,CPU4/GPU=2/2,1382/456MHz,OC=3F,TA=0/38/0,SP=N/N/N,Mem=2092MHz,Free=3676MB,PLS=0,Temp=45.0C/0.0C,TW=1.02ms,App=5.98ms,GD=0.00ms,CPU&GPU=9.95ms,LCnt=1(DR90,LM0),GPU%=0.67,CPU%=0.22(W0.31),CFL=12.06/15.85,ICFLp95=14.89,LD=0,SF=1.00,DpuScale=1.00,LP=0,DVFS=0,Preempt=360,PoseAgeP95=0.00
1789438069.064	90	90	0		456	6.01	10.45	360	45.0	0.67	FPS=90/90,Prd=28ms,Tear=0,Early=0,Stale=0,Stale2/5/10/max=0/0/0/0,VSnc=1,Lat=-4,Fov=0,CPU4/GPU=2/2,1382/456MHz,OC=3F,TA=0/38/0,SP=N/N/N,Mem=2092MHz,Free=3676MB,PLS=0,Temp=45.0C/0.0C,TW=1.03ms,App=6.01ms,GD=0.00ms,CPU&GPU=10.45ms,LCnt=1(DR90,LM0),GPU%=0.67,CPU%=0.21(W0.24),CFL=12.01/15.58,ICFLp95=14.84,LD=0,SF=1.00,DpuScale=1.00,LP=0,DVFS=0,Preempt=360,PoseAgeP95=0.00
1789438070.065	91	90	0		456	5.99	10.41	360	45.0	0.66	FPS=91/90,Prd=28ms,Tear=0,Early=0,Stale=0,Stale2/5/10/max=0/0/0/0,VSnc=1,Lat=-4,Fov=0,CPU4/GPU=2/2,1382/456MHz,OC=3F,TA=0/38/0,SP=N/N/N,Mem=2092MHz,Free=3676MB,PLS=0,Temp=45.0C/0.0C,TW=1.02ms,App=5.99ms,GD=0.00ms,CPU&GPU=10.41ms,LCnt=1(DR90,LM0),GPU%=0.66,CPU%=0.21(W0.33),CFL=12.05/15.75,ICFLp95=14.95,LD=0,SF=1.00,DpuScale=1.00,LP=0,DVFS=0,Preempt=360,PoseAgeP95=0.00
1789438071.065	91	90	0		456	5.96	10.32	360	45.0	0.66	FPS=91/90,Prd=28ms,Tear=0,Early=0,Stale=0,Stale2/5/10/max=0/0/0/0,VSnc=1,Lat=-4,Fov=0,CPU4/GPU=2/2,1382/456MHz,OC=3F,TA=0/38/0,SP=N/N/N,Mem=2092MHz,Free=3676MB,PLS=0,Temp=45.0C/0.0C,TW=1.02ms,App=5.96ms,GD=0.00ms,CPU&GPU=10.32ms,LCnt=1(DR90,LM0),GPU%=0.66,CPU%=0.20(W0.25),CFL=12.04/15.62,ICFLp95=14.86,LD=0,SF=1.00,DpuScale=1.00,LP=0,DVFS=0,Preempt=360,PoseAgeP95=0.00
1789438072.065	91	90	0		456	5.90	10.13	358	45.0	0.66	FPS=91/90,Prd=28ms,Tear=0,Early=0,Stale=0,Stale2/5/10/max=0/0/0/0,VSnc=1,Lat=-4,Fov=0,CPU4/GPU=2/2,1382/456MHz,OC=3F,TA=0/38/0,SP=N/N/N,Mem=2092MHz,Free=3676MB,PLS=0,Temp=45.0C/0.0C,TW=1.02ms,App=5.90ms,GD=0.00ms,CPU&GPU=10.13ms,LCnt=1(DR90,LM0),GPU%=0.66,CPU%=0.20(W0.38),CFL=12.04/15.57,ICFLp95=14.83,LD=0,SF=1.00,DpuScale=1.00,LP=0,DVFS=0,Preempt=358,PoseAgeP95=0.00
1789438073.065	90	90	0		456	6.01	10.73	359	45.0	0.67	FPS=90/90,Prd=28ms,Tear=0,Early=0,Stale=0,Stale2/5/10/max=0/0/0/0,VSnc=1,Lat=-4,Fov=0,CPU4/GPU=2/2,1382/456MHz,OC=3F,TA=0/38/0,SP=N/N/N,Mem=2092MHz,Free=3676MB,PLS=0,Temp=45.0C/0.0C,TW=1.02ms,App=6.01ms,GD=0.00ms,CPU&GPU=10.73ms,LCnt=1(DR90,LM0),GPU%=0.67,CPU%=0.21(W0.23),CFL=11.87/15.65,ICFLp95=14.91,LD=0,SF=1.00,DpuScale=1.00,LP=0,DVFS=0,Preempt=359,PoseAgeP95=0.00
1789438074.065	90	90	0		456	5.93	10.58	363	45.0	0.66	FPS=90/90,Prd=27ms,Tear=0,Early=0,Stale=0,Stale2/5/10/max=0/0/0/0,VSnc=1,Lat=-4,Fov=0,CPU4/GPU=2/2,1382/456MHz,OC=3F,TA=0/38/0,SP=N/N/N,Mem=2092MHz,Free=3676MB,PLS=0,Temp=45.0C/0.0C,TW=1.03ms,App=5.93ms,GD=0.00ms,CPU&GPU=10.58ms,LCnt=1(DR91,LM0),GPU%=0.66,CPU%=0.21(W0.26),CFL=12.08/15.69,ICFLp95=14.90,LD=0,SF=1.00,DpuScale=1.00,LP=0,DVFS=0,Preempt=363,PoseAgeP95=0.00
1789438075.065	90	90	0		456	6.00	10.27	362	45.0	0.67	FPS=90/90,Prd=28ms,Tear=0,Early=0,Stale=0,Stale2/5/10/max=0/0/0/0,VSnc=1,Lat=-4,Fov=0,CPU4/GPU=2/2,1382/456MHz,OC=3F,TA=0/38/0,SP=N/N/N,Mem=2092MHz,Free=3676MB,PLS=0,Temp=45.0C/0.0C,TW=1.02ms,App=6.00ms,GD=0.00ms,CPU&GPU=10.27ms,LCnt=1(DR91,LM0),GPU%=0.67,CPU%=0.21(W0.24),CFL=12.03/15.82,ICFLp95=15.01,LD=0,SF=1.00,DpuScale=1.00,LP=0,DVFS=0,Preempt=362,PoseAgeP95=0.00
1789438076.090	91	90	0		456	5.94	10.07	358	45.0	0.66	FPS=91/90,Prd=28ms,Tear=0,Early=0,Stale=0,Stale2/5/10/max=0/0/0/0,VSnc=1,Lat=-4,Fov=0,CPU4/GPU=2/2,1382/456MHz,OC=3F,TA=0/38/0,SP=N/N/N,Mem=2092MHz,Free=3674MB,PLS=0,Temp=45.0C/0.0C,TW=1.02ms,App=5.94ms,GD=0.00ms,CPU&GPU=10.07ms,LCnt=1(DR90,LM0),GPU%=0.66,CPU%=0.22(W0.38),CFL=12.16/15.69,ICFLp95=14.98,LD=0,SF=1.00,DpuScale=1.00,LP=0,DVFS=0,Preempt=358,PoseAgeP95=0.00
1789438077.065	90	90	0		456	5.91	9.97	358	45.0	0.66	FPS=90/90,Prd=28ms,Tear=0,Early=0,Stale=0,Stale2/5/10/max=0/0/0/0,VSnc=1,Lat=-4,Fov=0,CPU4/GPU=2/2,1382/456MHz,OC=3F,TA=0/38/0,SP=N/N/N,Mem=2092MHz,Free=3674MB,PLS=0,Temp=45.0C/0.0C,TW=1.02ms,App=5.91ms,GD=0.00ms,CPU&GPU=9.97ms,LCnt=1(DR90,LM0),GPU%=0.66,CPU%=0.22(W0.28),CFL=12.02/15.68,ICFLp95=14.94,LD=0,SF=1.00,DpuScale=1.00,LP=0,DVFS=0,Preempt=358,PoseAgeP95=0.00
1789438078.065	90	90	0		456	5.95	10.65	362	45.0	0.66	FPS=90/90,Prd=27ms,Tear=0,Early=0,Stale=0,Stale2/5/10/max=0/0/0/0,VSnc=1,Lat=-4,Fov=0,CPU4/GPU=2/2,1382/456MHz,OC=3F,TA=0/38/0,SP=N/N/N,Mem=2092MHz,Free=3674MB,PLS=0,Temp=45.0C/0.0C,TW=1.02ms,App=5.95ms,GD=0.00ms,CPU&GPU=10.65ms,LCnt=1(DR91,LM0),GPU%=0.66,CPU%=0.21(W0.26),CFL=11.92/15.59,ICFLp95=14.86,LD=0,SF=1.00,DpuScale=1.00,LP=0,DVFS=0,Preempt=362,PoseAgeP95=0.00
1789438079.065	91	90	0		456	5.95	9.96	358	45.0	0.66	FPS=91/90,Prd=28ms,Tear=0,Early=0,Stale=0,Stale2/5/10/max=0/0/0/0,VSnc=1,Lat=-4,Fov=0,CPU4/GPU=2/2,1382/456MHz,OC=3F,TA=0/38/0,SP=N/N/N,Mem=2092MHz,Free=3674MB,PLS=0,Temp=45.0C/0.0C,TW=1.02ms,App=5.95ms,GD=0.00ms,CPU&GPU=9.96ms,LCnt=1(DR90,LM0),GPU%=0.66,CPU%=0.21(W0.31),CFL=12.10/15.76,ICFLp95=14.94,LD=0,SF=1.00,DpuScale=1.00,LP=0,DVFS=0,Preempt=358,PoseAgeP95=0.00
1789438080.065	90	90	0		456	5.92	9.93	358	45.0	0.66	FPS=90/90,Prd=28ms,Tear=0,Early=0,Stale=0,Stale2/5/10/max=0/0/0/0,VSnc=1,Lat=-4,Fov=0,CPU4/GPU=2/2,1382/456MHz,OC=3F,TA=0/38/0,SP=N/N/N,Mem=2092MHz,Free=3674MB,PLS=0,Temp=45.0C/0.0C,TW=1.02ms,App=5.92ms,GD=0.00ms,CPU&GPU=9.93ms,LCnt=1(DR90,LM0),GPU%=0.66,CPU%=0.20(W0.31),CFL=12.01/15.63,ICFLp95=14.94,LD=0,SF=1.00,DpuScale=1.00,LP=0,DVFS=0,Preempt=358,PoseAgeP95=0.00
1789438081.065	91	90	0		456	5.97	10.33	358	45.0	0.66	FPS=91/90,Prd=28ms,Tear=0,Early=0,Stale=0,Stale2/5/10/max=0/0/0/0,VSnc=1,Lat=-4,Fov=0,CPU4/GPU=2/2,1382/456MHz,OC=3F,TA=0/38/0,SP=N/N/N,Mem=2092MHz,Free=3674MB,PLS=0,Temp=45.0C/0.0C,TW=1.02ms,App=5.97ms,GD=0.00ms,CPU&GPU=10.33ms,LCnt=1(DR90,LM0),GPU%=0.66,CPU%=0.21(W0.26),CFL=11.96/15.75,ICFLp95=14.96,LD=0,SF=1.00,DpuScale=1.00,LP=0,DVFS=0,Preempt=358,PoseAgeP95=0.00
1789438082.065	90	90	0		456	5.91	10.27	358	45.0	0.66	FPS=90/90,Prd=28ms,Tear=0,Early=0,Stale=0,Stale2/5/10/max=0/0/0/0,VSnc=1,Lat=-4,Fov=0,CPU4/GPU=2/2,1382/456MHz,OC=3F,TA=0/38/0,SP=N/N/N,Mem=2092MHz,Free=3674MB,PLS=0,Temp=45.0C/0.0C,TW=1.02ms,App=5.91ms,GD=0.00ms,CPU&GPU=10.27ms,LCnt=1(DR90,LM0),GPU%=0.66,CPU%=0.23(W0.38),CFL=12.09/15.92,ICFLp95=14.97,LD=0,SF=1.00,DpuScale=1.00,LP=0,DVFS=0,Preempt=358,PoseAgeP95=0.00
1789438083.065	91	90	0		456	5.94	10.15	358	45.0	0.66	FPS=91/90,Prd=27ms,Tear=0,Early=0,Stale=0,Stale2/5/10/max=0/0/0/0,VSnc=1,Lat=-4,Fov=0,CPU4/GPU=2/2,1382/456MHz,OC=3F,TA=0/38/0,SP=N/N/N,Mem=2092MHz,Free=3674MB,PLS=0,Temp=45.0C/0.0C,TW=1.02ms,App=5.94ms,GD=0.00ms,CPU&GPU=10.15ms,LCnt=1(DR90,LM0),GPU%=0.66,CPU%=0.21(W0.31),CFL=12.04/15.97,ICFLp95=14.95,LD=0,SF=1.00,DpuScale=1.00,LP=0,DVFS=0,Preempt=358,PoseAgeP95=0.00
1789438084.066	90	90	0		456	5.91	10.59	358	45.0	0.66	FPS=90/90,Prd=28ms,Tear=0,Early=0,Stale=0,Stale2/5/10/max=0/0/0/0,VSnc=1,Lat=-4,Fov=0,CPU4/GPU=2/2,1382/456MHz,OC=3F,TA=0/38/0,SP=N/N/N,Mem=2092MHz,Free=3674MB,PLS=0,Temp=45.0C/0.0C,TW=1.02ms,App=5.91ms,GD=0.00ms,CPU&GPU=10.59ms,LCnt=1(DR90,LM0),GPU%=0.66,CPU%=0.21(W0.27),CFL=11.99/15.74,ICFLp95=14.90,LD=0,SF=1.00,DpuScale=1.00,LP=0,DVFS=0,Preempt=358,PoseAgeP95=0.00
1789438085.066	90	90	0		456	5.96	10.36	358	45.0	0.66	FPS=90/90,Prd=27ms,Tear=0,Early=0,Stale=0,Stale2/5/10/max=0/0/0/0,VSnc=1,Lat=-4,Fov=0,CPU4/GPU=2/2,1382/456MHz,OC=3F,TA=0/38/0,SP=N/N/N,Mem=2092MHz,Free=3674MB,PLS=0,Temp=45.0C/0.0C,TW=1.02ms,App=5.96ms,GD=0.00ms,CPU&GPU=10.36ms,LCnt=1(DR90,LM0),GPU%=0.66,CPU%=0.23(W0.26),CFL=11.98/15.60,ICFLp95=14.89,LD=0,SF=1.00,DpuScale=1.00,LP=0,DVFS=0,Preempt=358,PoseAgeP95=0.00
1789438086.066	91	90	0		456	6.02	10.80	364	45.0	0.67	FPS=91/90,Prd=28ms,Tear=0,Early=0,Stale=0,Stale2/5/10/max=0/0/0/0,VSnc=1,Lat=-4,Fov=0,CPU4/GPU=2/2,1382/456MHz,OC=3F,TA=0/38/0,SP=N/N/N,Mem=2092MHz,Free=3674MB,PLS=0,Temp=45.0C/0.0C,TW=1.07ms,App=6.02ms,GD=0.00ms,CPU&GPU=10.80ms,LCnt=1(DR91,LM0),GPU%=0.67,CPU%=0.23(W0.31),CFL=12.03/15.77,ICFLp95=14.92,LD=0,SF=1.00,DpuScale=1.00,LP=0,DVFS=0,Preempt=364,PoseAgeP95=0.00
1789438087.066	90	90	0		456	5.97	10.27	358	45.0	0.67	FPS=90/90,Prd=28ms,Tear=0,Early=0,Stale=0,Stale2/5/10/max=0/0/0/0,VSnc=1,Lat=-4,Fov=0,CPU4/GPU=2/2,1382/456MHz,OC=3F,TA=0/38/0,SP=N/N/N,Mem=2092MHz,Free=3674MB,PLS=0,Temp=45.0C/0.0C,TW=1.01ms,App=5.97ms,GD=0.00ms,CPU&GPU=10.27ms,LCnt=1(DR90,LM0),GPU%=0.67,CPU%=0.21(W0.23),CFL=12.11/15.95,ICFLp95=15.03,LD=0,SF=1.00,DpuScale=1.00,LP=0,DVFS=0,Preempt=358,PoseAgeP95=0.00
1789438088.066	90	90	0		456	5.96	10.64	360	45.0	0.66	FPS=90/90,Prd=27ms,Tear=0,Early=0,Stale=0,Stale2/5/10/max=0/0/0/0,VSnc=1,Lat=-4,Fov=0,CPU4/GPU=2/2,1382/456MHz,OC=3F,TA=0/38/0,SP=N/N/N,Mem=2092MHz,Free=3674MB,PLS=0,Temp=45.0C/0.0C,TW=1.02ms,App=5.96ms,GD=0.00ms,CPU&GPU=10.64ms,LCnt=1(DR90,LM0),GPU%=0.66,CPU%=0.21(W0.29),CFL=11.97/15.85,ICFLp95=14.97,LD=0,SF=1.00,DpuScale=1.00,LP=0,DVFS=0,Preempt=360,PoseAgeP95=0.00
1789438089.066	91	90	0		456	6.01	10.25	358	45.0	0.67	FPS=91/90,Prd=28ms,Tear=0,Early=0,Stale=0,Stale2/5/10/max=0/0/0/0,VSnc=1,Lat=-4,Fov=0,CPU4/GPU=2/2,1382/456MHz,OC=3F,TA=0/38/0,SP=N/N/N,Mem=2092MHz,Free=3674MB,PLS=0,Temp=45.0C/0.0C,TW=1.02ms,App=6.01ms,GD=0.00ms,CPU&GPU=10.25ms,LCnt=1(DR90,LM0),GPU%=0.67,CPU%=0.21(W0.40),CFL=12.10/15.58,ICFLp95=14.83,LD=0,SF=1.00,DpuScale=1.00,LP=0,DVFS=0,Preempt=358,PoseAgeP95=0.00
1789438090.066	90	90	0		456	5.93	10.26	358	45.0	0.66	FPS=90/90,Prd=28ms,Tear=0,Early=0,Stale=0,Stale2/5/10/max=0/0/0/0,VSnc=1,Lat=-4,Fov=0,CPU4/GPU=2/2,1382/456MHz,OC=3F,TA=0/38/0,SP=N/N/N,Mem=2092MHz,Free=3674MB,PLS=0,Temp=45.0C/0.0C,TW=1.02ms,App=5.93ms,GD=0.00ms,CPU&GPU=10.26ms,LCnt=1(DR90,LM0),GPU%=0.66,CPU%=0.23(W0.32),CFL=12.01/15.62,ICFLp95=14.91,LD=0,SF=1.00,DpuScale=1.00,LP=0,DVFS=0,Preempt=358,PoseAgeP95=0.00
1789438091.066	91	90	0		456	6.01	10.81	364	45.0	0.66	FPS=91/90,Prd=28ms,Tear=0,Early=0,Stale=0,Stale2/5/10/max=0/0/0/0,VSnc=1,Lat=-4,Fov=0,CPU4/GPU=2/2,1382/456MHz,OC=3F,TA=0/38/0,SP=N/N/N,Mem=2092MHz,Free=3674MB,PLS=0,Temp=45.0C/0.0C,TW=1.02ms,App=6.01ms,GD=0.00ms,CPU&GPU=10.81ms,LCnt=1(DR91,LM0),GPU%=0.66,CPU%=0.22(W0.26),CFL=11.95/15.97,ICFLp95=14.95,LD=0,SF=1.00,DpuScale=1.00,LP=0,DVFS=0,Preempt=364,PoseAgeP95=0.00
1789438092.066	91	90	0		456	5.97	10.16	360	45.0	0.66	FPS=91/90,Prd=28ms,Tear=0,Early=0,Stale=0,Stale2/5/10/max=0/0/0/0,VSnc=1,Lat=-4,Fov=0,CPU4/GPU=2/2,1382/456MHz,OC=3F,TA=0/38/0,SP=N/N/N,Mem=2092MHz,Free=3674MB,PLS=0,Temp=45.0C/0.0C,TW=1.01ms,App=5.97ms,GD=0.00ms,CPU&GPU=10.16ms,LCnt=1(DR90,LM0),GPU%=0.66,CPU%=0.22(W0.31),CFL=12.03/15.65,ICFLp95=14.93,LD=0,SF=1.00,DpuScale=1.00,LP=0,DVFS=0,Preempt=360,PoseAgeP95=0.00
1789438093.066	90	90	0		456	5.93	10.23	360	45.0	0.66	FPS=90/90,Prd=28ms,Tear=0,Early=0,Stale=0,Stale2/5/10/max=0/0/0/0,VSnc=1,Lat=-4,Fov=0,CPU4/GPU=2/2,1382/456MHz,OC=3F,TA=0/38/0,SP=N/N/N,Mem=2092MHz,Free=3674MB,PLS=0,Temp=45.0C/0.0C,TW=1.02ms,App=5.93ms,GD=0.00ms,CPU&GPU=10.23ms,LCnt=1(DR90,LM0),GPU%=0.66,CPU%=0.21(W0.26),CFL=11.99/15.69,ICFLp95=14.99,LD=0,SF=1.00,DpuScale=1.00,LP=0,DVFS=0,Preempt=360,PoseAgeP95=0.00
1789438094.066	90	90	0		456	5.93	10.13	360	45.0	0.66	FPS=90/90,Prd=27ms,Tear=0,Early=0,Stale=0,Stale2/5/10/max=0/0/0/0,VSnc=1,Lat=-4,Fov=0,CPU4/GPU=2/2,1382/456MHz,OC=3F,TA=0/38/0,SP=N/N/N,Mem=2092MHz,Free=3674MB,PLS=0,Temp=45.0C/0.0C,TW=1.01ms,App=5.93ms,GD=0.00ms,CPU&GPU=10.13ms,LCnt=1(DR90,LM0),GPU%=0.66,CPU%=0.21(W0.26),CFL=11.94/15.69,ICFLp95=14.85,LD=0,SF=1.00,DpuScale=1.00,LP=0,DVFS=0,Preempt=360,PoseAgeP95=0.00
1789438095.066	90	90	0		456	5.92	10.41	358	45.0	0.66	FPS=90/90,Prd=27ms,Tear=0,Early=0,Stale=0,Stale2/5/10/max=0/0/0/0,VSnc=1,Lat=-4,Fov=0,CPU4/GPU=2/2,1382/456MHz,OC=3F,TA=0/38/0,SP=N/N/N,Mem=2092MHz,Free=3674MB,PLS=0,Temp=45.0C/0.0C,TW=1.02ms,App=5.92ms,GD=0.00ms,CPU&GPU=10.41ms,LCnt=1(DR90,LM0),GPU%=0.66,CPU%=0.22(W0.36),CFL=11.98/15.64,ICFLp95=14.88,LD=0,SF=1.00,DpuScale=1.00,LP=0,DVFS=0,Preempt=358,PoseAgeP95=0.00
1789438096.090	91	90	0		456	5.95	10.02	358	45.0	0.66	FPS=91/90,Prd=28ms,Tear=0,Early=0,Stale=0,Stale2/5/10/max=0/0/0/0,VSnc=1,Lat=-4,Fov=0,CPU4/GPU=2/2,1382/456MHz,OC=3F,TA=0/38/0,SP=N/N/N,Mem=2092MHz,Free=3671MB,PLS=0,Temp=45.0C/0.0C,TW=1.02ms,App=5.95ms,GD=0.00ms,CPU&GPU=10.02ms,LCnt=1(DR90,LM0),GPU%=0.66,CPU%=0.20(W0.26),CFL=11.97/15.68,ICFLp95=14.87,LD=0,SF=1.00,DpuScale=1.00,LP=0,DVFS=0,Preempt=358,PoseAgeP95=0.00
1789438097.067	90	90	0		456	5.97	10.03	364	45.0	0.66	FPS=90/90,Prd=27ms,Tear=0,Early=0,Stale=0,Stale2/5/10/max=0/0/0/0,VSnc=1,Lat=-4,Fov=0,CPU4/GPU=2/2,1382/456MHz,OC=3F,TA=0/38/0,SP=N/N/N,Mem=2092MHz,Free=3671MB,PLS=0,Temp=45.0C/0.0C,TW=1.02ms,App=5.97ms,GD=0.00ms,CPU&GPU=10.03ms,LCnt=1(DR91,LM0),GPU%=0.66,CPU%=0.21(W0.40),CFL=12.02/15.59,ICFLp95=14.87,LD=0,SF=1.00,DpuScale=1.00,LP=0,DVFS=0,Preempt=364,PoseAgeP95=0.00
1789438098.067	90	90	0		456	5.92	9.98	358	45.0	0.66	FPS=90/90,Prd=27ms,Tear=0,Early=0,Stale=0,Stale2/5/10/max=0/0/0/0,VSnc=1,Lat=-4,Fov=0,CPU4/GPU=2/2,1382/456MHz,OC=3F,TA=0/38/0,SP=N/N/N,Mem=2092MHz,Free=3671MB,PLS=0,Temp=45.0C/0.0C,TW=1.03ms,App=5.92ms,GD=0.00ms,CPU&GPU=9.98ms,LCnt=1(DR90,LM0),GPU%=0.66,CPU%=0.22(W0.32),CFL=12.05/15.89,ICFLp95=15.02,LD=0,SF=1.00,DpuScale=1.00,LP=0,DVFS=0,Preempt=358,PoseAgeP95=0.00
1789438099.067	91	90	0		456	5.93	10.44	362	45.0	0.66	FPS=91/90,Prd=27ms,Tear=0,Early=0,Stale=0,Stale2/5/10/max=0/0/0/0,VSnc=1,Lat=-4,Fov=0,CPU4/GPU=2/2,1382/456MHz,OC=3F,TA=0/38/0,SP=N/N/N,Mem=2092MHz,Free=3671MB,PLS=0,Temp=45.0C/0.0C,TW=1.02ms,App=5.93ms,GD=0.00ms,CPU&GPU=10.44ms,LCnt=1(DR91,LM0),GPU%=0.66,CPU%=0.20(W0.30),CFL=12.05/15.75,ICFLp95=15.00,LD=0,SF=1.00,DpuScale=1.00,LP=0,DVFS=0,Preempt=362,PoseAgeP95=0.00
1789438100.067	91	90	0		456	5.91	10.01	358	45.0	0.66	FPS=91/90,Prd=28ms,Tear=0,Early=0,Stale=0,Stale2/5/10/max=0/0/0/0,VSnc=1,Lat=-4,Fov=0,CPU4/GPU=2/2,1382/456MHz,OC=3F,TA=0/38/0,SP=N/N/N,Mem=2092MHz,Free=3671MB,PLS=0,Temp=45.0C/0.0C,TW=1.01ms,App=5.91ms,GD=0.00ms,CPU&GPU=10.01ms,LCnt=1(DR90,LM0),GPU%=0.66,CPU%=0.20(W0.32),CFL=11.95/15.66,ICFLp95=14.96,LD=0,SF=1.00,DpuScale=1.00,LP=0,DVFS=0,Preempt=358,PoseAgeP95=0.00
1789438101.067	90	90	0		456	5.92	10.61	358	45.0	0.66	FPS=90/90,Prd=28ms,Tear=0,Early=0,Stale=0,Stale2/5/10/max=0/0/0/0,VSnc=1,Lat=-4,Fov=0,CPU4/GPU=2/2,1382/456MHz,OC=3F,TA=0/38/0,SP=N/N/N,Mem=2736MHz,Free=3671MB,PLS=0,Temp=45.0C/0.0C,TW=1.02ms,App=5.92ms,GD=0.00ms,CPU&GPU=10.61ms,LCnt=1(DR90,LM0),GPU%=0.66,CPU%=0.20(W0.26),CFL=11.94/15.74,ICFLp95=14.95,LD=0,SF=1.00,DpuScale=1.00,LP=0,DVFS=0,Preempt=358,PoseAgeP95=0.00
1789438102.067	91	90	0		456	5.95	10.15	358	45.0	0.66	FPS=91/90,Prd=27ms,Tear=0,Early=0,Stale=0,Stale2/5/10/max=0/0/0/0,VSnc=1,Lat=-4,Fov=0,CPU4/GPU=2/2,1382/456MHz,OC=3F,TA=0/38/0,SP=N/N/N,Mem=2736MHz,Free=3671MB,PLS=0,Temp=45.0C/0.0C,TW=1.02ms,App=5.95ms,GD=0.00ms,CPU&GPU=10.15ms,LCnt=1(DR90,LM0),GPU%=0.66,CPU%=0.20(W0.22),CFL=11.98/15.73,ICFLp95=14.91,LD=0,SF=1.00,DpuScale=1.00,LP=0,DVFS=0,Preempt=358,PoseAgeP95=0.00
1789438103.067	91	90	0		456	5.97	10.61	362	45.0	0.66	FPS=91/90,Prd=27ms,Tear=0,Early=0,Stale=0,Stale2/5/10/max=0/0/0/0,VSnc=1,Lat=-4,Fov=0,CPU4/GPU=2/2,1382/456MHz,OC=3F,TA=0/38/0,SP=N/N/N,Mem=2736MHz,Free=3671MB,PLS=0,Temp=45.0C/0.0C,TW=1.02ms,App=5.97ms,GD=0.00ms,CPU&GPU=10.61ms,LCnt=1(DR91,LM0),GPU%=0.66,CPU%=0.24(W0.32),CFL=11.90/15.51,ICFLp95=14.78,LD=0,SF=1.00,DpuScale=1.00,LP=0,DVFS=0,Preempt=362,PoseAgeP95=0.00
1789438104.067	90	90	0		456	5.94	10.19	362	45.0	0.66	FPS=90/90,Prd=27ms,Tear=0,Early=0,Stale=0,Stale2/5/10/max=0/0/0/0,VSnc=1,Lat=-4,Fov=0,CPU4/GPU=2/2,1382/456MHz,OC=3F,TA=0/38/0,SP=N/N/N,Mem=2736MHz,Free=3671MB,PLS=0,Temp=45.0C/0.0C,TW=1.01ms,App=5.94ms,GD=0.00ms,CPU&GPU=10.19ms,LCnt=1(DR91,LM0),GPU%=0.66,CPU%=0.21(W0.25),CFL=11.98/15.59,ICFLp95=14.86,LD=0,SF=1.00,DpuScale=1.00,LP=0,DVFS=0,Preempt=362,PoseAgeP95=0.00
1789438105.067	90	90	0		456	5.94	10.60	358	45.0	0.66	FPS=90/90,Prd=27ms,Tear=0,Early=0,Stale=0,Stale2/5/10/max=0/0/0/0,VSnc=1,Lat=-4,Fov=0,CPU4/GPU=2/2,1382/456MHz,OC=3F,TA=0/38/0,SP=N/N/N,Mem=2736MHz,Free=3671MB,PLS=0,Temp=45.0C/0.0C,TW=1.02ms,App=5.94ms,GD=0.00ms,CPU&GPU=10.60ms,LCnt=1(DR90,LM0),GPU%=0.66,CPU%=0.22(W0.31),CFL=12.01/15.72,ICFLp95=14.82,LD=0,SF=1.00,DpuScale=1.00,LP=0,DVFS=0,Preempt=358,PoseAgeP95=0.00
1789438106.067	91	90	0		456	5.96	10.91	358	45.0	0.66	FPS=91/90,Prd=27ms,Tear=0,Early=0,Stale=0,Stale2/5/10/max=0/0/0/0,VSnc=1,Lat=-4,Fov=0,CPU4/GPU=2/2,1382/456MHz,OC=3F,TA=0/38/0,SP=N/N/N,Mem=2736MHz,Free=3671MB,PLS=0,Temp=45.0C/0.0C,TW=1.02ms,App=5.96ms,GD=0.00ms,CPU&GPU=10.91ms,LCnt=1(DR90,LM0),GPU%=0.66,CPU%=0.21(W0.30),CFL=12.01/15.58,ICFLp95=14.85,LD=0,SF=1.00,DpuScale=1.00,LP=0,DVFS=0,Preempt=358,PoseAgeP95=0.00
1789438107.067	90	90	0		456	6.01	10.96	358	45.0	0.67	FPS=90/90,Prd=28ms,Tear=0,Early=0,Stale=0,Stale2/5/10/max=0/0/0/0,VSnc=1,Lat=-4,Fov=0,CPU4/GPU=2/2,1382/456MHz,OC=3F,TA=0/38/0,SP=N/N/N,Mem=2736MHz,Free=3671MB,PLS=0,Temp=45.0C/0.0C,TW=1.09ms,App=6.01ms,GD=0.00ms,CPU&GPU=10.96ms,LCnt=1(DR90,LM0),GPU%=0.67,CPU%=0.20(W0.21),CFL=12.01/15.58,ICFLp95=14.85,LD=0,SF=1.00,DpuScale=1.00,LP=0,DVFS=0,Preempt=358,PoseAgeP95=0.00
1789438108.067	90	90	0		456	6.19	10.54	362	45.0	0.69	FPS=90/90,Prd=28ms,Tear=0,Early=0,Stale=0,Stale2/5/10/max=0/0/0/0,VSnc=1,Lat=-4,Fov=0,CPU4/GPU=2/2,1382/456MHz,OC=3F,TA=0/38/0,SP=N/N/N,Mem=2736MHz,Free=3671MB,PLS=0,Temp=45.0C/0.0C,TW=1.02ms,App=6.19ms,GD=0.00ms,CPU&GPU=10.54ms,LCnt=1(DR91,LM0),GPU%=0.69,CPU%=0.22(W0.29),CFL=12.01/15.66,ICFLp95=14.94,LD=0,SF=1.00,DpuScale=1.00,LP=0,DVFS=0,Preempt=362,PoseAgeP95=0.00
1789438109.068	91	90	0		456	5.95	10.63	362	45.0	0.68	FPS=91/90,Prd=28ms,Tear=1,Early=0,Stale=0,Stale2/5/10/max=0/0/0/0,VSnc=1,Lat=-4,Fov=0,CPU4/GPU=2/2,1382/456MHz,OC=3F,TA=0/38/0,SP=N/N/N,Mem=2736MHz,Free=3671MB,PLS=0,Temp=45.0C/0.0C,TW=1.03ms,App=5.95ms,GD=0.00ms,CPU&GPU=10.63ms,LCnt=1(DR91,LM0),GPU%=0.68,CPU%=0.24(W0.27),CFL=12.31/15.75,ICFLp95=15.14,LD=0,SF=1.00,DpuScale=1.00,LP=0,DVFS=0,Preempt=362,PoseAgeP95=0.00
1789438110.068	91	90	0		456	5.97	10.17	360	45.0	0.67	FPS=91/90,Prd=28ms,Tear=0,Early=0,Stale=0,Stale2/5/10/max=0/0/0/0,VSnc=1,Lat=-4,Fov=0,CPU4/GPU=2/2,1382/456MHz,OC=3F,TA=0/38/0,SP=N/N/N,Mem=2736MHz,Free=3671MB,PLS=0,Temp=45.0C/0.0C,TW=1.02ms,App=5.97ms,GD=0.00ms,CPU&GPU=10.17ms,LCnt=1(DR90,LM0),GPU%=0.67,CPU%=0.21(W0.24),CFL=12.26/15.65,ICFLp95=14.96,LD=0,SF=1.00,DpuScale=1.00,LP=0,DVFS=0,Preempt=360,PoseAgeP95=0.00
1789438111.068	90	90	0		456	5.96	10.09	358	45.0	0.67	FPS=90/90,Prd=27ms,Tear=0,Early=0,Stale=0,Stale2/5/10/max=0/0/0/0,VSnc=1,Lat=-4,Fov=0,CPU4/GPU=2/2,1382/456MHz,OC=3F,TA=0/38/0,SP=N/N/N,Mem=1708MHz,Free=3671MB,PLS=0,Temp=45.0C/0.0C,TW=1.02ms,App=5.96ms,GD=0.00ms,CPU&GPU=10.09ms,LCnt=1(DR90,LM0),GPU%=0.67,CPU%=0.22(W0.23),CFL=12.03/15.87,ICFLp95=14.90,LD=0,SF=1.00,DpuScale=1.00,LP=0,DVFS=0,Preempt=358,PoseAgeP95=0.00
1789438112.068	91	90	0		456	5.98	10.05	358	45.0	0.66	FPS=91/90,Prd=28ms,Tear=0,Early=0,Stale=0,Stale2/5/10/max=0/0/0/0,VSnc=1,Lat=-4,Fov=0,CPU4/GPU=2/2,1382/456MHz,OC=3F,TA=0/38/0,SP=N/N/N,Mem=1708MHz,Free=3671MB,PLS=0,Temp=45.0C/0.0C,TW=1.02ms,App=5.98ms,GD=0.00ms,CPU&GPU=10.05ms,LCnt=1(DR90,LM0),GPU%=0.66,CPU%=0.21(W0.32),CFL=12.02/15.59,ICFLp95=14.84,LD=0,SF=1.00,DpuScale=1.00,LP=0,DVFS=0,Preempt=358,PoseAgeP95=0.00
1789438113.068	90	90	0		456	5.98	10.39	358	45.0	0.66	FPS=90/90,Prd=28ms,Tear=0,Early=0,Stale=0,Stale2/5/10/max=0/0/0/0,VSnc=1,Lat=-4,Fov=0,CPU4/GPU=2/2,1382/456MHz,OC=3F,TA=0/38/0,SP=N/N/N,Mem=1708MHz,Free=3671MB,PLS=0,Temp=45.0C/0.0C,TW=1.02ms,App=5.98ms,GD=0.00ms,CPU&GPU=10.39ms,LCnt=1(DR90,LM0),GPU%=0.66,CPU%=0.20(W0.24),CFL=11.97/15.59,ICFLp95=14.86,LD=0,SF=1.00,DpuScale=1.00,LP=0,DVFS=0,Preempt=358,PoseAgeP95=0.00
1789438114.068	91	90	0		456	5.90	10.74	358	45.0	0.66	FPS=91/90,Prd=28ms,Tear=0,Early=0,Stale=0,Stale2/5/10/max=0/0/0/0,VSnc=1,Lat=-4,Fov=0,CPU4/GPU=2/2,1382/456MHz,OC=3F,TA=0/38/0,SP=N/N/N,Mem=1708MHz,Free=3671MB,PLS=0,Temp=45.0C/0.0C,TW=1.02ms,App=5.90ms,GD=0.00ms,CPU&GPU=10.74ms,LCnt=1(DR90,LM0),GPU%=0.66,CPU%=0.21(W0.28),CFL=11.97/15.58,ICFLp95=14.83,LD=0,SF=1.00,DpuScale=1.00,LP=0,DVFS=0,Preempt=358,PoseAgeP95=0.00
1789438115.068	90	90	0		456	5.91	10.35	364	45.0	0.66	FPS=90/90,Prd=28ms,Tear=0,Early=0,Stale=0,Stale2/5/10/max=0/0/0/0,VSnc=1,Lat=-4,Fov=0,CPU4/GPU=2/2,1382/456MHz,OC=3F,TA=0/38/0,SP=N/N/N,Mem=1708MHz,Free=3671MB,PLS=0,Temp=45.0C/0.0C,TW=1.02ms,App=5.91ms,GD=0.00ms,CPU&GPU=10.35ms,LCnt=1(DR91,LM0),GPU%=0.66,CPU%=0.22(W0.31),CFL=11.92/15.76,ICFLp95=15.00,LD=0,SF=1.00,DpuScale=1.00,LP=0,DVFS=0,Preempt=364,PoseAgeP95=0.00
1789438116.093	91	90	0		456	5.95	10.35	358	45.0	0.66	FPS=91/90,Prd=28ms,Tear=0,Early=0,Stale=0,Stale2/5/10/max=0/0/0/0,VSnc=1,Lat=-4,Fov=0,CPU4/GPU=2/2,1382/456MHz,OC=3F,TA=0/38/0,SP=N/N/N,Mem=1708MHz,Free=3669MB,PLS=0,Temp=45.0C/0.0C,TW=1.03ms,App=5.95ms,GD=0.00ms,CPU&GPU=10.35ms,LCnt=1(DR90,LM0),GPU%=0.66,CPU%=0.21(W0.32),CFL=12.00/15.66,ICFLp95=14.91,LD=0,SF=1.00,DpuScale=1.00,LP=0,DVFS=0,Preempt=358,PoseAgeP95=0.00
1789438117.068	90	90	0		456	5.89	10.59	358	45.0	0.66	FPS=90/90,Prd=28ms,Tear=0,Early=0,Stale=0,Stale2/5/10/max=0/0/0/0,VSnc=1,Lat=-4,Fov=0,CPU4/GPU=2/2,1382/456MHz,OC=3F,TA=0/38/0,SP=N/N/N,Mem=1708MHz,Free=3669MB,PLS=0,Temp=45.0C/0.0C,TW=1.02ms,App=5.89ms,GD=0.00ms,CPU&GPU=10.59ms,LCnt=1(DR90,LM0),GPU%=0.66,CPU%=0.20(W0.26),CFL=11.95/15.57,ICFLp95=14.87,LD=0,SF=1.00,DpuScale=1.00,LP=0,DVFS=0,Preempt=358,PoseAgeP95=0.00
1789438118.068	90	90	0		456	5.93	10.46	362	45.0	0.66	FPS=90/90,Prd=28ms,Tear=0,Early=0,Stale=0,Stale2/5/10/max=0/0/0/0,VSnc=1,Lat=-4,Fov=0,CPU4/GPU=2/2,1382/456MHz,OC=3F,TA=0/38/0,SP=N/N/N,Mem=1708MHz,Free=3669MB,PLS=0,Temp=45.0C/0.0C,TW=1.02ms,App=5.93ms,GD=0.00ms,CPU&GPU=10.46ms,LCnt=1(DR91,LM0),GPU%=0.66,CPU%=0.22(W0.35),CFL=11.99/16.00,ICFLp95=15.10,LD=0,SF=1.00,DpuScale=1.00,LP=0,DVFS=0,Preempt=362,PoseAgeP95=0.00
1789438119.068	90	90	0		456	5.92	10.18	358	45.0	0.66	FPS=90/90,Prd=28ms,Tear=0,Early=0,Stale=0,Stale2/5/10/max=0/0/0/0,VSnc=1,Lat=-4,Fov=0,CPU4/GPU=2/2,1382/456MHz,OC=3F,TA=0/38/0,SP=N/N/N,Mem=1708MHz,Free=3669MB,PLS=0,Temp=45.0C/0.0C,TW=1.02ms,App=5.92ms,GD=0.00ms,CPU&GPU=10.18ms,LCnt=1(DR90,LM0),GPU%=0.66,CPU%=0.22(W0.27),CFL=12.12/15.64,ICFLp95=14.90,LD=0,SF=1.00,DpuScale=1.00,LP=0,DVFS=0,Preempt=358,PoseAgeP95=0.00
1789438120.068	90	90	0		456	5.91	10.27	358	45.0	0.66	FPS=90/90,Prd=28ms,Tear=0,Early=0,Stale=0,Stale2/5/10/max=0/0/0/0,VSnc=1,Lat=-4,Fov=0,CPU4/GPU=2/2,1382/456MHz,OC=3F,TA=0/38/0,SP=N/N/N,Mem=1708MHz,Free=3669MB,PLS=0,Temp=45.0C/0.0C,TW=1.01ms,App=5.91ms,GD=0.00ms,CPU&GPU=10.27ms,LCnt=1(DR90,LM0),GPU%=0.66,CPU%=0.23(W0.26),CFL=12.07/15.60,ICFLp95=14.87,LD=0,SF=1.00,DpuScale=1.00,LP=0,DVFS=0,Preempt=358,PoseAgeP95=0.00
1789438121.069	91	90	0		456	5.91	11.01	358	45.0	0.66	FPS=91/90,Prd=28ms,Tear=0,Early=0,Stale=0,Stale2/5/10/max=0/0/0/0,VSnc=1,Lat=-4,Fov=0,CPU4/GPU=2/2,2054/456MHz,OC=3F,TA=0/38/0,SP=N/N/N,Mem=2092MHz,Free=3669MB,PLS=0,Temp=45.0C/0.0C,TW=1.01ms,App=5.91ms,GD=0.00ms,CPU&GPU=11.01ms,LCnt=1(DR90,LM0),GPU%=0.66,CPU%=0.23(W0.36),CFL=12.02/15.50,ICFLp95=14.78,LD=0,SF=1.00,DpuScale=1.00,LP=0,DVFS=0,Preempt=358,PoseAgeP95=0.00
1789438122.069	90	90	0		456	5.95	10.42	358	45.0	0.66	FPS=90/90,Prd=28ms,Tear=0,Early=0,Stale=0,Stale2/5/10/max=0/0/0/0,VSnc=1,Lat=-4,Fov=0,CPU4/GPU=2/2,2054/456MHz,OC=3F,TA=0/38/0,SP=N/N/N,Mem=2092MHz,Free=3669MB,PLS=0,Temp=45.0C/0.0C,TW=1.02ms,App=5.95ms,GD=0.00ms,CPU&GPU=10.42ms,LCnt=1(DR90,LM0),GPU%=0.66,CPU%=0.21(W0.27),CFL=11.97/15.67,ICFLp95=14.87,LD=0,SF=1.00,DpuScale=1.00,LP=0,DVFS=0,Preempt=358,PoseAgeP95=0.00
1789438123.069	90	90	0		456	5.90	10.59	358	45.0	0.66	FPS=90/90,Prd=28ms,Tear=0,Early=0,Stale=0,Stale2/5/10/max=0/0/0/0,VSnc=1,Lat=-4,Fov=0,CPU4/GPU=2/2,2054/456MHz,OC=3F,TA=0/38/0,SP=N/N/N,Mem=2092MHz,Free=3669MB,PLS=0,Temp=45.0C/0.0C,TW=1.01ms,App=5.90ms,GD=0.00ms,CPU&GPU=10.59ms,LCnt=1(DR90,LM0),GPU%=0.66,CPU%=0.21(W0.22),CFL=11.92/15.75,ICFLp95=14.99,LD=0,SF=1.00,DpuScale=1.00,LP=0,DVFS=0,Preempt=358,PoseAgeP95=0.00
1789438124.069	91	90	0		456	5.95	10.41	364	45.0	0.66	FPS=91/90,Prd=28ms,Tear=0,Early=0,Stale=0,Stale2/5/10/max=0/0/0/0,VSnc=1,Lat=-4,Fov=0,CPU4/GPU=2/2,2054/456MHz,OC=3F,TA=0/38/0,SP=N/N/N,Mem=2092MHz,Free=3669MB,PLS=0,Temp=45.0C/0.0C,TW=1.02ms,App=5.95ms,GD=0.00ms,CPU&GPU=10.41ms,LCnt=1(DR91,LM0),GPU%=0.66,CPU%=0.21(W0.25),CFL=12.04/15.70,ICFLp95=14.96,LD=0,SF=1.00,DpuScale=1.00,LP=0,DVFS=0,Preempt=364,PoseAgeP95=0.00
1789438125.069	90	90	0		456	5.96	10.46	358	45.0	0.66	FPS=90/90,Prd=27ms,Tear=0,Early=0,Stale=0,Stale2/5/10/max=0/0/0/0,VSnc=1,Lat=-4,Fov=0,CPU4/GPU=2/2,2054/456MHz,OC=3F,TA=0/38/0,SP=N/N/N,Mem=2092MHz,Free=3669MB,PLS=0,Temp=45.0C/0.0C,TW=1.02ms,App=5.96ms,GD=0.00ms,CPU&GPU=10.46ms,LCnt=1(DR90,LM0),GPU%=0.66,CPU%=0.21(W0.27),CFL=11.99/15.65,ICFLp95=14.92,LD=0,SF=1.00,DpuScale=1.00,LP=0,DVFS=0,Preempt=358,PoseAgeP95=0.00
1789438126.069	91	90	0		456	5.94	9.89	358	45.0	0.66	FPS=91/90,Prd=28ms,Tear=0,Early=0,Stale=0,Stale2/5/10/max=0/0/0/0,VSnc=1,Lat=-4,Fov=0,CPU4/GPU=2/2,2054/456MHz,OC=3F,TA=0/38/0,SP=N/N/N,Mem=2092MHz,Free=3669MB,PLS=0,Temp=45.0C/0.0C,TW=1.02ms,App=5.94ms,GD=0.00ms,CPU&GPU=9.89ms,LCnt=1(DR90,LM0),GPU%=0.66,CPU%=0.21(W0.25),CFL=12.03/15.65,ICFLp95=14.89,LD=0,SF=1.00,DpuScale=1.00,LP=0,DVFS=0,Preempt=358,PoseAgeP95=0.00
1789438127.069	90	90	0		456	5.93	10.41	360	45.0	0.66	FPS=90/90,Prd=27ms,Tear=0,Early=0,Stale=0,Stale2/5/10/max=0/0/0/0,VSnc=1,Lat=-4,Fov=0,CPU4/GPU=2/2,2054/456MHz,OC=3F,TA=0/38/0,SP=N/N/N,Mem=2092MHz,Free=3669MB,PLS=0,Temp=45.0C/0.0C,TW=1.02ms,App=5.93ms,GD=0.00ms,CPU&GPU=10.41ms,LCnt=1(DR90,LM0),GPU%=0.66,CPU%=0.20(W0.29),CFL=11.98/15.73,ICFLp95=14.80,LD=0,SF=1.00,DpuScale=1.00,LP=0,DVFS=0,Preempt=360,PoseAgeP95=0.00
1789438128.069	90	90	0		456	5.98	10.41	360	45.0	0.67	FPS=90/90,Prd=27ms,Tear=0,Early=0,Stale=0,Stale2/5/10/max=0/0/0/0,VSnc=1,Lat=-4,Fov=0,CPU4/GPU=2/2,2054/456MHz,OC=3F,TA=0/38/0,SP=N/N/N,Mem=2092MHz,Free=3669MB,PLS=0,Temp=45.0C/0.0C,TW=1.07ms,App=5.98ms,GD=0.00ms,CPU&GPU=10.41ms,LCnt=1(DR90,LM0),GPU%=0.67,CPU%=0.22(W0.26),CFL=11.93/15.81,ICFLp95=14.86,LD=0,SF=1.00,DpuScale=1.00,LP=0,DVFS=0,Preempt=360,PoseAgeP95=0.00
1789438129.069	91	90	0		456	6.04	10.20	358	45.0	0.67	FPS=91/90,Prd=28ms,Tear=1,Early=0,Stale=0,Stale2/5/10/max=0/0/0/0,VSnc=1,Lat=-4,Fov=0,CPU4/GPU=2/2,2054/456MHz,OC=3F,TA=0/38/0,SP=N/N/N,Mem=2092MHz,Free=3669MB,PLS=0,Temp=45.0C/0.0C,TW=1.02ms,App=6.04ms,GD=0.00ms,CPU&GPU=10.20ms,LCnt=1(DR90,LM0),GPU%=0.67,CPU%=0.23(W0.29),CFL=11.97/15.63,ICFLp95=14.87,LD=0,SF=1.00,DpuScale=1.00,LP=0,DVFS=0,Preempt=358,PoseAgeP95=0.00
1789438130.069	91	90	0		456	5.95	10.32	364	45.0	0.67	FPS=91/90,Prd=28ms,Tear=0,Early=0,Stale=0,Stale2/5/10/max=0/0/0/0,VSnc=1,Lat=-4,Fov=0,CPU4/GPU=2/2,2054/456MHz,OC=3F,TA=0/38/0,SP=N/N/N,Mem=2092MHz,Free=3669MB,PLS=0,Temp=45.0C/0.0C,TW=1.02ms,App=5.95ms,GD=0.00ms,CPU&GPU=10.32ms,LCnt=1(DR91,LM0),GPU%=0.67,CPU%=0.22(W0.30),CFL=12.14/16.02,ICFLp95=15.03,LD=0,SF=1.00,DpuScale=1.00,LP=0,DVFS=0,Preempt=364,PoseAgeP95=0.00
1789438131.069	90	90	0		456	5.98	10.07	358	45.0	0.67	FPS=90/90,Prd=28ms,Tear=0,Early=0,Stale=0,Stale2/5/10/max=0/0/0/0,VSnc=1,Lat=-4,Fov=0,CPU4/GPU=2/2,2208/456MHz,OC=3F,TA=0/38/0,SP=N/N/N,Mem=1708MHz,Free=3669MB,PLS=0,Temp=45.0C/0.0C,TW=1.01ms,App=5.98ms,GD=0.00ms,CPU&GPU=10.07ms,LCnt=1(DR90,LM0),GPU%=0.67,CPU%=0.22(W0.26),CFL=12.17/15.79,ICFLp95=14.94,LD=0,SF=1.00,DpuScale=1.00,LP=0,DVFS=0,Preempt=358,PoseAgeP95=0.00
1789438132.069	91	90	0		456	5.90	10.49	360	45.0	0.66	FPS=91/90,Prd=28ms,Tear=0,Early=0,Stale=0,Stale2/5/10/max=0/0/0/0,VSnc=1,Lat=-4,Fov=0,CPU4/GPU=2/2,2208/456MHz,OC=3F,TA=0/38/0,SP=N/N/N,Mem=1708MHz,Free=3669MB,PLS=0,Temp=45.0C/0.0C,TW=1.02ms,App=5.90ms,GD=0.00ms,CPU&GPU=10.49ms,LCnt=1(DR90,LM0),GPU%=0.66,CPU%=0.24(W0.30),CFL=12.03/15.61,ICFLp95=14.83,LD=0,SF=1.00,DpuScale=1.00,LP=0,DVFS=0,Preempt=360,PoseAgeP95=0.00
1789438133.070	91	90	0		456	6.00	10.05	358	45.0	0.66	FPS=91/90,Prd=27ms,Tear=0,Early=0,Stale=0,Stale2/5/10/max=0/0/0/0,VSnc=1,Lat=-4,Fov=0,CPU4/GPU=2/2,2208/456MHz,OC=3F,TA=0/38/0,SP=N/N/N,Mem=1708MHz,Free=3669MB,PLS=0,Temp=45.0C/0.0C,TW=1.01ms,App=6.00ms,GD=0.00ms,CPU&GPU=10.05ms,LCnt=1(DR90,LM0),GPU%=0.66,CPU%=0.22(W0.33),CFL=11.94/15.55,ICFLp95=14.83,LD=0,SF=1.00,DpuScale=1.00,LP=0,DVFS=0,Preempt=358,PoseAgeP95=0.00
1789438134.070	90	90	0		456	5.93	9.99	360	45.0	0.66	FPS=90/90,Prd=28ms,Tear=0,Early=0,Stale=0,Stale2/5/10/max=0/0/0/0,VSnc=1,Lat=-4,Fov=0,CPU4/GPU=2/2,2208/456MHz,OC=3F,TA=0/38/0,SP=N/N/N,Mem=1708MHz,Free=3669MB,PLS=0,Temp=45.0C/0.0C,TW=1.01ms,App=5.93ms,GD=0.00ms,CPU&GPU=9.99ms,LCnt=1(DR90,LM0),GPU%=0.66,CPU%=0.21(W0.34),CFL=11.97/15.54,ICFLp95=14.84,LD=0,SF=1.00,DpuScale=1.00,LP=0,DVFS=0,Preempt=360,PoseAgeP95=0.00
1789438135.070	91	90	0		456	5.93	10.28	364	45.0	0.66	FPS=91/90,Prd=28ms,Tear=0,Early=0,Stale=0,Stale2/5/10/max=0/0/0/0,VSnc=1,Lat=-4,Fov=0,CPU4/GPU=2/2,2208/456MHz,OC=3F,TA=0/38/0,SP=N/N/N,Mem=1708MHz,Free=3669MB,PLS=0,Temp=45.0C/0.0C,TW=1.02ms,App=5.93ms,GD=0.00ms,CPU&GPU=10.28ms,LCnt=1(DR91,LM0),GPU%=0.66,CPU%=0.21(W0.33),CFL=12.10/15.63,ICFLp95=14.90,LD=0,SF=1.00,DpuScale=1.00,LP=0,DVFS=0,Preempt=364,PoseAgeP95=0.00
1789438136.093	91	90	0		456	5.95	10.22	360	45.0	0.66	FPS=91/90,Prd=28ms,Tear=0,Early=0,Stale=0,Stale2/5/10/max=0/0/0/0,VSnc=1,Lat=-4,Fov=0,CPU4/GPU=2/2,2208/456MHz,OC=3F,TA=0/38/0,SP=N/N/N,Mem=1708MHz,Free=3673MB,PLS=0,Temp=45.0C/0.0C,TW=1.02ms,App=5.95ms,GD=0.00ms,CPU&GPU=10.22ms,LCnt=1(DR90,LM0),GPU%=0.66,CPU%=0.21(W0.36),CFL=11.96/15.57,ICFLp95=14.83,LD=0,SF=1.00,DpuScale=1.00,LP=0,DVFS=0,Preempt=360,PoseAgeP95=0.00
1789438137.070	91	90	0		456	5.98	10.43	364	45.0	0.66	FPS=91/90,Prd=27ms,Tear=0,Early=0,Stale=0,Stale2/5/10/max=0/0/0/0,VSnc=1,Lat=-4,Fov=0,CPU4/GPU=2/2,2208/456MHz,OC=3F,TA=0/38/0,SP=N/N/N,Mem=1708MHz,Free=3673MB,PLS=0,Temp=45.0C/0.0C,TW=1.03ms,App=5.98ms,GD=0.00ms,CPU&GPU=10.43ms,LCnt=1(DR91,LM0),GPU%=0.66,CPU%=0.22(W0.35),CFL=11.91/15.57,ICFLp95=14.84,LD=0,SF=1.00,DpuScale=1.00,LP=0,DVFS=0,Preempt=364,PoseAgeP95=0.00
1789438138.070	91	90	0		456	5.95	10.28	358	45.0	0.66	FPS=91/90,Prd=28ms,Tear=0,Early=0,Stale=0,Stale2/5/10/max=0/0/0/0,VSnc=1,Lat=-4,Fov=0,CPU4/GPU=2/2,2208/456MHz,OC=3F,TA=0/38/0,SP=N/N/N,Mem=1708MHz,Free=3673MB,PLS=0,Temp=45.0C/0.0C,TW=1.02ms,App=5.95ms,GD=0.00ms,CPU&GPU=10.28ms,LCnt=1(DR90,LM0),GPU%=0.66,CPU%=0.22(W0.34),CFL=12.03/15.74,ICFLp95=14.96,LD=0,SF=1.00,DpuScale=1.00,LP=0,DVFS=0,Preempt=358,PoseAgeP95=0.00
1789438139.070	90	90	0		456	5.92	10.33	360	45.0	0.66	FPS=90/90,Prd=27ms,Tear=0,Early=0,Stale=0,Stale2/5/10/max=0/0/0/0,VSnc=1,Lat=-4,Fov=0,CPU4/GPU=2/2,2208/456MHz,OC=3F,TA=0/38/0,SP=N/N/N,Mem=1708MHz,Free=3673MB,PLS=0,Temp=45.0C/0.0C,TW=1.02ms,App=5.92ms,GD=0.00ms,CPU&GPU=10.33ms,LCnt=1(DR90,LM0),GPU%=0.66,CPU%=0.20(W0.23),CFL=11.94/15.73,ICFLp95=14.89,LD=0,SF=1.00,DpuScale=1.00,LP=0,DVFS=0,Preempt=360,PoseAgeP95=0.00
1789438140.070	91	90	0		456	5.95	10.05	360	45.0	0.66	FPS=91/90,Prd=28ms,Tear=0,Early=0,Stale=0,Stale2/5/10/max=0/0/0/0,VSnc=1,Lat=-4,Fov=0,CPU4/GPU=2/2,2208/456MHz,OC=3F,TA=0/38/0,SP=N/N/N,Mem=1708MHz,Free=3673MB,PLS=0,Temp=45.0C/0.0C,TW=1.01ms,App=5.95ms,GD=0.00ms,CPU&GPU=10.05ms,LCnt=1(DR90,LM0),GPU%=0.66,CPU%=0.22(W0.28),CFL=11.84/15.64,ICFLp95=14.89,LD=0,SF=1.00,DpuScale=1.00,LP=0,DVFS=0,Preempt=360,PoseAgeP95=0.00
1789438141.070	90	90	0		456	6.01	10.38	360	45.0	0.66	FPS=90/90,Prd=28ms,Tear=0,Early=0,Stale=0,Stale2/5/10/max=0/0/0/0,VSnc=1,Lat=-4,Fov=0,CPU4/GPU=2/2,1382/456MHz,OC=3F,TA=0/38/0,SP=N/N/N,Mem=2092MHz,Free=3673MB,PLS=0,Temp=45.0C/0.0C,TW=1.03ms,App=6.01ms,GD=0.00ms,CPU&GPU=10.38ms,LCnt=1(DR90,LM0),GPU%=0.66,CPU%=0.20(W0.34),CFL=11.92/15.63,ICFLp95=14.91,LD=0,SF=1.00,DpuScale=1.00,LP=0,DVFS=0,Preempt=360,PoseAgeP95=0.00
1789438142.070	91	90	0		456	5.94	10.08	360	45.0	0.66	FPS=91/90,Prd=28ms,Tear=0,Early=0,Stale=0,Stale2/5/10/max=0/0/0/0,VSnc=1,Lat=-4,Fov=0,CPU4/GPU=2/2,1382/456MHz,OC=3F,TA=0/38/0,SP=N/N/N,Mem=2092MHz,Free=3673MB,PLS=0,Temp=45.0C/0.0C,TW=1.02ms,App=5.94ms,GD=0.00ms,CPU&GPU=10.08ms,LCnt=1(DR90,LM0),GPU%=0.66,CPU%=0.23(W0.32),CFL=12.00/15.62,ICFLp95=14.87,LD=0,SF=1.00,DpuScale=1.00,LP=0,DVFS=0,Preempt=360,PoseAgeP95=0.00
1789438143.070	90	90	0		456	5.95	10.31	358	45.0	0.66	FPS=90/90,Prd=28ms,Tear=0,Early=0,Stale=0,Stale2/5/10/max=0/0/0/0,VSnc=1,Lat=-4,Fov=0,CPU4/GPU=2/2,1382/456MHz,OC=3F,TA=0/38/0,SP=N/N/N,Mem=2092MHz,Free=3673MB,PLS=0,Temp=45.0C/0.0C,TW=1.02ms,App=5.95ms,GD=0.00ms,CPU&GPU=10.31ms,LCnt=1(DR90,LM0),GPU%=0.66,CPU%=0.22(W0.33),CFL=11.91/15.53,ICFLp95=14.85,LD=0,SF=1.00,DpuScale=1.00,LP=0,DVFS=0,Preempt=358,PoseAgeP95=0.00
1789438144.070	91	90	0		456	5.92	10.12	358	45.0	0.66	FPS=91/90,Prd=28ms,Tear=0,Early=0,Stale=0,Stale2/5/10/max=0/0/0/0,VSnc=1,Lat=-4,Fov=0,CPU4/GPU=2/2,1382/456MHz,OC=3F,TA=0/38/0,SP=N/N/N,Mem=2092MHz,Free=3673MB,PLS=0,Temp=45.0C/0.0C,TW=1.02ms,App=5.92ms,GD=0.00ms,CPU&GPU=10.12ms,LCnt=1(DR90,LM0),GPU%=0.66,CPU%=0.21(W0.34),CFL=11.90/15.56,ICFLp95=14.85,LD=0,SF=1.00,DpuScale=1.00,LP=0,DVFS=0,Preempt=358,PoseAgeP95=0.00
1789438145.070	91	90	0		456	5.98	10.68	358	45.0	0.66	FPS=91/90,Prd=28ms,Tear=0,Early=0,Stale=0,Stale2/5/10/max=0/0/0/0,VSnc=1,Lat=-4,Fov=0,CPU4/GPU=2/2,1382/456MHz,OC=3F,TA=0/38/0,SP=N/N/N,Mem=2092MHz,Free=3673MB,PLS=0,Temp=45.0C/0.0C,TW=1.02ms,App=5.98ms,GD=0.00ms,CPU&GPU=10.68ms,LCnt=1(DR90,LM0),GPU%=0.66,CPU%=0.22(W0.41),CFL=12.03/15.55,ICFLp95=14.82,LD=0,SF=1.00,DpuScale=1.00,LP=0,DVFS=0,Preempt=358,PoseAgeP95=0.00
1789438146.071	91	90	0		456	5.96	10.61	362	45.0	0.66	FPS=91/90,Prd=28ms,Tear=0,Early=0,Stale=0,Stale2/5/10/max=0/0/0/0,VSnc=1,Lat=-4,Fov=0,CPU4/GPU=2/2,1382/456MHz,OC=3F,TA=0/38/0,SP=N/N/N,Mem=2092MHz,Free=3673MB,PLS=0,Temp=45.0C/0.0C,TW=1.03ms,App=5.96ms,GD=0.00ms,CPU&GPU=10.61ms,LCnt=1(DR91,LM0),GPU%=0.66,CPU%=0.24(W0.27),CFL=11.98/15.91,ICFLp95=14.92,LD=0,SF=1.00,DpuScale=1.00,LP=0,DVFS=0,Preempt=362,PoseAgeP95=0.00
1789438147.071	90	90	0		456	5.94	10.30	358	45.0	0.66	FPS=90/90,Prd=28ms,Tear=0,Early=0,Stale=0,Stale2/5/10/max=0/0/0/0,VSnc=1,Lat=-4,Fov=0,CPU4/GPU=2/2,1382/456MHz,OC=3F,TA=0/38/0,SP=N/N/N,Mem=2092MHz,Free=3673MB,PLS=0,Temp=45.0C/0.0C,TW=1.02ms,App=5.94ms,GD=0.00ms,CPU&GPU=10.30ms,LCnt=1(DR90,LM0),GPU%=0.66,CPU%=0.24(W0.38),CFL=12.01/15.63,ICFLp95=14.91,LD=0,SF=1.00,DpuScale=1.00,LP=0,DVFS=0,Preempt=358,PoseAgeP95=0.00
1789438148.071	90	90	0		456	5.98	10.38	358	45.0	0.66	FPS=90/90,Prd=27ms,Tear=0,Early=0,Stale=0,Stale2/5/10/max=0/0/0/0,VSnc=1,Lat=-4,Fov=0,CPU4/GPU=2/2,1382/456MHz,OC=3F,TA=0/38/0,SP=N/N/N,Mem=2092MHz,Free=3673MB,PLS=0,Temp=45.0C/0.0C,TW=1.02ms,App=5.98ms,GD=0.00ms,CPU&GPU=10.38ms,LCnt=1(DR90,LM0),GPU%=0.66,CPU%=0.25(W0.33),CFL=12.00/15.94,ICFLp95=14.82,LD=0,SF=1.00,DpuScale=1.00,LP=0,DVFS=0,Preempt=358,PoseAgeP95=0.00
1789438149.071	90	90	0		456	5.89	11.03	358	45.0	0.66	FPS=90/90,Prd=28ms,Tear=0,Early=0,Stale=0,Stale2/5/10/max=0/0/0/0,VSnc=1,Lat=-4,Fov=0,CPU4/GPU=2/2,1382/456MHz,OC=3F,TA=0/38/0,SP=N/N/N,Mem=2092MHz,Free=3673MB,PLS=0,Temp=45.0C/0.0C,TW=1.06ms,App=5.89ms,GD=0.00ms,CPU&GPU=11.03ms,LCnt=1(DR90,LM0),GPU%=0.66,CPU%=0.25(W0.26),CFL=11.96/15.57,ICFLp95=14.80,LD=0,SF=1.00,DpuScale=1.00,LP=0,DVFS=0,Preempt=358,PoseAgeP95=0.00
1789438150.071	90	90	0		456	5.98	10.48	356	45.0	0.67	FPS=90/90,Prd=28ms,Tear=0,Early=0,Stale=0,Stale2/5/10/max=0/0/0/0,VSnc=1,Lat=-4,Fov=0,CPU4/GPU=2/2,1382/456MHz,OC=3F,TA=0/38/0,SP=N/N/N,Mem=2092MHz,Free=3673MB,PLS=0,Temp=45.0C/0.0C,TW=1.07ms,App=5.98ms,GD=0.00ms,CPU&GPU=10.48ms,LCnt=1(DR89,LM0),GPU%=0.67,CPU%=0.24(W0.31),CFL=11.86/15.65,ICFLp95=14.89,LD=0,SF=1.00,DpuScale=1.00,LP=0,DVFS=0,Preempt=356,PoseAgeP95=0.00
1789438151.071	91	90	0		456	5.89	10.84	364	45.0	0.66	FPS=91/90,Prd=28ms,Tear=0,Early=0,Stale=0,Stale2/5/10/max=0/0/0/0,VSnc=1,Lat=-4,Fov=0,CPU4/GPU=2/2,1382/456MHz,OC=3F,TA=0/38/0,SP=N/N/N,Mem=1555MHz,Free=3673MB,PLS=0,Temp=45.0C/0.0C,TW=1.01ms,App=5.89ms,GD=0.00ms,CPU&GPU=10.84ms,LCnt=1(DR91,LM0),GPU%=0.66,CPU%=0.25(W0.31),CFL=11.99/15.69,ICFLp95=14.93,LD=0,SF=1.00,DpuScale=1.00,LP=0,DVFS=0,Preempt=364,PoseAgeP95=0.00
1789438152.071	90	90	0		456	5.94	10.29	358	45.0	0.66	FPS=90/90,Prd=28ms,Tear=0,Early=0,Stale=0,Stale2/5/10/max=0/0/0/0,VSnc=1,Lat=-4,Fov=0,CPU4/GPU=2/2,1382/456MHz,OC=3F,TA=0/38/0,SP=N/N/N,Mem=1555MHz,Free=3673MB,PLS=0,Temp=45.0C/0.0C,TW=1.01ms,App=5.94ms,GD=0.00ms,CPU&GPU=10.29ms,LCnt=1(DR90,LM0),GPU%=0.66,CPU%=0.24(W0.34),CFL=12.11/15.82,ICFLp95=14.99,LD=0,SF=1.00,DpuScale=1.00,LP=0,DVFS=0,Preempt=358,PoseAgeP95=0.00
1789438153.071	91	90	0		456	5.92	10.12	358	45.0	0.66	FPS=91/90,Prd=27ms,Tear=0,Early=0,Stale=0,Stale2/5/10/max=0/0/0/0,VSnc=1,Lat=-4,Fov=0,CPU4/GPU=2/2,1382/456MHz,OC=3F,TA=0/38/0,SP=N/N/N,Mem=1555MHz,Free=3673MB,PLS=0,Temp=45.0C/0.0C,TW=1.02ms,App=5.92ms,GD=0.00ms,CPU&GPU=10.12ms,LCnt=1(DR90,LM0),GPU%=0.66,CPU%=0.24(W0.26),CFL=12.01/15.58,ICFLp95=14.85,LD=0,SF=1.00,DpuScale=1.00,LP=0,DVFS=0,Preempt=358,PoseAgeP95=0.00
1789438154.071	91	90	0		456	5.96	10.57	360	45.0	0.66	FPS=91/90,Prd=28ms,Tear=0,Early=0,Stale=0,Stale2/5/10/max=0/0/0/0,VSnc=1,Lat=-4,Fov=0,CPU4/GPU=2/2,1382/456MHz,OC=3F,TA=0/38/0,SP=N/N/N,Mem=1555MHz,Free=3673MB,PLS=0,Temp=45.0C/0.0C,TW=1.02ms,App=5.96ms,GD=0.00ms,CPU&GPU=10.57ms,LCnt=1(DR90,LM0),GPU%=0.66,CPU%=0.22(W0.27),CFL=12.00/15.71,ICFLp95=14.95,LD=0,SF=1.00,DpuScale=1.00,LP=0,DVFS=0,Preempt=360,PoseAgeP95=0.00
1789438155.071	91	90	0		456	5.91	10.50	360	45.0	0.66	FPS=91/90,Prd=28ms,Tear=0,Early=0,Stale=0,Stale2/5/10/max=0/0/0/0,VSnc=1,Lat=-4,Fov=0,CPU4/GPU=2/2,1382/456MHz,OC=3F,TA=0/38/0,SP=N/N/N,Mem=1555MHz,Free=3673MB,PLS=0,Temp=45.0C/0.0C,TW=1.02ms,App=5.91ms,GD=0.00ms,CPU&GPU=10.50ms,LCnt=1(DR90,LM0),GPU%=0.66,CPU%=0.23(W0.27),CFL=11.91/15.84,ICFLp95=14.88,LD=0,SF=1.00,DpuScale=1.00,LP=0,DVFS=0,Preempt=360,PoseAgeP95=0.00
1789438156.092	90	90	0		456	5.93	10.65	360	45.0	0.66	FPS=90/90,Prd=28ms,Tear=0,Early=0,Stale=0,Stale2/5/10/max=0/0/0/0,VSnc=1,Lat=-4,Fov=0,CPU4/GPU=2/2,1382/456MHz,OC=3F,TA=0/38/0,SP=N/N/N,Mem=1555MHz,Free=3673MB,PLS=0,Temp=45.0C/0.0C,TW=1.02ms,App=5.93ms,GD=0.00ms,CPU&GPU=10.65ms,LCnt=1(DR90,LM0),GPU%=0.66,CPU%=0.22(W0.30),CFL=11.99/15.51,ICFLp95=14.81,LD=0,SF=1.00,DpuScale=1.00,LP=0,DVFS=0,Preempt=360,PoseAgeP95=0.00
1789438157.071	90	90	0		456	5.94	10.29	358	45.0	0.66	FPS=90/90,Prd=28ms,Tear=0,Early=0,Stale=0,Stale2/5/10/max=0/0/0/0,VSnc=1,Lat=-4,Fov=0,CPU4/GPU=2/2,1382/456MHz,OC=3F,TA=0/38/0,SP=N/N/N,Mem=1555MHz,Free=3673MB,PLS=0,Temp=45.0C/0.0C,TW=1.02ms,App=5.94ms,GD=0.00ms,CPU&GPU=10.29ms,LCnt=1(DR90,LM0),GPU%=0.66,CPU%=0.22(W0.35),CFL=11.94/15.82,ICFLp95=14.99,LD=0,SF=1.00,DpuScale=1.00,LP=0,DVFS=0,Preempt=358,PoseAgeP95=0.00
1789438158.071	90	90	0		456	5.95	10.41	362	45.0	0.66	FPS=90/90,Prd=28ms,Tear=0,Early=0,Stale=0,Stale2/5/10/max=0/0/0/0,VSnc=1,Lat=-4,Fov=0,CPU4/GPU=2/2,1382/456MHz,OC=3F,TA=0/38/0,SP=N/N/N,Mem=1555MHz,Free=3673MB,PLS=0,Temp=45.0C/0.0C,TW=1.02ms,App=5.95ms,GD=0.00ms,CPU&GPU=10.41ms,LCnt=1(DR91,LM0),GPU%=0.66,CPU%=0.23(W0.30),CFL=12.11/15.90,ICFLp95=14.91,LD=0,SF=1.00,DpuScale=1.00,LP=0,DVFS=0,Preempt=362,PoseAgeP95=0.00
1789438159.072	90	90	0		456	5.94	10.20	360	45.0	0.66	FPS=90/90,Prd=28ms,Tear=0,Early=0,Stale=0,Stale2/5/10/max=0/0/0/0,VSnc=1,Lat=-4,Fov=0,CPU4/GPU=2/2,1382/456MHz,OC=3F,TA=0/38/0,SP=N/N/N,Mem=1555MHz,Free=3673MB,PLS=0,Temp=45.0C/0.0C,TW=1.02ms,App=5.94ms,GD=0.00ms,CPU&GPU=10.20ms,LCnt=1(DR90,LM0),GPU%=0.66,CPU%=0.21(W0.28),CFL=11.96/15.63,ICFLp95=14.86,LD=0,SF=1.00,DpuScale=1.00,LP=0,DVFS=0,Preempt=360,PoseAgeP95=0.00
1789438160.072	91	90	0		456	5.95	10.24	364	45.0	0.66	FPS=91/90,Prd=28ms,Tear=0,Early=0,Stale=0,Stale2/5/10/max=0/0/0/0,VSnc=1,Lat=-4,Fov=0,CPU4/GPU=2/2,1382/456MHz,OC=3F,TA=0/38/0,SP=N/N/N,Mem=1555MHz,Free=3673MB,PLS=0,Temp=45.0C/0.0C,TW=1.02ms,App=5.95ms,GD=0.00ms,CPU&GPU=10.24ms,LCnt=1(DR91,LM0),GPU%=0.66,CPU%=0.23(W0.31),CFL=11.99/15.48,ICFLp95=14.76,LD=0,SF=1.00,DpuScale=1.00,LP=0,DVFS=0,Preempt=364,PoseAgeP95=0.00
1789438161.072	91	90	0		456	5.97	10.24	358	45.0	0.66	FPS=91/90,Prd=28ms,Tear=0,Early=0,Stale=0,Stale2/5/10/max=0/0/0/0,VSnc=1,Lat=-4,Fov=0,CPU4/GPU=2/2,1382/456MHz,OC=3F,TA=0/38/0,SP=N/N/N,Mem=2092MHz,Free=3673MB,PLS=0,Temp=45.0C/0.0C,TW=1.01ms,App=5.97ms,GD=0.00ms,CPU&GPU=10.24ms,LCnt=1(DR90,LM0),GPU%=0.66,CPU%=0.23(W0.25),CFL=11.99/15.51,ICFLp95=14.76,LD=0,SF=1.00,DpuScale=1.00,LP=0,DVFS=0,Preempt=358,PoseAgeP95=0.00
1789438162.072	90	90	0		456	5.99	10.08	364	45.0	0.66	FPS=90/90,Prd=28ms,Tear=0,Early=0,Stale=0,Stale2/5/10/max=0/0/0/0,VSnc=1,Lat=-4,Fov=0,CPU4/GPU=2/2,1382/456MHz,OC=3F,TA=0/38/0,SP=N/N/N,Mem=2092MHz,Free=3673MB,PLS=0,Temp=45.0C/0.0C,TW=1.01ms,App=5.99ms,GD=0.00ms,CPU&GPU=10.08ms,LCnt=1(DR91,LM0),GPU%=0.66,CPU%=0.22(W0.24),CFL=11.94/15.86,ICFLp95=14.91,LD=0,SF=1.00,DpuScale=1.00,LP=0,DVFS=0,Preempt=364,PoseAgeP95=0.00
1789438163.072	91	90	0		456	5.98	10.01	360	45.0	0.66	FPS=91/90,Prd=27ms,Tear=0,Early=0,Stale=0,Stale2/5/10/max=0/0/0/0,VSnc=1,Lat=-4,Fov=0,CPU4/GPU=2/2,1382/456MHz,OC=3F,TA=0/38/0,SP=N/N/N,Mem=2092MHz,Free=3673MB,PLS=0,Temp=45.0C/0.0C,TW=1.02ms,App=5.98ms,GD=0.00ms,CPU&GPU=10.01ms,LCnt=1(DR90,LM0),GPU%=0.66,CPU%=0.22(W0.35),CFL=12.06/15.67,ICFLp95=14.87,LD=0,SF=1.00,DpuScale=1.00,LP=0,DVFS=0,Preempt=360,PoseAgeP95=0.00
1789438164.072	90	90	0		456	5.94	10.10	362	45.0	0.66	FPS=90/90,Prd=27ms,Tear=0,Early=0,Stale=0,Stale2/5/10/max=0/0/0/0,VSnc=1,Lat=-4,Fov=0,CPU4/GPU=2/2,1382/456MHz,OC=3F,TA=0/38/0,SP=N/N/N,Mem=2092MHz,Free=3673MB,PLS=0,Temp=45.0C/0.0C,TW=1.02ms,App=5.94ms,GD=0.00ms,CPU&GPU=10.10ms,LCnt=1(DR91,LM0),GPU%=0.66,CPU%=0.22(W0.26),CFL=12.02/15.63,ICFLp95=14.92,LD=0,SF=1.00,DpuScale=1.00,LP=0,DVFS=0,Preempt=362,PoseAgeP95=0.00
1789438165.072	90	90	0		456	5.92	10.07	358	45.0	0.66	FPS=90/90,Prd=28ms,Tear=0,Early=0,Stale=0,Stale2/5/10/max=0/0/0/0,VSnc=1,Lat=-4,Fov=0,CPU4/GPU=2/2,1382/456MHz,OC=3F,TA=0/38/0,SP=N/N/N,Mem=2092MHz,Free=3673MB,PLS=0,Temp=45.0C/0.0C,TW=1.02ms,App=5.92ms,GD=0.00ms,CPU&GPU=10.07ms,LCnt=1(DR90,LM0),GPU%=0.66,CPU%=0.22(W0.28),CFL=12.05/15.67,ICFLp95=14.91,LD=0,SF=1.00,DpuScale=1.00,LP=0,DVFS=0,Preempt=358,PoseAgeP95=0.00
1789438166.072	91	90	0		456	5.97	10.09	358	45.0	0.66	FPS=91/90,Prd=27ms,Tear=0,Early=0,Stale=0,Stale2/5/10/max=0/0/0/0,VSnc=1,Lat=-4,Fov=0,CPU4/GPU=2/2,1382/456MHz,OC=3F,TA=0/38/0,SP=N/N/N,Mem=2092MHz,Free=3673MB,PLS=0,Temp=45.0C/0.0C,TW=1.01ms,App=5.97ms,GD=0.00ms,CPU&GPU=10.09ms,LCnt=1(DR90,LM0),GPU%=0.66,CPU%=0.20(W0.37),CFL=11.95/15.66,ICFLp95=14.88,LD=0,SF=1.00,DpuScale=1.00,LP=0,DVFS=0,Preempt=358,PoseAgeP95=0.00
1789438167.072	91	90	0		456	5.92	10.32	358	45.0	0.66	FPS=91/90,Prd=28ms,Tear=0,Early=0,Stale=0,Stale2/5/10/max=0/0/0/0,VSnc=1,Lat=-4,Fov=0,CPU4/GPU=2/2,1382/456MHz,OC=3F,TA=0/38/0,SP=N/N/N,Mem=2092MHz,Free=3673MB,PLS=0,Temp=45.0C/0.0C,TW=1.01ms,App=5.92ms,GD=0.00ms,CPU&GPU=10.32ms,LCnt=1(DR90,LM0),GPU%=0.66,CPU%=0.21(W0.24),CFL=11.94/15.56,ICFLp95=14.75,LD=0,SF=1.00,DpuScale=1.00,LP=0,DVFS=0,Preempt=358,PoseAgeP95=0.00
1789438168.072	91	90	0		456	5.91	10.14	358	45.0	0.66	FPS=91/90,Prd=28ms,Tear=0,Early=0,Stale=0,Stale2/5/10/max=0/0/0/0,VSnc=1,Lat=-4,Fov=0,CPU4/GPU=2/2,1382/456MHz,OC=3F,TA=0/38/0,SP=N/N/N,Mem=2092MHz,Free=3673MB,PLS=0,Temp=45.0C/0.0C,TW=1.01ms,App=5.91ms,GD=0.00ms,CPU&GPU=10.14ms,LCnt=1(DR90,LM0),GPU%=0.66,CPU%=0.23(W0.30),CFL=11.89/15.78,ICFLp95=14.92,LD=0,SF=1.00,DpuScale=1.00,LP=0,DVFS=0,Preempt=358,PoseAgeP95=0.00
1789438169.072	90	90	0		456	5.98	10.10	360	45.0	0.66	FPS=90/90,Prd=27ms,Tear=0,Early=0,Stale=0,Stale2/5/10/max=0/0/0/0,VSnc=1,Lat=-4,Fov=0,CPU4/GPU=2/2,1382/456MHz,OC=3F,TA=0/38/0,SP=N/N/N,Mem=2092MHz,Free=3673MB,PLS=0,Temp=45.0C/0.0C,TW=1.02ms,App=5.98ms,GD=0.00ms,CPU&GPU=10.10ms,LCnt=1(DR90,LM0),GPU%=0.66,CPU%=0.20(W0.33),CFL=11.93/15.85,ICFLp95=14.94,LD=0,SF=1.00,DpuScale=1.00,LP=0,DVFS=0,Preempt=360,PoseAgeP95=0.00
1789438170.072	91	90	0		456	6.00	10.30	362	45.0	0.66	FPS=91/90,Prd=28ms,Tear=0,Early=0,Stale=0,Stale2/5/10/max=0/0/0/0,VSnc=1,Lat=-4,Fov=0,CPU4/GPU=2/2,1382/456MHz,OC=3F,TA=0/38/0,SP=N/N/N,Mem=2092MHz,Free=3673MB,PLS=0,Temp=45.0C/0.0C,TW=1.03ms,App=6.00ms,GD=0.00ms,CPU&GPU=10.30ms,LCnt=1(DR91,LM0),GPU%=0.66,CPU%=0.21(W0.31),CFL=11.97/15.63,ICFLp95=14.86,LD=0,SF=1.00,DpuScale=1.00,LP=0,DVFS=0,Preempt=362,PoseAgeP95=0.00
1789438171.072	91	90	0		456	5.97	10.26	359	45.0	0.67	FPS=91/90,Prd=27ms,Tear=0,Early=0,Stale=0,Stale2/5/10/max=0/0/0/0,VSnc=1,Lat=-4,Fov=0,CPU4/GPU=2/2,1516/456MHz,OC=3F,TA=0/38/0,SP=N/N/N,Mem=2736MHz,Free=3673MB,PLS=0,Temp=45.0C/0.0C,TW=1.09ms,App=5.97ms,GD=0.00ms,CPU&GPU=10.26ms,LCnt=1(DR90,LM0),GPU%=0.67,CPU%=0.21(W0.27),CFL=12.04/15.53,ICFLp95=14.80,LD=0,SF=1.00,DpuScale=1.00,LP=0,DVFS=0,Preempt=359,PoseAgeP95=0.00
1789438172.072	91	90	0		456	6.06	10.37	361	45.0	0.67	FPS=91/90,Prd=28ms,Tear=0,Early=0,Stale=0,Stale2/5/10/max=0/0/0/0,VSnc=1,Lat=-4,Fov=0,CPU4/GPU=2/2,1516/456MHz,OC=3F,TA=0/38/0,SP=N/N/N,Mem=2736MHz,Free=3673MB,PLS=0,Temp=45.0C/0.0C,TW=1.01ms,App=6.06ms,GD=0.00ms,CPU&GPU=10.37ms,LCnt=1(DR91,LM0),GPU%=0.67,CPU%=0.24(W0.28),CFL=11.99/15.60,ICFLp95=14.86,LD=0,SF=1.00,DpuScale=1.00,LP=0,DVFS=0,Preempt=361,PoseAgeP95=0.00
1789438173.073	90	90	0		456	5.92	10.02	360	45.0	0.67	FPS=90/90,Prd=28ms,Tear=0,Early=0,Stale=0,Stale2/5/10/max=0/0/0/0,VSnc=1,Lat=-4,Fov=0,CPU4/GPU=2/2,1516/456MHz,OC=3F,TA=0/38/0,SP=N/N/N,Mem=2736MHz,Free=3673MB,PLS=0,Temp=45.0C/0.0C,TW=1.02ms,App=5.92ms,GD=0.00ms,CPU&GPU=10.02ms,LCnt=1(DR91,LM0),GPU%=0.67,CPU%=0.21(W0.35),CFL=12.03/15.77,ICFLp95=14.97,LD=0,SF=1.00,DpuScale=1.00,LP=0,DVFS=0,Preempt=360,PoseAgeP95=0.00
1789438174.073	91	90	0		456	5.94	10.26	358	45.0	0.66	FPS=91/90,Prd=27ms,Tear=0,Early=0,Stale=0,Stale2/5/10/max=0/0/0/0,VSnc=1,Lat=-4,Fov=0,CPU4/GPU=2/2,1516/456MHz,OC=3F,TA=0/38/0,SP=N/N/N,Mem=2736MHz,Free=3673MB,PLS=0,Temp=45.0C/0.0C,TW=1.02ms,App=5.94ms,GD=0.00ms,CPU&GPU=10.26ms,LCnt=1(DR90,LM0),GPU%=0.66,CPU%=0.22(W0.29),CFL=12.06/15.82,ICFLp95=14.88,LD=0,SF=1.00,DpuScale=1.00,LP=0,DVFS=0,Preempt=358,PoseAgeP95=0.00
1789438175.073	90	90	0		456	5.92	10.19	358	45.0	0.66	FPS=90/90,Prd=28ms,Tear=0,Early=0,Stale=0,Stale2/5/10/max=0/0/0/0,VSnc=1,Lat=-4,Fov=0,CPU4/GPU=2/2,1516/456MHz,OC=3F,TA=0/38/0,SP=N/N/N,Mem=2736MHz,Free=3673MB,PLS=0,Temp=45.0C/0.0C,TW=1.02ms,App=5.92ms,GD=0.00ms,CPU&GPU=10.19ms,LCnt=1(DR90,LM0),GPU%=0.66,CPU%=0.21(W0.24),CFL=11.96/15.71,ICFLp95=14.87,LD=0,SF=1.00,DpuScale=1.00,LP=0,DVFS=0,Preempt=358,PoseAgeP95=0.00
1789438176.094	91	90	0		456	5.97	10.10	362	45.0	0.66	FPS=91/90,Prd=27ms,Tear=0,Early=0,Stale=0,Stale2/5/10/max=0/0/0/0,VSnc=1,Lat=-4,Fov=0,CPU4/GPU=2/2,1516/456MHz,OC=3F,TA=0/38/0,SP=N/N/N,Mem=2736MHz,Free=3672MB,PLS=0,Temp=45.0C/0.0C,TW=1.01ms,App=5.97ms,GD=0.00ms,CPU&GPU=10.10ms,LCnt=1(DR91,LM0),GPU%=0.66,CPU%=0.21(W0.24),CFL=11.87/15.57,ICFLp95=14.83,LD=0,SF=1.00,DpuScale=1.00,LP=0,DVFS=0,Preempt=362,PoseAgeP95=0.00
1789438177.073	91	90	0		456	5.94	10.23	360	45.0	0.66	FPS=91/90,Prd=27ms,Tear=0,Early=0,Stale=0,Stale2/5/10/max=0/0/0/0,VSnc=1,Lat=-4,Fov=0,CPU4/GPU=2/2,1516/456MHz,OC=3F,TA=0/38/0,SP=N/N/N,Mem=2736MHz,Free=3672MB,PLS=0,Temp=45.0C/0.0C,TW=1.03ms,App=5.94ms,GD=0.00ms,CPU&GPU=10.23ms,LCnt=1(DR90,LM0),GPU%=0.66,CPU%=0.22(W0.31),CFL=11.94/15.56,ICFLp95=14.85,LD=0,SF=1.00,DpuScale=1.00,LP=0,DVFS=0,Preempt=360,PoseAgeP95=0.00
1789438178.073	90	90	0		456	5.93	9.96	362	45.0	0.66	FPS=90/90,Prd=27ms,Tear=0,Early=0,Stale=0,Stale2/5/10/max=0/0/0/0,VSnc=1,Lat=-4,Fov=0,CPU4/GPU=2/2,1516/456MHz,OC=3F,TA=0/38/0,SP=N/N/N,Mem=2736MHz,Free=3672MB,PLS=0,Temp=45.0C/0.0C,TW=1.02ms,App=5.93ms,GD=0.00ms,CPU&GPU=9.96ms,LCnt=1(DR91,LM0),GPU%=0.66,CPU%=0.24(W0.30),CFL=11.81/15.82,ICFLp95=14.93,LD=0,SF=1.00,DpuScale=1.00,LP=0,DVFS=0,Preempt=362,PoseAgeP95=0.00
1789438179.073	91	90	0		456	5.95	10.71	360	45.0	0.66	FPS=91/90,Prd=27ms,Tear=0,Early=0,Stale=0,Stale2/5/10/max=0/0/0/0,VSnc=1,Lat=-4,Fov=0,CPU4/GPU=2/2,1516/456MHz,OC=3F,TA=0/38/0,SP=N/N/N,Mem=2736MHz,Free=3672MB,PLS=0,Temp=45.0C/0.0C,TW=1.02ms,App=5.95ms,GD=0.00ms,CPU&GPU=10.71ms,LCnt=1(DR90,LM0),GPU%=0.66,CPU%=0.21(W0.26),CFL=11.97/15.50,ICFLp95=14.77,LD=0,SF=1.00,DpuScale=1.00,LP=0,DVFS=0,Preempt=360,PoseAgeP95=0.00
1789438180.073	90	90	0		456	6.01	9.91	358	45.0	0.66	FPS=90/90,Prd=27ms,Tear=0,Early=0,Stale=0,Stale2/5/10/max=0/0/0/0,VSnc=1,Lat=-4,Fov=0,CPU4/GPU=2/2,1516/456MHz,OC=3F,TA=0/38/0,SP=N/N/N,Mem=2736MHz,Free=3672MB,PLS=0,Temp=45.0C/0.0C,TW=1.02ms,App=6.01ms,GD=0.00ms,CPU&GPU=9.91ms,LCnt=1(DR90,LM0),GPU%=0.66,CPU%=0.22(W0.25),CFL=11.91/15.49,ICFLp95=14.77,LD=0,SF=1.00,DpuScale=1.00,LP=0,DVFS=0,Preempt=358,PoseAgeP95=0.00
1789438181.073	91	90	0		456	5.95	10.16	362	45.0	0.66	FPS=91/90,Prd=27ms,Tear=0,Early=0,Stale=0,Stale2/5/10/max=0/0/0/0,VSnc=1,Lat=-4,Fov=0,CPU4/GPU=2/2,2054/456MHz,OC=3F,TA=0/38/0,SP=N/N/N,Mem=2736MHz,Free=3672MB,PLS=0,Temp=45.0C/0.0C,TW=1.02ms,App=5.95ms,GD=0.00ms,CPU&GPU=10.16ms,LCnt=1(DR91,LM0),GPU%=0.66,CPU%=0.21(W0.27),CFL=11.82/15.88,ICFLp95=14.89,LD=0,SF=1.00,DpuScale=1.00,LP=0,DVFS=0,Preempt=362,PoseAgeP95=0.00
1789438182.073	90	90	0		456	5.91	10.71	360	45.0	0.66	FPS=90/90,Prd=27ms,Tear=0,Early=0,Stale=0,Stale2/5/10/max=0/0/0/0,VSnc=1,Lat=-4,Fov=0,CPU4/GPU=2/2,2054/456MHz,OC=3F,TA=0/38/0,SP=N/N/N,Mem=2736MHz,Free=3672MB,PLS=0,Temp=45.0C/0.0C,TW=1.02ms,App=5.91ms,GD=0.00ms,CPU&GPU=10.71ms,LCnt=1(DR90,LM0),GPU%=0.66,CPU%=0.22(W0.27),CFL=12.03/15.82,ICFLp95=14.96,LD=0,SF=1.00,DpuScale=1.00,LP=0,DVFS=0,Preempt=360,PoseAgeP95=0.00
1789438183.073	91	90	0		456	5.94	10.17	360	45.0	0.66	FPS=91/90,Prd=28ms,Tear=0,Early=0,Stale=0,Stale2/5/10/max=0/0/0/0,VSnc=1,Lat=-4,Fov=0,CPU4/GPU=2/2,2054/456MHz,OC=3F,TA=0/38/0,SP=N/N/N,Mem=2736MHz,Free=3672MB,PLS=0,Temp=45.0C/0.0C,TW=1.03ms,App=5.94ms,GD=0.00ms,CPU&GPU=10.17ms,LCnt=1(DR90,LM0),GPU%=0.66,CPU%=0.21(W0.26),CFL=11.84/15.59,ICFLp95=14.88,LD=0,SF=1.00,DpuScale=1.00,LP=0,DVFS=0,Preempt=360,PoseAgeP95=0.00
1789438184.073	90	90	0		456	5.99	10.17	360	45.0	0.66	FPS=90/90,Prd=28ms,Tear=0,Early=0,Stale=0,Stale2/5/10/max=0/0/0/0,VSnc=1,Lat=-4,Fov=0,CPU4/GPU=2/2,2054/456MHz,OC=3F,TA=0/38/0,SP=N/N/N,Mem=2736MHz,Free=3672MB,PLS=0,Temp=45.0C/0.0C,TW=1.02ms,App=5.99ms,GD=0.00ms,CPU&GPU=10.17ms,LCnt=1(DR90,LM0),GPU%=0.66,CPU%=0.20(W0.29),CFL=12.02/15.59,ICFLp95=14.87,LD=0,SF=1.00,DpuScale=1.00,LP=0,DVFS=0,Preempt=360,PoseAgeP95=0.00
1789438185.074	91	90	0		456	5.94	10.34	360	45.0	0.66	FPS=91/90,Prd=28ms,Tear=0,Early=0,Stale=0,Stale2/5/10/max=0/0/0/0,VSnc=1,Lat=-4,Fov=0,CPU4/GPU=2/2,2054/456MHz,OC=3F,TA=0/38/0,SP=N/N/N,Mem=2736MHz,Free=3672MB,PLS=0,Temp=45.0C/0.0C,TW=1.02ms,App=5.94ms,GD=0.00ms,CPU&GPU=10.34ms,LCnt=1(DR90,LM0),GPU%=0.66,CPU%=0.20(W0.31),CFL=11.92/15.84,ICFLp95=14.88,LD=0,SF=1.00,DpuScale=1.00,LP=0,DVFS=0,Preempt=360,PoseAgeP95=0.00
1789438186.074	91	90	0		456	5.92	10.25	362	45.0	0.66	FPS=91/90,Prd=27ms,Tear=0,Early=0,Stale=0,Stale2/5/10/max=0/0/0/0,VSnc=1,Lat=-4,Fov=0,CPU4/GPU=2/2,2054/456MHz,OC=3F,TA=0/38/0,SP=N/N/N,Mem=2736MHz,Free=3672MB,PLS=0,Temp=45.0C/0.0C,TW=1.02ms,App=5.92ms,GD=0.00ms,CPU&GPU=10.25ms,LCnt=1(DR91,LM0),GPU%=0.66,CPU%=0.21(W0.35),CFL=11.86/15.66,ICFLp95=14.92,LD=0,SF=1.00,DpuScale=1.00,LP=0,DVFS=0,Preempt=362,PoseAgeP95=0.00
1789438187.074	90	90	0		456	5.92	10.11	358	45.0	0.66	FPS=90/90,Prd=28ms,Tear=0,Early=0,Stale=0,Stale2/5/10/max=0/0/0/0,VSnc=1,Lat=-4,Fov=0,CPU4/GPU=2/2,2054/456MHz,OC=3F,TA=0/38/0,SP=N/N/N,Mem=2736MHz,Free=3672MB,PLS=0,Temp=45.0C/0.0C,TW=1.02ms,App=5.92ms,GD=0.00ms,CPU&GPU=10.11ms,LCnt=1(DR90,LM0),GPU%=0.66,CPU%=0.21(W0.34),CFL=12.12/15.56,ICFLp95=14.84,LD=0,SF=1.00,DpuScale=1.00,LP=0,DVFS=0,Preempt=358,PoseAgeP95=0.00
1789438188.074	91	90	0		456	5.98	10.06	358	45.0	0.66	FPS=91/90,Prd=27ms,Tear=0,Early=0,Stale=0,Stale2/5/10/max=0/0/0/0,VSnc=1,Lat=-4,Fov=0,CPU4/GPU=2/2,2054/456MHz,OC=3F,TA=0/38/0,SP=N/N/N,Mem=2736MHz,Free=3672MB,PLS=0,Temp=45.0C/0.0C,TW=1.02ms,App=5.98ms,GD=0.00ms,CPU&GPU=10.06ms,LCnt=1(DR90,LM0),GPU%=0.66,CPU%=0.21(W0.29),CFL=12.02/15.59,ICFLp95=14.87,LD=0,SF=1.00,DpuScale=1.00,LP=0,DVFS=0,Preempt=358,PoseAgeP95=0.00
1789438189.074	91	90	0		456	5.97	10.57	360	45.0	0.66	FPS=91/90,Prd=27ms,Tear=0,Early=0,Stale=0,Stale2/5/10/max=0/0/0/0,VSnc=1,Lat=-4,Fov=0,CPU4/GPU=2/2,2054/456MHz,OC=3F,TA=0/38/0,SP=N/N/N,Mem=2736MHz,Free=3672MB,PLS=0,Temp=45.0C/0.0C,TW=1.02ms,App=5.97ms,GD=0.00ms,CPU&GPU=10.57ms,LCnt=1(DR90,LM0),GPU%=0.66,CPU%=0.24(W0.28),CFL=11.92/15.71,ICFLp95=14.92,LD=0,SF=1.00,DpuScale=1.00,LP=0,DVFS=0,Preempt=360,PoseAgeP95=0.00
1789438190.074	90	90	0		456	6.01	10.43	358	45.0	0.67	FPS=90/90,Prd=28ms,Tear=0,Early=0,Stale=0,Stale2/5/10/max=0/0/0/0,VSnc=1,Lat=-4,Fov=0,CPU4/GPU=2/2,2054/456MHz,OC=3F,TA=0/38/0,SP=N/N/N,Mem=2736MHz,Free=3672MB,PLS=0,Temp=45.0C/0.0C,TW=1.02ms,App=6.01ms,GD=0.00ms,CPU&GPU=10.43ms,LCnt=1(DR90,LM0),GPU%=0.67,CPU%=0.22(W0.28),CFL=11.96/15.80,ICFLp95=14.85,LD=0,SF=1.00,DpuScale=1.00,LP=0,DVFS=0,Preempt=358,PoseAgeP95=0.00
1789438191.074	91	90	0		456	5.97	10.03	360	45.0	0.66	FPS=91/90,Prd=27ms,Tear=0,Early=0,Stale=0,Stale2/5/10/max=0/0/0/0,VSnc=1,Lat=-4,Fov=0,CPU4/GPU=2/2,1382/456MHz,OC=3F,TA=0/38/0,SP=N/N/N,Mem=2092MHz,Free=3672MB,PLS=0,Temp=45.0C/0.0C,TW=1.02ms,App=5.97ms,GD=0.00ms,CPU&GPU=10.03ms,LCnt=1(DR90,LM0),GPU%=0.66,CPU%=0.21(W0.29),CFL=11.95/15.57,ICFLp95=14.80,LD=0,SF=1.00,DpuScale=1.00,LP=0,DVFS=0,Preempt=360,PoseAgeP95=0.00
1789438192.074	91	90	0		456	6.07	10.47	358	45.0	0.67	FPS=91/90,Prd=27ms,Tear=0,Early=0,Stale=0,Stale2/5/10/max=0/0/0/0,VSnc=1,Lat=-4,Fov=0,CPU4/GPU=2/2,1382/456MHz,OC=3F,TA=0/38/0,SP=N/N/N,Mem=2092MHz,Free=3672MB,PLS=0,Temp=45.0C/0.0C,TW=1.09ms,App=6.07ms,GD=0.00ms,CPU&GPU=10.47ms,LCnt=1(DR90,LM0),GPU%=0.67,CPU%=0.20(W0.24),CFL=11.90/15.47,ICFLp95=14.76,LD=0,SF=1.00,DpuScale=1.00,LP=0,DVFS=0,Preempt=358,PoseAgeP95=0.00
1789438193.074	91	90	0		456	5.96	10.67	363	45.0	0.68	FPS=91/90,Prd=28ms,Tear=1,Early=0,Stale=0,Stale2/5/10/max=0/0/0/0,VSnc=1,Lat=-4,Fov=0,CPU4/GPU=2/2,1382/456MHz,OC=3F,TA=0/38/0,SP=N/N/N,Mem=2092MHz,Free=3672MB,PLS=0,Temp=45.0C/0.0C,TW=1.02ms,App=5.96ms,GD=0.00ms,CPU&GPU=10.67ms,LCnt=1(DR91,LM0),GPU%=0.68,CPU%=0.22(W0.30),CFL=12.20/15.99,ICFLp95=14.87,LD=0,SF=1.00,DpuScale=1.00,LP=0,DVFS=0,Preempt=363,PoseAgeP95=0.00
1789438194.074	90	90	0		456	5.93	10.43	353	45.0	0.67	FPS=90/90,Prd=28ms,Tear=0,Early=0,Stale=0,Stale2/5/10/max=0/0/0/0,VSnc=1,Lat=-4,Fov=0,CPU4/GPU=2/2,1382/456MHz,OC=3F,TA=0/38/0,SP=N/N/N,Mem=2092MHz,Free=3672MB,PLS=0,Temp=45.0C/0.0C,TW=1.02ms,App=5.93ms,GD=0.00ms,CPU&GPU=10.43ms,LCnt=1(DR90,LM0),GPU%=0.67,CPU%=0.22(W0.26),CFL=11.97/15.68,ICFLp95=14.91,LD=0,SF=1.00,DpuScale=1.00,LP=0,DVFS=0,Preempt=353,PoseAgeP95=0.00
1789438195.074	90	90	0		456	5.97	10.65	358	45.0	0.66	FPS=90/90,Prd=27ms,Tear=0,Early=0,Stale=0,Stale2/5/10/max=0/0/0/0,VSnc=1,Lat=-4,Fov=0,CPU4/GPU=2/2,1382/456MHz,OC=3F,TA=0/38/0,SP=N/N/N,Mem=2092MHz,Free=3672MB,PLS=0,Temp=45.0C/0.0C,TW=1.01ms,App=5.97ms,GD=0.00ms,CPU&GPU=10.65ms,LCnt=1(DR90,LM0),GPU%=0.66,CPU%=0.23(W0.33),CFL=12.04/15.53,ICFLp95=14.78,LD=0,SF=1.00,DpuScale=1.00,LP=0,DVFS=0,Preempt=358,PoseAgeP95=0.00
1789438196.097	90	90	0		456	5.97	10.60	360	45.0	0.67	FPS=90/90,Prd=28ms,Tear=0,Early=0,Stale=0,Stale2/5/10/max=0/0/0/0,VSnc=1,Lat=-4,Fov=0,CPU4/GPU=2/2,1382/456MHz,OC=3F,TA=0/38/0,SP=N/N/N,Mem=2092MHz,Free=3668MB,PLS=0,Temp=45.0C/0.0C,TW=1.02ms,App=5.97ms,GD=0.00ms,CPU&GPU=10.60ms,LCnt=1(DR90,LM0),GPU%=0.67,CPU%=0.19(W0.22),CFL=11.94/15.56,ICFLp95=14.85,LD=0,SF=1.00,DpuScale=1.00,LP=0,DVFS=0,Preempt=360,PoseAgeP95=0.00
1789438197.074	91	90	0		456	5.93	10.04	358	45.0	0.66	FPS=91/90,Prd=27ms,Tear=0,Early=0,Stale=0,Stale2/5/10/max=0/0/0/0,VSnc=1,Lat=-4,Fov=0,CPU4/GPU=2/2,1382/456MHz,OC=3F,TA=0/38/0,SP=N/N/N,Mem=2092MHz,Free=3668MB,PLS=0,Temp=45.0C/0.0C,TW=1.02ms,App=5.93ms,GD=0.00ms,CPU&GPU=10.04ms,LCnt=1(DR90,LM0),GPU%=0.66,CPU%=0.20(W0.20),CFL=11.89/15.78,ICFLp95=14.75,LD=0,SF=1.00,DpuScale=1.00,LP=0,DVFS=0,Preempt=358,PoseAgeP95=0.00
1789438198.074	91	90	0		456	6.00	9.91	362	45.0	0.67	FPS=91/90,Prd=27ms,Tear=0,Early=0,Stale=0,Stale2/5/10/max=0/0/0/0,VSnc=1,Lat=-4,Fov=0,CPU4/GPU=2/2,1382/456MHz,OC=3F,TA=0/38/0,SP=N/N/N,Mem=2092MHz,Free=3668MB,PLS=0,Temp=45.0C/0.0C,TW=1.02ms,App=6.00ms,GD=0.00ms,CPU&GPU=9.91ms,LCnt=1(DR91,LM0),GPU%=0.67,CPU%=0.23(W0.34),CFL=11.93/15.59,ICFLp95=14.83,LD=0,SF=1.00,DpuScale=1.00,LP=0,DVFS=0,Preempt=362,PoseAgeP95=0.00
1789438199.075	91	90	0		456	5.97	10.25	362	45.0	0.67	FPS=91/90,Prd=28ms,Tear=0,Early=0,Stale=0,Stale2/5/10/max=0/0/0/0,VSnc=1,Lat=-4,Fov=0,CPU4/GPU=2/2,1382/456MHz,OC=3F,TA=0/38/0,SP=N/N/N,Mem=2092MHz,Free=3668MB,PLS=0,Temp=45.0C/0.0C,TW=1.01ms,App=5.97ms,GD=0.00ms,CPU&GPU=10.25ms,LCnt=1(DR91,LM0),GPU%=0.67,CPU%=0.19(W0.39),CFL=12.00/15.54,ICFLp95=14.85,LD=0,SF=1.00,DpuScale=1.00,LP=0,DVFS=0,Preempt=362,PoseAgeP95=0.00
1789438200.075	90	90	0		456	5.96	10.05	358	45.0	0.66	FPS=90/90,Prd=27ms,Tear=0,Early=0,Stale=0,Stale2/5/10/max=0/0/0/0,VSnc=1,Lat=-4,Fov=0,CPU4/GPU=2/2,1382/456MHz,OC=3F,TA=0/38/0,SP=N/N/N,Mem=2092MHz,Free=3668MB,PLS=0,Temp=45.0C/0.0C,TW=1.03ms,App=5.96ms,GD=0.00ms,CPU&GPU=10.05ms,LCnt=1(DR90,LM0),GPU%=0.66,CPU%=0.20(W0.31),CFL=12.04/15.62,ICFLp95=14.88,LD=0,SF=1.00,DpuScale=1.00,LP=0,DVFS=0,Preempt=358,PoseAgeP95=0.00
1789438201.075	91	90	0		456	5.98	10.17	358	45.0	0.66	FPS=91/90,Prd=27ms,Tear=0,Early=0,Stale=0,Stale2/5/10/max=0/0/0/0,VSnc=1,Lat=-4,Fov=0,CPU4/GPU=2/2,1382/456MHz,OC=3F,TA=0/38/0,SP=N/N/N,Mem=1555MHz,Free=3668MB,PLS=0,Temp=45.0C/0.0C,TW=1.02ms,App=5.98ms,GD=0.00ms,CPU&GPU=10.17ms,LCnt=1(DR90,LM0),GPU%=0.66,CPU%=0.23(W0.38),CFL=11.94/15.73,ICFLp95=14.90,LD=0,SF=1.00,DpuScale=1.00,LP=0,DVFS=0,Preempt=358,PoseAgeP95=0.00
1789438202.075	90	90	0		456	5.92	10.06	358	45.0	0.66	FPS=90/90,Prd=27ms,Tear=0,Early=0,Stale=0,Stale2/5/10/max=0/0/0/0,VSnc=1,Lat=-4,Fov=0,CPU4/GPU=2/2,1382/456MHz,OC=3F,TA=0/38/0,SP=N/N/N,Mem=1555MHz,Free=3668MB,PLS=0,Temp=45.0C/0.0C,TW=1.02ms,App=5.92ms,GD=0.00ms,CPU&GPU=10.06ms,LCnt=1(DR90,LM0),GPU%=0.66,CPU%=0.21(W0.23),CFL=11.88/15.54,ICFLp95=14.82,LD=0,SF=1.00,DpuScale=1.00,LP=0,DVFS=0,Preempt=358,PoseAgeP95=0.00
1789438203.075	91	90	0		456	6.00	10.16	358	45.0	0.66	FPS=91/90,Prd=27ms,Tear=0,Early=0,Stale=0,Stale2/5/10/max=0/0/0/0,VSnc=1,Lat=-4,Fov=0,CPU4/GPU=2/2,1382/456MHz,OC=3F,TA=0/38/0,SP=N/N/N,Mem=1555MHz,Free=3668MB,PLS=0,Temp=45.0C/0.0C,TW=1.01ms,App=6.00ms,GD=0.00ms,CPU&GPU=10.16ms,LCnt=1(DR90,LM0),GPU%=0.66,CPU%=0.23(W0.25),CFL=11.87/15.62,ICFLp95=14.88,LD=0,SF=1.00,DpuScale=1.00,LP=0,DVFS=0,Preempt=358,PoseAgeP95=0.00
1789438204.075	91	90	0		456	5.94	10.52	358	45.0	0.66	FPS=91/90,Prd=27ms,Tear=0,Early=0,Stale=0,Stale2/5/10/max=0/0/0/0,VSnc=1,Lat=-4,Fov=0,CPU4/GPU=2/2,1382/456MHz,OC=3F,TA=0/38/0,SP=N/N/N,Mem=1555MHz,Free=3668MB,PLS=0,Temp=45.0C/0.0C,TW=1.01ms,App=5.94ms,GD=0.00ms,CPU&GPU=10.52ms,LCnt=1(DR90,LM0),GPU%=0.66,CPU%=0.23(W0.31),CFL=11.95/15.53,ICFLp95=14.75,LD=0,SF=1.00,DpuScale=1.00,LP=0,DVFS=0,Preempt=358,PoseAgeP95=0.00
1789438205.075	90	90	0		456	5.90	10.14	360	45.0	0.66	FPS=90/90,Prd=27ms,Tear=0,Early=0,Stale=0,Stale2/5/10/max=0/0/0/0,VSnc=1,Lat=-4,Fov=0,CPU4/GPU=2/2,1382/456MHz,OC=3F,TA=0/38/0,SP=N/N/N,Mem=1555MHz,Free=3668MB,PLS=0,Temp=45.0C/0.0C,TW=1.02ms,App=5.90ms,GD=0.00ms,CPU&GPU=10.14ms,LCnt=1(DR90,LM0),GPU%=0.66,CPU%=0.20(W0.36),CFL=11.90/15.60,ICFLp95=14.84,LD=0,SF=1.00,DpuScale=1.00,LP=0,DVFS=0,Preempt=360,PoseAgeP95=0.00
1789438206.075	91	90	0		456	5.94	9.94	360	45.0	0.66	FPS=91/90,Prd=27ms,Tear=0,Early=0,Stale=0,Stale2/5/10/max=0/0/0/0,VSnc=1,Lat=-4,Fov=0,CPU4/GPU=2/2,1382/456MHz,OC=3F,TA=0/38/0,SP=N/N/N,Mem=1555MHz,Free=3668MB,PLS=0,Temp=45.0C/0.0C,TW=1.02ms,App=5.94ms,GD=0.00ms,CPU&GPU=9.94ms,LCnt=1(DR90,LM0),GPU%=0.66,CPU%=0.22(W0.24),CFL=11.89/15.64,ICFLp95=14.88,LD=0,SF=1.00,DpuScale=1.00,LP=0,DVFS=0,Preempt=360,PoseAgeP95=0.00
1789438207.075	90	90	0		456	5.98	10.64	362	45.0	0.66	FPS=90/90,Prd=27ms,Tear=0,Early=0,Stale=0,Stale2/5/10/max=0/0/0/0,VSnc=1,Lat=-4,Fov=0,CPU4/GPU=2/2,1382/456MHz,OC=3F,TA=0/38/0,SP=N/N/N,Mem=1555MHz,Free=3668MB,PLS=0,Temp=45.0C/0.0C,TW=1.02ms,App=5.98ms,GD=0.00ms,CPU&GPU=10.64ms,LCnt=1(DR91,LM0),GPU%=0.66,CPU%=0.23(W0.36),CFL=11.92/15.58,ICFLp95=14.85,LD=0,SF=1.00,DpuScale=1.00,LP=0,DVFS=0,Preempt=362,PoseAgeP95=0.00
1789438208.075	90	90	0		456	5.94	10.08	362	45.0	0.67	FPS=90/90,Prd=28ms,Tear=0,Early=0,Stale=0,Stale2/5/10/max=0/0/0/0,VSnc=1,Lat=-4,Fov=0,CPU4/GPU=2/2,1382/456MHz,OC=3F,TA=0/38/0,SP=N/N/N,Mem=1555MHz,Free=3668MB,PLS=0,Temp=45.0C/0.0C,TW=1.02ms,App=5.94ms,GD=0.00ms,CPU&GPU=10.08ms,LCnt=1(DR91,LM0),GPU%=0.67,CPU%=0.20(W0.23),CFL=11.87/15.57,ICFLp95=14.78,LD=0,SF=1.00,DpuScale=1.00,LP=0,DVFS=0,Preempt=362,PoseAgeP95=0.00
1789438209.075	90	90	0		456	5.94	10.20	360	45.0	0.66	FPS=90/90,Prd=27ms,Tear=0,Early=0,Stale=0,Stale2/5/10/max=0/0/0/0,VSnc=1,Lat=-4,Fov=0,CPU4/GPU=2/2,1382/456MHz,OC=3F,TA=0/38/0,SP=N/N/N,Mem=1555MHz,Free=3668MB,PLS=0,Temp=45.0C/0.0C,TW=1.03ms,App=5.94ms,GD=0.00ms,CPU&GPU=10.20ms,LCnt=1(DR90,LM0),GPU%=0.66,CPU%=0.23(W0.32),CFL=11.99/15.52,ICFLp95=14.83,LD=0,SF=1.00,DpuScale=1.00,LP=0,DVFS=0,Preempt=360,PoseAgeP95=0.00
1789438210.075	91	90	0		456	5.94	10.39	358	45.0	0.66	FPS=91/90,Prd=27ms,Tear=0,Early=0,Stale=0,Stale2/5/10/max=0/0/0/0,VSnc=1,Lat=-4,Fov=0,CPU4/GPU=2/2,1382/456MHz,OC=3F,TA=0/38/0,SP=N/N/N,Mem=1555MHz,Free=3668MB,PLS=0,Temp=45.0C/0.0C,TW=1.02ms,App=5.94ms,GD=0.00ms,CPU&GPU=10.39ms,LCnt=1(DR90,LM0),GPU%=0.66,CPU%=0.19(W0.26),CFL=11.93/15.51,ICFLp95=14.81,LD=0,SF=1.00,DpuScale=1.00,LP=0,DVFS=0,Preempt=358,PoseAgeP95=0.00
1789438211.076	91	90	0		456	5.97	10.19	358	45.0	0.66	FPS=91/90,Prd=27ms,Tear=0,Early=0,Stale=0,Stale2/5/10/max=0/0/0/0,VSnc=1,Lat=-4,Fov=0,CPU4/GPU=2/2,1920/456MHz,OC=3F,TA=0/38/0,SP=N/N/N,Mem=2736MHz,Free=3668MB,PLS=0,Temp=45.0C/0.0C,TW=1.02ms,App=5.97ms,GD=0.00ms,CPU&GPU=10.19ms,LCnt=1(DR90,LM0),GPU%=0.66,CPU%=0.21(W0.36),CFL=11.97/15.54,ICFLp95=14.79,LD=0,SF=1.00,DpuScale=1.00,LP=0,DVFS=0,Preempt=358,PoseAgeP95=0.00
1789438212.076	91	90	0		456	5.93	10.58	360	45.0	0.66	FPS=91/90,Prd=27ms,Tear=0,Early=0,Stale=0,Stale2/5/10/max=0/0/0/0,VSnc=1,Lat=-4,Fov=0,CPU4/GPU=2/2,1920/456MHz,OC=3F,TA=0/38/0,SP=N/N/N,Mem=2736MHz,Free=3668MB,PLS=0,Temp=45.0C/0.0C,TW=1.02ms,App=5.93ms,GD=0.00ms,CPU&GPU=10.58ms,LCnt=1(DR90,LM0),GPU%=0.66,CPU%=0.22(W0.28),CFL=11.96/15.54,ICFLp95=14.79,LD=0,SF=1.00,DpuScale=1.00,LP=0,DVFS=0,Preempt=360,PoseAgeP95=0.00
1789438213.076	90	90	0		456	6.10	10.70	358	45.0	0.67	FPS=90/90,Prd=28ms,Tear=0,Early=0,Stale=0,Stale2/5/10/max=0/0/0/0,VSnc=1,Lat=-4,Fov=0,CPU4/GPU=2/2,1920/456MHz,OC=3F,TA=0/38/0,SP=N/N/N,Mem=2736MHz,Free=3668MB,PLS=0,Temp=45.0C/0.0C,TW=1.06ms,App=6.10ms,GD=0.00ms,CPU&GPU=10.70ms,LCnt=1(DR90,LM0),GPU%=0.67,CPU%=0.21(W0.27),CFL=11.99/15.61,ICFLp95=14.88,LD=0,SF=1.00,DpuScale=1.00,LP=0,DVFS=0,Preempt=358,PoseAgeP95=0.00
1789438214.076	91	90	0		456	6.03	10.43	360	45.0	0.67	FPS=91/90,Prd=28ms,Tear=0,Early=0,Stale=0,Stale2/5/10/max=0/0/0/0,VSnc=1,Lat=-4,Fov=0,CPU4/GPU=2/2,1920/456MHz,OC=3F,TA=0/38/0,SP=N/N/N,Mem=2736MHz,Free=3668MB,PLS=0,Temp=45.0C/0.0C,TW=1.09ms,App=6.03ms,GD=0.00ms,CPU&GPU=10.43ms,LCnt=1(DR90,LM0),GPU%=0.67,CPU%=0.23(W0.27),CFL=11.99/15.69,ICFLp95=14.91,LD=0,SF=1.00,DpuScale=1.00,LP=0,DVFS=0,Preempt=360,PoseAgeP95=0.00
1789438215.076	90	90	0		456	5.95	10.18	360	45.0	0.67	FPS=90/90,Prd=28ms,Tear=0,Early=0,Stale=0,Stale2/5/10/max=0/0/0/0,VSnc=1,Lat=-4,Fov=0,CPU4/GPU=2/2,1920/456MHz,OC=3F,TA=0/38/0,SP=N/N/N,Mem=2736MHz,Free=3668MB,PLS=0,Temp=45.0C/0.0C,TW=1.02ms,App=5.95ms,GD=0.00ms,CPU&GPU=10.18ms,LCnt=1(DR90,LM0),GPU%=0.67,CPU%=0.23(W0.33),CFL=12.06/15.77,ICFLp95=15.03,LD=0,SF=1.00,DpuScale=1.00,LP=0,DVFS=0,Preempt=360,PoseAgeP95=0.00
1789438216.097	91	90	0		456	5.93	10.25	360	45.0	0.67	FPS=91/90,Prd=28ms,Tear=0,Early=0,Stale=0,Stale2/5/10/max=0/0/0/0,VSnc=1,Lat=-4,Fov=0,CPU4/GPU=2/2,1920/456MHz,OC=3F,TA=0/38/0,SP=N/N/N,Mem=2736MHz,Free=3673MB,PLS=0,Temp=45.0C/0.0C,TW=1.02ms,App=5.93ms,GD=0.00ms,CPU&GPU=10.25ms,LCnt=1(DR90,LM0),GPU%=0.67,CPU%=0.20(W0.27),CFL=12.00/15.80,ICFLp95=15.03,LD=0,SF=1.00,DpuScale=1.00,LP=0,DVFS=0,Preempt=360,PoseAgeP95=0.00
1789438217.076	90	90	0		456	5.96	10.08	358	45.0	0.66	FPS=90/90,Prd=27ms,Tear=0,Early=0,Stale=0,Stale2/5/10/max=0/0/0/0,VSnc=1,Lat=-4,Fov=0,CPU4/GPU=2/2,1920/456MHz,OC=3F,TA=0/38/0,SP=N/N/N,Mem=2736MHz,Free=3673MB,PLS=0,Temp=45.0C/0.0C,TW=1.02ms,App=5.96ms,GD=0.00ms,CPU&GPU=10.08ms,LCnt=1(DR90,LM0),GPU%=0.66,CPU%=0.22(W0.29),CFL=12.00/15.74,ICFLp95=14.93,LD=0,SF=1.00,DpuScale=1.00,LP=0,DVFS=0,Preempt=358,PoseAgeP95=0.00
1789438218.076	91	90	0		456	5.95	10.54	360	45.0	0.66	FPS=91/90,Prd=27ms,Tear=0,Early=0,Stale=0,Stale2/5/10/max=0/0/0/0,VSnc=1,Lat=-4,Fov=0,CPU4/GPU=2/2,1920/456MHz,OC=3F,TA=0/38/0,SP=N/N/N,Mem=2736MHz,Free=3673MB,PLS=0,Temp=45.0C/0.0C,TW=1.03ms,App=5.95ms,GD=0.00ms,CPU&GPU=10.54ms,LCnt=1(DR90,LM0),GPU%=0.66,CPU%=0.24(W0.38),CFL=12.03/15.65,ICFLp95=14.90,LD=0,SF=1.00,DpuScale=1.00,LP=0,DVFS=0,Preempt=360,PoseAgeP95=0.00
1789438219.076	90	90	0		456	5.92	10.44	358	45.0	0.66	FPS=90/90,Prd=28ms,Tear=0,Early=0,Stale=0,Stale2/5/10/max=0/0/0/0,VSnc=1,Lat=-4,Fov=0,CPU4/GPU=2/2,1920/456MHz,OC=3F,TA=0/38/0,SP=N/N/N,Mem=2736MHz,Free=3673MB,PLS=0,Temp=45.0C/0.0C,TW=1.02ms,App=5.92ms,GD=0.00ms,CPU&GPU=10.44ms,LCnt=1(DR90,LM0),GPU%=0.66,CPU%=0.23(W0.31),CFL=11.98/15.63,ICFLp95=14.87,LD=0,SF=1.00,DpuScale=1.00,LP=0,DVFS=0,Preempt=358,PoseAgeP95=0.00
1789438220.076	90	90	0		456	5.94	10.32	360	45.0	0.66	FPS=90/90,Prd=28ms,Tear=0,Early=0,Stale=0,Stale2/5/10/max=0/0/0/0,VSnc=1,Lat=-4,Fov=0,CPU4/GPU=2/2,1920/456MHz,OC=3F,TA=0/38/0,SP=N/N/N,Mem=2736MHz,Free=3673MB,PLS=0,Temp=45.0C/0.0C,TW=1.03ms,App=5.94ms,GD=0.00ms,CPU&GPU=10.32ms,LCnt=1(DR90,LM0),GPU%=0.66,CPU%=0.23(W0.27),CFL=12.05/15.80,ICFLp95=14.89,LD=0,SF=1.00,DpuScale=1.00,LP=0,DVFS=0,Preempt=360,PoseAgeP95=0.00
1789438221.076	90	90	0		456	5.95	10.17	364	45.0	0.66	FPS=90/90,Prd=28ms,Tear=0,Early=0,Stale=0,Stale2/5/10/max=0/0/0/0,VSnc=1,Lat=-4,Fov=0,CPU4/GPU=2/2,1382/456MHz,OC=3F,TA=0/38/0,SP=N/N/N,Mem=2736MHz,Free=3673MB,PLS=0,Temp=45.0C/0.0C,TW=1.02ms,App=5.95ms,GD=0.00ms,CPU&GPU=10.17ms,LCnt=1(DR91,LM0),GPU%=0.66,CPU%=0.22(W0.30),CFL=12.00/15.70,ICFLp95=14.95,LD=0,SF=1.00,DpuScale=1.00,LP=0,DVFS=0,Preempt=364,PoseAgeP95=0.00
1789438222.076	91	90	0		456	6.00	10.61	358	45.0	0.66	FPS=91/90,Prd=28ms,Tear=0,Early=0,Stale=0,Stale2/5/10/max=0/0/0/0,VSnc=1,Lat=-4,Fov=0,CPU4/GPU=2/2,1382/456MHz,OC=3F,TA=0/38/0,SP=N/N/N,Mem=2736MHz,Free=3673MB,PLS=0,Temp=45.0C/0.0C,TW=1.02ms,App=6.00ms,GD=0.00ms,CPU&GPU=10.61ms,LCnt=1(DR90,LM0),GPU%=0.66,CPU%=0.19(W0.29),CFL=12.03/16.14,ICFLp95=15.04,LD=0,SF=1.00,DpuScale=1.00,LP=0,DVFS=0,Preempt=358,PoseAgeP95=0.00
1789438223.076	91	90	0		456	5.92	10.08	360	45.0	0.66	FPS=91/90,Prd=28ms,Tear=0,Early=0,Stale=0,Stale2/5/10/max=0/0/0/0,VSnc=1,Lat=-4,Fov=0,CPU4/GPU=2/2,1382/456MHz,OC=3F,TA=0/38/0,SP=N/N/N,Mem=2736MHz,Free=3673MB,PLS=0,Temp=45.0C/0.0C,TW=1.01ms,App=5.92ms,GD=0.00ms,CPU&GPU=10.08ms,LCnt=1(DR90,LM0),GPU%=0.66,CPU%=0.23(W0.28),CFL=12.12/15.85,ICFLp95=14.98,LD=0,SF=1.00,DpuScale=1.00,LP=0,DVFS=0,Preempt=360,PoseAgeP95=0.00
1789438224.077	91	90	0		456	5.95	10.10	358	45.0	0.66	FPS=91/90,Prd=27ms,Tear=0,Early=0,Stale=0,Stale2/5/10/max=0/0/0/0,VSnc=1,Lat=-4,Fov=0,CPU4/GPU=2/2,1382/456MHz,OC=3F,TA=0/38/0,SP=N/N/N,Mem=2736MHz,Free=3673MB,PLS=0,Temp=45.0C/0.0C,TW=1.02ms,App=5.95ms,GD=0.00ms,CPU&GPU=10.10ms,LCnt=1(DR90,LM0),GPU%=0.66,CPU%=0.21(W0.28),CFL=11.96/15.63,ICFLp95=14.91,LD=0,SF=1.00,DpuScale=1.00,LP=0,DVFS=0,Preempt=358,PoseAgeP95=0.00
1789438225.077	90	90	0		456	5.96	10.25	358	45.0	0.66	FPS=90/90,Prd=27ms,Tear=0,Early=0,Stale=0,Stale2/5/10/max=0/0/0/0,VSnc=1,Lat=-4,Fov=0,CPU4/GPU=2/2,1382/456MHz,OC=3F,TA=0/38/0,SP=N/N/N,Mem=2736MHz,Free=3673MB,PLS=0,Temp=45.0C/0.0C,TW=1.01ms,App=5.96ms,GD=0.00ms,CPU&GPU=10.25ms,LCnt=1(DR90,LM0),GPU%=0.66,CPU%=0.22(W0.29),CFL=11.91/15.75,ICFLp95=14.87,LD=0,SF=1.00,DpuScale=1.00,LP=0,DVFS=0,Preempt=358,PoseAgeP95=0.00
1789438226.077	91	90	0		456	5.94	10.61	358	45.0	0.66	FPS=91/90,Prd=28ms,Tear=0,Early=0,Stale=0,Stale2/5/10/max=0/0/0/0,VSnc=1,Lat=-4,Fov=0,CPU4/GPU=2/2,1382/456MHz,OC=3F,TA=0/38/0,SP=N/N/N,Mem=2736MHz,Free=3673MB,PLS=0,Temp=45.0C/0.0C,TW=1.02ms,App=5.94ms,GD=0.00ms,CPU&GPU=10.61ms,LCnt=1(DR90,LM0),GPU%=0.66,CPU%=0.21(W0.28),CFL=11.98/15.60,ICFLp95=14.86,LD=0,SF=1.00,DpuScale=1.00,LP=0,DVFS=0,Preempt=358,PoseAgeP95=0.00
1789438227.077	90	90	0		456	5.89	10.17	362	45.0	0.66	FPS=90/90,Prd=28ms,Tear=0,Early=0,Stale=0,Stale2/5/10/max=0/0/0/0,VSnc=1,Lat=-4,Fov=0,CPU4/GPU=2/2,1382/456MHz,OC=3F,TA=0/38/0,SP=N/N/N,Mem=2736MHz,Free=3673MB,PLS=0,Temp=45.0C/0.0C,TW=1.03ms,App=5.89ms,GD=0.00ms,CPU&GPU=10.17ms,LCnt=1(DR91,LM0),GPU%=0.66,CPU%=0.20(W0.37),CFL=12.02/15.72,ICFLp95=14.97,LD=0,SF=1.00,DpuScale=1.00,LP=0,DVFS=0,Preempt=362,PoseAgeP95=0.00
1789438228.077	91	90	0		456	5.98	10.69	358	45.0	0.66	FPS=91/90,Prd=28ms,Tear=0,Early=0,Stale=0,Stale2/5/10/max=0/0/0/0,VSnc=1,Lat=-4,Fov=0,CPU4/GPU=2/2,1382/456MHz,OC=3F,TA=0/38/0,SP=N/N/N,Mem=2736MHz,Free=3673MB,PLS=0,Temp=45.0C/0.0C,TW=1.02ms,App=5.98ms,GD=0.00ms,CPU&GPU=10.69ms,LCnt=1(DR90,LM0),GPU%=0.66,CPU%=0.21(W0.39),CFL=12.05/15.63,ICFLp95=14.95,LD=0,SF=1.00,DpuScale=1.00,LP=0,DVFS=0,Preempt=358,PoseAgeP95=0.00
1789438229.077	90	90	0		456	5.95	11.03	356	45.0	0.66	FPS=90/90,Prd=28ms,Tear=0,Early=0,Stale=0,Stale2/5/10/max=0/0/0/0,VSnc=1,Lat=-4,Fov=0,CPU4/GPU=2/2,1382/456MHz,OC=3F,TA=0/38/0,SP=N/N/N,Mem=2736MHz,Free=3673MB,PLS=0,Temp=45.0C/0.0C,TW=1.02ms,App=5.95ms,GD=0.00ms,CPU&GPU=11.03ms,LCnt=1(DR90,LM0),GPU%=0.66,CPU%=0.23(W0.36),CFL=11.91/15.66,ICFLp95=14.87,LD=0,SF=1.00,DpuScale=1.00,LP=0,DVFS=0,Preempt=356,PoseAgeP95=0.00
1789438230.077	91	90	0		456	5.92	10.24	362	45.0	0.66	FPS=91/90,Prd=28ms,Tear=0,Early=0,Stale=0,Stale2/5/10/max=0/0/0/0,VSnc=1,Lat=-4,Fov=0,CPU4/GPU=2/2,1382/456MHz,OC=3F,TA=0/38/0,SP=N/N/N,Mem=2736MHz,Free=3673MB,PLS=0,Temp=45.0C/0.0C,TW=1.02ms,App=5.92ms,GD=0.00ms,CPU&GPU=10.24ms,LCnt=1(DR91,LM0),GPU%=0.66,CPU%=0.23(W0.26),CFL=11.99/15.60,ICFLp95=14.85,LD=0,SF=1.00,DpuScale=1.00,LP=0,DVFS=0,Preempt=362,PoseAgeP95=0.00
1789438231.077	90	90	0		456	5.94	10.06	358	45.0	0.66	FPS=90/90,Prd=28ms,Tear=0,Early=0,Stale=0,Stale2/5/10/max=0/0/0/0,VSnc=1,Lat=-4,Fov=0,CPU4/GPU=2/2,1651/456MHz,OC=3F,TA=0/38/0,SP=N/N/N,Mem=2092MHz,Free=3673MB,PLS=0,Temp=45.0C/0.0C,TW=1.02ms,App=5.94ms,GD=0.00ms,CPU&GPU=10.06ms,LCnt=1(DR90,LM0),GPU%=0.66,CPU%=0.22(W0.28),CFL=12.06/15.54,ICFLp95=14.81,LD=0,SF=1.00,DpuScale=1.00,LP=0,DVFS=0,Preempt=358,PoseAgeP95=0.00
1789438232.077	90	90	0		456	5.96	10.14	360	45.0	0.66	FPS=90/90,Prd=28ms,Tear=0,Early=0,Stale=0,Stale2/5/10/max=0/0/0/0,VSnc=1,Lat=-4,Fov=0,CPU4/GPU=2/2,1651/456MHz,OC=3F,TA=0/38/0,SP=N/N/N,Mem=2092MHz,Free=3673MB,PLS=0,Temp=45.0C/0.0C,TW=1.02ms,App=5.96ms,GD=0.00ms,CPU&GPU=10.14ms,LCnt=1(DR90,LM0),GPU%=0.66,CPU%=0.24(W0.32),CFL=11.96/15.62,ICFLp95=14.78,LD=0,SF=1.00,DpuScale=1.00,LP=0,DVFS=0,Preempt=360,PoseAgeP95=0.00
1789438233.077	91	90	0		456	5.93	10.39	358	45.0	0.66	FPS=91/90,Prd=28ms,Tear=0,Early=0,Stale=0,Stale2/5/10/max=0/0/0/0,VSnc=1,Lat=-4,Fov=0,CPU4/GPU=2/2,1651/456MHz,OC=3F,TA=0/38/0,SP=N/N/N,Mem=2092MHz,Free=3673MB,PLS=0,Temp=45.0C/0.0C,TW=1.02ms,App=5.93ms,GD=0.00ms,CPU&GPU=10.39ms,LCnt=1(DR90,LM0),GPU%=0.66,CPU%=0.23(W0.31),CFL=11.95/15.52,ICFLp95=14.80,LD=0,SF=1.00,DpuScale=1.00,LP=0,DVFS=0,Preempt=358,PoseAgeP95=0.00
1789438234.077	90	90	0		456	5.95	10.59	358	45.0	0.66	FPS=90/90,Prd=28ms,Tear=0,Early=0,Stale=0,Stale2/5/10/max=0/0/0/0,VSnc=1,Lat=-4,Fov=0,CPU4/GPU=2/2,1651/456MHz,OC=3F,TA=0/38/0,SP=N/N/N,Mem=2092MHz,Free=3673MB,PLS=0,Temp=45.0C/0.0C,TW=1.02ms,App=5.95ms,GD=0.00ms,CPU&GPU=10.59ms,LCnt=1(DR90,LM0),GPU%=0.66,CPU%=0.23(W0.32),CFL=11.94/15.51,ICFLp95=14.78,LD=0,SF=1.00,DpuScale=1.00,LP=0,DVFS=0,Preempt=358,PoseAgeP95=0.00
1789438235.077	91	90	0		456	5.99	10.85	362	45.0	0.67	FPS=91/90,Prd=28ms,Tear=0,Early=0,Stale=0,Stale2/5/10/max=0/0/0/0,VSnc=1,Lat=-4,Fov=0,CPU4/GPU=2/2,1651/456MHz,OC=3F,TA=0/38/0,SP=N/N/N,Mem=2092MHz,Free=3673MB,PLS=0,Temp=45.0C/0.0C,TW=1.08ms,App=5.99ms,GD=0.00ms,CPU&GPU=10.85ms,LCnt=1(DR91,LM0),GPU%=0.67,CPU%=0.23(W0.30),CFL=11.84/15.54,ICFLp95=14.81,LD=0,SF=1.00,DpuScale=1.00,LP=0,DVFS=0,Preempt=362,PoseAgeP95=0.00
1789438236.102	91	90	0		456	6.06	10.69	362	45.0	0.68	FPS=91/90,Prd=28ms,Tear=1,Early=0,Stale=0,Stale2/5/10/max=0/0/0/0,VSnc=1,Lat=-4,Fov=0,CPU4/GPU=2/2,1651/456MHz,OC=3F,TA=0/38/0,SP=N/N/N,Mem=2092MHz,Free=3670MB,PLS=0,Temp=45.0C/0.0C,TW=1.02ms,App=6.06ms,GD=0.00ms,CPU&GPU=10.69ms,LCnt=1(DR91,LM0),GPU%=0.68,CPU%=0.24(W0.32),CFL=11.92/15.84,ICFLp95=15.01,LD=0,SF=1.00,DpuScale=1.00,LP=0,DVFS=0,Preempt=362,PoseAgeP95=0.00
1789438237.078	90	90	0		456	6.03	10.44	358	45.0	0.67	FPS=90/90,Prd=28ms,Tear=0,Early=0,Stale=0,Stale2/5/10/max=0/0/0/0,VSnc=1,Lat=-4,Fov=0,CPU4/GPU=2/2,1651/456MHz,OC=3F,TA=0/38/0,SP=N/N/N,Mem=2092MHz,Free=3670MB,PLS=0,Temp=45.0C/0.0C,TW=1.02ms,App=6.03ms,GD=0.00ms,CPU&GPU=10.44ms,LCnt=1(DR90,LM0),GPU%=0.67,CPU%=0.22(W0.29),CFL=12.44/15.88,ICFLp95=15.09,LD=0,SF=1.00,DpuScale=1.00,LP=0,DVFS=0,Preempt=358,PoseAgeP95=0.00
1789438238.078	91	90	0		456	5.95	10.33	360	45.0	0.67	FPS=91/90,Prd=28ms,Tear=0,Early=0,Stale=0,Stale2/5/10/max=0/0/0/0,VSnc=1,Lat=-4,Fov=0,CPU4/GPU=2/2,1651/456MHz,OC=3F,TA=0/38/0,SP=N/N/N,Mem=2092MHz,Free=3670MB,PLS=0,Temp=45.0C/0.0C,TW=1.02ms,App=5.95ms,GD=0.00ms,CPU&GPU=10.33ms,LCnt=1(DR90,LM0),GPU%=0.67,CPU%=0.21(W0.26),CFL=12.07/15.73,ICFLp95=14.87,LD=0,SF=1.00,DpuScale=1.00,LP=0,DVFS=0,Preempt=360,PoseAgeP95=0.00
1789438239.078	90	90	0		456	5.97	10.27	358	45.0	0.66	FPS=90/90,Prd=28ms,Tear=0,Early=0,Stale=0,Stale2/5/10/max=0/0/0/0,VSnc=1,Lat=-4,Fov=0,CPU4/GPU=2/2,1651/456MHz,OC=3F,TA=0/38/0,SP=N/N/N,Mem=2092MHz,Free=3670MB,PLS=0,Temp=45.0C/0.0C,TW=1.02ms,App=5.97ms,GD=0.00ms,CPU&GPU=10.27ms,LCnt=1(DR90,LM0),GPU%=0.66,CPU%=0.19(W0.26),CFL=12.02/15.50,ICFLp95=14.79,LD=0,SF=1.00,DpuScale=1.00,LP=0,DVFS=0,Preempt=358,PoseAgeP95=0.00
1789438240.078	91	90	0		456	5.92	10.95	360	46.0	0.66	FPS=91/90,Prd=28ms,Tear=0,Early=0,Stale=0,Stale2/5/10/max=0/0/0/0,VSnc=1,Lat=-4,Fov=0,CPU4/GPU=2/2,1651/456MHz,OC=3F,TA=0/38/0,SP=N/N/N,Mem=2092MHz,Free=3670MB,PLS=0,Temp=46.0C/0.0C,TW=1.02ms,App=5.92ms,GD=0.00ms,CPU&GPU=10.95ms,LCnt=1(DR90,LM0),GPU%=0.66,CPU%=0.22(W0.26),CFL=11.92/15.49,ICFLp95=14.80,LD=0,SF=1.00,DpuScale=1.00,LP=0,DVFS=0,Preempt=360,PoseAgeP95=0.00
1789438241.078	90	90	0		456	5.91	10.39	358	46.0	0.66	FPS=90/90,Prd=28ms,Tear=0,Early=0,Stale=0,Stale2/5/10/max=0/0/0/0,VSnc=1,Lat=-4,Fov=0,CPU4/GPU=2/2,1382/456MHz,OC=3F,TA=0/38/0,SP=N/N/N,Mem=1555MHz,Free=3670MB,PLS=0,Temp=46.0C/0.0C,TW=1.02ms,App=5.91ms,GD=0.00ms,CPU&GPU=10.39ms,LCnt=1(DR90,LM0),GPU%=0.66,CPU%=0.22(W0.31),CFL=11.90/15.61,ICFLp95=14.80,LD=0,SF=1.00,DpuScale=1.00,LP=0,DVFS=0,Preempt=358,PoseAgeP95=0.00
1789438242.078	90	90	0		456	5.91	10.71	360	46.0	0.66	FPS=90/90,Prd=27ms,Tear=0,Early=0,Stale=0,Stale2/5/10/max=0/0/0/0,VSnc=1,Lat=-4,Fov=0,CPU4/GPU=2/2,1382/456MHz,OC=3F,TA=0/38/0,SP=N/N/N,Mem=1555MHz,Free=3670MB,PLS=0,Temp=46.0C/0.0C,TW=1.02ms,App=5.91ms,GD=0.00ms,CPU&GPU=10.71ms,LCnt=1(DR90,LM0),GPU%=0.66,CPU%=0.22(W0.40),CFL=11.88/15.55,ICFLp95=14.85,LD=0,SF=1.00,DpuScale=1.00,LP=0,DVFS=0,Preempt=360,PoseAgeP95=0.00
1789438243.078	91	90	0		456	5.97	10.61	358	46.0	0.66	FPS=91/90,Prd=28ms,Tear=0,Early=0,Stale=0,Stale2/5/10/max=0/0/0/0,VSnc=1,Lat=-4,Fov=0,CPU4/GPU=2/2,1382/456MHz,OC=3F,TA=0/38/0,SP=N/N/N,Mem=1555MHz,Free=3670MB,PLS=0,Temp=46.0C/0.0C,TW=1.03ms,App=5.97ms,GD=0.00ms,CPU&GPU=10.61ms,LCnt=1(DR90,LM0),GPU%=0.66,CPU%=0.24(W0.31),CFL=11.88/15.67,ICFLp95=14.82,LD=0,SF=1.00,DpuScale=1.00,LP=0,DVFS=0,Preempt=358,PoseAgeP95=0.00
1789438244.078	90	90	0		456	5.87	10.29	362	46.0	0.66	FPS=90/90,Prd=28ms,Tear=0,Early=0,Stale=0,Stale2/5/10/max=0/0/0/0,VSnc=1,Lat=-4,Fov=0,CPU4/GPU=2/2,1382/456MHz,OC=3F,TA=0/38/0,SP=N/N/N,Mem=1555MHz,Free=3670MB,PLS=0,Temp=46.0C/0.0C,TW=1.01ms,App=5.87ms,GD=0.00ms,CPU&GPU=10.29ms,LCnt=1(DR91,LM0),GPU%=0.66,CPU%=0.21(W0.27),CFL=11.91/15.48,ICFLp95=14.74,LD=0,SF=1.00,DpuScale=1.00,LP=0,DVFS=0,Preempt=362,PoseAgeP95=0.00
1789438245.078	91	90	0		456	6.00	10.37	362	46.0	0.67	FPS=91/90,Prd=28ms,Tear=0,Early=0,Stale=0,Stale2/5/10/max=0/0/0/0,VSnc=1,Lat=-4,Fov=0,CPU4/GPU=2/2,1382/456MHz,OC=3F,TA=0/38/0,SP=N/N/N,Mem=1555MHz,Free=3670MB,PLS=0,Temp=46.0C/0.0C,TW=1.02ms,App=6.00ms,GD=0.00ms,CPU&GPU=10.37ms,LCnt=1(DR91,LM0),GPU%=0.67,CPU%=0.21(W0.25),CFL=11.86/15.56,ICFLp95=14.85,LD=0,SF=1.00,DpuScale=1.00,LP=0,DVFS=0,Preempt=362,PoseAgeP95=0.00
1789438246.078	90	90	0		456	6.00	10.48	360	46.0	0.66	FPS=90/90,Prd=28ms,Tear=0,Early=0,Stale=0,Stale2/5/10/max=0/0/0/0,VSnc=1,Lat=-4,Fov=0,CPU4/GPU=2/2,1382/456MHz,OC=3F,TA=0/38/0,SP=N/N/N,Mem=1555MHz,Free=3670MB,PLS=0,Temp=46.0C/0.0C,TW=1.01ms,App=6.00ms,GD=0.00ms,CPU&GPU=10.48ms,LCnt=1(DR90,LM0),GPU%=0.66,CPU%=0.23(W0.25),CFL=11.97/15.55,ICFLp95=14.83,LD=0,SF=1.00,DpuScale=1.00,LP=0,DVFS=0,Preempt=360,PoseAgeP95=0.00
1789438247.078	91	90	0		456	5.95	10.41	362	46.0	0.66	FPS=91/90,Prd=28ms,Tear=1,Early=0,Stale=0,Stale2/5/10/max=0/0/0/0,VSnc=1,Lat=-4,Fov=0,CPU4/GPU=2/2,1382/456MHz,OC=3F,TA=0/38/0,SP=N/N/N,Mem=1555MHz,Free=3670MB,PLS=0,Temp=46.0C/0.0C,TW=1.01ms,App=5.95ms,GD=0.00ms,CPU&GPU=10.41ms,LCnt=1(DR91,LM0),GPU%=0.66,CPU%=0.22(W0.31),CFL=12.01/15.53,ICFLp95=14.82,LD=0,SF=1.00,DpuScale=1.00,LP=0,DVFS=0,Preempt=362,PoseAgeP95=0.00
1789438248.078	90	90	0		456	5.94	10.42	358	46.0	0.66	FPS=90/90,Prd=27ms,Tear=0,Early=0,Stale=0,Stale2/5/10/max=0/0/0/0,VSnc=1,Lat=-4,Fov=0,CPU4/GPU=2/2,1382/456MHz,OC=3F,TA=0/38/0,SP=N/N/N,Mem=1555MHz,Free=3670MB,PLS=0,Temp=46.0C/0.0C,TW=1.02ms,App=5.94ms,GD=0.00ms,CPU&GPU=10.42ms,LCnt=1(DR90,LM0),GPU%=0.66,CPU%=0.22(W0.29),CFL=11.99/15.70,ICFLp95=14.86,LD=0,SF=1.00,DpuScale=1.00,LP=0,DVFS=0,Preempt=358,PoseAgeP95=0.00
1789438249.078	91	90	0		456	5.95	10.36	358	46.0	0.66	FPS=91/90,Prd=28ms,Tear=0,Early=0,Stale=0,Stale2/5/10/max=0/0/0/0,VSnc=1,Lat=-4,Fov=0,CPU4/GPU=2/2,1382/456MHz,OC=3F,TA=0/38/0,SP=N/N/N,Mem=1555MHz,Free=3670MB,PLS=0,Temp=46.0C/0.0C,TW=1.02ms,App=5.95ms,GD=0.00ms,CPU&GPU=10.36ms,LCnt=1(DR90,LM0),GPU%=0.66,CPU%=0.22(W0.33),CFL=11.94/15.46,ICFLp95=14.72,LD=0,SF=1.00,DpuScale=1.00,LP=0,DVFS=0,Preempt=358,PoseAgeP95=0.00
1789438250.079	90	90	0		456	5.98	10.48	358	46.0	0.66	FPS=90/90,Prd=27ms,Tear=0,Early=0,Stale=0,Stale2/5/10/max=0/0/0/0,VSnc=1,Lat=-4,Fov=0,CPU4/GPU=2/2,1382/456MHz,OC=3F,TA=0/38/0,SP=N/N/N,Mem=1555MHz,Free=3670MB,PLS=0,Temp=46.0C/0.0C,TW=1.01ms,App=5.98ms,GD=0.00ms,CPU&GPU=10.48ms,LCnt=1(DR90,LM0),GPU%=0.66,CPU%=0.22(W0.31),CFL=12.01/15.67,ICFLp95=14.87,LD=0,SF=1.00,DpuScale=1.00,LP=0,DVFS=0,Preempt=358,PoseAgeP95=0.00
1789438251.079	91	90	0		456	5.96	10.31	358	46.0	0.66	FPS=91/90,Prd=28ms,Tear=0,Early=0,Stale=0,Stale2/5/10/max=0/0/0/0,VSnc=1,Lat=-4,Fov=0,CPU4/GPU=2/2,1382/456MHz,OC=3F,TA=0/38/0,SP=N/N/N,Mem=2736MHz,Free=3670MB,PLS=0,Temp=46.0C/0.0C,TW=1.01ms,App=5.96ms,GD=0.00ms,CPU&GPU=10.31ms,LCnt=1(DR90,LM0),GPU%=0.66,CPU%=0.20(W0.27),CFL=12.00/15.66,ICFLp95=14.91,LD=0,SF=1.00,DpuScale=1.00,LP=0,DVFS=0,Preempt=358,PoseAgeP95=0.00
1789438252.079	91	90	0		456	5.96	10.21	358	46.0	0.66	FPS=91/90,Prd=27ms,Tear=0,Early=0,Stale=0,Stale2/5/10/max=0/0/0/0,VSnc=1,Lat=-4,Fov=0,CPU4/GPU=2/2,1382/456MHz,OC=3F,TA=0/38/0,SP=N/N/N,Mem=2736MHz,Free=3670MB,PLS=0,Temp=46.0C/0.0C,TW=1.01ms,App=5.96ms,GD=0.00ms,CPU&GPU=10.21ms,LCnt=1(DR90,LM0),GPU%=0.66,CPU%=0.22(W0.27),CFL=11.94/15.56,ICFLp95=14.86,LD=0,SF=1.00,DpuScale=1.00,LP=0,DVFS=0,Preempt=358,PoseAgeP95=0.00
1789438253.079	90	90	0		456	5.94	10.15	360	46.0	0.66	FPS=90/90,Prd=27ms,Tear=0,Early=0,Stale=0,Stale2/5/10/max=0/0/0/0,VSnc=1,Lat=-4,Fov=0,CPU4/GPU=2/2,1382/456MHz,OC=3F,TA=0/38/0,SP=N/N/N,Mem=2736MHz,Free=3670MB,PLS=0,Temp=46.0C/0.0C,TW=1.02ms,App=5.94ms,GD=0.00ms,CPU&GPU=10.15ms,LCnt=1(DR90,LM0),GPU%=0.66,CPU%=0.22(W0.23),CFL=11.89/15.73,ICFLp95=14.86,LD=0,SF=1.00,DpuScale=1.00,LP=0,DVFS=0,Preempt=360,PoseAgeP95=0.00
1789438254.079	90	90	0		456	5.93	10.10	358	46.0	0.66	FPS=90/90,Prd=27ms,Tear=0,Early=0,Stale=0,Stale2/5/10/max=0/0/0/0,VSnc=1,Lat=-4,Fov=0,CPU4/GPU=2/2,1382/456MHz,OC=3F,TA=0/38/0,SP=N/N/N,Mem=2736MHz,Free=3670MB,PLS=0,Temp=46.0C/0.0C,TW=1.02ms,App=5.93ms,GD=0.00ms,CPU&GPU=10.10ms,LCnt=1(DR90,LM0),GPU%=0.66,CPU%=0.20(W0.25),CFL=11.96/15.72,ICFLp95=14.89,LD=0,SF=1.00,DpuScale=1.00,LP=0,DVFS=0,Preempt=358,PoseAgeP95=0.00
1789438255.079	90	90	0		456	5.94	10.11	358	46.0	0.66	FPS=90/90,Prd=27ms,Tear=0,Early=0,Stale=0,Stale2/5/10/max=0/0/0/0,VSnc=1,Lat=-4,Fov=0,CPU4/GPU=2/2,1382/456MHz,OC=3F,TA=0/38/0,SP=N/N/N,Mem=2736MHz,Free=3670MB,PLS=0,Temp=46.0C/0.0C,TW=1.02ms,App=5.94ms,GD=0.00ms,CPU&GPU=10.11ms,LCnt=1(DR90,LM0),GPU%=0.66,CPU%=0.21(W0.34),CFL=11.95/15.57,ICFLp95=14.84,LD=0,SF=1.00,DpuScale=1.00,LP=0,DVFS=0,Preempt=358,PoseAgeP95=0.00
1789438256.100	91	90	0		456	5.97	10.64	354	46.0	0.67	FPS=91/90,Prd=28ms,Tear=0,Early=0,Stale=0,Stale2/5/10/max=0/0/0/0,VSnc=1,Lat=-4,Fov=0,CPU4/GPU=2/2,1382/456MHz,OC=3F,TA=0/38/0,SP=N/N/N,Mem=2736MHz,Free=3664MB,PLS=0,Temp=46.0C/0.0C,TW=1.08ms,App=5.97ms,GD=0.00ms,CPU&GPU=10.64ms,LCnt=1(DR89,LM0),GPU%=0.67,CPU%=0.20(W0.31),CFL=11.94/15.60,ICFLp95=14.81,LD=0,SF=1.00,DpuScale=1.00,LP=0,DVFS=0,Preempt=354,PoseAgeP95=0.00
1789438257.079	90	90	0		456	5.94	10.25	358	46.0	0.67	FPS=90/90,Prd=28ms,Tear=0,Early=0,Stale=0,Stale2/5/10/max=0/0/0/0,VSnc=1,Lat=-4,Fov=0,CPU4/GPU=2/2,1382/456MHz,OC=3F,TA=0/38/0,SP=N/N/N,Mem=2736MHz,Free=3664MB,PLS=0,Temp=46.0C/0.0C,TW=1.03ms,App=5.94ms,GD=0.00ms,CPU&GPU=10.25ms,LCnt=1(DR90,LM0),GPU%=0.67,CPU%=0.23(W0.30),CFL=11.93/15.77,ICFLp95=14.84,LD=0,SF=1.00,DpuScale=1.00,LP=0,DVFS=0,Preempt=358,PoseAgeP95=0.00
1789438258.079	91	90	0		456	6.55	12.45	438	46.0	0.75	FPS=91/90,Prd=29ms,Tear=1,Early=0,Stale=0,Stale2/5/10/max=0/0/0/0,VSnc=1,Lat=-4,Fov=0,CPU4/GPU=2/2,1382/456MHz,OC=3F,TA=0/38/0,SP=N/N/N,Mem=2736MHz,Free=3664MB,PLS=0,Temp=46.0C/0.0C,TW=1.66ms,App=6.55ms,GD=0.00ms,CPU&GPU=12.45ms,LCnt=4(DR54,LM0),GPU%=0.75,CPU%=0.31(W0.37),CFL=12.10/16.37,ICFLp95=15.57,LD=0,SF=1.00,DpuScale=1.00,LP=0,DVFS=0,ShrpLCnt=1,ShrpR=0.500,SSLCnt=0/0,Preempt=438,PoseAgeP95=0.00
1789438258.079	84	90	54		456	6.74	7.47	438	46.0	0.75	FPS=84/90,Prd=39ms,Tear=1,Early=57,Stale=54,Stale2/5/10/max=0/0/2/91647,VSnc=1,Lat=-4,Fov=0,CPU4/GPU=2/2,1382/456MHz,OC=3F,TA=0/0/0,SP=N/N/N,Mem=2736MHz,Free=3669MB,PLS=0,Temp=46.0C/0.0C,TW=1.66ms,App=6.74ms,GD=0.00ms,CPU&GPU=7.47ms,LCnt=4(DR54,LM0),GPU%=0.75,CPU%=0.31(W0.37),CFL=12.10/16.37,ICFLp95=15.57,LD=0,SF=0.60,DpuScale=1.00,LP=0,DVFS=0,ShrpLCnt=1,ShrpR=0.500,SSLCnt=0/0,Preempt=438,PoseAgeP95=0.00
1789438259.079	90	90	0		456	6.44	11.73	540	46.0	0.78	FPS=90/90,Prd=30ms,Tear=0,Early=0,Stale=0,Stale2/5/10/max=0/0/0/0,VSnc=1,Lat=-4,Fov=0,CPU4/GPU=2/2,1382/456MHz,OC=3F,TA=0/38/0,SP=N/N/N,Mem=2736MHz,Free=3664MB,PLS=0,Temp=46.0C/0.0C,TW=1.67ms,App=6.44ms,GD=0.00ms,CPU&GPU=11.73ms,LCnt=4(DR0,LM0),GPU%=0.78,CPU%=0.32(W0.39),CFL=13.24/16.54,ICFLp95=15.81,LD=0,SF=1.00,DpuScale=1.00,LP=0,DVFS=0,Preempt=540,PoseAgeP95=0.00
1789438259.080	89	90	0		456	6.11	10.76	540	46.0	0.78	FPS=89/90,Prd=43ms,Tear=0,Early=150,Stale=0,Stale2/5/10/max=0/0/0/0,VSnc=1,Lat=-4,Fov=0,CPU4/GPU=2/2,1382/456MHz,OC=3F,TA=0/0/0,SP=N/N/N,Mem=2736MHz,Free=3669MB,PLS=0,Temp=46.0C/0.0C,TW=1.67ms,App=6.11ms,GD=0.00ms,CPU&GPU=10.76ms,LCnt=4(DR0,LM0),GPU%=0.78,CPU%=0.32(W0.39),CFL=13.24/16.54,ICFLp95=15.81,LD=0,SF=0.60,DpuScale=1.00,LP=0,DVFS=0,Preempt=540,PoseAgeP95=0.00
1789438260.079	91	90	0		456	6.41	11.67	430	46.0	0.78	FPS=91/90,Prd=30ms,Tear=0,Early=0,Stale=0,Stale2/5/10/max=0/0/0/0,VSnc=1,Lat=-4,Fov=0,CPU4/GPU=2/2,1382/456MHz,OC=3F,TA=0/38/0,SP=N/N/N,Mem=2736MHz,Free=3664MB,PLS=0,Temp=46.0C/0.0C,TW=1.67ms,App=6.41ms,GD=0.00ms,CPU&GPU=11.67ms,LCnt=4(DR0,LM0),GPU%=0.78,CPU%=0.26(W0.31),CFL=13.23/16.40,ICFLp95=15.68,LD=0,SF=1.00,DpuScale=1.00,LP=0,DVFS=0,ShrpLCnt=1,ShrpR=0.500,SSLCnt=0/0,Preempt=430,PoseAgeP95=0.00
1789438260.080	92	90	0		456	6.98	5.42	430	46.0	0.78	FPS=92/90,Prd=39ms,Tear=0,Early=139,Stale=0,Stale2/5/10/max=0/0/0/0,VSnc=1,Lat=-4,Fov=0,CPU4/GPU=2/2,1382/456MHz,OC=3F,TA=0/0/0,SP=N/N/N,Mem=2736MHz,Free=3669MB,PLS=0,Temp=46.0C/0.0C,TW=1.67ms,App=6.98ms,GD=0.00ms,CPU&GPU=5.42ms,LCnt=4(DR0,LM0),GPU%=0.78,CPU%=0.26(W0.31),CFL=13.23/16.40,ICFLp95=15.68,LD=0,SF=0.60,DpuScale=1.00,LP=0,DVFS=0,ShrpLCnt=1,ShrpR=0.500,SSLCnt=0/0,Preempt=430,PoseAgeP95=0.00
1789438261.079	90	90	0		456	6.40	11.52	360	46.0	0.78	FPS=90/90,Prd=30ms,Tear=0,Early=0,Stale=0,Stale2/5/10/max=0/0/0/0,VSnc=1,Lat=-4,Fov=0,CPU4/GPU=2/2,1382/456MHz,OC=3F,TA=0/38/0,SP=N/N/N,Mem=2736MHz,Free=3664MB,PLS=0,Temp=46.0C/0.0C,TW=1.67ms,App=6.40ms,GD=0.00ms,CPU&GPU=11.52ms,LCnt=4(DR0,LM0),GPU%=0.78,CPU%=0.26(W0.30),CFL=13.08/16.17,ICFLp95=15.50,LD=0,SF=1.00,DpuScale=1.00,LP=0,DVFS=0,ShrpLCnt=1,ShrpR=0.500,SSLCnt=0/0,Preempt=360,PoseAgeP95=0.00
1789438261.113	89	90	0		456	6.93	5.37	360	46.0	0.78	FPS=89/90,Prd=39ms,Tear=0,Early=122,Stale=0,Stale2/5/10/max=0/0/0/0,VSnc=1,Lat=-4,Fov=0,CPU4/GPU=2/2,1382/456MHz,OC=3F,TA=0/0/0,SP=N/N/N,Mem=2736MHz,Free=3676MB,PLS=0,Temp=46.0C/0.0C,TW=1.67ms,App=6.93ms,GD=0.00ms,CPU&GPU=5.37ms,LCnt=4(DR0,LM0),GPU%=0.78,CPU%=0.26(W0.30),CFL=13.08/16.17,ICFLp95=15.50,LD=0,SF=0.60,DpuScale=1.00,LP=0,DVFS=0,ShrpLCnt=1,ShrpR=0.500,SSLCnt=0/0,Preempt=360,PoseAgeP95=0.00
1789438262.079	90	90	0		456	6.47	12.14	360	46.0	0.78	FPS=90/90,Prd=29ms,Tear=0,Early=0,Stale=0,Stale2/5/10/max=0/0/0/0,VSnc=1,Lat=-4,Fov=0,CPU4/GPU=2/2,1382/456MHz,OC=3F,TA=0/38/0,SP=N/N/N,Mem=2736MHz,Free=3664MB,PLS=0,Temp=46.0C/0.0C,TW=1.67ms,App=6.47ms,GD=0.00ms,CPU&GPU=12.14ms,LCnt=4(DR0,LM0),GPU%=0.78,CPU%=0.23(W0.32),CFL=12.93/16.14,ICFLp95=15.48,LD=0,SF=1.00,DpuScale=1.00,LP=0,DVFS=0,ShrpLCnt=1,ShrpR=0.500,SSLCnt=0/0,Preempt=360,PoseAgeP95=0.00
1789438262.080	92	90	0		456	6.83	9.67	360	46.0	0.78	FPS=92/90,Prd=40ms,Tear=0,Early=110,Stale=0,Stale2/5/10/max=0/0/0/0,VSnc=1,Lat=-4,Fov=0,CPU4/GPU=2/2,1382/456MHz,OC=3F,TA=0/0/0,SP=N/N/N,Mem=2736MHz,Free=3676MB,PLS=0,Temp=46.0C/0.0C,TW=1.67ms,App=6.83ms,GD=0.00ms,CPU&GPU=9.67ms,LCnt=4(DR0,LM0),GPU%=0.78,CPU%=0.23(W0.32),CFL=12.93/16.14,ICFLp95=15.48,LD=0,SF=0.60,DpuScale=1.00,LP=0,DVFS=0,ShrpLCnt=1,ShrpR=0.500,SSLCnt=0/0,Preempt=360,PoseAgeP95=0.00
1789438263.080	91	90	0		456	6.49	11.70	416	46.0	0.77	FPS=91/90,Prd=30ms,Tear=0,Early=0,Stale=0,Stale2/5/10/max=0/0/0/0,VSnc=1,Lat=-4,Fov=0,CPU4/GPU=2/2,1382/456MHz,OC=3F,TA=0/38/0,SP=N/N/N,Mem=2736MHz,Free=3664MB,PLS=0,Temp=46.0C/0.0C,TW=1.45ms,App=6.49ms,GD=0.00ms,CPU&GPU=11.70ms,LCnt=3(DR22,LM2),GPU%=0.77,CPU%=0.28(W0.30),CFL=13.05/17.51,ICFLp95=16.06,LD=0,SF=1.00,DpuScale=1.00,LP=0,DVFS=0,Preempt=416,PoseAgeP95=0.00
1789438263.080	90	90	0		456	5.76	4.69	416	46.0	0.77	FPS=90/90,Prd=41ms,Tear=0,Early=148,Stale=0,Stale2/5/10/max=0/0/0/0,VSnc=1,Lat=-4,Fov=0,CPU4/GPU=2/2,1382/456MHz,OC=3F,TA=0/0/0,SP=N/N/N,Mem=2736MHz,Free=3676MB,PLS=0,Temp=46.0C/0.0C,TW=1.45ms,App=5.76ms,GD=0.00ms,CPU&GPU=4.69ms,LCnt=3(DR22,LM2),GPU%=0.77,CPU%=0.28(W0.30),CFL=13.05/17.51,ICFLp95=16.06,LD=0,SF=0.60,DpuScale=1.00,LP=0,DVFS=0,Preempt=416,PoseAgeP95=0.00
1789438264.080	90	90	0		456	6.47	12.03	360	46.0	0.76	FPS=90/90,Prd=30ms,Tear=0,Early=0,Stale=0,Stale2/5/10/max=0/0/0/0,VSnc=1,Lat=-4,Fov=0,CPU4/GPU=2/2,1382/456MHz,OC=3F,TA=0/38/0,SP=N/N/N,Mem=2736MHz,Free=3664MB,PLS=0,Temp=46.0C/0.0C,TW=1.44ms,App=6.47ms,GD=0.00ms,CPU&GPU=12.03ms,LCnt=3(DR90,LM2),GPU%=0.76,CPU%=0.25(W0.25),CFL=13.12/16.93,ICFLp95=16.02,LD=0,SF=1.00,DpuScale=1.00,LP=0,DVFS=0,Preempt=360,PoseAgeP95=0.00
1789438264.080	90	90	0		456	6.96	4.93	360	46.0	0.76	FPS=90/90,Prd=37ms,Tear=0,Early=105,Stale=0,Stale2/5/10/max=0/0/0/0,VSnc=1,Lat=-4,Fov=0,CPU4/GPU=2/2,1382/456MHz,OC=3F,TA=0/0/0,SP=N/N/N,Mem=2736MHz,Free=3676MB,PLS=0,Temp=46.0C/0.0C,TW=1.44ms,App=6.96ms,GD=0.00ms,CPU&GPU=4.93ms,LCnt=3(DR90,LM2),GPU%=0.76,CPU%=0.25(W0.25),CFL=13.12/16.93,ICFLp95=16.02,LD=0,SF=0.60,DpuScale=1.00,LP=0,DVFS=0,Preempt=360,PoseAgeP95=0.00
1789438265.080	91	90	0		456	6.53	11.62	360	46.0	0.77	FPS=91/90,Prd=29ms,Tear=0,Early=0,Stale=0,Stale2/5/10/max=0/0/0/0,VSnc=1,Lat=-4,Fov=0,CPU4/GPU=2/2,1382/456MHz,OC=3F,TA=0/38/0,SP=N/N/N,Mem=2736MHz,Free=3664MB,PLS=0,Temp=46.0C/0.0C,TW=1.44ms,App=6.53ms,GD=0.00ms,CPU&GPU=11.62ms,LCnt=3(DR90,LM2),GPU%=0.77,CPU%=0.23(W0.29),CFL=12.98/16.42,ICFLp95=15.52,LD=0,SF=1.00,DpuScale=1.00,LP=0,DVFS=0,Preempt=360,PoseAgeP95=0.00
1789438265.080	91	90	0		456	6.52	4.66	360	46.0	0.77	FPS=91/90,Prd=35ms,Tear=0,Early=86,Stale=0,Stale2/5/10/max=0/0/0/0,VSnc=1,Lat=-4,Fov=0,CPU4/GPU=2/2,1382/456MHz,OC=3F,TA=0/0/0,SP=N/N/N,Mem=2736MHz,Free=3676MB,PLS=0,Temp=46.0C/0.0C,TW=1.44ms,App=6.52ms,GD=0.00ms,CPU&GPU=4.66ms,LCnt=3(DR90,LM2),GPU%=0.77,CPU%=0.23(W0.29),CFL=12.98/16.42,ICFLp95=15.52,LD=0,SF=0.60,DpuScale=1.00,LP=0,DVFS=0,Preempt=360,PoseAgeP95=0.00
1789438266.080	90	90	0		456	6.54	11.85	361	46.0	0.77	FPS=90/90,Prd=29ms,Tear=0,Early=0,Stale=0,Stale2/5/10/max=0/0/0/0,VSnc=1,Lat=-4,Fov=0,CPU4/GPU=2/2,1382/456MHz,OC=3F,TA=0/38/0,SP=N/N/N,Mem=2736MHz,Free=3664MB,PLS=0,Temp=46.0C/0.0C,TW=1.44ms,App=6.54ms,GD=0.00ms,CPU&GPU=11.85ms,LCnt=3(DR90,LM2),GPU%=0.77,CPU%=0.25(W0.29),CFL=12.83/15.96,ICFLp95=15.32,LD=0,SF=1.00,DpuScale=1.00,LP=0,DVFS=0,Preempt=361,PoseAgeP95=0.00
1789438266.080	91	90	0		456	6.49	4.53	361	46.0	0.77	FPS=91/90,Prd=37ms,Tear=0,Early=95,Stale=0,Stale2/5/10/max=0/0/0/0,VSnc=1,Lat=-4,Fov=0,CPU4/GPU=2/2,1382/456MHz,OC=3F,TA=0/0/0,SP=N/N/N,Mem=2736MHz,Free=3676MB,PLS=0,Temp=46.0C/0.0C,TW=1.44ms,App=6.49ms,GD=0.00ms,CPU&GPU=4.53ms,LCnt=3(DR90,LM2),GPU%=0.77,CPU%=0.25(W0.29),CFL=12.83/15.96,ICFLp95=15.32,LD=0,SF=0.60,DpuScale=1.00,LP=0,DVFS=0,Preempt=361,PoseAgeP95=0.00
1789438267.080	91	90	0		456	6.51	11.91	363	46.0	0.77	FPS=91/90,Prd=29ms,Tear=0,Early=0,Stale=0,Stale2/5/10/max=0/0/0/0,VSnc=1,Lat=-4,Fov=0,CPU4/GPU=2/2,1382/456MHz,OC=3F,TA=0/38/0,SP=N/N/N,Mem=2736MHz,Free=3664MB,PLS=0,Temp=46.0C/0.0C,TW=1.44ms,App=6.51ms,GD=0.00ms,CPU&GPU=11.91ms,LCnt=3(DR91,LM2),GPU%=0.77,CPU%=0.24(W0.31),CFL=12.81/16.17,ICFLp95=15.24,LD=0,SF=1.00,DpuScale=1.00,LP=0,DVFS=0,Preempt=363,PoseAgeP95=0.00
1789438267.080	90	90	0		456	6.50	5.16	363	46.0	0.77	FPS=90/90,Prd=38ms,Tear=0,Early=113,Stale=0,Stale2/5/10/max=0/0/0/0,VSnc=1,Lat=-4,Fov=0,CPU4/GPU=2/2,1382/456MHz,OC=3F,TA=0/0/0,SP=N/N/N,Mem=2736MHz,Free=3676MB,PLS=0,Temp=46.0C/0.0C,TW=1.44ms,App=6.50ms,GD=0.00ms,CPU&GPU=5.16ms,LCnt=3(DR91,LM2),GPU%=0.77,CPU%=0.24(W0.31),CFL=12.81/16.17,ICFLp95=15.24,LD=0,SF=0.60,DpuScale=1.00,LP=0,DVFS=0,Preempt=363,PoseAgeP95=0.00
1789438268.080	90	90	0		456	6.08	10.83	360	46.0	0.72	FPS=90/90,Prd=28ms,Tear=1,Early=0,Stale=0,Stale2/5/10/max=0/0/0/0,VSnc=1,Lat=-4,Fov=0,CPU4/GPU=2/2,1382/456MHz,OC=3F,TA=0/38/0,SP=N/N/N,Mem=2736MHz,Free=3664MB,PLS=0,Temp=46.0C/0.0C,TW=1.02ms,App=6.08ms,GD=0.00ms,CPU&GPU=10.83ms,LCnt=1(DR90,LM0),GPU%=0.72,CPU%=0.21(W0.26),CFL=12.31/15.97,ICFLp95=15.22,LD=0,SF=1.00,DpuScale=1.00,LP=0,DVFS=0,Preempt=360,PoseAgeP95=0.00
1789438268.080	90	90	0		456	6.50	5.16	363	46.0	0.77	FPS=90/90,Prd=38ms,Tear=0,Early=113,Stale=0,Stale2/5/10/max=0/0/0/0,VSnc=1,Lat=-4,Fov=0,CPU4/GPU=2/2,1382/456MHz,OC=3F,TA=0/0/0,SP=N/N/N,Mem=2736MHz,Free=3676MB,PLS=0,Temp=46.0C/0.0C,TW=1.44ms,App=6.50ms,GD=0.00ms,CPU&GPU=5.16ms,LCnt=3(DR91,LM2),GPU%=0.77,CPU%=0.24(W0.31),CFL=12.81/16.17,ICFLp95=15.24,LD=0,SF=0.60,DpuScale=1.00,LP=0,DVFS=0,Preempt=363,PoseAgeP95=0.00
1789438269.080	90	90	0		456	5.95	10.11	358	46.0	0.68	FPS=90/90,Prd=28ms,Tear=0,Early=0,Stale=0,Stale2/5/10/max=0/0/0/0,VSnc=1,Lat=-4,Fov=0,CPU4/GPU=2/2,1382/456MHz,OC=3F,TA=0/38/0,SP=N/N/N,Mem=2736MHz,Free=3664MB,PLS=0,Temp=46.0C/0.0C,TW=1.02ms,App=5.95ms,GD=0.00ms,CPU&GPU=10.11ms,LCnt=1(DR90,LM0),GPU%=0.68,CPU%=0.23(W0.37),CFL=12.11/15.60,ICFLp95=14.87,LD=0,SF=1.00,DpuScale=1.00,LP=0,DVFS=0,Preempt=358,PoseAgeP95=0.00
1789438269.080	90	90	0		456	6.50	5.16	363	46.0	0.77	FPS=90/90,Prd=38ms,Tear=0,Early=113,Stale=0,Stale2/5/10/max=0/0/0/0,VSnc=1,Lat=-4,Fov=0,CPU4/GPU=2/2,1382/456MHz,OC=3F,TA=0/0/0,SP=N/N/N,Mem=2736MHz,Free=3676MB,PLS=0,Temp=46.0C/0.0C,TW=1.44ms,App=6.50ms,GD=0.00ms,CPU&GPU=5.16ms,LCnt=3(DR91,LM2),GPU%=0.77,CPU%=0.24(W0.31),CFL=12.81/16.17,ICFLp95=15.24,LD=0,SF=0.60,DpuScale=1.00,LP=0,DVFS=0,Preempt=363,PoseAgeP95=0.00
1789438270.080	91	90	0		456	6.00	10.39	360	46.0	0.67	FPS=91/90,Prd=28ms,Tear=0,Early=0,Stale=0,Stale2/5/10/max=0/0/0/0,VSnc=1,Lat=-4,Fov=0,CPU4/GPU=2/2,1382/456MHz,OC=3F,TA=0/38/0,SP=N/N/N,Mem=2736MHz,Free=3664MB,PLS=0,Temp=46.0C/0.0C,TW=1.02ms,App=6.00ms,GD=0.00ms,CPU&GPU=10.39ms,LCnt=1(DR90,LM0),GPU%=0.67,CPU%=0.21(W0.27),CFL=12.01/15.54,ICFLp95=14.83,LD=0,SF=1.00,DpuScale=1.00,LP=0,DVFS=0,Preempt=360,PoseAgeP95=0.00
1789438270.081	90	90	0		456	6.50	5.16	363	46.0	0.77	FPS=90/90,Prd=38ms,Tear=0,Early=113,Stale=0,Stale2/5/10/max=0/0/0/0,VSnc=1,Lat=-4,Fov=0,CPU4/GPU=2/2,1382/456MHz,OC=3F,TA=0/0/0,SP=N/N/N,Mem=2736MHz,Free=3676MB,PLS=0,Temp=46.0C/0.0C,TW=1.44ms,App=6.50ms,GD=0.00ms,CPU&GPU=5.16ms,LCnt=3(DR91,LM2),GPU%=0.77,CPU%=0.24(W0.31),CFL=12.81/16.17,ICFLp95=15.24,LD=0,SF=0.60,DpuScale=1.00,LP=0,DVFS=0,Preempt=363,PoseAgeP95=0.00
1789438271.080	91	90	0		456	5.94	10.45	358	46.0	0.67	FPS=91/90,Prd=27ms,Tear=0,Early=0,Stale=0,Stale2/5/10/max=0/0/0/0,VSnc=1,Lat=-4,Fov=0,CPU4/GPU=2/2,1382/456MHz,OC=3F,TA=0/38/0,SP=N/N/N,Mem=2092MHz,Free=3664MB,PLS=0,Temp=46.0C/0.0C,TW=1.02ms,App=5.94ms,GD=0.00ms,CPU&GPU=10.45ms,LCnt=1(DR90,LM0),GPU%=0.67,CPU%=0.21(W0.28),CFL=11.96/15.49,ICFLp95=14.77,LD=0,SF=1.00,DpuScale=1.00,LP=0,DVFS=0,Preempt=358,PoseAgeP95=0.00
1789438272.080	90	90	0		456	5.91	10.37	358	46.0	0.66	FPS=90/90,Prd=27ms,Tear=0,Early=0,Stale=0,Stale2/5/10/max=0/0/0/0,VSnc=1,Lat=-4,Fov=0,CPU4/GPU=2/2,1382/456MHz,OC=3F,TA=0/38/0,SP=N/N/N,Mem=2092MHz,Free=3664MB,PLS=0,Temp=46.0C/0.0C,TW=1.01ms,App=5.91ms,GD=0.00ms,CPU&GPU=10.37ms,LCnt=1(DR90,LM0),GPU%=0.66,CPU%=0.22(W0.28),CFL=11.94/15.65,ICFLp95=14.83,LD=0,SF=1.00,DpuScale=1.00,LP=0,DVFS=0,Preempt=358,PoseAgeP95=0.00
1789438273.080	90	90	0		456	5.92	10.33	360	46.0	0.66	FPS=90/90,Prd=27ms,Tear=0,Early=0,Stale=0,Stale2/5/10/max=0/0/0/0,VSnc=1,Lat=-4,Fov=0,CPU4/GPU=2/2,1382/456MHz,OC=3F,TA=0/38/0,SP=N/N/N,Mem=2092MHz,Free=3664MB,PLS=0,Temp=46.0C/0.0C,TW=1.02ms,App=5.92ms,GD=0.00ms,CPU&GPU=10.33ms,LCnt=1(DR90,LM0),GPU%=0.66,CPU%=0.22(W0.30),CFL=11.88/15.54,ICFLp95=14.81,LD=0,SF=1.00,DpuScale=1.00,LP=0,DVFS=0,Preempt=360,PoseAgeP95=0.00
1789438274.080	90	90	0		456	5.99	10.74	364	46.0	0.67	FPS=90/90,Prd=28ms,Tear=0,Early=0,Stale=0,Stale2/5/10/max=0/0/0/0,VSnc=1,Lat=-4,Fov=0,CPU4/GPU=2/2,1382/456MHz,OC=3F,TA=0/38/0,SP=N/N/N,Mem=2092MHz,Free=3664MB,PLS=0,Temp=46.0C/0.0C,TW=1.01ms,App=5.99ms,GD=0.00ms,CPU&GPU=10.74ms,LCnt=1(DR91,LM0),GPU%=0.67,CPU%=0.21(W0.26),CFL=11.69/15.52,ICFLp95=14.78,LD=0,SF=1.00,DpuScale=1.00,LP=0,DVFS=0,Preempt=364,PoseAgeP95=0.00
1789438275.081	91	90	0		456	5.95	10.47	364	46.0	0.67	FPS=91/90,Prd=28ms,Tear=1,Early=0,Stale=0,Stale2/5/10/max=0/0/0/0,VSnc=1,Lat=-4,Fov=0,CPU4/GPU=2/2,1382/456MHz,OC=3F,TA=0/38/0,SP=N/N/N,Mem=2092MHz,Free=3664MB,PLS=0,Temp=46.0C/0.0C,TW=1.01ms,App=5.95ms,GD=0.00ms,CPU&GPU=10.47ms,LCnt=1(DR91,LM0),GPU%=0.67,CPU%=0.22(W0.28),CFL=11.90/15.56,ICFLp95=14.79,LD=0,SF=1.00,DpuScale=1.00,LP=0,DVFS=0,Preempt=364,PoseAgeP95=0.00
1789438276.104	90	90	0		456	5.94	10.30	358	46.0	0.66	FPS=90/90,Prd=28ms,Tear=0,Early=0,Stale=0,Stale2/5/10/max=0/0/0/0,VSnc=1,Lat=-4,Fov=0,CPU4/GPU=2/2,1382/456MHz,OC=3F,TA=0/38/0,SP=N/N/N,Mem=2092MHz,Free=3531MB,PLS=0,Temp=46.0C/0.0C,TW=1.02ms,App=5.94ms,GD=0.00ms,CPU&GPU=10.30ms,LCnt=1(DR90,LM0),GPU%=0.66,CPU%=0.22(W0.27),CFL=12.01/15.67,ICFLp95=14.85,LD=0,SF=1.00,DpuScale=1.00,LP=0,DVFS=0,Preempt=358,PoseAgeP95=0.00
1789438277.081	91	90	0		456	6.02	10.67	358	46.0	0.67	FPS=91/90,Prd=28ms,Tear=0,Early=0,Stale=0,Stale2/5/10/max=0/0/0/0,VSnc=1,Lat=-4,Fov=0,CPU4/GPU=2/2,1382/456MHz,OC=3F,TA=0/38/0,SP=N/N/N,Mem=2092MHz,Free=3531MB,PLS=0,Temp=46.0C/0.0C,TW=1.07ms,App=6.02ms,GD=0.00ms,CPU&GPU=10.67ms,LCnt=1(DR90,LM0),GPU%=0.67,CPU%=0.23(W0.35),CFL=12.01/15.49,ICFLp95=14.75,LD=0,SF=1.00,DpuScale=1.00,LP=0,DVFS=0,Preempt=358,PoseAgeP95=0.00
1789438278.081	91	90	0		456	6.02	10.62	362	46.0	0.67	FPS=91/90,Prd=28ms,Tear=0,Early=0,Stale=0,Stale2/5/10/max=0/0/0/0,VSnc=1,Lat=-4,Fov=0,CPU4/GPU=2/2,1382/456MHz,OC=3F,TA=0/38/0,SP=N/N/N,Mem=2092MHz,Free=3531MB,PLS=0,Temp=46.0C/0.0C,TW=1.04ms,App=6.02ms,GD=0.00ms,CPU&GPU=10.62ms,LCnt=1(DR91,LM0),GPU%=0.67,CPU%=0.25(W0.34),CFL=11.91/15.74,ICFLp95=14.78,LD=0,SF=1.00,DpuScale=1.00,LP=0,DVFS=0,Preempt=362,PoseAgeP95=0.00
1789438279.081	90	90	0		456	5.93	10.39	354	46.0	0.67	FPS=90/90,Prd=28ms,Tear=0,Early=0,Stale=0,Stale2/5/10/max=0/0/0/0,VSnc=1,Lat=-4,Fov=0,CPU4/GPU=2/2,1382/456MHz,OC=3F,TA=0/38/0,SP=N/N/N,Mem=2092MHz,Free=3531MB,PLS=0,Temp=46.0C/0.0C,TW=1.01ms,App=5.93ms,GD=0.00ms,CPU&GPU=10.39ms,LCnt=1(DR90,LM0),GPU%=0.67,CPU%=0.22(W0.29),CFL=12.10/15.55,ICFLp95=14.82,LD=0,SF=1.00,DpuScale=1.00,LP=0,DVFS=0,Preempt=354,PoseAgeP95=0.00
1789438280.081	91	90	0		456	5.96	10.73	358	46.0	0.66	FPS=91/90,Prd=28ms,Tear=0,Early=0,Stale=0,Stale2/5/10/max=0/0/0/0,VSnc=1,Lat=-4,Fov=0,CPU4/GPU=2/2,1382/456MHz,OC=3F,TA=0/38/0,SP=N/N/N,Mem=2092MHz,Free=3531MB,PLS=0,Temp=46.0C/0.0C,TW=1.02ms,App=5.96ms,GD=0.00ms,CPU&GPU=10.73ms,LCnt=1(DR90,LM0),GPU%=0.66,CPU%=0.22(W0.23),CFL=11.96/15.57,ICFLp95=14.88,LD=0,SF=1.00,DpuScale=1.00,LP=0,DVFS=0,Preempt=358,PoseAgeP95=0.00
1789438281.081	91	90	0		456	5.98	11.06	358	46.0	0.66	FPS=91/90,Prd=28ms,Tear=0,Early=0,Stale=0,Stale2/5/10/max=0/0/0/0,VSnc=1,Lat=-4,Fov=0,CPU4/GPU=2/2,1382/456MHz,OC=3F,TA=0/38/0,SP=N/N/N,Mem=2092MHz,Free=3531MB,PLS=0,Temp=46.0C/0.0C,TW=1.02ms,App=5.98ms,GD=0.00ms,CPU&GPU=11.06ms,LCnt=1(DR90,LM0),GPU%=0.66,CPU%=0.21(W0.28),CFL=11.77/15.65,ICFLp95=14.82,LD=0,SF=1.00,DpuScale=1.00,LP=0,DVFS=0,Preempt=358,PoseAgeP95=0.00
1789438282.081	90	90	0		456	5.95	10.62	358	46.0	0.67	FPS=90/90,Prd=28ms,Tear=0,Early=0,Stale=0,Stale2/5/10/max=0/0/0/0,VSnc=1,Lat=-4,Fov=0,CPU4/GPU=2/2,1382/456MHz,OC=3F,TA=0/38/0,SP=N/N/N,Mem=2092MHz,Free=3531MB,PLS=0,Temp=46.0C/0.0C,TW=1.02ms,App=5.95ms,GD=0.00ms,CPU&GPU=10.62ms,LCnt=1(DR90,LM0),GPU%=0.67,CPU%=0.22(W0.27),CFL=12.02/15.63,ICFLp95=14.82,LD=0,SF=1.00,DpuScale=1.00,LP=0,DVFS=0,Preempt=358,PoseAgeP95=0.00
1789438283.081	91	90	0		456	5.94	10.31	358	46.0	0.66	FPS=91/90,Prd=28ms,Tear=0,Early=0,Stale=0,Stale2/5/10/max=0/0/0/0,VSnc=1,Lat=-4,Fov=0,CPU4/GPU=2/2,1382/456MHz,OC=3F,TA=0/38/0,SP=N/N/N,Mem=2092MHz,Free=3531MB,PLS=0,Temp=46.0C/0.0C,TW=1.02ms,App=5.94ms,GD=0.00ms,CPU&GPU=10.31ms,LCnt=1(DR90,LM0),GPU%=0.66,CPU%=0.23(W0.25),CFL=11.91/15.49,ICFLp95=14.77,LD=0,SF=1.00,DpuScale=1.00,LP=0,DVFS=0,Preempt=358,PoseAgeP95=0.00
1789438284.081	90	90	0		456	6.00	10.52	358	46.0	0.66	FPS=90/90,Prd=27ms,Tear=0,Early=0,Stale=0,Stale2/5/10/max=0/0/0/0,VSnc=1,Lat=-4,Fov=0,CPU4/GPU=2/2,1382/456MHz,OC=3F,TA=0/38/0,SP=N/N/N,Mem=2092MHz,Free=3531MB,PLS=0,Temp=46.0C/0.0C,TW=1.01ms,App=6.00ms,GD=0.00ms,CPU&GPU=10.52ms,LCnt=1(DR90,LM0),GPU%=0.66,CPU%=0.21(W0.29),CFL=11.77/15.43,ICFLp95=14.72,LD=0,SF=1.00,DpuScale=1.00,LP=0,DVFS=0,Preempt=358,PoseAgeP95=0.00
1789438285.081	91	90	0		456	5.92	10.28	360	46.0	0.66	FPS=91/90,Prd=28ms,Tear=0,Early=0,Stale=0,Stale2/5/10/max=0/0/0/0,VSnc=1,Lat=-4,Fov=0,CPU4/GPU=2/2,1382/456MHz,OC=3F,TA=0/38/0,SP=N/N/N,Mem=2092MHz,Free=3531MB,PLS=0,Temp=46.0C/0.0C,TW=1.02ms,App=5.92ms,GD=0.00ms,CPU&GPU=10.28ms,LCnt=1(DR90,LM0),GPU%=0.66,CPU%=0.19(W0.24),CFL=11.84/15.55,ICFLp95=14.77,LD=0,SF=1.00,DpuScale=1.00,LP=0,DVFS=0,Preempt=360,PoseAgeP95=0.00
1789438286.081	90	90	0		456	5.97	10.64	358	46.0	0.66	FPS=90/90,Prd=27ms,Tear=0,Early=0,Stale=0,Stale2/5/10/max=0/0/0/0,VSnc=1,Lat=-4,Fov=0,CPU4/GPU=2/2,1382/456MHz,OC=3F,TA=0/38/0,SP=N/N/N,Mem=2092MHz,Free=3531MB,PLS=0,Temp=46.0C/0.0C,TW=1.02ms,App=5.97ms,GD=0.00ms,CPU&GPU=10.64ms,LCnt=1(DR90,LM0),GPU%=0.66,CPU%=0.22(W0.33),CFL=11.88/15.72,ICFLp95=14.83,LD=0,SF=1.00,DpuScale=1.00,LP=0,DVFS=0,Preempt=358,PoseAgeP95=0.00
1789438287.081	91	90	0		456	5.98	10.41	364	46.0	0.67	FPS=91/90,Prd=27ms,Tear=1,Early=0,Stale=0,Stale2/5/10/max=0/0/0/0,VSnc=1,Lat=-4,Fov=0,CPU4/GPU=2/2,1382/456MHz,OC=3F,TA=0/38/0,SP=N/N/N,Mem=2092MHz,Free=3531MB,PLS=0,Temp=46.0C/0.0C,TW=1.02ms,App=5.98ms,GD=0.00ms,CPU&GPU=10.41ms,LCnt=1(DR91,LM0),GPU%=0.67,CPU%=0.21(W0.31),CFL=11.91/15.48,ICFLp95=14.79,LD=0,SF=1.00,DpuScale=1.00,LP=0,DVFS=0,Preempt=364,PoseAgeP95=0.00
1789438288.081	90	90	0		456	5.95	10.04	360	46.0	0.66	FPS=90/90,Prd=28ms,Tear=0,Early=0,Stale=0,Stale2/5/10/max=0/0/0/0,VSnc=1,Lat=-4,Fov=0,CPU4/GPU=2/2,1382/456MHz,OC=3F,TA=0/38/0,SP=N/N/N,Mem=2092MHz,Free=3531MB,PLS=0,Temp=46.0C/0.0C,TW=1.01ms,App=5.95ms,GD=0.00ms,CPU&GPU=10.04ms,LCnt=1(DR90,LM0),GPU%=0.66,CPU%=0.21(W0.28),CFL=11.98/15.77,ICFLp95=14.87,LD=0,SF=1.00,DpuScale=1.00,LP=0,DVFS=0,Preempt=360,PoseAgeP95=0.00
1789438289.082	91	90	0		456	5.97	10.11	360	46.0	0.66	FPS=91/90,Prd=27ms,Tear=0,Early=0,Stale=0,Stale2/5/10/max=0/0/0/0,VSnc=1,Lat=-4,Fov=0,CPU4/GPU=2/2,1382/456MHz,OC=3F,TA=0/38/0,SP=N/N/N,Mem=2092MHz,Free=3531MB,PLS=0,Temp=46.0C/0.0C,TW=1.02ms,App=5.97ms,GD=0.00ms,CPU&GPU=10.11ms,LCnt=1(DR90,LM0),GPU%=0.66,CPU%=0.22(W0.28),CFL=11.92/15.90,ICFLp95=14.90,LD=0,SF=1.00,DpuScale=1.00,LP=0,DVFS=0,Preempt=360,PoseAgeP95=0.00
1789438290.082	91	90	0		456	5.95	10.19	364	46.0	0.67	FPS=91/90,Prd=27ms,Tear=0,Early=0,Stale=0,Stale2/5/10/max=0/0/0/0,VSnc=1,Lat=-4,Fov=0,CPU4/GPU=2/2,1382/456MHz,OC=3F,TA=0/38/0,SP=N/N/N,Mem=2092MHz,Free=3531MB,PLS=0,Temp=46.0C/0.0C,TW=1.01ms,App=5.95ms,GD=0.00ms,CPU&GPU=10.19ms,LCnt=1(DR91,LM0),GPU%=0.67,CPU%=0.23(W0.30),CFL=11.91/15.57,ICFLp95=14.81,LD=0,SF=1.00,DpuScale=1.00,LP=0,DVFS=0,Preempt=364,PoseAgeP95=0.00
1789438291.082	90	90	0		456	6.01	10.40	364	46.0	0.67	FPS=90/90,Prd=28ms,Tear=1,Early=0,Stale=0,Stale2/5/10/max=0/0/0/0,VSnc=1,Lat=-4,Fov=0,CPU4/GPU=2/2,1382/456MHz,OC=3F,TA=0/38/0,SP=N/N/N,Mem=2736MHz,Free=3531MB,PLS=0,Temp=46.0C/0.0C,TW=1.01ms,App=6.01ms,GD=0.00ms,CPU&GPU=10.40ms,LCnt=1(DR91,LM0),GPU%=0.67,CPU%=0.20(W0.29),CFL=11.84/15.60,ICFLp95=14.77,LD=0,SF=1.00,DpuScale=1.00,LP=0,DVFS=0,Preempt=364,PoseAgeP95=0.00
1789438292.082	90	90	0		456	5.93	9.99	360	46.0	0.67	FPS=90/90,Prd=28ms,Tear=0,Early=0,Stale=0,Stale2/5/10/max=0/0/0/0,VSnc=1,Lat=-4,Fov=0,CPU4/GPU=2/2,1382/456MHz,OC=3F,TA=0/38/0,SP=N/N/N,Mem=2736MHz,Free=3531MB,PLS=0,Temp=46.0C/0.0C,TW=1.02ms,App=5.93ms,GD=0.00ms,CPU&GPU=9.99ms,LCnt=1(DR90,LM0),GPU%=0.67,CPU%=0.22(W0.30),CFL=12.05/15.49,ICFLp95=14.80,LD=0,SF=1.00,DpuScale=1.00,LP=0,DVFS=0,Preempt=360,PoseAgeP95=0.00
1789438293.082	90	90	0		456	5.99	9.94	360	46.0	0.66	FPS=90/90,Prd=28ms,Tear=0,Early=0,Stale=0,Stale2/5/10/max=0/0/0/0,VSnc=1,Lat=-4,Fov=0,CPU4/GPU=2/2,1382/456MHz,OC=3F,TA=0/38/0,SP=N/N/N,Mem=2736MHz,Free=3531MB,PLS=0,Temp=46.0C/0.0C,TW=1.03ms,App=5.99ms,GD=0.00ms,CPU&GPU=9.94ms,LCnt=1(DR90,LM0),GPU%=0.66,CPU%=0.21(W0.24),CFL=12.01/15.88,ICFLp95=15.04,LD=0,SF=1.00,DpuScale=1.00,LP=0,DVFS=0,Preempt=360,PoseAgeP95=0.00
1789438294.082	91	90	0		456	5.97	10.56	360	46.0	0.66	FPS=91/90,Prd=27ms,Tear=0,Early=0,Stale=0,Stale2/5/10/max=0/0/0/0,VSnc=1,Lat=-4,Fov=0,CPU4/GPU=2/2,1382/456MHz,OC=3F,TA=0/38/0,SP=N/N/N,Mem=2736MHz,Free=3531MB,PLS=0,Temp=46.0C/0.0C,TW=1.02ms,App=5.97ms,GD=0.00ms,CPU&GPU=10.56ms,LCnt=1(DR90,LM0),GPU%=0.66,CPU%=0.22(W0.27),CFL=11.99/15.74,ICFLp95=14.85,LD=0,SF=1.00,DpuScale=1.00,LP=0,DVFS=0,Preempt=360,PoseAgeP95=0.00
1789438295.082	90	90	0		456	5.94	10.13	358	46.0	0.67	FPS=90/90,Prd=27ms,Tear=0,Early=0,Stale=0,Stale2/5/10/max=0/0/0/0,VSnc=1,Lat=-4,Fov=0,CPU4/GPU=2/2,1382/456MHz,OC=3F,TA=0/38/0,SP=N/N/N,Mem=2736MHz,Free=3531MB,PLS=0,Temp=46.0C/0.0C,TW=1.01ms,App=5.94ms,GD=0.00ms,CPU&GPU=10.13ms,LCnt=1(DR90,LM0),GPU%=0.67,CPU%=0.23(W0.30),CFL=11.96/15.49,ICFLp95=14.74,LD=0,SF=1.00,DpuScale=1.00,LP=0,DVFS=0,Preempt=358,PoseAgeP95=0.00
1789438296.104	90	90	0		456	5.93	10.10	362	46.0	0.66	FPS=90/90,Prd=27ms,Tear=0,Early=0,Stale=0,Stale2/5/10/max=0/0/0/0,VSnc=1,Lat=-4,Fov=0,CPU4/GPU=2/2,1382/456MHz,OC=3F,TA=0/38/0,SP=N/N/N,Mem=2736MHz,Free=3682MB,PLS=0,Temp=46.0C/0.0C,TW=1.02ms,App=5.93ms,GD=0.00ms,CPU&GPU=10.10ms,LCnt=1(DR91,LM0),GPU%=0.66,CPU%=0.21(W0.22),CFL=11.96/15.70,ICFLp95=14.91,LD=0,SF=1.00,DpuScale=1.00,LP=0,DVFS=0,Preempt=362,PoseAgeP95=0.00
1789438297.082	90	90	0		456	6.03	10.14	362	46.0	0.67	FPS=90/90,Prd=28ms,Tear=1,Early=0,Stale=0,Stale2/5/10/max=0/0/0/0,VSnc=1,Lat=-4,Fov=0,CPU4/GPU=2/2,1382/456MHz,OC=3F,TA=0/38/0,SP=N/N/N,Mem=2736MHz,Free=3682MB,PLS=0,Temp=46.0C/0.0C,TW=1.02ms,App=6.03ms,GD=0.00ms,CPU&GPU=10.14ms,LCnt=1(DR91,LM0),GPU%=0.67,CPU%=0.21(W0.28),CFL=11.85/15.64,ICFLp95=14.84,LD=0,SF=1.00,DpuScale=1.00,LP=0,DVFS=0,Preempt=362,PoseAgeP95=0.00
1789438298.082	91	90	0		456	5.90	10.26	358	46.0	0.66	FPS=91/90,Prd=28ms,Tear=0,Early=0,Stale=0,Stale2/5/10/max=0/0/0/0,VSnc=1,Lat=-4,Fov=0,CPU4/GPU=2/2,1382/456MHz,OC=3F,TA=0/38/0,SP=N/N/N,Mem=2736MHz,Free=3682MB,PLS=0,Temp=46.0C/0.0C,TW=1.04ms,App=5.90ms,GD=0.00ms,CPU&GPU=10.26ms,LCnt=1(DR90,LM0),GPU%=0.66,CPU%=0.21(W0.34),CFL=11.97/15.41,ICFLp95=14.69,LD=0,SF=1.00,DpuScale=1.00,LP=0,DVFS=0,Preempt=358,PoseAgeP95=0.00
1789438299.082	90	90	0		456	6.06	10.93	357	46.0	0.67	FPS=90/90,Prd=28ms,Tear=0,Early=0,Stale=0,Stale2/5/10/max=0/0/0/0,VSnc=1,Lat=-4,Fov=0,CPU4/GPU=2/2,1382/456MHz,OC=3F,TA=0/38/0,SP=N/N/N,Mem=2736MHz,Free=3682MB,PLS=0,Temp=46.0C/0.0C,TW=1.09ms,App=6.06ms,GD=0.00ms,CPU&GPU=10.93ms,LCnt=1(DR89,LM0),GPU%=0.67,CPU%=0.22(W0.33),CFL=11.92/15.57,ICFLp95=14.87,LD=0,SF=1.00,DpuScale=1.00,LP=0,DVFS=0,Preempt=357,PoseAgeP95=0.00
1789438300.082	90	90	0		456	5.98	10.34	359	46.0	0.67	FPS=90/90,Prd=28ms,Tear=0,Early=0,Stale=0,Stale2/5/10/max=0/0/0/0,VSnc=1,Lat=-4,Fov=0,CPU4/GPU=2/2,1382/456MHz,OC=3F,TA=0/38/0,SP=N/N/N,Mem=2736MHz,Free=3682MB,PLS=0,Temp=46.0C/0.0C,TW=1.02ms,App=5.98ms,GD=0.00ms,CPU&GPU=10.34ms,LCnt=1(DR91,LM0),GPU%=0.67,CPU%=0.25(W0.28),CFL=12.03/15.73,ICFLp95=14.94,LD=0,SF=1.00,DpuScale=1.00,LP=0,DVFS=0,Preempt=359,PoseAgeP95=0.00
1789438301.082	90	90	0		456	5.91	10.69	360	46.0	0.67	FPS=90/90,Prd=28ms,Tear=0,Early=0,Stale=0,Stale2/5/10/max=0/0/0/0,VSnc=1,Lat=-4,Fov=0,CPU4/GPU=2/2,1651/456MHz,OC=3F,TA=0/38/0,SP=N/N/N,Mem=2736MHz,Free=3682MB,PLS=0,Temp=46.0C/0.0C,TW=1.03ms,App=5.91ms,GD=0.00ms,CPU&GPU=10.69ms,LCnt=1(DR90,LM0),GPU%=0.67,CPU%=0.21(W0.33),CFL=12.05/15.86,ICFLp95=14.83,LD=0,SF=1.00,DpuScale=1.00,LP=0,DVFS=0,Preempt=360,PoseAgeP95=0.00
1789438302.083	90	90	0		456	5.96	10.66	358	46.0	0.66	FPS=90/90,Prd=28ms,Tear=0,Early=0,Stale=0,Stale2/5/10/max=0/0/0/0,VSnc=1,Lat=-4,Fov=0,CPU4/GPU=2/2,1651/456MHz,OC=3F,TA=0/38/0,SP=N/N/N,Mem=2736MHz,Free=3682MB,PLS=0,Temp=46.0C/0.0C,TW=1.03ms,App=5.96ms,GD=0.00ms,CPU&GPU=10.66ms,LCnt=1(DR90,LM0),GPU%=0.66,CPU%=0.22(W0.35),CFL=11.90/15.48,ICFLp95=14.81,LD=0,SF=1.00,DpuScale=1.00,LP=0,DVFS=0,Preempt=358,PoseAgeP95=0.00
1789438303.083	90	90	0		456	5.93	10.66	362	46.0	0.66	FPS=90/90,Prd=28ms,Tear=0,Early=0,Stale=0,Stale2/5/10/max=0/0/0/0,VSnc=1,Lat=-4,Fov=0,CPU4/GPU=2/2,1651/456MHz,OC=3F,TA=0/38/0,SP=N/N/N,Mem=2736MHz,Free=3682MB,PLS=0,Temp=46.0C/0.0C,TW=1.02ms,App=5.93ms,GD=0.00ms,CPU&GPU=10.66ms,LCnt=1(DR91,LM0),GPU%=0.66,CPU%=0.23(W0.28),CFL=11.98/15.38,ICFLp95=14.68,LD=0,SF=1.00,DpuScale=1.00,LP=0,DVFS=0,Preempt=362,PoseAgeP95=0.00
1789438304.083	91	90	0		456	6.00	10.60	360	46.0	0.67	FPS=91/90,Prd=28ms,Tear=0,Early=0,Stale=0,Stale2/5/10/max=0/0/0/0,VSnc=1,Lat=-4,Fov=0,CPU4/GPU=2/2,1651/456MHz,OC=3F,TA=0/38/0,SP=N/N/N,Mem=2736MHz,Free=3682MB,PLS=0,Temp=46.0C/0.0C,TW=1.02ms,App=6.00ms,GD=0.00ms,CPU&GPU=10.60ms,LCnt=1(DR90,LM0),GPU%=0.67,CPU%=0.23(W0.27),CFL=11.79/15.49,ICFLp95=14.68,LD=0,SF=1.00,DpuScale=1.00,LP=0,DVFS=0,Preempt=360,PoseAgeP95=0.00
1789438305.083	91	90	0		456	5.92	10.34	360	46.0	0.66	FPS=91/90,Prd=28ms,Tear=0,Early=0,Stale=0,Stale2/5/10/max=0/0/0/0,VSnc=1,Lat=-4,Fov=0,CPU4/GPU=2/2,1651/456MHz,OC=3F,TA=0/38/0,SP=N/N/N,Mem=2736MHz,Free=3682MB,PLS=0,Temp=46.0C/0.0C,TW=1.02ms,App=5.92ms,GD=0.00ms,CPU&GPU=10.34ms,LCnt=1(DR90,LM0),GPU%=0.66,CPU%=0.22(W0.26),CFL=11.95/15.79,ICFLp95=14.79,LD=0,SF=1.00,DpuScale=1.00,LP=0,DVFS=0,Preempt=360,PoseAgeP95=0.00
1789438306.083	90	90	0		456	5.91	10.61	360	46.0	0.66	FPS=90/90,Prd=28ms,Tear=0,Early=0,Stale=0,Stale2/5/10/max=0/0/0/0,VSnc=1,Lat=-4,Fov=0,CPU4/GPU=2/2,1651/456MHz,OC=3F,TA=0/38/0,SP=N/N/N,Mem=2736MHz,Free=3682MB,PLS=0,Temp=46.0C/0.0C,TW=1.02ms,App=5.91ms,GD=0.00ms,CPU&GPU=10.61ms,LCnt=1(DR90,LM0),GPU%=0.66,CPU%=0.23(W0.28),CFL=11.94/15.64,ICFLp95=14.87,LD=0,SF=1.00,DpuScale=1.00,LP=0,DVFS=0,Preempt=360,PoseAgeP95=0.00
1789438307.083	91	90	0		456	5.94	10.12	360	46.0	0.66	FPS=91/90,Prd=28ms,Tear=0,Early=0,Stale=0,Stale2/5/10/max=0/0/0/0,VSnc=1,Lat=-4,Fov=0,CPU4/GPU=2/2,1651/456MHz,OC=3F,TA=0/38/0,SP=N/N/N,Mem=2736MHz,Free=3682MB,PLS=0,Temp=46.0C/0.0C,TW=1.02ms,App=5.94ms,GD=0.00ms,CPU&GPU=10.12ms,LCnt=1(DR90,LM0),GPU%=0.66,CPU%=0.21(W0.25),CFL=11.79/15.55,ICFLp95=14.80,LD=0,SF=1.00,DpuScale=1.00,LP=0,DVFS=0,Preempt=360,PoseAgeP95=0.00
1789438308.083	91	90	0		456	5.93	10.12	358	46.0	0.66	FPS=91/90,Prd=27ms,Tear=0,Early=0,Stale=0,Stale2/5/10/max=0/0/0/0,VSnc=1,Lat=-4,Fov=0,CPU4/GPU=2/2,1651/456MHz,OC=3F,TA=0/38/0,SP=N/N/N,Mem=2736MHz,Free=3682MB,PLS=0,Temp=46.0C/0.0C,TW=1.03ms,App=5.93ms,GD=0.00ms,CPU&GPU=10.12ms,LCnt=1(DR90,LM0),GPU%=0.66,CPU%=0.21(W0.29),CFL=11.91/15.48,ICFLp95=14.75,LD=0,SF=1.00,DpuScale=1.00,LP=0,DVFS=0,Preempt=358,PoseAgeP95=0.00
1789438309.083	90	90	0		456	5.95	10.55	362	46.0	0.66	FPS=90/90,Prd=27ms,Tear=0,Early=0,Stale=0,Stale2/5/10/max=0/0/0/0,VSnc=1,Lat=-4,Fov=0,CPU4/GPU=2/2,1651/456MHz,OC=3F,TA=0/38/0,SP=N/N/N,Mem=2736MHz,Free=3682MB,PLS=0,Temp=46.0C/0.0C,TW=1.02ms,App=5.95ms,GD=0.00ms,CPU&GPU=10.55ms,LCnt=1(DR91,LM0),GPU%=0.66,CPU%=0.23(W0.28),CFL=11.89/15.60,ICFLp95=14.88,LD=0,SF=1.00,DpuScale=1.00,LP=0,DVFS=0,Preempt=362,PoseAgeP95=0.00
1789438310.083	91	90	0		456	5.97	10.52	358	46.0	0.66	FPS=91/90,Prd=28ms,Tear=0,Early=0,Stale=0,Stale2/5/10/max=0/0/0/0,VSnc=1,Lat=-4,Fov=0,CPU4/GPU=2/2,1651/456MHz,OC=3F,TA=0/38/0,SP=N/N/N,Mem=2736MHz,Free=3682MB,PLS=0,Temp=46.0C/0.0C,TW=1.02ms,App=5.97ms,GD=0.00ms,CPU&GPU=10.52ms,LCnt=1(DR90,LM0),GPU%=0.66,CPU%=0.22(W0.30),CFL=11.78/15.58,ICFLp95=14.79,LD=0,SF=1.00,DpuScale=1.00,LP=0,DVFS=0,Preempt=358,PoseAgeP95=0.00
1789438311.083	90	90	0		456	5.92	10.33	360	46.0	0.66	FPS=90/90,Prd=28ms,Tear=0,Early=0,Stale=0,Stale2/5/10/max=0/0/0/0,VSnc=1,Lat=-4,Fov=0,CPU4/GPU=2/2,1382/456MHz,OC=3F,TA=0/38/0,SP=N/N/N,Mem=2736MHz,Free=3682MB,PLS=0,Temp=46.0C/0.0C,TW=1.01ms,App=5.92ms,GD=0.00ms,CPU&GPU=10.33ms,LCnt=1(DR90,LM0),GPU%=0.66,CPU%=0.22(W0.31),CFL=11.99/15.70,ICFLp95=14.73,LD=0,SF=1.00,DpuScale=1.00,LP=0,DVFS=0,Preempt=360,PoseAgeP95=0.00
1789438312.083	90	90	0		456	5.94	10.18	358	46.0	0.66	FPS=90/90,Prd=28ms,Tear=0,Early=0,Stale=0,Stale2/5/10/max=0/0/0/0,VSnc=1,Lat=-4,Fov=0,CPU4/GPU=2/2,1382/456MHz,OC=3F,TA=0/38/0,SP=N/N/N,Mem=2736MHz,Free=3682MB,PLS=0,Temp=46.0C/0.0C,TW=1.02ms,App=5.94ms,GD=0.00ms,CPU&GPU=10.18ms,LCnt=1(DR90,LM0),GPU%=0.66,CPU%=0.23(W0.27),CFL=11.84/15.55,ICFLp95=14.78,LD=0,SF=1.00,DpuScale=1.00,LP=0,DVFS=0,Preempt=358,PoseAgeP95=0.00
1789438313.083	91	90	0		456	5.94	10.54	364	46.0	0.66	FPS=91/90,Prd=27ms,Tear=0,Early=0,Stale=0,Stale2/5/10/max=0/0/0/0,VSnc=1,Lat=-4,Fov=0,CPU4/GPU=2/2,1382/456MHz,OC=3F,TA=0/38/0,SP=N/N/N,Mem=2736MHz,Free=3682MB,PLS=0,Temp=46.0C/0.0C,TW=1.02ms,App=5.94ms,GD=0.00ms,CPU&GPU=10.54ms,LCnt=1(DR91,LM0),GPU%=0.66,CPU%=0.21(W0.28),CFL=11.78/15.61,ICFLp95=14.80,LD=0,SF=1.00,DpuScale=1.00,LP=0,DVFS=0,Preempt=364,PoseAgeP95=0.00
1789438314.083	90	90	0		456	5.90	10.83	358	46.0	0.66	FPS=90/90,Prd=27ms,Tear=0,Early=0,Stale=0,Stale2/5/10/max=0/0/0/0,VSnc=1,Lat=-4,Fov=0,CPU4/GPU=2/2,1382/456MHz,OC=3F,TA=0/38/0,SP=N/N/N,Mem=2736MHz,Free=3682MB,PLS=0,Temp=46.0C/0.0C,TW=1.02ms,App=5.90ms,GD=0.00ms,CPU&GPU=10.83ms,LCnt=1(DR90,LM0),GPU%=0.66,CPU%=0.20(W0.33),CFL=11.90/15.42,ICFLp95=14.71,LD=0,SF=1.00,DpuScale=1.00,LP=0,DVFS=0,Preempt=358,PoseAgeP95=0.00
1789438315.084	90	90	0		456	5.97	10.35	360	46.0	0.66	FPS=90/90,Prd=27ms,Tear=0,Early=0,Stale=0,Stale2/5/10/max=0/0/0/0,VSnc=1,Lat=-4,Fov=0,CPU4/GPU=2/2,1382/456MHz,OC=3F,TA=0/38/0,SP=N/N/N,Mem=2736MHz,Free=3682MB,PLS=0,Temp=46.0C/0.0C,TW=1.02ms,App=5.97ms,GD=0.00ms,CPU&GPU=10.35ms,LCnt=1(DR90,LM0),GPU%=0.66,CPU%=0.22(W0.34),CFL=11.84/15.51,ICFLp95=14.80,LD=0,SF=1.00,DpuScale=1.00,LP=0,DVFS=0,Preempt=360,PoseAgeP95=0.00
1789438316.106	90	90	0		456	5.97	10.61	360	46.0	0.66	FPS=90/90,Prd=27ms,Tear=0,Early=0,Stale=0,Stale2/5/10/max=0/0/0/0,VSnc=1,Lat=-4,Fov=0,CPU4/GPU=2/2,1382/456MHz,OC=3F,TA=0/38/0,SP=N/N/N,Mem=2736MHz,Free=3683MB,PLS=0,Temp=46.0C/0.0C,TW=1.01ms,App=5.97ms,GD=0.00ms,CPU&GPU=10.61ms,LCnt=1(DR90,LM0),GPU%=0.66,CPU%=0.21(W0.36),CFL=11.74/15.62,ICFLp95=14.79,LD=0,SF=1.00,DpuScale=1.00,LP=0,DVFS=0,Preempt=360,PoseAgeP95=0.00
1789438317.084	90	90	0		456	5.96	10.17	364	46.0	0.67	FPS=90/90,Prd=27ms,Tear=0,Early=0,Stale=0,Stale2/5/10/max=0/0/0/0,VSnc=1,Lat=-4,Fov=0,CPU4/GPU=2/2,1382/456MHz,OC=3F,TA=0/38/0,SP=N/N/N,Mem=2736MHz,Free=3683MB,PLS=0,Temp=46.0C/0.0C,TW=1.01ms,App=5.96ms,GD=0.00ms,CPU&GPU=10.17ms,LCnt=1(DR91,LM0),GPU%=0.67,CPU%=0.24(W0.33),CFL=11.90/15.79,ICFLp95=14.78,LD=0,SF=1.00,DpuScale=1.00,LP=0,DVFS=0,Preempt=364,PoseAgeP95=0.00
1789438318.084	91	90	0		456	5.96	10.18	360	46.0	0.66	FPS=91/90,Prd=27ms,Tear=0,Early=0,Stale=0,Stale2/5/10/max=0/0/0/0,VSnc=1,Lat=-4,Fov=0,CPU4/GPU=2/2,1382/456MHz,OC=3F,TA=0/38/0,SP=N/N/N,Mem=2736MHz,Free=3683MB,PLS=0,Temp=46.0C/0.0C,TW=1.02ms,App=5.96ms,GD=0.00ms,CPU&GPU=10.18ms,LCnt=1(DR90,LM0),GPU%=0.66,CPU%=0.22(W0.29),CFL=12.01/15.55,ICFLp95=14.78,LD=0,SF=1.00,DpuScale=1.00,LP=0,DVFS=0,Preempt=360,PoseAgeP95=0.00
1789438319.084	90	90	0		456	5.95	10.46	360	46.0	0.66	FPS=90/90,Prd=27ms,Tear=0,Early=0,Stale=0,Stale2/5/10/max=0/0/0/0,VSnc=1,Lat=-4,Fov=0,CPU4/GPU=2/2,1382/456MHz,OC=3F,TA=0/38/0,SP=N/N/N,Mem=2736MHz,Free=3683MB,PLS=0,Temp=46.0C/0.0C,TW=1.01ms,App=5.95ms,GD=0.00ms,CPU&GPU=10.46ms,LCnt=1(DR90,LM0),GPU%=0.66,CPU%=0.21(W0.24),CFL=11.96/15.52,ICFLp95=14.74,LD=0,SF=1.00,DpuScale=1.00,LP=0,DVFS=0,Preempt=360,PoseAgeP95=0.00
1789438320.084	90	90	0		456	6.03	10.46	359	46.0	0.67	FPS=90/90,Prd=27ms,Tear=0,Early=0,Stale=0,Stale2/5/10/max=0/0/0/0,VSnc=1,Lat=-4,Fov=0,CPU4/GPU=2/2,1382/456MHz,OC=3F,TA=0/38/0,SP=N/N/N,Mem=2736MHz,Free=3683MB,PLS=0,Temp=46.0C/0.0C,TW=1.07ms,App=6.03ms,GD=0.00ms,CPU&GPU=10.46ms,LCnt=1(DR90,LM0),GPU%=0.67,CPU%=0.25(W0.26),CFL=11.85/15.42,ICFLp95=14.72,LD=0,SF=1.00,DpuScale=1.00,LP=0,DVFS=0,Preempt=359,PoseAgeP95=0.00
1789438321.084	91	90	0		456	5.92	10.59	361	46.0	0.67	FPS=91/90,Prd=28ms,Tear=0,Early=0,Stale=0,Stale2/5/10/max=0/0/0/0,VSnc=1,Lat=-4,Fov=0,CPU4/GPU=2/2,1382/456MHz,OC=3F,TA=0/38/0,SP=N/N/N,Mem=3196MHz,Free=3683MB,PLS=0,Temp=46.0C/0.0C,TW=1.02ms,App=5.92ms,GD=0.00ms,CPU&GPU=10.59ms,LCnt=1(DR91,LM0),GPU%=0.67,CPU%=0.24(W0.29),CFL=11.97/15.80,ICFLp95=14.94,LD=0,SF=1.00,DpuScale=1.00,LP=0,DVFS=0,Preempt=361,PoseAgeP95=0.00
1789438322.084	90	90	0		456	5.96	10.15	360	46.0	0.66	FPS=90/90,Prd=28ms,Tear=0,Early=0,Stale=0,Stale2/5/10/max=0/0/0/0,VSnc=1,Lat=-4,Fov=0,CPU4/GPU=2/2,1382/456MHz,OC=3F,TA=0/38/0,SP=N/N/N,Mem=3196MHz,Free=3683MB,PLS=0,Temp=46.0C/0.0C,TW=1.02ms,App=5.96ms,GD=0.00ms,CPU&GPU=10.15ms,LCnt=1(DR90,LM0),GPU%=0.66,CPU%=0.22(W0.26),CFL=12.05/15.75,ICFLp95=15.04,LD=0,SF=1.00,DpuScale=1.00,LP=0,DVFS=0,Preempt=360,PoseAgeP95=0.00
1789438323.084	91	90	0		456	5.97	10.30	360	46.0	0.66	FPS=91/90,Prd=28ms,Tear=0,Early=0,Stale=0,Stale2/5/10/max=0/0/0/0,VSnc=1,Lat=-4,Fov=0,CPU4/GPU=2/2,1382/456MHz,OC=3F,TA=0/38/0,SP=N/N/N,Mem=3196MHz,Free=3683MB,PLS=0,Temp=46.0C/0.0C,TW=1.02ms,App=5.97ms,GD=0.00ms,CPU&GPU=10.30ms,LCnt=1(DR90,LM0),GPU%=0.66,CPU%=0.24(W0.29),CFL=11.97/15.51,ICFLp95=14.78,LD=0,SF=1.00,DpuScale=1.00,LP=0,DVFS=0,Preempt=360,PoseAgeP95=0.00
1789438324.084	91	90	0		456	5.94	10.74	364	46.0	0.67	FPS=91/90,Prd=28ms,Tear=0,Early=0,Stale=0,Stale2/5/10/max=0/0/0/0,VSnc=1,Lat=-4,Fov=0,CPU4/GPU=2/2,1382/456MHz,OC=3F,TA=0/38/0,SP=N/N/N,Mem=3196MHz,Free=3683MB,PLS=0,Temp=46.0C/0.0C,TW=1.01ms,App=5.94ms,GD=0.00ms,CPU&GPU=10.74ms,LCnt=1(DR91,LM0),GPU%=0.67,CPU%=0.21(W0.23),CFL=11.92/15.62,ICFLp95=14.87,LD=0,SF=1.00,DpuScale=1.00,LP=0,DVFS=0,Preempt=364,PoseAgeP95=0.00
1789438325.084	90	90	0		456	5.90	10.32	358	46.0	0.66	FPS=90/90,Prd=28ms,Tear=0,Early=0,Stale=0,Stale2/5/10/max=0/0/0/0,VSnc=1,Lat=-4,Fov=0,CPU4/GPU=2/2,1382/456MHz,OC=3F,TA=0/38/0,SP=N/N/N,Mem=3196MHz,Free=3683MB,PLS=0,Temp=46.0C/0.0C,TW=1.03ms,App=5.90ms,GD=0.00ms,CPU&GPU=10.32ms,LCnt=1(DR90,LM0),GPU%=0.66,CPU%=0.21(W0.25),CFL=11.99/15.64,ICFLp95=14.85,LD=0,SF=1.00,DpuScale=1.00,LP=0,DVFS=0,Preempt=358,PoseAgeP95=0.00
1789438326.084	90	90	0		456	5.99	10.22	362	46.0	0.67	FPS=90/90,Prd=27ms,Tear=0,Early=0,Stale=0,Stale2/5/10/max=0/0/0/0,VSnc=1,Lat=-4,Fov=0,CPU4/GPU=2/2,1382/456MHz,OC=3F,TA=0/38/0,SP=N/N/N,Mem=3196MHz,Free=3683MB,PLS=0,Temp=46.0C/0.0C,TW=1.02ms,App=5.99ms,GD=0.00ms,CPU&GPU=10.22ms,LCnt=1(DR91,LM0),GPU%=0.67,CPU%=0.21(W0.26),CFL=11.84/15.69,ICFLp95=14.71,LD=0,SF=1.00,DpuScale=1.00,LP=0,DVFS=0,Preempt=362,PoseAgeP95=0.00
1789438327.085	90	90	0		456	6.00	10.16	358	46.0	0.67	FPS=90/90,Prd=27ms,Tear=0,Early=0,Stale=0,Stale2/5/10/max=0/0/0/0,VSnc=1,Lat=-4,Fov=0,CPU4/GPU=2/2,1382/456MHz,OC=3F,TA=0/38/0,SP=N/N/N,Mem=3196MHz,Free=3683MB,PLS=0,Temp=46.0C/0.0C,TW=1.02ms,App=6.00ms,GD=0.00ms,CPU&GPU=10.16ms,LCnt=1(DR90,LM0),GPU%=0.67,CPU%=0.20(W0.28),CFL=12.00/15.44,ICFLp95=14.70,LD=0,SF=1.00,DpuScale=1.00,LP=0,DVFS=0,Preempt=358,PoseAgeP95=0.00
1789438328.085	91	90	0		456	5.94	10.34	358	46.0	0.66	FPS=91/90,Prd=27ms,Tear=0,Early=0,Stale=0,Stale2/5/10/max=0/0/0/0,VSnc=1,Lat=-4,Fov=0,CPU4/GPU=2/2,1382/456MHz,OC=3F,TA=0/38/0,SP=N/N/N,Mem=3196MHz,Free=3683MB,PLS=0,Temp=46.0C/0.0C,TW=1.01ms,App=5.94ms,GD=0.00ms,CPU&GPU=10.34ms,LCnt=1(DR90,LM0),GPU%=0.66,CPU%=0.21(W0.36),CFL=11.94/15.52,ICFLp95=14.81,LD=0,SF=1.00,DpuScale=1.00,LP=0,DVFS=0,Preempt=358,PoseAgeP95=0.00
1789438329.085	90	90	0		456	5.92	10.66	360	46.0	0.66	FPS=90/90,Prd=27ms,Tear=0,Early=0,Stale=0,Stale2/5/10/max=0/0/0/0,VSnc=1,Lat=-4,Fov=0,CPU4/GPU=2/2,1382/456MHz,OC=3F,TA=0/38/0,SP=N/N/N,Mem=3196MHz,Free=3683MB,PLS=0,Temp=46.0C/0.0C,TW=1.02ms,App=5.92ms,GD=0.00ms,CPU&GPU=10.66ms,LCnt=1(DR90,LM0),GPU%=0.66,CPU%=0.22(W0.26),CFL=11.84/15.49,ICFLp95=14.74,LD=0,SF=1.00,DpuScale=1.00,LP=0,DVFS=0,Preempt=360,PoseAgeP95=0.00
1789438330.085	90	90	0		456	6.05	10.42	358	46.0	0.67	FPS=90/90,Prd=27ms,Tear=0,Early=0,Stale=0,Stale2/5/10/max=0/0/0/0,VSnc=1,Lat=-4,Fov=0,CPU4/GPU=2/2,1382/456MHz,OC=3F,TA=0/38/0,SP=N/N/N,Mem=3196MHz,Free=3683MB,PLS=0,Temp=46.0C/0.0C,TW=1.02ms,App=6.05ms,GD=0.00ms,CPU&GPU=10.42ms,LCnt=1(DR90,LM0),GPU%=0.67,CPU%=0.22(W0.26),CFL=11.77/15.65,ICFLp95=14.82,LD=0,SF=1.00,DpuScale=1.00,LP=0,DVFS=0,Preempt=358,PoseAgeP95=0.00
1789438331.085	90	90	0		456	5.95	10.72	364	46.0	0.67	FPS=90/90,Prd=28ms,Tear=0,Early=0,Stale=0,Stale2/5/10/max=0/0/0/0,VSnc=1,Lat=-4,Fov=0,CPU4/GPU=2/2,1382/456MHz,OC=3F,TA=0/38/0,SP=N/N/N,Mem=2736MHz,Free=3683MB,PLS=0,Temp=46.0C/0.0C,TW=1.01ms,App=5.95ms,GD=0.00ms,CPU&GPU=10.72ms,LCnt=1(DR91,LM0),GPU%=0.67,CPU%=0.22(W0.32),CFL=11.84/15.73,ICFLp95=14.73,LD=0,SF=1.00,DpuScale=1.00,LP=0,DVFS=0,Preempt=364,PoseAgeP95=0.00
1789438332.085	91	90	0		456	6.02	10.29	360	46.0	0.67	FPS=91/90,Prd=28ms,Tear=0,Early=0,Stale=0,Stale2/5/10/max=0/0/0/0,VSnc=1,Lat=-4,Fov=0,CPU4/GPU=2/2,1382/456MHz,OC=3F,TA=0/38/0,SP=N/N/N,Mem=2736MHz,Free=3683MB,PLS=0,Temp=46.0C/0.0C,TW=1.02ms,App=6.02ms,GD=0.00ms,CPU&GPU=10.29ms,LCnt=1(DR90,LM0),GPU%=0.67,CPU%=0.23(W0.32),CFL=12.01/15.54,ICFLp95=14.79,LD=0,SF=1.00,DpuScale=1.00,LP=0,DVFS=0,Preempt=360,PoseAgeP95=0.00
1789438333.085	91	90	0		456	6.01	10.80	358	46.0	0.67	FPS=91/90,Prd=28ms,Tear=0,Early=0,Stale=0,Stale2/5/10/max=0/0/0/0,VSnc=1,Lat=-4,Fov=0,CPU4/GPU=2/2,1382/456MHz,OC=3F,TA=0/38/0,SP=N/N/N,Mem=2736MHz,Free=3683MB,PLS=0,Temp=46.0C/0.0C,TW=1.01ms,App=6.01ms,GD=0.00ms,CPU&GPU=10.80ms,LCnt=1(DR90,LM0),GPU%=0.67,CPU%=0.24(W0.31),CFL=11.82/15.69,ICFLp95=14.84,LD=0,SF=1.00,DpuScale=1.00,LP=0,DVFS=0,Preempt=358,PoseAgeP95=0.00
1789438334.085	91	90	0		456	5.95	10.12	360	46.0	0.67	FPS=91/90,Prd=28ms,Tear=0,Early=0,Stale=0,Stale2/5/10/max=0/0/0/0,VSnc=1,Lat=-4,Fov=0,CPU4/GPU=2/2,1382/456MHz,OC=3F,TA=0/38/0,SP=N/N/N,Mem=2736MHz,Free=3683MB,PLS=0,Temp=46.0C/0.0C,TW=1.02ms,App=5.95ms,GD=0.00ms,CPU&GPU=10.12ms,LCnt=1(DR90,LM0),GPU%=0.67,CPU%=0.21(W0.28),CFL=11.97/15.59,ICFLp95=14.78,LD=0,SF=1.00,DpuScale=1.00,LP=0,DVFS=0,Preempt=360,PoseAgeP95=0.00
1789438335.085	90	90	0		456	5.93	10.90	358	46.0	0.66	FPS=90/90,Prd=27ms,Tear=0,Early=0,Stale=0,Stale2/5/10/max=0/0/0/0,VSnc=1,Lat=-4,Fov=0,CPU4/GPU=2/2,1382/456MHz,OC=3F,TA=0/38/0,SP=N/N/N,Mem=2736MHz,Free=3683MB,PLS=0,Temp=46.0C/0.0C,TW=1.01ms,App=5.93ms,GD=0.00ms,CPU&GPU=10.90ms,LCnt=1(DR90,LM0),GPU%=0.66,CPU%=0.23(W0.25),CFL=11.87/15.40,ICFLp95=14.66,LD=0,SF=1.00,DpuScale=1.00,LP=0,DVFS=0,Preempt=358,PoseAgeP95=0.00
1789438336.108	90	90	0		456	5.91	10.73	358	46.0	0.66	FPS=90/90,Prd=27ms,Tear=0,Early=0,Stale=0,Stale2/5/10/max=0/0/0/0,VSnc=1,Lat=-4,Fov=0,CPU4/GPU=2/2,1382/456MHz,OC=3F,TA=0/38/0,SP=N/N/N,Mem=2736MHz,Free=3683MB,PLS=0,Temp=46.0C/0.0C,TW=1.02ms,App=5.91ms,GD=0.00ms,CPU&GPU=10.73ms,LCnt=1(DR90,LM0),GPU%=0.66,CPU%=0.23(W0.24),CFL=11.90/15.42,ICFLp95=14.73,LD=0,SF=1.00,DpuScale=1.00,LP=0,DVFS=0,Preempt=358,PoseAgeP95=0.00
1789438337.085	91	90	0		456	5.96	10.35	360	46.0	0.66	FPS=91/90,Prd=27ms,Tear=0,Early=0,Stale=0,Stale2/5/10/max=0/0/0/0,VSnc=1,Lat=-4,Fov=0,CPU4/GPU=2/2,1382/456MHz,OC=3F,TA=0/38/0,SP=N/N/N,Mem=2736MHz,Free=3683MB,PLS=0,Temp=46.0C/0.0C,TW=1.02ms,App=5.96ms,GD=0.00ms,CPU&GPU=10.35ms,LCnt=1(DR90,LM0),GPU%=0.66,CPU%=0.20(W0.27),CFL=11.87/15.62,ICFLp95=14.78,LD=0,SF=1.00,DpuScale=1.00,LP=0,DVFS=0,Preempt=360,PoseAgeP95=0.00
1789438338.085	91	90	0		456	5.96	10.36	358	46.0	0.66	FPS=91/90,Prd=27ms,Tear=0,Early=0,Stale=0,Stale2/5/10/max=0/0/0/0,VSnc=1,Lat=-4,Fov=0,CPU4/GPU=2/2,1382/456MHz,OC=3F,TA=0/38/0,SP=N/N/N,Mem=2736MHz,Free=3683MB,PLS=0,Temp=46.0C/0.0C,TW=1.02ms,App=5.96ms,GD=0.00ms,CPU&GPU=10.36ms,LCnt=1(DR90,LM0),GPU%=0.66,CPU%=0.22(W0.34),CFL=11.77/15.52,ICFLp95=14.79,LD=0,SF=1.00,DpuScale=1.00,LP=0,DVFS=0,Preempt=358,PoseAgeP95=0.00
1789438339.085	90	90	0		456	5.94	10.76	362	46.0	0.66	FPS=90/90,Prd=28ms,Tear=0,Early=0,Stale=0,Stale2/5/10/max=0/0/0/0,VSnc=1,Lat=-4,Fov=0,CPU4/GPU=2/2,1382/456MHz,OC=3F,TA=0/38/0,SP=N/N/N,Mem=2736MHz,Free=3683MB,PLS=0,Temp=46.0C/0.0C,TW=1.02ms,App=5.94ms,GD=0.00ms,CPU&GPU=10.76ms,LCnt=1(DR91,LM0),GPU%=0.66,CPU%=0.22(W0.28),CFL=11.85/15.51,ICFLp95=14.78,LD=0,SF=1.00,DpuScale=1.00,LP=0,DVFS=0,Preempt=362,PoseAgeP95=0.00
1789438340.086	91	90	0		456	5.96	10.55	360	46.0	0.66	FPS=91/90,Prd=27ms,Tear=0,Early=0,Stale=0,Stale2/5/10/max=0/0/0/0,VSnc=1,Lat=-4,Fov=0,CPU4/GPU=2/2,1382/456MHz,OC=3F,TA=0/38/0,SP=N/N/N,Mem=2736MHz,Free=3683MB,PLS=0,Temp=46.0C/0.0C,TW=1.02ms,App=5.96ms,GD=0.00ms,CPU&GPU=10.55ms,LCnt=1(DR90,LM0),GPU%=0.66,CPU%=0.22(W0.32),CFL=11.97/15.70,ICFLp95=14.79,LD=0,SF=1.00,DpuScale=1.00,LP=0,DVFS=0,Preempt=360,PoseAgeP95=0.00
1789438341.086	90	90	0		456	5.98	10.06	358	46.0	0.67	FPS=90/90,Prd=27ms,Tear=0,Early=0,Stale=0,Stale2/5/10/max=0/0/0/0,VSnc=1,Lat=-4,Fov=0,CPU4/GPU=2/2,1382/456MHz,OC=3F,TA=0/38/0,SP=N/N/N,Mem=2736MHz,Free=3683MB,PLS=0,Temp=46.0C/0.0C,TW=1.10ms,App=5.98ms,GD=0.00ms,CPU&GPU=10.06ms,LCnt=1(DR90,LM0),GPU%=0.67,CPU%=0.22(W0.41),CFL=11.94/15.78,ICFLp95=14.84,LD=0,SF=1.00,DpuScale=1.00,LP=0,DVFS=0,Preempt=358,PoseAgeP95=0.00
1789438342.086	91	90	0		456	5.98	11.14	359	46.0	0.68	FPS=91/90,Prd=28ms,Tear=0,Early=0,Stale=0,Stale2/5/10/max=0/0/0/0,VSnc=1,Lat=-4,Fov=0,CPU4/GPU=2/2,1382/456MHz,OC=3F,TA=0/38/0,SP=N/N/N,Mem=2736MHz,Free=3683MB,PLS=0,Temp=46.0C/0.0C,TW=1.01ms,App=5.98ms,GD=0.00ms,CPU&GPU=11.14ms,LCnt=1(DR90,LM0),GPU%=0.68,CPU%=0.23(W0.39),CFL=11.88/15.57,ICFLp95=14.80,LD=0,SF=1.00,DpuScale=1.00,LP=0,DVFS=0,Preempt=359,PoseAgeP95=0.00
1789438343.086	90	90	0		456	5.97	10.63	361	46.0	0.67	FPS=90/90,Prd=28ms,Tear=0,Early=0,Stale=0,Stale2/5/10/max=0/0/0/0,VSnc=1,Lat=-4,Fov=0,CPU4/GPU=2/2,1382/456MHz,OC=3F,TA=0/38/0,SP=N/N/N,Mem=2736MHz,Free=3683MB,PLS=0,Temp=46.0C/0.0C,TW=1.03ms,App=5.97ms,GD=0.00ms,CPU&GPU=10.63ms,LCnt=1(DR91,LM0),GPU%=0.67,CPU%=0.22(W0.26),CFL=12.00/15.75,ICFLp95=14.88,LD=0,SF=1.00,DpuScale=1.00,LP=0,DVFS=0,Preempt=361,PoseAgeP95=0.00
1789438344.086	90	90	0		456	5.93	10.40	360	46.0	0.67	FPS=90/90,Prd=28ms,Tear=0,Early=0,Stale=0,Stale2/5/10/max=0/0/0/0,VSnc=1,Lat=-4,Fov=0,CPU4/GPU=2/2,1382/456MHz,OC=3F,TA=0/38/0,SP=N/N/N,Mem=2736MHz,Free=3683MB,PLS=0,Temp=46.0C/0.0C,TW=1.02ms,App=5.93ms,GD=0.00ms,CPU&GPU=10.40ms,LCnt=1(DR90,LM0),GPU%=0.67,CPU%=0.21(W0.33),CFL=12.02/15.59,ICFLp95=14.80,LD=0,SF=1.00,DpuScale=1.00,LP=0,DVFS=0,Preempt=360,PoseAgeP95=0.00
1789438345.086	90	90	0		456	5.96	9.87	360	46.0	0.66	FPS=90/90,Prd=27ms,Tear=0,Early=0,Stale=0,Stale2/5/10/max=0/0/0/0,VSnc=1,Lat=-4,Fov=0,CPU4/GPU=2/2,1382/456MHz,OC=3F,TA=0/38/0,SP=N/N/N,Mem=2736MHz,Free=3683MB,PLS=0,Temp=46.0C/0.0C,TW=1.02ms,App=5.96ms,GD=0.00ms,CPU&GPU=9.87ms,LCnt=1(DR90,LM0),GPU%=0.66,CPU%=0.22(W0.34),CFL=11.87/15.76,ICFLp95=14.86,LD=0,SF=1.00,DpuScale=1.00,LP=0,DVFS=0,Preempt=360,PoseAgeP95=0.00
1789438346.086	91	90	0		456	5.99	9.92	358	46.0	0.67	FPS=91/90,Prd=27ms,Tear=0,Early=0,Stale=0,Stale2/5/10/max=0/0/0/0,VSnc=1,Lat=-4,Fov=0,CPU4/GPU=2/2,1382/456MHz,OC=3F,TA=0/38/0,SP=N/N/N,Mem=2736MHz,Free=3683MB,PLS=0,Temp=46.0C/0.0C,TW=1.03ms,App=5.99ms,GD=0.00ms,CPU&GPU=9.92ms,LCnt=1(DR90,LM0),GPU%=0.67,CPU%=0.24(W0.34),CFL=11.94/15.51,ICFLp95=14.75,LD=0,SF=1.00,DpuScale=1.00,LP=0,DVFS=0,Preempt=358,PoseAgeP95=0.00
1789438347.086	91	90	0		456	5.94	10.52	358	46.0	0.66	FPS=91/90,Prd=27ms,Tear=0,Early=0,Stale=0,Stale2/5/10/max=0/0/0/0,VSnc=1,Lat=-4,Fov=0,CPU4/GPU=2/2,1382/456MHz,OC=3F,TA=0/38/0,SP=N/N/N,Mem=2736MHz,Free=3683MB,PLS=0,Temp=46.0C/0.0C,TW=1.01ms,App=5.94ms,GD=0.00ms,CPU&GPU=10.52ms,LCnt=1(DR90,LM0),GPU%=0.66,CPU%=0.22(W0.34),CFL=11.92/15.54,ICFLp95=14.74,LD=0,SF=1.00,DpuScale=1.00,LP=0,DVFS=0,Preempt=358,PoseAgeP95=0.00
1789438348.086	91	90	0		456	5.95	10.21	364	46.0	0.66	FPS=91/90,Prd=27ms,Tear=0,Early=0,Stale=0,Stale2/5/10/max=0/0/0/0,VSnc=1,Lat=-4,Fov=0,CPU4/GPU=2/2,1382/456MHz,OC=3F,TA=0/38/0,SP=N/N/N,Mem=2736MHz,Free=3683MB,PLS=0,Temp=46.0C/0.0C,TW=1.02ms,App=5.95ms,GD=0.00ms,CPU&GPU=10.21ms,LCnt=1(DR91,LM0),GPU%=0.66,CPU%=0.22(W0.29),CFL=11.91/15.48,ICFLp95=14.74,LD=0,SF=1.00,DpuScale=1.00,LP=0,DVFS=0,Preempt=364,PoseAgeP95=0.00
1789438349.086	90	90	0		456	5.96	10.63	358	46.0	0.66	FPS=90/90,Prd=27ms,Tear=0,Early=0,Stale=0,Stale2/5/10/max=0/0/0/0,VSnc=1,Lat=-4,Fov=0,CPU4/GPU=2/2,1382/456MHz,OC=3F,TA=0/38/0,SP=N/N/N,Mem=2736MHz,Free=3683MB,PLS=0,Temp=46.0C/0.0C,TW=1.02ms,App=5.96ms,GD=0.00ms,CPU&GPU=10.63ms,LCnt=1(DR90,LM0),GPU%=0.66,CPU%=0.23(W0.33),CFL=11.94/15.51,ICFLp95=14.71,LD=0,SF=1.00,DpuScale=1.00,LP=0,DVFS=0,Preempt=358,PoseAgeP95=0.00
1789438350.086	91	90	0		456	5.95	10.14	358	46.0	0.66	FPS=91/90,Prd=27ms,Tear=0,Early=0,Stale=0,Stale2/5/10/max=0/0/0/0,VSnc=1,Lat=-4,Fov=0,CPU4/GPU=2/2,1382/456MHz,OC=3F,TA=0/38/0,SP=N/N/N,Mem=2736MHz,Free=3683MB,PLS=0,Temp=46.0C/0.0C,TW=1.02ms,App=5.95ms,GD=0.00ms,CPU&GPU=10.14ms,LCnt=1(DR90,LM0),GPU%=0.66,CPU%=0.20(W0.24),CFL=11.91/15.44,ICFLp95=14.65,LD=0,SF=1.00,DpuScale=1.00,LP=0,DVFS=0,Preempt=358,PoseAgeP95=0.00
1789438351.086	90	90	0		456	5.97	10.17	362	46.0	0.66	FPS=90/90,Prd=27ms,Tear=0,Early=0,Stale=0,Stale2/5/10/max=0/0/0/0,VSnc=1,Lat=-4,Fov=0,CPU4/GPU=2/2,1651/456MHz,OC=3F,TA=0/38/0,SP=N/N/N,Mem=2736MHz,Free=3683MB,PLS=0,Temp=46.0C/0.0C,TW=1.02ms,App=5.97ms,GD=0.00ms,CPU&GPU=10.17ms,LCnt=1(DR91,LM0),GPU%=0.66,CPU%=0.20(W0.23),CFL=11.90/15.52,ICFLp95=14.77,LD=0,SF=1.00,DpuScale=1.00,LP=0,DVFS=0,Preempt=362,PoseAgeP95=0.00
1789438352.086	90	90	0		456	5.92	10.27	362	46.0	0.67	FPS=90/90,Prd=27ms,Tear=0,Early=0,Stale=0,Stale2/5/10/max=0/0/0/0,VSnc=1,Lat=-4,Fov=0,CPU4/GPU=2/2,1651/456MHz,OC=3F,TA=0/38/0,SP=N/N/N,Mem=2736MHz,Free=3683MB,PLS=0,Temp=46.0C/0.0C,TW=1.01ms,App=5.92ms,GD=0.00ms,CPU&GPU=10.27ms,LCnt=1(DR91,LM0),GPU%=0.67,CPU%=0.22(W0.30),CFL=11.93/15.55,ICFLp95=14.82,LD=0,SF=1.00,DpuScale=1.00,LP=0,DVFS=0,Preempt=362,PoseAgeP95=0.00
1789438353.087	90	90	0		456	5.93	10.49	358	46.0	0.66	FPS=90/90,Prd=27ms,Tear=0,Early=0,Stale=0,Stale2/5/10/max=0/0/0/0,VSnc=1,Lat=-4,Fov=0,CPU4/GPU=2/2,1651/456MHz,OC=3F,TA=0/38/0,SP=N/N/N,Mem=2736MHz,Free=3683MB,PLS=0,Temp=46.0C/0.0C,TW=1.02ms,App=5.93ms,GD=0.00ms,CPU&GPU=10.49ms,LCnt=1(DR90,LM0),GPU%=0.66,CPU%=0.20(W0.24),CFL=11.95/15.47,ICFLp95=14.70,LD=0,SF=1.00,DpuScale=1.00,LP=0,DVFS=0,Preempt=358,PoseAgeP95=0.00
1789438354.087	90	90	0		456	5.91	10.02	360	46.0	0.66	FPS=90/90,Prd=27ms,Tear=0,Early=0,Stale=0,Stale2/5/10/max=0/0/0/0,VSnc=1,Lat=-4,Fov=0,CPU4/GPU=2/2,1651/456MHz,OC=3F,TA=0/38/0,SP=N/N/N,Mem=2736MHz,Free=3683MB,PLS=0,Temp=46.0C/0.0C,TW=1.01ms,App=5.91ms,GD=0.00ms,CPU&GPU=10.02ms,LCnt=1(DR90,LM0),GPU%=0.66,CPU%=0.22(W0.34),CFL=11.85/15.69,ICFLp95=14.78,LD=0,SF=1.00,DpuScale=1.00,LP=0,DVFS=0,Preempt=360,PoseAgeP95=0.00
1789438355.087	90	90	0		456	5.99	10.14	358	46.0	0.66	FPS=90/90,Prd=27ms,Tear=0,Early=0,Stale=0,Stale2/5/10/max=0/0/0/0,VSnc=1,Lat=-4,Fov=0,CPU4/GPU=2/2,1651/456MHz,OC=3F,TA=0/38/0,SP=N/N/N,Mem=2736MHz,Free=3683MB,PLS=0,Temp=46.0C/0.0C,TW=1.02ms,App=5.99ms,GD=0.00ms,CPU&GPU=10.14ms,LCnt=1(DR90,LM0),GPU%=0.66,CPU%=0.19(W0.32),CFL=11.88/15.45,ICFLp95=14.74,LD=0,SF=1.00,DpuScale=1.00,LP=0,DVFS=0,Preempt=358,PoseAgeP95=0.00
1789438356.109	91	90	0		456	6.00	10.19	362	46.0	0.67	FPS=91/90,Prd=27ms,Tear=1,Early=0,Stale=0,Stale2/5/10/max=0/0/0/0,VSnc=1,Lat=-4,Fov=0,CPU4/GPU=2/2,1651/456MHz,OC=3F,TA=0/38/0,SP=N/N/N,Mem=2736MHz,Free=3681MB,PLS=0,Temp=46.0C/0.0C,TW=1.02ms,App=6.00ms,GD=0.00ms,CPU&GPU=10.19ms,LCnt=1(DR91,LM0),GPU%=0.67,CPU%=0.20(W0.36),CFL=11.85/15.83,ICFLp95=14.80,LD=0,SF=1.00,DpuScale=1.00,LP=0,DVFS=0,Preempt=362,PoseAgeP95=0.00
1789438357.087	90	90	0		456	5.95	10.58	358	46.0	0.67	FPS=90/90,Prd=27ms,Tear=0,Early=0,Stale=0,Stale2/5/10/max=0/0/0/0,VSnc=1,Lat=-4,Fov=0,CPU4/GPU=2/2,1651/456MHz,OC=3F,TA=0/38/0,SP=N/N/N,Mem=2736MHz,Free=3681MB,PLS=0,Temp=46.0C/0.0C,TW=1.02ms,App=5.95ms,GD=0.00ms,CPU&GPU=10.58ms,LCnt=1(DR90,LM0),GPU%=0.67,CPU%=0.22(W0.26),CFL=12.05/15.59,ICFLp95=14.73,LD=0,SF=1.00,DpuScale=1.00,LP=0,DVFS=0,Preempt=358,PoseAgeP95=0.00
1789438358.087	90	90	0		456	5.94	10.47	361	46.0	0.66	FPS=90/90,Prd=27ms,Tear=0,Early=0,Stale=0,Stale2/5/10/max=0/0/0/0,VSnc=1,Lat=-4,Fov=0,CPU4/GPU=2/2,1651/456MHz,OC=3F,TA=0/38/0,SP=N/N/N,Mem=2736MHz,Free=3681MB,PLS=0,Temp=46.0C/0.0C,TW=1.01ms,App=5.94ms,GD=0.00ms,CPU&GPU=10.47ms,LCnt=1(DR90,LM0),GPU%=0.66,CPU%=0.21(W0.28),CFL=11.90/15.48,ICFLp95=14.71,LD=0,SF=1.00,DpuScale=1.00,LP=0,DVFS=0,Preempt=361,PoseAgeP95=0.00
1789438359.087	90	90	0		456	5.93	10.42	359	46.0	0.66	FPS=90/90,Prd=27ms,Tear=0,Early=0,Stale=0,Stale2/5/10/max=0/0/0/0,VSnc=1,Lat=-4,Fov=0,CPU4/GPU=2/2,1651/456MHz,OC=3F,TA=0/38/0,SP=N/N/N,Mem=2736MHz,Free=3681MB,PLS=0,Temp=46.0C/0.0C,TW=1.01ms,App=5.93ms,GD=0.00ms,CPU&GPU=10.42ms,LCnt=1(DR90,LM0),GPU%=0.66,CPU%=0.21(W0.29),CFL=11.89/15.51,ICFLp95=14.73,LD=0,SF=1.00,DpuScale=1.00,LP=0,DVFS=0,Preempt=359,PoseAgeP95=0.00
1789438360.087	91	90	0		456	5.91	10.62	358	46.0	0.66	FPS=91/90,Prd=27ms,Tear=0,Early=0,Stale=0,Stale2/5/10/max=0/0/0/0,VSnc=1,Lat=-4,Fov=0,CPU4/GPU=2/2,1651/456MHz,OC=3F,TA=0/38/0,SP=N/N/N,Mem=2736MHz,Free=3681MB,PLS=0,Temp=46.0C/0.0C,TW=1.01ms,App=5.91ms,GD=0.00ms,CPU&GPU=10.62ms,LCnt=1(DR90,LM0),GPU%=0.66,CPU%=0.23(W0.27),CFL=11.87/15.43,ICFLp95=14.72,LD=0,SF=1.00,DpuScale=1.00,LP=0,DVFS=0,Preempt=358,PoseAgeP95=0.00
1789438361.087	90	90	0		456	5.95	10.12	360	46.0	0.66	FPS=90/90,Prd=27ms,Tear=0,Early=0,Stale=0,Stale2/5/10/max=0/0/0/0,VSnc=1,Lat=-4,Fov=0,CPU4/GPU=2/2,1382/456MHz,OC=3F,TA=0/38/0,SP=N/N/N,Mem=2092MHz,Free=3681MB,PLS=0,Temp=46.0C/0.0C,TW=1.02ms,App=5.95ms,GD=0.00ms,CPU&GPU=10.12ms,LCnt=1(DR90,LM0),GPU%=0.66,CPU%=0.22(W0.29),CFL=11.80/15.69,ICFLp95=14.82,LD=0,SF=1.00,DpuScale=1.00,LP=0,DVFS=0,Preempt=360,PoseAgeP95=0.00
1789438362.087	91	90	0		456	5.95	10.34	362	46.0	0.67	FPS=91/90,Prd=27ms,Tear=0,Early=0,Stale=0,Stale2/5/10/max=0/0/0/0,VSnc=1,Lat=-4,Fov=0,CPU4/GPU=2/2,1382/456MHz,OC=3F,TA=0/38/0,SP=N/N/N,Mem=2092MHz,Free=3681MB,PLS=0,Temp=46.0C/0.0C,TW=1.09ms,App=5.95ms,GD=0.00ms,CPU&GPU=10.34ms,LCnt=1(DR91,LM0),GPU%=0.67,CPU%=0.22(W0.28),CFL=11.97/15.67,ICFLp95=14.79,LD=0,SF=1.00,DpuScale=1.00,LP=0,DVFS=0,Preempt=362,PoseAgeP95=0.00
1789438363.087	91	90	0		456	6.00	10.57	364	46.0	0.67	FPS=91/90,Prd=28ms,Tear=0,Early=0,Stale=0,Stale2/5/10/max=0/0/0/0,VSnc=1,Lat=-4,Fov=0,CPU4/GPU=2/2,1382/456MHz,OC=3F,TA=0/38/0,SP=N/N/N,Mem=2092MHz,Free=3681MB,PLS=0,Temp=46.0C/0.0C,TW=1.08ms,App=6.00ms,GD=0.00ms,CPU&GPU=10.57ms,LCnt=1(DR91,LM0),GPU%=0.67,CPU%=0.26(W0.39),CFL=11.95/15.65,ICFLp95=14.91,LD=0,SF=1.00,DpuScale=1.00,LP=0,DVFS=0,Preempt=364,PoseAgeP95=0.00
1789438364.087	91	90	0		456	5.99	10.84	360	46.0	0.67	FPS=91/90,Prd=28ms,Tear=2,Early=0,Stale=0,Stale2/5/10/max=0/0/0/0,VSnc=1,Lat=-4,Fov=0,CPU4/GPU=2/2,1382/456MHz,OC=3F,TA=0/38/0,SP=N/N/N,Mem=2092MHz,Free=3681MB,PLS=0,Temp=46.0C/0.0C,TW=1.01ms,App=5.99ms,GD=0.00ms,CPU&GPU=10.84ms,LCnt=1(DR91,LM0),GPU%=0.67,CPU%=0.21(W0.30),CFL=12.07/15.86,ICFLp95=15.11,LD=0,SF=1.00,DpuScale=1.00,LP=0,DVFS=0,Preempt=360,PoseAgeP95=0.00
1789438365.087	90	90	0		456	5.94	10.00	358	46.0	0.67	FPS=90/90,Prd=28ms,Tear=0,Early=0,Stale=0,Stale2/5/10/max=0/0/0/0,VSnc=1,Lat=-4,Fov=0,CPU4/GPU=2/2,1382/456MHz,OC=3F,TA=0/38/0,SP=N/N/N,Mem=2092MHz,Free=3681MB,PLS=0,Temp=46.0C/0.0C,TW=1.02ms,App=5.94ms,GD=0.00ms,CPU&GPU=10.00ms,LCnt=1(DR90,LM0),GPU%=0.67,CPU%=0.21(W0.28),CFL=11.96/15.85,ICFLp95=14.93,LD=0,SF=1.00,DpuScale=1.00,LP=0,DVFS=0,Preempt=358,PoseAgeP95=0.00
1789438366.088	90	90	0		456	5.98	10.17	358	46.0	0.66	FPS=90/90,Prd=27ms,Tear=0,Early=0,Stale=0,Stale2/5/10/max=0/0/0/0,VSnc=1,Lat=-4,Fov=0,CPU4/GPU=2/2,1382/456MHz,OC=3F,TA=0/38/0,SP=N/N/N,Mem=2092MHz,Free=3681MB,PLS=0,Temp=46.0C/0.0C,TW=1.02ms,App=5.98ms,GD=0.00ms,CPU&GPU=10.17ms,LCnt=1(DR90,LM0),GPU%=0.66,CPU%=0.21(W0.30),CFL=11.98/15.60,ICFLp95=14.78,LD=0,SF=1.00,DpuScale=1.00,LP=0,DVFS=0,Preempt=358,PoseAgeP95=0.00
1789438367.088	90	90	0		456	5.95	10.32	358	46.0	0.66	FPS=90/90,Prd=27ms,Tear=0,Early=0,Stale=0,Stale2/5/10/max=0/0/0/0,VSnc=1,Lat=-4,Fov=0,CPU4/GPU=2/2,1382/456MHz,OC=3F,TA=0/38/0,SP=N/N/N,Mem=2092MHz,Free=3681MB,PLS=0,Temp=46.0C/0.0C,TW=1.03ms,App=5.95ms,GD=0.00ms,CPU&GPU=10.32ms,LCnt=1(DR90,LM0),GPU%=0.66,CPU%=0.22(W0.34),CFL=11.87/15.58,ICFLp95=14.75,LD=0,SF=1.00,DpuScale=1.00,LP=0,DVFS=0,Preempt=358,PoseAgeP95=0.00
1789438368.088	91	90	0		456	5.97	10.88	358	46.0	0.66	FPS=91/90,Prd=28ms,Tear=0,Early=0,Stale=0,Stale2/5/10/max=0/0/0/0,VSnc=1,Lat=-4,Fov=0,CPU4/GPU=2/2,1382/456MHz,OC=3F,TA=0/38/0,SP=N/N/N,Mem=2092MHz,Free=3681MB,PLS=0,Temp=46.0C/0.0C,TW=1.02ms,App=5.97ms,GD=0.00ms,CPU&GPU=10.88ms,LCnt=1(DR90,LM0),GPU%=0.66,CPU%=0.23(W0.36),CFL=11.82/15.56,ICFLp95=14.84,LD=0,SF=1.00,DpuScale=1.00,LP=0,DVFS=0,Preempt=358,PoseAgeP95=0.00
1789438369.088	91	90	0		456	6.00	10.24	362	46.0	0.66	FPS=91/90,Prd=28ms,Tear=0,Early=0,Stale=0,Stale2/5/10/max=0/0/0/0,VSnc=1,Lat=-4,Fov=0,CPU4/GPU=2/2,1382/456MHz,OC=3F,TA=0/38/0,SP=N/N/N,Mem=2092MHz,Free=3681MB,PLS=0,Temp=46.0C/0.0C,TW=1.02ms,App=6.00ms,GD=0.00ms,CPU&GPU=10.24ms,LCnt=1(DR91,LM0),GPU%=0.66,CPU%=0.21(W0.26),CFL=11.93/15.59,ICFLp95=14.77,LD=0,SF=1.00,DpuScale=1.00,LP=0,DVFS=0,Preempt=362,PoseAgeP95=0.00
1789438370.088	91	90	0		456	5.95	10.41	360	46.0	0.66	FPS=91/90,Prd=27ms,Tear=0,Early=0,Stale=0,Stale2/5/10/max=0/0/0/0,VSnc=1,Lat=-4,Fov=0,CPU4/GPU=2/2,1382/456MHz,OC=3F,TA=0/38/0,SP=N/N/N,Mem=2092MHz,Free=3681MB,PLS=0,Temp=46.0C/0.0C,TW=1.03ms,App=5.95ms,GD=0.00ms,CPU&GPU=10.41ms,LCnt=1(DR90,LM0),GPU%=0.66,CPU%=0.21(W0.28),CFL=11.91/15.69,ICFLp95=14.78,LD=0,SF=1.00,DpuScale=1.00,LP=0,DVFS=0,Preempt=360,PoseAgeP95=0.00
1789438371.088	91	90	0		456	6.02	10.65	358	46.0	0.66	FPS=91/90,Prd=28ms,Tear=0,Early=0,Stale=0,Stale2/5/10/max=0/0/0/0,VSnc=1,Lat=-4,Fov=0,CPU4/GPU=2/2,1382/456MHz,OC=3F,TA=0/38/0,SP=N/N/N,Mem=2736MHz,Free=3681MB,PLS=0,Temp=46.0C/0.0C,TW=1.03ms,App=6.02ms,GD=0.00ms,CPU&GPU=10.65ms,LCnt=1(DR90,LM0),GPU%=0.66,CPU%=0.24(W0.25),CFL=11.85/15.42,ICFLp95=14.74,LD=0,SF=1.00,DpuScale=1.00,LP=0,DVFS=0,Preempt=358,PoseAgeP95=0.00
1789438372.088	90	90	0		456	5.95	10.26	362	46.0	0.67	FPS=90/90,Prd=28ms,Tear=0,Early=0,Stale=0,Stale2/5/10/max=0/0/0/0,VSnc=1,Lat=-4,Fov=0,CPU4/GPU=2/2,1382/456MHz,OC=3F,TA=0/38/0,SP=N/N/N,Mem=2736MHz,Free=3681MB,PLS=0,Temp=46.0C/0.0C,TW=1.03ms,App=5.95ms,GD=0.00ms,CPU&GPU=10.26ms,LCnt=1(DR91,LM0),GPU%=0.67,CPU%=0.24(W0.32),CFL=11.79/15.62,ICFLp95=14.78,LD=0,SF=1.00,DpuScale=1.00,LP=0,DVFS=0,Preempt=362,PoseAgeP95=0.00
1789438375.088	64	72	11		456	0.92	5.80	172	46.0	0.29	FPS=64/72,Prd=32ms,Tear=0,Early=24,Stale=11,Stale2/5/10/max=0/0/1/12,VSnc=1,Lat=-4,Fov=0,CPU4/GPU=3/2,1382/456MHz,OC=3F,TA=0/0/0,SP=N/N/N,Mem=2736MHz,Free=3535MB,PLS=0,Temp=46.0C/0.0C,TW=1.25ms,App=0.92ms,GD=0.00ms,CPU&GPU=5.80ms,LCnt=3(DR50,LM2),GPU%=0.29,CPU%=0.93(W0.94),CFL=12.58/16.46,ICFLp95=15.56,LD=0,SF=0.01,DpuScale=1.00,LP=0,DVFS=0,Preempt=172,PoseAgeP95=0.00
1789438376.088	72	72	3		456	0.67	5.74	152	46.0	0.21	FPS=72/72,Prd=24ms,Tear=0,Early=0,Stale=3,Stale2/5/10/max=1/0/0/2,VSnc=1,Lat=-4,Fov=0,CPU4/GPU=3/2,1382/456MHz,OC=3F,TA=0/0/0,SP=N/N/N,Mem=2736MHz,Free=3535MB,PLS=0,Temp=46.0C/0.0C,TW=1.25ms,App=0.67ms,GD=0.00ms,CPU&GPU=5.74ms,LCnt=3(DR73,LM2),GPU%=0.21,CPU%=0.44(W0.46),CFL=12.31/16.17,ICFLp95=15.40,LD=0,SF=0.01,DpuScale=1.00,LP=0,DVFS=0,Preempt=152,PoseAgeP95=0.00
1789438377.089	73	72	0		456	0.78	5.28	156	46.0	0.19	FPS=73/72,Prd=23ms,Tear=0,Early=0,Stale=0,Stale2/5/10/max=0/0/0/0,VSnc=1,Lat=-4,Fov=0,CPU4/GPU=3/2,1382/456MHz,OC=3F,TA=0/0/0,SP=N/N/N,Mem=2736MHz,Free=3535MB,PLS=0,Temp=46.0C/0.0C,TW=1.25ms,App=0.78ms,GD=0.00ms,CPU&GPU=5.28ms,LCnt=3(DR72,LM2),GPU%=0.19,CPU%=0.31(W0.33),CFL=12.31/15.98,ICFLp95=15.26,LD=0,SF=0.01,DpuScale=1.00,LP=0,DVFS=0,Preempt=156,PoseAgeP95=0.00
1789438378.089	73	72	0		456	0.76	4.76	154	46.0	0.18	FPS=73/72,Prd=23ms,Tear=0,Early=0,Stale=0,Stale2/5/10/max=0/0/0/0,VSnc=1,Lat=-4,Fov=0,CPU4/GPU=3/2,1382/456MHz,OC=3F,TA=0/0/0,SP=N/N/N,Mem=2736MHz,Free=3535MB,PLS=0,Temp=46.0C/0.0C,TW=1.25ms,App=0.76ms,GD=0.00ms,CPU&GPU=4.76ms,LCnt=3(DR72,LM2),GPU%=0.18,CPU%=0.28(W0.30),CFL=12.15/16.11,ICFLp95=15.31,LD=0,SF=0.01,DpuScale=1.00,LP=0,DVFS=0,Preempt=154,PoseAgeP95=0.00
1789438379.089	72	72	0		456	0.72	4.62	152	46.0	0.17	FPS=72/72,Prd=22ms,Tear=0,Early=0,Stale=0,Stale2/5/10/max=0/0/0/0,VSnc=1,Lat=-4,Fov=0,CPU4/GPU=3/2,1382/456MHz,OC=3F,TA=0/0/0,SP=N/N/N,Mem=2736MHz,Free=3535MB,PLS=0,Temp=46.0C/0.0C,TW=1.25ms,App=0.72ms,GD=0.00ms,CPU&GPU=4.62ms,LCnt=3(DR73,LM2),GPU%=0.17,CPU%=0.27(W0.30),CFL=12.08/15.97,ICFLp95=15.25,LD=0,SF=0.01,DpuScale=1.00,LP=0,DVFS=0,Preempt=152,PoseAgeP95=0.00
1789438380.089	72	72	0		456	0.74	4.58	150	46.0	0.17	FPS=72/72,Prd=22ms,Tear=0,Early=0,Stale=0,Stale2/5/10/max=0/0/0/0,VSnc=1,Lat=-4,Fov=0,CPU4/GPU=3/2,1382/456MHz,OC=3F,TA=0/0/0,SP=N/N/N,Mem=2736MHz,Free=3535MB,PLS=0,Temp=46.0C/0.0C,TW=1.26ms,App=0.74ms,GD=0.00ms,CPU&GPU=4.58ms,LCnt=3(DR72,LM2),GPU%=0.17,CPU%=0.25(W0.32),CFL=11.97/15.84,ICFLp95=15.05,LD=0,SF=0.01,DpuScale=1.00,LP=0,DVFS=0,Preempt=150,PoseAgeP95=0.00
1789438381.117	73	72	0		492	0.76	4.42	150	46.0	0.17	FPS=73/72,Prd=22ms,Tear=0,Early=0,Stale=0,Stale2/5/10/max=0/0/0/0,VSnc=1,Lat=-4,Fov=0,CPU4/GPU=3/2,1651/492MHz,OC=3F,TA=0/0/0,SP=N/N/N,Mem=2736MHz,Free=3633MB,PLS=0,Temp=46.0C/0.0C,TW=1.25ms,App=0.76ms,GD=0.00ms,CPU&GPU=4.42ms,LCnt=3(DR72,LM2),GPU%=0.17,CPU%=0.27(W0.30),CFL=11.99/15.74,ICFLp95=15.03,LD=0,SF=0.01,DpuScale=1.00,LP=0,DVFS=0,Preempt=150,PoseAgeP95=0.00
1789438382.089	73	72	0		492	0.76	4.28	148	46.0	0.17	FPS=73/72,Prd=22ms,Tear=0,Early=0,Stale=0,Stale2/5/10/max=0/0/0/0,VSnc=1,Lat=-4,Fov=0,CPU4/GPU=3/2,1651/492MHz,OC=3F,TA=0/0/0,SP=N/N/N,Mem=2736MHz,Free=3633MB,PLS=0,Temp=46.0C/0.0C,TW=1.25ms,App=0.76ms,GD=0.00ms,CPU&GPU=4.28ms,LCnt=3(DR72,LM2),GPU%=0.17,CPU%=0.26(W0.28),CFL=11.84/15.76,ICFLp95=14.99,LD=0,SF=0.01,DpuScale=1.00,LP=0,DVFS=0,Preempt=148,PoseAgeP95=0.00
1789438383.089	72	72	0		492	0.73	4.53	156	46.0	0.17	FPS=72/72,Prd=22ms,Tear=0,Early=0,Stale=0,Stale2/5/10/max=0/0/0/0,VSnc=1,Lat=-4,Fov=0,CPU4/GPU=3/2,1651/492MHz,OC=3F,TA=0/0/0,SP=N/N/N,Mem=2736MHz,Free=3633MB,PLS=0,Temp=46.0C/0.0C,TW=1.25ms,App=0.73ms,GD=0.00ms,CPU&GPU=4.53ms,LCnt=3(DR73,LM2),GPU%=0.17,CPU%=0.25(W0.28),CFL=11.87/15.91,ICFLp95=15.04,LD=0,SF=0.01,DpuScale=1.00,LP=0,DVFS=0,Preempt=156,PoseAgeP95=0.00
1789438384.089	72	72	0		492	0.74	4.45	150	46.0	0.17	FPS=72/72,Prd=22ms,Tear=0,Early=0,Stale=0,Stale2/5/10/max=0/0/0/0,VSnc=1,Lat=-4,Fov=0,CPU4/GPU=3/2,1651/492MHz,OC=3F,TA=0/0/0,SP=N/N/N,Mem=2736MHz,Free=3633MB,PLS=0,Temp=46.0C/0.0C,TW=1.25ms,App=0.74ms,GD=0.00ms,CPU&GPU=4.45ms,LCnt=3(DR72,LM2),GPU%=0.17,CPU%=0.27(W0.29),CFL=12.10/15.74,ICFLp95=14.97,LD=0,SF=0.01,DpuScale=1.00,LP=0,DVFS=0,Preempt=150,PoseAgeP95=0.00
1789438385.089	73	72	0		492	0.76	4.29	148	46.0	0.17	FPS=73/72,Prd=22ms,Tear=0,Early=0,Stale=0,Stale2/5/10/max=0/0/0/0,VSnc=1,Lat=-4,Fov=0,CPU4/GPU=3/2,1651/492MHz,OC=3F,TA=0/0/0,SP=N/N/N,Mem=2736MHz,Free=3633MB,PLS=0,Temp=46.0C/0.0C,TW=1.25ms,App=0.76ms,GD=0.00ms,CPU&GPU=4.29ms,LCnt=3(DR72,LM2),GPU%=0.17,CPU%=0.29(W0.32),CFL=12.12/15.73,ICFLp95=14.95,LD=0,SF=0.01,DpuScale=1.00,LP=0,DVFS=0,Preempt=148,PoseAgeP95=0.00
1789438386.089	73	72	0		492	0.78	4.40	152	46.0	0.17	FPS=73/72,Prd=22ms,Tear=0,Early=0,Stale=0,Stale2/5/10/max=0/0/0/0,VSnc=1,Lat=-4,Fov=0,CPU4/GPU=3/2,1651/492MHz,OC=3F,TA=0/0/0,SP=N/N/N,Mem=2736MHz,Free=3633MB,PLS=0,Temp=46.0C/0.0C,TW=1.25ms,App=0.78ms,GD=0.00ms,CPU&GPU=4.40ms,LCnt=3(DR73,LM2),GPU%=0.17,CPU%=0.22(W0.28),CFL=11.93/15.77,ICFLp95=14.87,LD=0,SF=0.01,DpuScale=1.00,LP=0,DVFS=0,Preempt=152,PoseAgeP95=0.00
1789438387.089	73	72	0		492	0.73	4.09	150	46.0	0.16	FPS=73/72,Prd=23ms,Tear=1,Early=0,Stale=0,Stale2/5/10/max=0/0/0/0,VSnc=1,Lat=-4,Fov=0,CPU4/GPU=4/4,1651/492MHz,OC=3F,TA=0/0/0,SP=N/N/N,Mem=2736MHz,Free=3633MB,PLS=0,Temp=46.0C/0.0C,TW=1.03ms,App=0.73ms,GD=0.00ms,CPU&GPU=4.09ms,LCnt=3(DR9,LM0),GPU%=0.16,CPU%=0.25(W0.28),CFL=12.05/17.13,ICFLp95=16.48,LD=0,SF=0.01,DpuScale=1.00,LP=0,DVFS=0,Preempt=150,PoseAgeP95=0.00
1789438388.089	73	72	0		492	0.70	3.85	144	46.0	0.14	FPS=73/72,Prd=23ms,Tear=0,Early=0,Stale=0,Stale2/5/10/max=0/0/0/0,VSnc=1,Lat=-4,Fov=0,CPU4/GPU=4/4,1651/492MHz,OC=3F,TA=0/0/0,SP=N/N/N,Mem=2736MHz,Free=3633MB,PLS=0,Temp=46.0C/0.0C,TW=1.03ms,App=0.70ms,GD=0.00ms,CPU&GPU=3.85ms,LCnt=3(DR0,LM0),GPU%=0.14,CPU%=0.23(W0.24),CFL=12.41/16.39,ICFLp95=15.63,LD=0,SF=0.01,DpuScale=1.00,LP=0,DVFS=0,Preempt=144,PoseAgeP95=0.00
1789438389.089	73	72	0		492	0.65	3.16	144	47.0	0.14	FPS=73/72,Prd=22ms,Tear=0,Early=0,Stale=0,Stale2/5/10/max=0/0/0/0,VSnc=1,Lat=-4,Fov=0,CPU4/GPU=4/4,1651/492MHz,OC=3F,TA=0/0/0,SP=N/N/N,Mem=2736MHz,Free=3633MB,PLS=0,Temp=47.0C/0.0C,TW=1.03ms,App=0.65ms,GD=0.00ms,CPU&GPU=3.16ms,LCnt=3(DR0,LM0),GPU%=0.14,CPU%=0.22(W0.28),CFL=11.99/15.96,ICFLp95=15.23,LD=0,SF=0.01,DpuScale=1.00,LP=0,DVFS=0,Preempt=144,PoseAgeP95=0.00
1789438390.089	72	72	0		492	0.69	3.59	144	47.0	0.14	FPS=72/72,Prd=22ms,Tear=0,Early=0,Stale=0,Stale2/5/10/max=0/0/0/0,VSnc=1,Lat=-4,Fov=0,CPU4/GPU=4/4,1651/492MHz,OC=3F,TA=0/0/0,SP=N/N/N,Mem=2736MHz,Free=3633MB,PLS=0,Temp=47.0C/0.0C,TW=1.03ms,App=0.69ms,GD=0.00ms,CPU&GPU=3.59ms,LCnt=3(DR0,LM0),GPU%=0.14,CPU%=0.22(W0.28),CFL=11.80/15.75,ICFLp95=14.96,LD=0,SF=0.01,DpuScale=1.00,LP=0,DVFS=0,Preempt=144,PoseAgeP95=0.00
1789438391.089	73	72	0		545	0.67	3.72	146	47.0	0.14	FPS=73/72,Prd=22ms,Tear=0,Early=0,Stale=0,Stale2/5/10/max=0/0/0/0,VSnc=1,Lat=-4,Fov=0,CPU4/GPU=4/4,2208/545MHz,OC=3F,TA=0/0/0,SP=N/N/N,Mem=2736MHz,Free=3633MB,PLS=0,Temp=47.0C/0.0C,TW=1.03ms,App=0.67ms,GD=0.00ms,CPU&GPU=3.72ms,LCnt=3(DR0,LM0),GPU%=0.14,CPU%=0.19(W0.25),CFL=11.60/15.74,ICFLp95=14.86,LD=0,SF=0.01,DpuScale=1.00,LP=0,DVFS=0,Preempt=146,PoseAgeP95=0.00
1789438392.089	72	72	0		545	0.65	3.48	146	47.0	0.13	FPS=72/72,Prd=22ms,Tear=0,Early=0,Stale=0,Stale2/5/10/max=0/0/0/0,VSnc=1,Lat=-4,Fov=0,CPU4/GPU=4/4,2208/545MHz,OC=3F,TA=0/0/0,SP=N/N/N,Mem=2736MHz,Free=3633MB,PLS=0,Temp=47.0C/0.0C,TW=1.03ms,App=0.65ms,GD=0.00ms,CPU&GPU=3.48ms,LCnt=3(DR0,LM0),GPU%=0.13,CPU%=0.20(W0.21),CFL=11.59/15.57,ICFLp95=14.74,LD=0,SF=0.01,DpuScale=1.00,LP=0,DVFS=0,Preempt=146,PoseAgeP95=0.00
1789438393.089	73	72	0		545	0.64	3.43	144	47.0	0.13	FPS=73/72,Prd=22ms,Tear=0,Early=0,Stale=0,Stale2/5/10/max=0/0/0/0,VSnc=1,Lat=-4,Fov=0,CPU4/GPU=4/4,2208/545MHz,OC=3F,TA=0/0/0,SP=N/N/N,Mem=2736MHz,Free=3633MB,PLS=0,Temp=47.0C/0.0C,TW=1.03ms,App=0.64ms,GD=0.00ms,CPU&GPU=3.43ms,LCnt=3(DR0,LM0),GPU%=0.13,CPU%=0.19(W0.22),CFL=11.65/15.51,ICFLp95=14.76,LD=0,SF=0.01,DpuScale=1.00,LP=0,DVFS=0,Preempt=144,PoseAgeP95=0.00
1789438394.089	72	72	0		545	0.69	3.80	144	47.0	0.14	FPS=72/72,Prd=22ms,Tear=0,Early=0,Stale=0,Stale2/5/10/max=0/0/0/0,VSnc=1,Lat=-4,Fov=0,CPU4/GPU=4/4,2208/545MHz,OC=3F,TA=0/0/0,SP=N/N/N,Mem=2736MHz,Free=3633MB,PLS=0,Temp=47.0C/0.0C,TW=1.03ms,App=0.69ms,GD=0.00ms,CPU&GPU=3.80ms,LCnt=3(DR0,LM0),GPU%=0.14,CPU%=0.19(W0.21),CFL=11.42/15.53,ICFLp95=14.75,LD=0,SF=0.01,DpuScale=1.00,LP=0,DVFS=0,Preempt=144,PoseAgeP95=0.00
1789438395.089	72	72	0		545	0.67	3.57	146	47.0	0.14	FPS=72/72,Prd=22ms,Tear=0,Early=0,Stale=0,Stale2/5/10/max=0/0/0/0,VSnc=1,Lat=-4,Fov=0,CPU4/GPU=4/4,2208/545MHz,OC=3F,TA=0/0/0,SP=N/N/N,Mem=2736MHz,Free=3633MB,PLS=0,Temp=47.0C/0.0C,TW=1.03ms,App=0.67ms,GD=0.00ms,CPU&GPU=3.57ms,LCnt=3(DR0,LM0),GPU%=0.14,CPU%=0.20(W0.21),CFL=11.55/15.55,ICFLp95=14.77,LD=0,SF=0.01,DpuScale=1.00,LP=0,DVFS=0,Preempt=146,PoseAgeP95=0.00
1789438396.089	72	72	0		545	0.67	3.45	144	47.0	0.14	FPS=72/72,Prd=22ms,Tear=0,Early=0,Stale=0,Stale2/5/10/max=0/0/0/0,VSnc=1,Lat=-4,Fov=0,CPU4/GPU=4/4,2208/545MHz,OC=3F,TA=0/0/0,SP=N/N/N,Mem=2736MHz,Free=3633MB,PLS=0,Temp=47.0C/0.0C,TW=1.03ms,App=0.67ms,GD=0.00ms,CPU&GPU=3.45ms,LCnt=3(DR0,LM0),GPU%=0.14,CPU%=0.20(W0.23),CFL=11.61/15.56,ICFLp95=14.75,LD=0,SF=0.01,DpuScale=1.00,LP=0,DVFS=0,Preempt=144,PoseAgeP95=0.00
1789438397.089	73	72	0		545	0.67	3.70	146	47.0	0.14	FPS=73/72,Prd=22ms,Tear=0,Early=0,Stale=0,Stale2/5/10/max=0/0/0/0,VSnc=1,Lat=-4,Fov=0,CPU4/GPU=4/4,2208/545MHz,OC=3F,TA=0/0/0,SP=N/N/N,Mem=2736MHz,Free=3633MB,PLS=0,Temp=47.0C/0.0C,TW=1.03ms,App=0.67ms,GD=0.00ms,CPU&GPU=3.70ms,LCnt=3(DR0,LM0),GPU%=0.14,CPU%=0.20(W0.24),CFL=11.64/15.66,ICFLp95=14.85,LD=0,SF=0.01,DpuScale=1.00,LP=0,DVFS=0,Preempt=146,PoseAgeP95=0.00
1789438398.089	72	72	0		545	0.69	3.74	146	47.0	0.14	FPS=72/72,Prd=22ms,Tear=0,Early=0,Stale=0,Stale2/5/10/max=0/0/0/0,VSnc=1,Lat=-4,Fov=0,CPU4/GPU=4/4,2208/545MHz,OC=3F,TA=0/0/0,SP=N/N/N,Mem=2736MHz,Free=3633MB,PLS=0,Temp=47.0C/0.0C,TW=1.03ms,App=0.69ms,GD=0.00ms,CPU&GPU=3.74ms,LCnt=3(DR0,LM0),GPU%=0.14,CPU%=0.21(W0.27),CFL=11.68/15.60,ICFLp95=14.84,LD=0,SF=0.01,DpuScale=1.00,LP=0,DVFS=0,Preempt=146,PoseAgeP95=0.00
1789438399.089	73	72	0		545	0.65	3.39	144	47.0	0.14	FPS=73/72,Prd=22ms,Tear=0,Early=0,Stale=0,Stale2/5/10/max=0/0/0/0,VSnc=1,Lat=-4,Fov=0,CPU4/GPU=4/4,2208/545MHz,OC=3F,TA=0/0/0,SP=N/N/N,Mem=2736MHz,Free=3633MB,PLS=0,Temp=47.0C/0.0C,TW=1.03ms,App=0.65ms,GD=0.00ms,CPU&GPU=3.39ms,LCnt=3(DR0,LM0),GPU%=0.14,CPU%=0.20(W0.21),CFL=11.65/15.64,ICFLp95=14.81,LD=0,SF=0.01,DpuScale=1.00,LP=0,DVFS=0,Preempt=144,PoseAgeP95=0.00
1789438400.089	72	72	0		545	0.62	2.96	146	47.0	0.14	FPS=72/72,Prd=22ms,Tear=0,Early=0,Stale=0,Stale2/5/10/max=0/0/0/0,VSnc=1,Lat=-4,Fov=0,CPU4/GPU=4/4,2208/545MHz,OC=3F,TA=0/0/0,SP=N/N/N,Mem=2736MHz,Free=3633MB,PLS=0,Temp=47.0C/0.0C,TW=1.03ms,App=0.62ms,GD=0.00ms,CPU&GPU=2.96ms,LCnt=3(DR0,LM0),GPU%=0.14,CPU%=0.18(W0.21),CFL=11.58/15.57,ICFLp95=14.78,LD=0,SF=0.01,DpuScale=1.00,LP=0,DVFS=0,Preempt=146,PoseAgeP95=0.00
