# сэмплер частоты GPU, период 0.25 с
# лестница: 690000000 640000000 599000000 545000000 492000000 456000000 421000000 350000000 317000000 285000000 
# unix_время	клок_Гц	загрузка_%	резиденция_по_ступеням
1789399891.704583060	456000000	52	0 28561407 74384888 151011701 1049427699 2667324743 74444 76541 11845 1210238 
1789399891.998837360	456000000	38	0 28561407 74384888 151011701 1049427699 2667428457 74444 76541 11845 1210238 
1789399892.296643327	456000000	38	0 28561407 74384888 151011701 1049427699 2667534421 74444 76541 11845 1210238 
1789399892.598982524	456000000	38	0 28561407 74384888 151011701 1049427699 2667627197 74444 76541 11845 1210238 
1789399892.895094220	492000000	35	0 28561407 74384888 151011701 1049473251 2667708648 74444 76541 11845 1210238 
1789399893.190374510	492000000	35	0 28561407 74384888 151011701 1049584405 2667708648 74444 76541 11845 1210238 
1789399893.484980112	492000000	35	0 28561407 74384888 151011701 1049698908 2667708648 74444 76541 11845 1210238 
1789399893.781167069	492000000	38	0 28561407 74384888 151011701 1049815352 2667708648 74444 76541 11845 1210238 
1789399894.082786734	456000000	38	0 28561407 74384888 151011701 1049824090 2667821220 74444 76541 11845 1210238 
1789399894.378451295	456000000	38	0 28561407 74384888 151011701 1049824090 2667943093 74444 76541 11845 1210238 
1789399894.678641325	456000000	38	0 28561407 74384888 151011701 1049824090 2668067316 74444 76541 11845 1210238 
1789399894.978335678	456000000	40	0 28561407 74384888 151011701 1049824090 2668188925 74444 76541 11845 1210238 
1789399895.278503208	456000000	40	0 28561407 74384888 151011701 1049824090 2668312520 74444 76541 11845 1210238 
1789399895.575026779	456000000	40	0 28561407 74384888 151011701 1049824090 2668423838 74444 76541 11845 1210238 
1789399895.874985298	456000000	38	0 28561407 74384888 151011701 1049824090 2668527342 74444 76541 11845 1210238 
1789399896.172385120	456000000	38	0 28561407 74384888 151011701 1049824090 2668633646 74444 76541 11845 1210238 
1789399896.472603170	456000000	38	0 28561407 74384888 151011701 1049824090 2668745407 74444 76541 11845 1210238 
1789399896.774107055	456000000	37	0 28561407 74384888 151011701 1049824090 2668865840 74444 76541 11845 1210238 
1789399897.074046876	456000000	37	0 28561407 74384888 151011701 1049824090 2668988395 74444 76541 11845 1210238 
1789399897.377410917	456000000	37	0 28561407 74384888 151011701 1049824090 2669109762 74444 76541 11845 1210238 
1789399897.675675217	456000000	37	0 28561407 74384888 151011701 1049824090 2669225498 74444 76541 11845 1210238 
1789399897.971203528	456000000	40	0 28561407 74384888 151011701 1049824090 2669344884 74444 76541 11845 1210238 
1789399898.271584756	456000000	40	0 28561407 74384888 151011701 1049824090 2669466480 74444 76541 11845 1210238 
1789399898.572779786	456000000	40	0 28561407 74384888 151011701 1049824090 2669585915 74444 76541 11845 1210238 
1789399898.870462420	456000000	40	0 28561407 74384888 151011701 1049824090 2669705585 74444 76541 11845 1210238 
1789399899.166346824	456000000	40	0 28561407 74384888 151011701 1049824090 2669825643 74444 76541 11845 1210238 
1789399899.466990656	456000000	40	0 28561407 74384888 151011701 1049824090 2669931523 74444 76541 11845 1210238 
1789399899.763676050	456000000	40	0 28561407 74384888 151011701 1049824090 2670036756 74444 76541 11845 1210238 
1789399900.062842799	456000000	37	0 28561407 74384888 151011701 1049824090 2670142760 74444 76541 11845 1210238 
1789399900.357613974	456000000	37	0 28561407 74384888 151011701 1049824090 2670225400 74444 76541 11845 1210238 
1789399900.652468743	456000000	37	0 28561407 74384888 151011701 1049824090 2670350331 74444 76541 11845 1210238 
1789399900.954625856	456000000	35	0 28561407 74384888 151011701 1049824090 2670488378 74444 76541 11845 1210238 
1789399901.259894220	456000000	35	0 28561407 74384888 151011701 1049824090 2670630880 74444 76541 11845 1210238 
1789399901.561805240	456000000	35	0 28561407 74384888 151011701 1049824090 2670775089 74444 76541 11845 1210238 
1789399901.866588031	456000000	47	0 28561407 74384888 151011701 1049824090 2670919684 74444 76541 11845 1210238 
1789399902.167918009	456000000	47	0 28561407 74384888 151011701 1049824090 2671061359 74444 76541 11845 1210238 
1789399902.469159549	456000000	47	0 28561407 74384888 151011701 1049824090 2671206855 74444 76541 11845 1210238 
1789399902.779858642	456000000	47	0 28561407 74384888 151011701 1049824090 2671352813 74444 76541 11845 1210238 
1789399903.084305496	456000000	47	0 28561407 74384888 151011701 1049824090 2671497141 74444 76541 11845 1210238 
1789399903.390532297	456000000	47	0 28561407 74384888 151011701 1049824090 2671628510 74444 76541 11845 1210238 
1789399903.695235765	456000000	47	0 28561407 74384888 151011701 1049824090 2671755012 74444 76541 11845 1210238 
1789399903.999882097	456000000	43	0 28561407 74384888 151011701 1049824090 2671879389 74444 76541 11845 1210238 
1789399904.301663065	456000000	43	0 28561407 74384888 151011701 1049824090 2672002085 74444 76541 11845 1210238 
1789399904.609511689	456000000	43	0 28561407 74384888 151011701 1049824090 2672128933 74444 76541 11845 1210238 
1789399904.917091876	456000000	40	0 28561407 74384888 151011701 1049824090 2672255633 74444 76541 11845 1210238 
1789399905.223572375	456000000	40	0 28561407 74384888 151011701 1049824090 2672379229 74444 76541 11845 1210238 
1789399905.528893448	456000000	40	0 28561407 74384888 151011701 1049824090 2672504535 74444 76541 11845 1210238 
1789399905.838955926	456000000	40	0 28561407 74384888 151011701 1049824090 2672630544 74444 76541 11845 1210238 
1789399906.145700436	456000000	40	0 28561407 74384888 151011701 1049824090 2672757074 74444 76541 11845 1210238 
1789399906.449375623	456000000	40	0 28561407 74384888 151011701 1049824090 2672881595 74444 76541 11845 1210238 
1789399906.751226642	456000000	40	0 28561407 74384888 151011701 1049824090 2673004723 74444 76541 11845 1210238 
1789399907.052638599	456000000	41	0 28561407 74384888 151011701 1049824090 2673134037 74444 76541 11845 1210238 
1789399907.360882536	456000000	41	0 28561407 74384888 151011701 1049824090 2673279068 74444 76541 11845 1210238 
1789399907.671426630	456000000	41	0 28561407 74384888 151011701 1049824090 2673425182 74444 76541 11845 1210238 
1789399907.982892390	456000000	45	0 28561407 74384888 151011701 1049824090 2673566107 74444 76541 11845 1210238 
1789399908.289128827	456000000	45	0 28561407 74384888 151011701 1049824090 2673676487 74444 76541 11845 1210238 
1789399908.593455732	456000000	45	0 28561407 74384888 151011701 1049824090 2673706545 74444 76541 11845 1210238 
1789399908.909227482	456000000	25	0 28561407 74384888 151011701 1049824090 2673736333 74444 76541 11845 1210238 
1789399909.222607618	456000000	25	0 28561407 74384888 151011701 1049824090 2673766426 74444 76541 11845 1210238 
1789399909.529275357	456000000	25	0 28561407 74384888 151011701 1049824090 2673795199 74444 76541 11845 1210238 
1789399909.820300698	640000000	27	0 28702870 74395841 151023303 1049834615 2673867269 74444 76541 11845 1210238 
1789399910.117303696	599000000	27	0 28758848 74545487 151036168 1049834615 2673867269 74444 76541 11845 1210238 
1789399910.421952112	599000000	27	0 28758848 74788001 151036168 1049834615 2673867269 74444 76541 11845 1210238 
1789399910.721345840	599000000	27	0 28758848 75030525 151036168 1049834615 2673867269 74444 76541 11845 1210238 
1789399911.023290557	599000000	77	0 28758848 75273436 151036168 1049834615 2673867269 74444 76541 11845 1210238 
1789399911.322024598	599000000	77	0 28758848 75513404 151036168 1049834615 2673867269 74444 76541 11845 1210238 
1789399911.622989992	599000000	77	0 28758848 75753591 151036168 1049834615 2673867269 74444 76541 11845 1210238 
1789399911.924366689	599000000	79	0 28758848 75993582 151036168 1049834615 2673867269 74444 76541 11845 1210238 
1789399912.226218750	599000000	79	0 28758848 76116328 151036168 1049834615 2673867269 74444 76541 11845 1210238 
1789399912.524550238	545000000	79	0 28758848 76146947 151103058 1049834615 2673867269 74444 76541 11845 1210238 
1789399912.822197976	545000000	43	0 28758848 76146947 151211045 1049834615 2673867269 74444 76541 11845 1210238 
1789399913.121970141	545000000	43	0 28758848 76146947 151312503 1049834615 2673867269 74444 76541 11845 1210238 
1789399913.415900900	545000000	43	0 28758848 76146947 151415283 1049834615 2673867269 74444 76541 11845 1210238 
1789399913.718024472	492000000	43	0 28758848 76146947 151418282 1049947082 2673867269 74444 76541 11845 1210238 
1789399914.019997835	492000000	35	0 28758848 76146947 151418282 1050063338 2673867269 74444 76541 11845 1210238 
1789399914.319764375	492000000	35	0 28758848 76146947 151418282 1050178387 2673867269 74444 76541 11845 1210238 
1789399914.615897790	456000000	35	0 28758848 76146947 151418282 1050220461 2673943124 74444 76541 11845 1210238 
1789399914.913369435	456000000	39	0 28758848 76146947 151418282 1050220461 2674062430 74444 76541 11845 1210238 
1789399915.207928162	456000000	39	0 28758848 76146947 151418282 1050220461 2674179934 74444 76541 11845 1210238 
1789399915.507164806	456000000	39	0 28758848 76146947 151418282 1050220461 2674299239 74444 76541 11845 1210238 
1789399915.799384939	456000000	40	0 28758848 76146947 151418282 1050220461 2674419216 74444 76541 11845 1210238 
1789399916.099994865	456000000	40	0 28758848 76146947 151418282 1050220461 2674537405 74444 76541 11845 1210238 
1789399916.399605624	456000000	40	0 28758848 76146947 151418282 1050220461 2674656663 74444 76541 11845 1210238 
1789399916.696325602	456000000	40	0 28758848 76146947 151418282 1050220461 2674776883 74444 76541 11845 1210238 
1789399916.999211726	456000000	40	0 28758848 76146947 151418282 1050220461 2674898592 74444 76541 11845 1210238 
1789399917.295977016	456000000	40	0 28758848 76146947 151418282 1050220461 2674964449 74444 76541 11845 1210238 
1789399917.586865534	456000000	40	0 28758848 76146947 151418282 1050220461 2674992224 74444 76541 11845 1210238 
1789399917.877765251	640000000	35	0 28929267 76158249 151429889 1050230840 2675061352 74444 76541 11845 1210238 
1789399918.177564968	640000000	35	0 29224740 76158249 151429889 1050230840 2675061352 74444 76541 11845 1210238 
1789399918.473709425	640000000	35	0 29521814 76158249 151429889 1050230840 2675061352 74444 76541 11845 1210238 
1789399918.775385184	640000000	35	0 29824285 76158249 151429889 1050230840 2675061352 74444 76541 11845 1210238 
1789399919.077895370	640000000	99	0 30124400 76158249 151429889 1050230840 2675061352 74444 76541 11845 1210238 
1789399919.379416859	640000000	99	0 30421125 76158249 151429889 1050230840 2675061352 74444 76541 11845 1210238 
1789399919.673622148	640000000	99	0 30712758 76158249 151429889 1050230840 2675061352 74444 76541 11845 1210238 
1789399919.970129990	640000000	99	0 31009882 76158249 151429889 1050230840 2675061352 74444 76541 11845 1210238 
1789399920.269296531	640000000	99	0 31306754 76158249 151429889 1050230840 2675061352 74444 76541 11845 1210238 
1789399920.565447706	640000000	99	0 31415295 76158249 151429889 1050230840 2675061352 74444 76541 11845 1210238 
1789399920.859839194	599000000	63	0 31423827 76221669 151429889 1050230840 2675061352 74444 76541 11845 1210238 
1789399921.156917088	599000000	63	0 31423827 76293817 151429889 1050230840 2675061352 74444 76541 11845 1210238 
1789399921.457988368	599000000	63	0 31423827 76366552 151429889 1050230840 2675061352 74444 76541 11845 1210238 
1789399921.753452772	545000000	63	0 31423827 76431134 151439014 1050230840 2675061352 74444 76541 11845 1210238 
1789399922.050396135	545000000	24	0 31423827 76431134 151517312 1050230840 2675061352 74444 76541 11845 1210238 
1789399922.345740435	545000000	24	0 31423827 76431134 151592298 1050230840 2675061352 74444 76541 11845 1210238 
1789399922.643679996	545000000	24	0 31423827 76431134 151671272 1050230840 2675061352 74444 76541 11845 1210238 
1789399922.946952058	492000000	25	0 31423827 76431134 151717510 1050263304 2675061352 74444 76541 11845 1210238 
1789399923.244200577	492000000	25	0 31423827 76431134 151717510 1050347555 2675061352 74444 76541 11845 1210238 
1789399923.542889617	492000000	25	0 31423827 76431134 151717510 1050429445 2675061352 74444 76541 11845 1210238 
1789399923.842958605	492000000	27	0 31423827 76431134 151717510 1050509786 2675061352 74444 76541 11845 1210238 
1789399924.141737802	456000000	27	0 31423827 76431134 151717510 1050521047 2675138605 74444 76541 11845 1210238 
1789399924.440598561	456000000	27	0 31423827 76431134 151717510 1050521047 2675223943 74444 76541 11845 1210238 
1789399924.741441299	456000000	27	0 31423827 76431134 151717510 1050521047 2675312656 74444 76541 11845 1210238 
1789399925.042119662	456000000	28	0 31423827 76431134 151717510 1050521047 2675395874 74444 76541 11845 1210238 
1789399925.340988807	456000000	28	0 31423827 76431134 151717510 1050521047 2675486007 74444 76541 11845 1210238 
1789399925.644308681	456000000	28	0 31423827 76431134 151717510 1050521047 2675534777 74444 76541 11845 1210238 
1789399925.939474179	640000000	34	0 31553611 76441236 151730430 1050531706 2675597892 74444 76541 11845 1210238 
1789399926.238183167	456000000	34	0 31623244 76478827 151768740 1050574698 2675619170 74444 76541 11845 1210238 
1789399926.538318822	492000000	34	0 31623244 76478827 151768740 1050752596 2675673117 74444 76541 11845 1210238 
1789399926.836462601	492000000	73	0 31623244 76478827 151768740 1050988243 2675673117 74444 76541 11845 1210238 
1789399927.136169610	492000000	73	0 31623244 76478827 151768740 1051219419 2675673117 74444 76541 11845 1210238 
1789399927.431825942	492000000	73	0 31623244 76478827 151768740 1051459727 2675673117 74444 76541 11845 1210238 
1789399927.736628629	492000000	73	0 31623244 76478827 151768740 1051699802 2675673117 74444 76541 11845 1210238 
1789399928.034379908	492000000	79	0 31623244 76478827 151768740 1051937610 2675673117 74444 76541 11845 1210238 
1789399928.336569105	492000000	79	0 31623244 76478827 151768740 1052173883 2675673117 74444 76541 11845 1210238 
1789399928.637998198	492000000	79	0 31623244 76478827 151768740 1052419171 2675673117 74444 76541 11845 1210238 
1789399928.935627238	492000000	71	0 31623244 76478827 151768740 1052500087 2675673117 74444 76541 11845 1210238 
1789399929.231535653	492000000	71	0 31623244 76478827 151768740 1052586930 2675673117 74444 76541 11845 1210238 
1789399929.536401881	492000000	71	0 31623244 76478827 151768740 1052672077 2675673117 74444 76541 11845 1210238 
1789399929.832630400	492000000	27	0 31623244 76478827 151768740 1052750045 2675673117 74444 76541 11845 1210238 
1789399930.129496575	456000000	27	0 31623244 76478827 151768740 1052766375 2675742302 74444 76541 11845 1210238 
1789399930.426884626	456000000	27	0 31623244 76478827 151768740 1052766375 2675826642 74444 76541 11845 1210238 
1789399930.724817520	456000000	27	0 31623244 76478827 151768740 1052766375 2675911773 74444 76541 11845 1210238 
1789399931.021998695	456000000	28	0 31623244 76478827 151768740 1052766375 2675999324 74444 76541 11845 1210238 
1789399931.322201590	456000000	28	0 31623244 76478827 151768740 1052766375 2676084739 74444 76541 11845 1210238 
1789399931.617440890	456000000	28	0 31623244 76478827 151768740 1052766375 2676168216 74444 76541 11845 1210238 
1789399931.915950712	456000000	28	0 31623244 76478827 151768740 1052766375 2676256415 74444 76541 11845 1210238 
1789399932.216976419	456000000	28	0 31623244 76478827 151768740 1052766375 2676340871 74444 76541 11845 1210238 
1789399932.520083636	456000000	28	0 31623244 76478827 151768740 1052766375 2676430617 74444 76541 11845 1210238 
1789399932.822121531	456000000	28	0 31623244 76478827 151768740 1052766375 2676518227 74444 76541 11845 1210238 
1789399933.119548071	456000000	28	0 31623244 76478827 151768740 1052766375 2676601838 74444 76541 11845 1210238 
1789399933.415892215	456000000	28	0 31623244 76478827 151768740 1052766375 2676686881 74444 76541 11845 1210238 
1789399933.712682505	456000000	28	0 31623244 76478827 151768740 1052766375 2676774110 74444 76541 11845 1210238 
1789399934.010526389	456000000	27	0 31623244 76478827 151768740 1052766375 2676838621 74444 76541 11845 1210238 
1789399934.307201783	640000000	27	0 31762551 76489667 151779006 1052776434 2676890706 74444 76541 11845 1210238 
1789399934.607128167	599000000	27	0 31807109 76641987 151779006 1052776434 2676890706 74444 76541 11845 1210238 
1789399934.904580593	599000000	61	0 31807109 76839066 151779006 1052776434 2676890706 74444 76541 11845 1210238 
1789399935.200932133	599000000	61	0 31807109 77041180 151779006 1052776434 2676890706 74444 76541 11845 1210238 
1789399935.502353621	545000000	61	0 31807109 77162682 151870291 1052776434 2676890706 74444 76541 11845 1210238 
1789399935.802186620	545000000	61	0 31807109 77162682 152087484 1052776434 2676890706 74444 76541 11845 1210238 
1789399936.103474775	545000000	69	0 31807109 77162682 152305048 1052776434 2676890706 74444 76541 11845 1210238 
1789399936.402192252	492000000	69	0 31807109 77162682 152503572 1052794924 2676890706 74444 76541 11845 1210238 
1789399936.702457178	492000000	69	0 31807109 77162682 152503572 1053036546 2676890706 74444 76541 11845 1210238 
1789399937.003536323	492000000	75	0 31807109 77162682 152503572 1053245054 2676890706 74444 76541 11845 1210238 
1789399937.298085519	492000000	75	0 31807109 77162682 152503572 1053354654 2676890706 74444 76541 11845 1210238 
1789399937.597466121	456000000	75	0 31807109 77162682 152503572 1053388468 2676974741 74444 76541 11845 1210238 
1789399937.900552766	456000000	42	0 31807109 77162682 152503572 1053388468 2677091519 74444 76541 11845 1210238 
1789399938.198709619	456000000	42	0 31807109 77162682 152503572 1053388468 2677212156 74444 76541 11845 1210238 
1789399938.500255586	456000000	42	0 31807109 77162682 152503572 1053388468 2677326653 74444 76541 11845 1210238 
1789399938.797356189	456000000	42	0 31807109 77162682 152503572 1053388468 2677442110 74444 76541 11845 1210238 
1789399939.094256687	456000000	39	0 31807109 77162682 152503572 1053388468 2677557314 74444 76541 11845 1210238 
1789399939.392627498	456000000	39	0 31807109 77162682 152503572 1053388468 2677673453 74444 76541 11845 1210238 
1789399939.691349351	456000000	39	0 31807109 77162682 152503572 1053388468 2677789652 74444 76541 11845 1210238 
1789399939.994365318	456000000	38	0 31807109 77162682 152503572 1053388468 2677906377 74444 76541 11845 1210238 
1789399940.289364775	456000000	38	0 31807109 77162682 152503572 1053388468 2678019279 74444 76541 11845 1210238 
1789399940.584508815	456000000	38	0 31807109 77162682 152503572 1053388468 2678135773 74444 76541 11845 1210238 
1789399940.888385147	456000000	38	0 31807109 77162682 152503572 1053388468 2678252514 74444 76541 11845 1210238 
1789399941.188885177	456000000	38	0 31807109 77162682 152503572 1053388468 2678368400 74444 76541 11845 1210238 
1789399941.488107186	456000000	38	0 31807109 77162682 152503572 1053388468 2678484436 74444 76541 11845 1210238 
1789399941.785885497	456000000	38	0 31807109 77162682 152503572 1053388468 2678599856 74444 76541 11845 1210238 
1789399942.083178131	456000000	38	0 31807109 77162682 152503572 1053388468 2678698943 74444 76541 11845 1210238 
1789399942.381953213	640000000	38	0 31848750 77173009 152513653 1053398722 2678778588 74444 76541 11845 1210238 
1789399942.681107565	640000000	38	0 32147142 77173009 152513653 1053398722 2678778588 74444 76541 11845 1210238 
1789399942.979641970	640000000	68	0 32445707 77173009 152513653 1053398722 2678778588 74444 76541 11845 1210238 
1789399943.279934292	640000000	68	0 32740193 77173009 152513653 1053398722 2678778588 74444 76541 11845 1210238 
1789399943.579162238	640000000	68	0 33041964 77173009 152513653 1053398722 2678778588 74444 76541 11845 1210238 
1789399943.884370914	640000000	99	0 33342513 77173009 152513653 1053398722 2678778588 74444 76541 11845 1210238 
1789399944.181917871	640000000	99	0 33637528 77173009 152513653 1053398722 2678778588 74444 76541 11845 1210238 
1789399944.480184047	640000000	99	0 33934270 77173009 152513653 1053398722 2678778588 74444 76541 11845 1210238 
1789399944.781954233	640000000	99	0 34234750 77173009 152513653 1053398722 2678778588 74444 76541 11845 1210238 
1789399945.086263638	640000000	99	0 34535959 77173009 152513653 1053398722 2678778588 74444 76541 11845 1210238 
1789399945.381265855	640000000	99	0 34711077 77173009 152513653 1053398722 2678778588 74444 76541 11845 1210238 
1789399945.679245572	599000000	99	0 34736633 77218015 152513653 1053398722 2678778588 74444 76541 11845 1210238 
1789399945.975715498	599000000	52	0 34736633 77308232 152513653 1053398722 2678778588 74444 76541 11845 1210238 
1789399946.271941100	599000000	52	0 34736633 77399093 152513653 1053398722 2678778588 74444 76541 11845 1210238 
1789399946.568158525	545000000	52	0 34736633 77466144 152534782 1053398722 2678778588 74444 76541 11845 1210238 
1789399946.864750899	545000000	52	0 34736633 77466144 152624563 1053398722 2678778588 74444 76541 11845 1210238 
1789399947.165028116	545000000	30	0 34736633 77466144 152714856 1053398722 2678778588 74444 76541 11845 1210238 
1789399947.463009187	545000000	30	0 34736633 77466144 152804590 1053398722 2678778588 74444 76541 11845 1210238 
1789399947.760591248	492000000	30	0 34736633 77466144 152811276 1053491833 2678778588 74444 76541 11845 1210238 
1789399948.065060810	492000000	31	0 34736633 77466144 152811276 1053594524 2678778588 74444 76541 11845 1210238 
1789399948.364225371	492000000	31	0 34736633 77466144 152811276 1053694151 2678778588 74444 76541 11845 1210238 
1789399948.659675348	456000000	31	0 34736633 77466144 152811276 1053773182 2678801163 74444 76541 11845 1210238 
1789399948.958126316	456000000	34	0 34736633 77466144 152811276 1053773182 2678908599 74444 76541 11845 1210238 
1789399949.259984523	456000000	34	0 34736633 77466144 152811276 1053773182 2679015508 74444 76541 11845 1210238 
1789399949.560940126	456000000	34	0 34736633 77466144 152811276 1053773182 2679120396 74444 76541 11845 1210238 
1789399949.860019426	456000000	34	0 34736633 77466144 152811276 1053773182 2679232492 74444 76541 11845 1210238 
1789399950.161610863	456000000	35	0 34736633 77466144 152811276 1053773182 2679345205 74444 76541 11845 1210238 
1789399950.461626778	456000000	35	0 34736633 77466144 152811276 1053773182 2679420563 74444 76541 11845 1210238 
1789399950.763154829	640000000	35	0 34838691 77477804 152821679 1053784122 2679486480 74444 76541 11845 1210238 
1789399951.061828452	599000000	46	0 34949586 77574259 152827785 1053784122 2679486480 74444 76541 11845 1210238 
1789399951.359344003	599000000	46	0 34949586 77811899 152827785 1053784122 2679486480 74444 76541 11845 1210238 
1789399951.656567418	599000000	46	0 34949586 78051023 152827785 1053784122 2679486480 74444 76541 11845 1210238 
1789399951.955398906	599000000	78	0 34949586 78290863 152827785 1053784122 2679486480 74444 76541 11845 1210238 
1789399952.253953571	599000000	78	0 34949586 78530713 152827785 1053784122 2679486480 74444 76541 11845 1210238 
1789399952.552924017	599000000	78	0 34949586 78769760 152827785 1053784122 2679486480 74444 76541 11845 1210238 
1789399952.852314204	599000000	78	0 34949586 79009566 152827785 1053784122 2679486480 74444 76541 11845 1210238 
1789399953.157751161	599000000	80	0 34949586 79253184 152827785 1053784122 2679486480 74444 76541 11845 1210238 
1789399953.455645201	599000000	80	0 34949586 79494729 152827785 1053784122 2679486480 74444 76541 11845 1210238 
1789399953.759389346	599000000	80	0 34949586 79593976 152827785 1053784122 2679486480 74444 76541 11845 1210238 
1789399954.055952136	545000000	60	0 34949586 79609748 152913823 1053784122 2679486480 74444 76541 11845 1210238 
1789399954.353117686	545000000	60	0 34949586 79609748 153019333 1053784122 2679486480 74444 76541 11845 1210238 
1789399954.651396622	545000000	60	0 34949586 79609748 153121449 1053784122 2679486480 74444 76541 11845 1210238 
1789399954.950303996	492000000	34	0 34949586 79609748 153172123 1053842553 2679486480 74444 76541 11845 1210238 
1789399955.252702099	492000000	34	0 34949586 79609748 153172123 1053957896 2679486480 74444 76541 11845 1210238 
1789399955.552430722	492000000	34	0 34949586 79609748 153172123 1054072066 2679486480 74444 76541 11845 1210238 
1789399955.848798148	492000000	34	0 34949586 79609748 153172123 1054187454 2679486480 74444 76541 11845 1210238 
1789399956.153444949	456000000	38	0 34949586 79609748 153172123 1054209600 2679584837 74444 76541 11845 1210238 
1789399956.456294510	456000000	38	0 34949586 79609748 153172123 1054209600 2679705823 74444 76541 11845 1210238 
1789399956.755769853	456000000	38	0 34949586 79609748 153172123 1054209600 2679828607 74444 76541 11845 1210238 
1789399957.056793789	456000000	40	0 34949586 79609748 153172123 1054209600 2679949477 74444 76541 11845 1210238 
1789399957.359200902	456000000	40	0 34949586 79609748 153172123 1054209600 2680072845 74444 76541 11845 1210238 
1789399957.659245412	456000000	40	0 34949586 79609748 153172123 1054209600 2680193144 74444 76541 11845 1210238 
1789399957.957774035	456000000	40	0 34949586 79609748 153172123 1054209600 2680313808 74444 76541 11845 1210238 
1789399958.259312971	456000000	40	0 34949586 79609748 153172123 1054209600 2680435864 74444 76541 11845 1210238 
1789399958.561872689	456000000	40	0 34949586 79609748 153172123 1054209600 2680556526 74444 76541 11845 1210238 
1789399958.861500531	456000000	40	0 34949586 79609748 153172123 1054209600 2680661382 74444 76541 11845 1210238 
1789399959.156433321	456000000	38	0 34949586 79609748 153172123 1054209600 2680766469 74444 76541 11845 1210238 
1789399959.456444601	456000000	38	0 34949586 79609748 153172123 1054209600 2680872360 74444 76541 11845 1210238 
1789399959.751966558	456000000	38	0 34949586 79609748 153172123 1054209600 2680978186 74444 76541 11845 1210238 
1789399960.054328567	456000000	35	0 34949586 79609748 153172123 1054209600 2681085115 74444 76541 11845 1210238 
1789399960.353506670	456000000	35	0 34949586 79609748 153172123 1054209600 2681191470 74444 76541 11845 1210238 
1789399960.654731387	456000000	35	0 34949586 79609748 153172123 1054209600 2681298155 74444 76541 11845 1210238 
1789399960.955525427	456000000	35	0 34949586 79609748 153172123 1054209600 2681404070 74444 76541 11845 1210238 
1789399961.255924937	456000000	35	0 34949586 79609748 153172123 1054209600 2681512411 74444 76541 11845 1210238 
1789399961.557203717	456000000	35	0 34949586 79609748 153172123 1054209600 2681616493 74444 76541 11845 1210238 
1789399961.856718069	456000000	35	0 34949586 79609748 153172123 1054209600 2681724435 74444 76541 11845 1210238 
1789399962.158349401	456000000	35	0 34949586 79609748 153172123 1054209600 2681830098 74444 76541 11845 1210238 
1789399962.456905473	456000000	35	0 34949586 79609748 153172123 1054209600 2681939023 74444 76541 11845 1210238 
1789399962.760876597	456000000	35	0 34949586 79609748 153172123 1054209600 2682043510 74444 76541 11845 1210238 
1789399963.055530012	456000000	35	0 34949586 79609748 153172123 1054209600 2682149062 74444 76541 11845 1210238 
1789399963.359025823	456000000	35	0 34949586 79609748 153172123 1054209600 2682257399 74444 76541 11845 1210238 
1789399963.663360385	456000000	35	0 34949586 79609748 153172123 1054209600 2682368404 74444 76541 11845 1210238 
1789399963.963151560	456000000	36	0 34949586 79609748 153172123 1054209600 2682488871 74444 76541 11845 1210238 
1789399964.263115913	456000000	36	0 34949586 79609748 153172123 1054209600 2682609770 74444 76541 11845 1210238 
1789399964.561792401	456000000	36	0 34949586 79609748 153172123 1054209600 2682730220 74444 76541 11845 1210238 
1789399964.863243681	456000000	36	0 34949586 79609748 153172123 1054209600 2682851159 74444 76541 11845 1210238 
1789399965.160950482	456000000	40	0 34949586 79609748 153172123 1054209600 2682970921 74444 76541 11845 1210238 
1789399965.458480928	456000000	40	0 34949586 79609748 153172123 1054209600 2683092415 74444 76541 11845 1210238 
1789399965.760486791	456000000	40	0 34949586 79609748 153172123 1054209600 2683211966 74444 76541 11845 1210238 
1789399966.058676092	456000000	40	0 34949586 79609748 153172123 1054209600 2683333311 74444 76541 11845 1210238 
1789399966.359805914	456000000	40	0 34949586 79609748 153172123 1054209600 2683454166 74444 76541 11845 1210238 
1789399966.655906360	456000000	40	0 34949586 79609748 153172123 1054209600 2683573210 74444 76541 11845 1210238 
1789399966.958064775	456000000	40	0 34949586 79609748 153172123 1054209600 2683692347 74444 76541 11845 1210238 
1789399967.254221628	456000000	40	0 34949586 79609748 153172123 1054209600 2683813745 74444 76541 11845 1210238 
1789399967.556281814	456000000	40	0 34949586 79609748 153172123 1054209600 2683933051 74444 76541 11845 1210238 
1789399967.853975073	456000000	40	0 34949586 79609748 153172123 1054209600 2684054138 74444 76541 11845 1210238 
1789399968.155038593	456000000	40	0 34949586 79609748 153172123 1054209600 2684175511 74444 76541 11845 1210238 
1789399968.451309351	456000000	40	0 34949586 79609748 153172123 1054209600 2684296140 74444 76541 11845 1210238 
1789399968.756341882	456000000	40	0 34949586 79609748 153172123 1054209600 2684407343 74444 76541 11845 1210238 
1789399969.051600713	456000000	38	0 34949586 79609748 153172123 1054209600 2684512177 74444 76541 11845 1210238 
1789399969.346131784	456000000	38	0 34949586 79609748 153172123 1054209600 2684616878 74444 76541 11845 1210238 
1789399969.644746553	456000000	38	0 34949586 79609748 153172123 1054209600 2684723084 74444 76541 11845 1210238 
1789399969.945013042	456000000	35	0 34949586 79609748 153172123 1054209600 2684830099 74444 76541 11845 1210238 
1789399970.245530780	456000000	35	0 34949586 79609748 153172123 1054209600 2684936338 74444 76541 11845 1210238 
1789399970.544767529	456000000	35	0 34949586 79609748 153172123 1054209600 2685042813 74444 76541 11845 1210238 
1789399970.845201777	456000000	35	0 34949586 79609748 153172123 1054209600 2685148014 74444 76541 11845 1210238 
1789399971.140630088	456000000	35	0 34949586 79609748 153172123 1054209600 2685257227 74444 76541 11845 1210238 
1789399971.440530118	456000000	35	0 34949586 79609748 153172123 1054209600 2685367734 74444 76541 11845 1210238 
1789399971.739050720	456000000	35	0 34949586 79609748 153172123 1054209600 2685478663 74444 76541 11845 1210238 
1789399972.038272677	456000000	36	0 34949586 79609748 153172123 1054209600 2685586614 74444 76541 11845 1210238 
1789399972.335461926	456000000	36	0 34949586 79609748 153172123 1054209600 2685692583 74444 76541 11845 1210238 
1789399972.638559248	456000000	36	0 34949586 79609748 153172123 1054209600 2685798728 74444 76541 11845 1210238 
1789399972.937114329	456000000	35	0 34949586 79609748 153172123 1054209600 2685905833 74444 76541 11845 1210238 
1789399973.235846547	456000000	35	0 34949586 79609748 153172123 1054209600 2686011766 74444 76541 11845 1210238 
1789399973.532152357	456000000	35	0 34949586 79609748 153172123 1054209600 2686117364 74444 76541 11845 1210238 
1789399973.831637127	456000000	35	0 34949586 79609748 153172123 1054209600 2686236676 74444 76541 11845 1210238 
1789399974.134886272	456000000	36	0 34949586 79609748 153172123 1054209600 2686357371 74444 76541 11845 1210238 
1789399974.432184426	456000000	36	0 34949586 79609748 153172123 1054209600 2686476945 74444 76541 11845 1210238 
1789399974.731962112	456000000	36	0 34949586 79609748 153172123 1054209600 2686597637 74444 76541 11845 1210238 
1789399975.029362871	456000000	40	0 34949586 79609748 153172123 1054209600 2686718213 74444 76541 11845 1210238 
1789399975.329181026	456000000	40	0 34949586 79609748 153172123 1054209600 2686838903 74444 76541 11845 1210238 
1789399975.633391629	456000000	40	0 34949586 79609748 153172123 1054209600 2686962211 74444 76541 11845 1210238 
1789399975.927684002	456000000	40	0 34949586 79609748 153172123 1054209600 2687080466 74444 76541 11845 1210238 
1789399976.225117886	456000000	40	0 34949586 79609748 153172123 1054209600 2687198987 74444 76541 11845 1210238 
1789399976.530590312	456000000	40	0 34949586 79609748 153172123 1054209600 2687324109 74444 76541 11845 1210238 
1789399976.833101020	456000000	40	0 34949586 79609748 153172123 1054209600 2687445876 74444 76541 11845 1210238 
1789399977.136322768	456000000	40	0 34949586 79609748 153172123 1054209600 2687566560 74444 76541 11845 1210238 
1789399977.434423111	456000000	40	0 34949586 79609748 153172123 1054209600 2687687049 74444 76541 11845 1210238 
1789399977.733975016	456000000	40	0 34949586 79609748 153172123 1054209600 2687810124 74444 76541 11845 1210238 
1789399978.037911035	456000000	40	0 34949586 79609748 153172123 1054209600 2687932117 74444 76541 11845 1210238 
1789399978.338414659	456000000	40	0 34949586 79609748 153172123 1054209600 2688052524 74444 76541 11845 1210238 
1789399978.636647189	456000000	40	0 34949586 79609748 153172123 1054209600 2688168114 74444 76541 11845 1210238 
1789399978.935300031	456000000	38	0 34949586 79609748 153172123 1054209600 2688276884 74444 76541 11845 1210238 
1789399979.236812249	456000000	38	0 34949586 79609748 153172123 1054209600 2688380090 74444 76541 11845 1210238 
1789399979.534206080	456000000	38	0 34949586 79609748 153172123 1054209600 2688486608 74444 76541 11845 1210238 
1789399979.832870016	456000000	38	0 34949586 79609748 153172123 1054209600 2688592731 74444 76541 11845 1210238 
1789399980.131611400	456000000	35	0 34949586 79609748 153172123 1054209600 2688698970 74444 76541 11845 1210238 
1789399980.428091065	456000000	35	0 34949586 79609748 153172123 1054209600 2688802951 74444 76541 11845 1210238 
1789399980.723882449	456000000	35	0 34949586 79609748 153172123 1054209600 2688908915 74444 76541 11845 1210238 
1789399981.019628572	456000000	35	0 34949586 79609748 153172123 1054209600 2689014855 74444 76541 11845 1210238 
1789399981.315509487	456000000	35	0 34949586 79609748 153172123 1054209600 2689118680 74444 76541 11845 1210238 
1789399981.614537329	456000000	35	0 34949586 79609748 153172123 1054209600 2689225212 74444 76541 11845 1210238 
1789399981.911435796	456000000	35	0 34949586 79609748 153172123 1054209600 2689332113 74444 76541 11845 1210238 
1789399982.209655045	456000000	35	0 34949586 79609748 153172123 1054209600 2689437918 74444 76541 11845 1210238 
1789399982.509138252	456000000	35	0 34949586 79609748 153172123 1054209600 2689543801 74444 76541 11845 1210238 
1789399982.806952135	456000000	35	0 34949586 79609748 153172123 1054209600 2689650036 74444 76541 11845 1210238 
1789399983.104370394	456000000	35	0 34949586 79609748 153172123 1054209600 2689754065 74444 76541 11845 1210238 
1789399983.401647247	456000000	35	0 34949586 79609748 153172123 1054209600 2689858724 74444 76541 11845 1210238 
1789399983.696728787	492000000	35	0 34949586 79609748 153172123 1054210643 2689932595 74444 76541 11845 1210238 
1789399983.987562774	492000000	26	0 34949586 79609748 153172123 1054234691 2689932595 74444 76541 11845 1210238 
1789399984.281690251	492000000	26	0 34949586 79609748 153172123 1054292536 2689932595 74444 76541 11845 1210238 
1789399984.602460700	492000000	26	0 34949586 79609748 153172123 1054355912 2689932595 74444 76541 11845 1210238 
1789399984.912092814	492000000	26	0 34949586 79609748 153172123 1054419616 2689932595 74444 76541 11845 1210238 
1789399985.218993886	492000000	19	0 34949586 79609748 153172123 1054470977 2689932595 74444 76541 11845 1210238 
1789399985.516608343	492000000	19	0 34949586 79609748 153172123 1054528058 2689932595 74444 76541 11845 1210238 
1789399985.815194518	492000000	19	0 34949586 79609748 153172123 1054578591 2689932595 74444 76541 11845 1210238 
1789399986.111066631	492000000	17	0 34949586 79609748 153172123 1054629666 2689932595 74444 76541 11845 1210238 
1789399986.408679734	492000000	17	0 34949586 79609748 153172123 1054680674 2689932595 74444 76541 11845 1210238 
1789399986.704598826	492000000	17	0 34949586 79609748 153172123 1054732593 2689932595 74444 76541 11845 1210238 
1789399987.003150835	492000000	17	0 34949586 79609748 153172123 1054783521 2689932595 74444 76541 11845 1210238 
1789399987.300194771	492000000	17	0 34949586 79609748 153172123 1054834481 2689932595 74444 76541 11845 1210238 
1789399987.597716779	492000000	17	0 34949586 79609748 153172123 1054886561 2689932595 74444 76541 11845 1210238 
1789399987.895492174	492000000	17	0 34949586 79609748 153172123 1054937557 2689932595 74444 76541 11845 1210238 
1789399988.191485224	492000000	17	0 34949586 79609748 153172123 1054989594 2689932595 74444 76541 11845 1210238 
1789399988.489928066	492000000	17	0 34949586 79609748 153172123 1055039438 2689932595 74444 76541 11845 1210238 
1789399988.783421064	492000000	17	0 34949586 79609748 153172123 1055090261 2689932595 74444 76541 11845 1210238 
1789399989.078473229	492000000	17	0 34949586 79609748 153172123 1055141570 2689932595 74444 76541 11845 1210238 
1789399989.376259977	492000000	17	0 34949586 79609748 153172123 1055192585 2689932595 74444 76541 11845 1210238 
1789399989.670479330	492000000	17	0 34949586 79609748 153172123 1055243819 2689932595 74444 76541 11845 1210238 
1789399989.972573318	492000000	17	0 34949586 79609748 153172123 1055295844 2689932595 74444 76541 11845 1210238 
1789399990.270128764	492000000	17	0 34949586 79609748 153172123 1055347696 2689932595 74444 76541 11845 1210238 
1789399990.566354002	492000000	17	0 34949586 79609748 153172123 1055398981 2689932595 74444 76541 11845 1210238 
1789399990.864488824	492000000	17	0 34949586 79609748 153172123 1055449118 2689932595 74444 76541 11845 1210238 
1789399991.160218332	492000000	17	0 34949586 79609748 153172123 1055500616 2689932595 74444 76541 11845 1210238 
1789399991.457326956	492000000	17	0 34949586 79609748 153172123 1055552333 2689932595 74444 76541 11845 1210238 
1789399991.753139068	492000000	17	0 34949586 79609748 153172123 1055602925 2689932595 74444 76541 11845 1210238 
1789399992.049156702	492000000	17	0 34949586 79609748 153172123 1055661561 2689932595 74444 76541 11845 1210238 
1789399992.348467721	545000000	17	0 34949586 79609748 153207991 1055667508 2689932595 74444 76541 11845 1210238 
1789399992.648621449	545000000	17	0 34949586 79609748 153250103 1055667508 2689932595 74444 76541 11845 1210238 
1789399992.945999135	545000000	17	0 34949586 79609748 153290824 1055667508 2689932595 74444 76541 11845 1210238 
1789399993.243203071	545000000	14	0 34949586 79609748 153330250 1055667508 2689932595 74444 76541 11845 1210238 
1789399993.536832475	545000000	14	0 34949586 79609748 153368625 1055667508 2689932595 74444 76541 11845 1210238 
1789399993.829481463	545000000	14	0 34949586 79609748 153408520 1055667508 2689932595 74444 76541 11845 1210238 
1789399994.128179878	545000000	13	0 34949586 79609748 153450089 1055667508 2689932595 74444 76541 11845 1210238 
1789399994.429286366	545000000	13	0 34949586 79609748 153491709 1055667508 2689932595 74444 76541 11845 1210238 
1789399994.731507438	545000000	13	0 34949586 79609748 153532875 1055667508 2689932595 74444 76541 11845 1210238 
1789399995.029019186	545000000	13	0 34949586 79609748 153574403 1055667508 2689932595 74444 76541 11845 1210238 
1789399995.326402081	545000000	13	0 34949586 79609748 153615527 1055667508 2689932595 74444 76541 11845 1210238 
1789399995.625057475	545000000	13	0 34949586 79609748 153657175 1055667508 2689932595 74444 76541 11845 1210238 
1789399995.925698078	545000000	13	0 34949586 79609748 153698140 1055667508 2689932595 74444 76541 11845 1210238 
1789399996.225182118	545000000	13	0 34949586 79609748 153739668 1055667508 2689932595 74444 76541 11845 1210238 
1789399996.524428033	545000000	13	0 34949586 79609748 153781850 1055667508 2689932595 74444 76541 11845 1210238 
1789399996.826559574	545000000	13	0 34949586 79609748 153820864 1055667508 2689932595 74444 76541 11845 1210238 
1789399997.121433093	545000000	13	0 34949586 79609748 153860857 1055667508 2689932595 74444 76541 11845 1210238 
1789399997.420785883	545000000	13	0 34949586 79609748 153902346 1055667508 2689932595 74444 76541 11845 1210238 
1789399997.723086226	545000000	13	0 34949586 79609748 153944120 1055667508 2689932595 74444 76541 11845 1210238 
1789399998.024524276	545000000	13	0 34949586 79609748 153986458 1055667508 2689932595 74444 76541 11845 1210238 
1789399998.325374046	545000000	13	0 34949586 79609748 154027663 1055667508 2689932595 74444 76541 11845 1210238 
1789399998.625047826	545000000	13	0 34949586 79609748 154069253 1055667508 2689932595 74444 76541 11845 1210238 
1789399998.929087387	545000000	13	0 34949586 79609748 154111754 1055667508 2689932595 74444 76541 11845 1210238 
1789399999.228108303	545000000	13	0 34949586 79609748 154150972 1055667508 2689932595 74444 76541 11845 1210238 
1789399999.523438228	545000000	13	0 34949586 79609748 154193411 1055667508 2689932595 74444 76541 11845 1210238 
1789399999.826145758	545000000	13	0 34949586 79609748 154234911 1055667508 2689932595 74444 76541 11845 1210238 
1789400000.127305475	545000000	13	0 34949586 79609748 154276413 1055667508 2689932595 74444 76541 11845 1210238 
1789400000.429682849	545000000	13	0 34949586 79609748 154317600 1055667508 2689932595 74444 76541 11845 1210238 
1789400000.733139703	545000000	13	0 34949586 79609748 154359508 1055667508 2689932595 74444 76541 11845 1210238 
1789400001.033521972	545000000	13	0 34949586 79609748 154400766 1055667508 2689932595 74444 76541 11845 1210238 
1789400001.335680179	545000000	13	0 34949586 79609748 154442488 1055667508 2689932595 74444 76541 11845 1210238 
1789400001.638802866	545000000	13	0 34949586 79609748 154483804 1055667508 2689932595 74444 76541 11845 1210238 
1789400001.942224979	545000000	13	0 34949586 79609748 154526178 1055667508 2689932595 74444 76541 11845 1210238 
1789400002.246231051	545000000	13	0 34949586 79609748 154566337 1055667508 2689932595 74444 76541 11845 1210238 
1789400002.545578529	545000000	13	0 34949586 79609748 154608511 1055667508 2689932595 74444 76541 11845 1210238 
1789400002.846398923	545000000	13	0 34949586 79609748 154649585 1055667508 2689932595 74444 76541 11845 1210238 
1789400003.146891349	545000000	13	0 34949586 79609748 154690796 1055667508 2689932595 74444 76541 11845 1210238 
1789400003.447466223	545000000	13	0 34949586 79609748 154731115 1055667508 2689932595 74444 76541 11845 1210238 
1789400003.746225680	545000000	13	0 34949586 79609748 154772781 1055667508 2689932595 74444 76541 11845 1210238 
1789400004.047727793	545000000	13	0 34949586 79609748 154813261 1055667508 2689932595 74444 76541 11845 1210238 
1789400004.344282093	545000000	13	0 34949586 79609748 154853490 1055667508 2689932595 74444 76541 11845 1210238 
1789400004.645045665	545000000	13	0 34949586 79609748 154894482 1055667508 2689932595 74444 76541 11845 1210238 
1789400004.946663716	545000000	13	0 34949586 79609748 154936051 1055667508 2689932595 74444 76541 11845 1210238 
1789400005.245988121	545000000	13	0 34949586 79609748 154977180 1055667508 2689932595 74444 76541 11845 1210238 
1789400005.547937213	545000000	13	0 34949586 79609748 155018148 1055667508 2689932595 74444 76541 11845 1210238 
1789400005.848687816	545000000	13	0 34949586 79609748 155059104 1055667508 2689932595 74444 76541 11845 1210238 
1789400006.148210711	545000000	13	0 34949586 79609748 155100879 1055667508 2689932595 74444 76541 11845 1210238 
1789400006.445398501	545000000	13	0 34949586 79609748 155141074 1055667508 2689932595 74444 76541 11845 1210238 
1789400006.744696812	545000000	13	0 34949586 79609748 155182728 1055667508 2689932595 74444 76541 11845 1210238 
1789400007.044967727	545000000	13	0 34949586 79609748 155219363 1055667508 2689932595 74444 76541 11845 1210238 
1789400007.336306298	545000000	13	0 34949586 79609748 155225473 1055667508 2689932595 74444 76541 11845 1210238 
1789400007.624080389	545000000	13	0 34949586 79609748 155225473 1055667508 2689932595 74444 76541 11845 1210238 
1789400007.925876773	545000000	13	0 34949586 79609748 155225473 1055667508 2689932595 74444 76541 11845 1210238 
1789400008.213129718	545000000	1	0 34949586 79609748 155225473 1055667508 2689932595 74444 76541 11845 1210238 
1789400008.506799644	545000000	1	0 34949586 79609748 155225473 1055667508 2689932595 74444 76541 11845 1210238 
1789400008.801812694	545000000	0	0 34949586 79609748 155225473 1055667508 2689932595 74444 76541 11845 1210238 
1789400009.098881786	545000000	0	0 34949586 79609748 155225473 1055667508 2689932595 74444 76541 11845 1210238 
1789400009.397307180	545000000	0	0 34949586 79609748 155225473 1055667508 2689932595 74444 76541 11845 1210238 
1789400009.692688199	545000000	0	0 34949586 79609748 155225473 1055667508 2689932595 74444 76541 11845 1210238 
1789400009.995980782	545000000	0	0 34949586 79609748 155225473 1055667508 2689932595 74444 76541 11845 1210238 
1789400010.294591957	545000000	0	0 34949586 79609748 155225473 1055667508 2689932595 74444 76541 11845 1210238 
1789400010.589475736	545000000	0	0 34949586 79609748 155225473 1055667508 2689932595 74444 76541 11845 1210238 
1789400010.880240870	545000000	0	0 34949586 79609748 155225473 1055667508 2689932595 74444 76541 11845 1210238 
1789400011.172099388	545000000	0	0 34949586 79609748 155225473 1055667508 2689932595 74444 76541 11845 1210238 
1789400011.463377438	545000000	0	0 34949586 79609748 155225473 1055667508 2689932595 74444 76541 11845 1210238 
1789400011.759092884	545000000	0	0 34949586 79609748 155225473 1055667508 2689932595 74444 76541 11845 1210238 
1789400012.052314841	545000000	0	0 34949586 79609748 155225473 1055667508 2689932595 74444 76541 11845 1210238 
1789400012.344225963	545000000	0	0 34949586 79609748 155225473 1055667508 2689932595 74444 76541 11845 1210238 
1789400012.639308649	545000000	0	0 34949586 79609748 155225473 1055667508 2689932595 74444 76541 11845 1210238 
1789400012.935114356	545000000	0	0 34949586 79609748 155225473 1055667508 2689932595 74444 76541 11845 1210238 
1789400013.235094177	545000000	0	0 34949586 79609748 155225473 1055667508 2689932595 74444 76541 11845 1210238 
1789400013.529280248	545000000	0	0 34949586 79609748 155225473 1055667508 2689932595 74444 76541 11845 1210238 
1789400013.820015277	545000000	0	0 34949586 79609748 155225473 1055667508 2689932595 74444 76541 11845 1210238 
1789400014.119621296	545000000	0	0 34949586 79609748 155225473 1055667508 2689932595 74444 76541 11845 1210238 
1789400014.416992680	545000000	0	0 34949586 79609748 155225473 1055667508 2689932595 74444 76541 11845 1210238 
1789400014.710635157	545000000	0	0 34949586 79609748 155225473 1055667508 2689932595 74444 76541 11845 1210238 
1789400015.002827530	545000000	0	0 34949586 79609748 155225473 1055667508 2689932595 74444 76541 11845 1210238 
1789400015.300291414	545000000	0	0 34949586 79609748 155225473 1055667508 2689932595 74444 76541 11845 1210238 
1789400015.592531079	545000000	0	0 34949586 79609748 155225473 1055667508 2689932595 74444 76541 11845 1210238 
1789400015.889096941	545000000	0	0 34949586 79609748 155225473 1055667508 2689932595 74444 76541 11845 1210238 
1789400016.185057804	545000000	0	0 34949586 79609748 155225473 1055667508 2689932595 74444 76541 11845 1210238 
1789400016.477754500	545000000	0	0 34949586 79609748 155225473 1055667508 2689932595 74444 76541 11845 1210238 
1789400016.772514477	545000000	0	0 34949586 79609748 155225473 1055667508 2689932595 74444 76541 11845 1210238 
1789400017.064931850	545000000	0	0 34949586 79609748 155225473 1055667508 2689932595 74444 76541 11845 1210238 
1789400017.359777036	545000000	0	0 34949586 79609748 155225473 1055667508 2689932595 74444 76541 11845 1210238 
1789400017.655558680	545000000	0	0 34949586 79609748 155225473 1055667508 2689932595 74444 76541 11845 1210238 
1789400017.952826105	545000000	0	0 34949586 79609748 155225473 1055667508 2689932595 74444 76541 11845 1210238 
1789400018.246910926	545000000	0	0 34949586 79609748 155225473 1055667508 2689932595 74444 76541 11845 1210238 
1789400018.545620227	545000000	0	0 34949586 79609748 155225473 1055667508 2689932595 74444 76541 11845 1210238 
1789400018.843801767	545000000	0	0 34949586 79609748 155225473 1055667508 2689932595 74444 76541 11845 1210238 
1789400019.137564713	545000000	0	0 34949586 79609748 155225473 1055667508 2689932595 74444 76541 11845 1210238 
1789400019.434032034	545000000	0	0 34949586 79609748 155225473 1055667508 2689932595 74444 76541 11845 1210238 
1789400019.726201126	545000000	0	0 34949586 79609748 155225473 1055667508 2689932595 74444 76541 11845 1210238 
1789400020.025272197	545000000	0	0 34949586 79609748 155225473 1055667508 2689932595 74444 76541 11845 1210238 
1789400020.320423998	545000000	0	0 34949586 79609748 155225473 1055667508 2689932595 74444 76541 11845 1210238 
1789400020.614796371	545000000	0	0 34949586 79609748 155225473 1055667508 2689932595 74444 76541 11845 1210238 
1789400020.910696973	545000000	0	0 34949586 79609748 155225473 1055667508 2689932595 74444 76541 11845 1210238 
1789400021.208967419	545000000	0	0 34949586 79609748 155225473 1055667508 2689932595 74444 76541 11845 1210238 
1789400021.505649220	545000000	0	0 34949586 79609748 155225473 1055667508 2689932595 74444 76541 11845 1210238 
1789400021.800172530	545000000	0	0 34949586 79609748 155225473 1055667508 2689932595 74444 76541 11845 1210238 
1789400022.092480476	545000000	0	0 34949586 79609748 155225473 1055667508 2689932595 74444 76541 11845 1210238 
1789400022.385314672	545000000	0	0 34949586 79609748 155225473 1055667508 2689932595 74444 76541 11845 1210238 
1789400022.683837618	545000000	0	0 34949586 79609748 155225473 1055667508 2689932595 74444 76541 11845 1210238 
1789400022.978099002	545000000	0	0 34949586 79609748 155225473 1055667508 2689932595 74444 76541 11845 1210238 
1789400023.270973406	545000000	0	0 34949586 79609748 155225473 1055667508 2689932595 74444 76541 11845 1210238 
1789400023.570704113	545000000	0	0 34949586 79609748 155225473 1055667508 2689932595 74444 76541 11845 1210238 
1789400023.866686226	545000000	0	0 34949586 79609748 155225473 1055667508 2689932595 74444 76541 11845 1210238 
1789400024.156156880	545000000	0	0 34949586 79609748 155225473 1055667508 2689932595 74444 76541 11845 1210238 
1789400024.452524982	545000000	0	0 34949586 79609748 155225473 1055667508 2689932595 74444 76541 11845 1210238 
1789400024.749160116	545000000	0	0 34949586 79609748 155225473 1055667508 2689932595 74444 76541 11845 1210238 
1789400025.043175197	545000000	0	0 34949586 79609748 155225473 1055667508 2689932595 74444 76541 11845 1210238 
1789400025.339400747	545000000	0	0 34949586 79609748 155225473 1055667508 2689932595 74444 76541 11845 1210238 
1789400025.638972184	545000000	0	0 34949586 79609748 155225473 1055667508 2689932595 74444 76541 11845 1210238 
1789400025.932408411	545000000	0	0 34949586 79609748 155225473 1055667508 2689932595 74444 76541 11845 1210238 
1789400026.224474377	545000000	0	0 34949586 79609748 155225473 1055667508 2689932595 74444 76541 11845 1210238 
1789400026.525034251	545000000	0	0 34949586 79609748 155225473 1055667508 2689932595 74444 76541 11845 1210238 
1789400026.822980843	545000000	0	0 34949586 79609748 155225473 1055667508 2689932595 74444 76541 11845 1210238 
1789400027.117633373	545000000	0	0 34949586 79609748 155225473 1055667508 2689932595 74444 76541 11845 1210238 
1789400027.409972777	545000000	0	0 34949586 79609748 155225473 1055667508 2689932595 74444 76541 11845 1210238 
1789400027.703328587	545000000	0	0 34949586 79609748 155225473 1055667508 2689932595 74444 76541 11845 1210238 
1789400027.997487679	545000000	0	0 34949586 79609748 155225473 1055667508 2689932595 74444 76541 11845 1210238 
1789400028.292839844	545000000	0	0 34949586 79609748 155225473 1055667508 2689932595 74444 76541 11845 1210238 
1789400028.584936852	545000000	0	0 34949586 79609748 155225473 1055667508 2689932595 74444 76541 11845 1210238 
1789400028.878005371	545000000	0	0 34949586 79609748 155225473 1055667508 2689932595 74444 76541 11845 1210238 
1789400029.172305348	545000000	0	0 34949586 79609748 155225473 1055667508 2689932595 74444 76541 11845 1210238 
1789400029.465561211	545000000	0	0 34949586 79609748 155225473 1055667508 2689932595 74444 76541 11845 1210238 
1789400029.761823480	545000000	0	0 34949586 79609748 155225473 1055667508 2689932595 74444 76541 11845 1210238 
1789400030.057181686	545000000	0	0 34949586 79609748 155225473 1055667508 2689932595 74444 76541 11845 1210238 
1789400030.349841247	545000000	0	0 34949586 79609748 155225473 1055667508 2689932595 74444 76541 11845 1210238 
1789400030.645824609	545000000	0	0 34949586 79609748 155225473 1055667508 2689932595 74444 76541 11845 1210238 
1789400030.941034899	545000000	0	0 34949586 79609748 155225473 1055667508 2689932595 74444 76541 11845 1210238 
1789400031.238164616	545000000	0	0 34949586 79609748 155225473 1055667508 2689932595 74444 76541 11845 1210238 
1789400031.531039750	545000000	0	0 34949586 79609748 155225473 1055667508 2689932595 74444 76541 11845 1210238 
1789400031.829456915	545000000	0	0 34949586 79609748 155225473 1055667508 2689932595 74444 76541 11845 1210238 
1789400032.126702569	545000000	0	0 34949586 79609748 155225473 1055667508 2689932595 74444 76541 11845 1210238 
1789400032.419696505	545000000	0	0 34949586 79609748 155225473 1055667508 2689932595 74444 76541 11845 1210238 
1789400032.715268774	545000000	0	0 34949586 79609748 155225473 1055667508 2689932595 74444 76541 11845 1210238 
1789400033.006939532	545000000	0	0 34949586 79609748 155225473 1055667508 2689932595 74444 76541 11845 1210238 
1789400033.300034978	545000000	0	0 34949586 79609748 155225473 1055667508 2689932595 74444 76541 11845 1210238 
1789400033.591823236	545000000	0	0 34949586 79609748 155225473 1055667508 2689932595 74444 76541 11845 1210238 
1789400033.889826599	545000000	0	0 34949586 79609748 155225473 1055667508 2689932595 74444 76541 11845 1210238 
1789400034.185623347	545000000	0	0 34949586 79609748 155225473 1055667508 2689932595 74444 76541 11845 1210238 
1789400034.478595043	545000000	0	0 34949586 79609748 155225473 1055667508 2689932595 74444 76541 11845 1210238 
1789400034.774723927	545000000	0	0 34949586 79609748 155225473 1055667508 2689932595 74444 76541 11845 1210238 
1789400035.069004269	545000000	0	0 34949586 79609748 155225473 1055667508 2689932595 74444 76541 11845 1210238 
1789400035.364360079	545000000	0	0 34949586 79609748 155225473 1055667508 2689932595 74444 76541 11845 1210238 
1789400035.658148911	545000000	0	0 34949586 79609748 155225473 1055667508 2689932595 74444 76541 11845 1210238 
1789400035.957360191	545000000	0	0 34949586 79609748 155225473 1055667508 2689932595 74444 76541 11845 1210238 
1789400036.254152668	545000000	0	0 34949586 79609748 155225473 1055667508 2689932595 74444 76541 11845 1210238 
1789400036.549743479	545000000	0	0 34949586 79609748 155225473 1055667508 2689932595 74444 76541 11845 1210238 
1789400036.851715749	545000000	0	0 34949586 79609748 155225473 1055667508 2689932595 74444 76541 11845 1210238 
1789400037.149230674	545000000	0	0 34949586 79609748 155225473 1055667508 2689932595 74444 76541 11845 1210238 
1789400037.445999766	545000000	0	0 34949586 79609748 155225473 1055667508 2689932595 74444 76541 11845 1210238 
1789400037.738106983	545000000	0	0 34949586 79609748 155225473 1055667508 2689932595 74444 76541 11845 1210238 
1789400038.034869877	545000000	0	0 34949586 79609748 155225473 1055667508 2689932595 74444 76541 11845 1210238 
1789400038.326021989	545000000	0	0 34949586 79609748 155225473 1055667508 2689932595 74444 76541 11845 1210238 
1789400038.620219362	545000000	0	0 34949586 79609748 155225473 1055667508 2689932595 74444 76541 11845 1210238 
1789400038.917154652	545000000	0	0 34949586 79609748 155225473 1055667508 2689932595 74444 76541 11845 1210238 
1789400039.211978067	545000000	0	0 34949586 79609748 155225473 1055667508 2689932595 74444 76541 11845 1210238 
1789400039.503467367	545000000	0	0 34949586 79609748 155225473 1055667508 2689932595 74444 76541 11845 1210238 
1789400039.799844584	545000000	0	0 34949586 79609748 155225473 1055667508 2689932595 74444 76541 11845 1210238 
1789400040.091563936	545000000	0	0 34949586 79609748 155225473 1055667508 2689932595 74444 76541 11845 1210238 
1789400040.390203184	545000000	0	0 34949586 79609748 155225473 1055667508 2689932595 74444 76541 11845 1210238 
1789400040.685758630	545000000	0	0 34949586 79609748 155225473 1055667508 2689932595 74444 76541 11845 1210238 
1789400040.981835327	545000000	0	0 34949586 79609748 155225473 1055667508 2689932595 74444 76541 11845 1210238 
1789400041.274460720	545000000	0	0 34949586 79609748 155225473 1055667508 2689932595 74444 76541 11845 1210238 
1789400041.566246947	545000000	0	0 34949586 79609748 155225473 1055667508 2689932595 74444 76541 11845 1210238 
1789400041.859060466	545000000	0	0 34949586 79609748 155225473 1055667508 2689932595 74444 76541 11845 1210238 
1789400042.156802214	545000000	0	0 34949586 79609748 155225473 1055667508 2689932595 74444 76541 11845 1210238 
1789400042.452465577	545000000	0	0 34949586 79609748 155225473 1055667508 2689932595 74444 76541 11845 1210238 
1789400042.748876596	545000000	0	0 34949586 79609748 155225473 1055667508 2689932595 74444 76541 11845 1210238 
1789400043.043011886	545000000	0	0 34949586 79609748 155225473 1055667508 2689932595 74444 76541 11845 1210238 
1789400043.338687853	545000000	0	0 34949586 79609748 155225473 1055667508 2689932595 74444 76541 11845 1210238 
1789400043.636626841	545000000	0	0 34949586 79609748 155225473 1055667508 2689932595 74444 76541 11845 1210238 
1789400043.927199214	545000000	0	0 34949586 79609748 155225473 1055667508 2689932595 74444 76541 11845 1210238 
1789400044.222527472	545000000	0	0 34949586 79609748 155225473 1055667508 2689932595 74444 76541 11845 1210238 
1789400044.517194533	545000000	0	0 34949586 79609748 155225473 1055667508 2689932595 74444 76541 11845 1210238 
1789400044.813143365	545000000	0	0 34949586 79609748 155225473 1055667508 2689932595 74444 76541 11845 1210238 
1789400045.105538758	545000000	0	0 34949586 79609748 155225473 1055667508 2689932595 74444 76541 11845 1210238 
1789400045.400931496	545000000	0	0 34949586 79609748 155225473 1055667508 2689932595 74444 76541 11845 1210238 
1789400045.695296161	545000000	0	0 34949586 79609748 155225473 1055667508 2689932595 74444 76541 11845 1210238 
1789400045.988557180	545000000	0	0 34949586 79609748 155225473 1055667508 2689932595 74444 76541 11845 1210238 
1789400046.285205803	545000000	0	0 34949586 79609748 155225473 1055667508 2689932595 74444 76541 11845 1210238 
1789400046.580263488	545000000	0	0 34949586 79609748 155225473 1055667508 2689932595 74444 76541 11845 1210238 
1789400046.877170758	545000000	0	0 34949586 79609748 155225473 1055667508 2689932595 74444 76541 11845 1210238 
1789400047.174015891	545000000	0	0 34949586 79609748 155225473 1055667508 2689932595 74444 76541 11845 1210238 
1789400047.472567796	545000000	0	0 34949586 79609748 155225473 1055667508 2689932595 74444 76541 11845 1210238 
1789400047.765770013	545000000	0	0 34949586 79609748 155225473 1055667508 2689932595 74444 76541 11845 1210238 
1789400048.063069678	545000000	0	0 34949586 79609748 155225473 1055667508 2689932595 74444 76541 11845 1210238 
1789400048.365294395	545000000	0	0 34949586 79609748 155225473 1055667508 2689932595 74444 76541 11845 1210238 
1789400048.662084790	545000000	0	0 34949586 79609748 155225473 1055667508 2689932595 74444 76541 11845 1210238 
1789400048.956845861	545000000	0	0 34949586 79609748 155225473 1055667508 2689932595 74444 76541 11845 1210238 
1789400049.252089432	545000000	0	0 34949586 79609748 155225473 1055667508 2689932595 74444 76541 11845 1210238 
1789400049.542921127	545000000	0	0 34949586 79609748 155225473 1055667508 2689932595 74444 76541 11845 1210238 
1789400049.838054126	545000000	0	0 34949586 79609748 155225473 1055667508 2689932595 74444 76541 11845 1210238 
1789400050.134316551	545000000	0	0 34949586 79609748 155225473 1055667508 2689932595 74444 76541 11845 1210238 
1789400050.426495903	545000000	0	0 34949586 79609748 155225473 1055667508 2689932595 74444 76541 11845 1210238 
1789400050.722729682	545000000	0	0 34949586 79609748 155225473 1055667508 2689932595 74444 76541 11845 1210238 
1789400051.022018462	545000000	0	0 34949586 79609748 155225473 1055667508 2689932595 74444 76541 11845 1210238 
1789400051.319210315	545000000	0	0 34949586 79609748 155225473 1055667508 2689932595 74444 76541 11845 1210238 
1789400051.614973417	545000000	0	0 34949586 79609748 155225473 1055667508 2689932595 74444 76541 11845 1210238 
1789400051.906888550	545000000	0	0 34949586 79609748 155225473 1055667508 2689932595 74444 76541 11845 1210238 
1789400052.205540143	545000000	0	0 34949586 79609748 155225473 1055667508 2689932595 74444 76541 11845 1210238 
1789400052.503394443	545000000	0	0 34949586 79609748 155225473 1055667508 2689932595 74444 76541 11845 1210238 
1789400052.800997494	545000000	0	0 34949586 79609748 155225473 1055667508 2689932595 74444 76541 11845 1210238 
1789400053.099805700	545000000	0	0 34949586 79609748 155225473 1055667508 2689932595 74444 76541 11845 1210238 
1789400053.399431720	545000000	0	0 34949586 79609748 155225473 1055667508 2689932595 74444 76541 11845 1210238 
1789400053.694221958	545000000	0	0 34949586 79609748 155225473 1055667508 2689932595 74444 76541 11845 1210238 
1789400053.989788445	545000000	0	0 34949586 79609748 155225473 1055667508 2689932595 74444 76541 11845 1210238 
1789400054.286050558	545000000	0	0 34949586 79609748 155225473 1055667508 2689932595 74444 76541 11845 1210238 
1789400054.582137567	545000000	0	0 34949586 79609748 155225473 1055667508 2689932595 74444 76541 11845 1210238 
1789400054.878277336	545000000	0	0 34949586 79609748 155225473 1055667508 2689932595 74444 76541 11845 1210238 
1789400055.169548719	545000000	0	0 34949586 79609748 155225473 1055667508 2689932595 74444 76541 11845 1210238 
1789400055.464790259	545000000	0	0 34949586 79609748 155225473 1055667508 2689932595 74444 76541 11845 1210238 
1789400055.756094871	545000000	0	0 34949586 79609748 155225473 1055667508 2689932595 74444 76541 11845 1210238 
1789400056.049597869	545000000	0	0 34949586 79609748 155225473 1055667508 2689932595 74444 76541 11845 1210238 
1789400056.345332951	545000000	0	0 34949586 79609748 155225473 1055667508 2689932595 74444 76541 11845 1210238 
1789400056.639800741	545000000	0	0 34949586 79609748 155225473 1055667508 2689932595 74444 76541 11845 1210238 
1789400056.938010822	545000000	0	0 34949586 79609748 155225473 1055667508 2689932595 74444 76541 11845 1210238 
1789400057.230854602	545000000	0	0 34949586 79609748 155225473 1055667508 2689932595 74444 76541 11845 1210238 
1789400057.524752079	545000000	0	0 34949586 79609748 155225473 1055667508 2689932595 74444 76541 11845 1210238 
1789400057.823276431	545000000	0	0 34949586 79609748 155225473 1055667508 2689932595 74444 76541 11845 1210238 
1789400058.117726148	545000000	0	0 34949586 79609748 155225473 1055667508 2689932595 74444 76541 11845 1210238 
1789400058.417258730	545000000	0	0 34949586 79609748 155225473 1055667508 2689932595 74444 76541 11845 1210238 
1789400058.716499177	545000000	0	0 34949586 79609748 155225473 1055667508 2689932595 74444 76541 11845 1210238 
1789400059.010058164	545000000	0	0 34949586 79609748 155225473 1055667508 2689932595 74444 76541 11845 1210238 
1789400059.305644079	545000000	0	0 34949586 79609748 155225473 1055667508 2689932595 74444 76541 11845 1210238 
1789400059.599048015	545000000	0	0 34949586 79609748 155225473 1055667508 2689932595 74444 76541 11845 1210238 
1789400059.897503617	545000000	0	0 34949586 79609748 155225473 1055667508 2689932595 74444 76541 11845 1210238 
1789400060.190253594	545000000	0	0 34949586 79609748 155225473 1055667508 2689932595 74444 76541 11845 1210238 
1789400060.483590238	545000000	0	0 34949586 79609748 155225473 1055667508 2689932595 74444 76541 11845 1210238 
1789400060.778360684	545000000	0	0 34949586 79609748 155225473 1055667508 2689932595 74444 76541 11845 1210238 
1789400061.071069515	545000000	0	0 34949586 79609748 155225473 1055667508 2689932595 74444 76541 11845 1210238 
1789400061.364443607	545000000	0	0 34949586 79609748 155225473 1055667508 2689932595 74444 76541 11845 1210238 
1789400061.659230772	545000000	0	0 34949586 79609748 155225473 1055667508 2689932595 74444 76541 11845 1210238 
1789400061.955769551	545000000	0	0 34949586 79609748 155225473 1055667508 2689932595 74444 76541 11845 1210238 
1789400062.249424424	545000000	0	0 34949586 79609748 155225473 1055667508 2689932595 74444 76541 11845 1210238 
1789400062.542428672	545000000	0	0 34949586 79609748 155225473 1055667508 2689932595 74444 76541 11845 1210238 
1789400062.841831306	545000000	0	0 34949586 79609748 155225473 1055667508 2689932595 74444 76541 11845 1210238 
1789400063.135791492	545000000	0	0 34949586 79609748 155225473 1055667508 2689932595 74444 76541 11845 1210238 
1789400063.429376782	545000000	0	0 34949586 79609748 155225473 1055667508 2689932595 74444 76541 11845 1210238 
1789400063.721788165	545000000	0	0 34949586 79609748 155225473 1055667508 2689932595 74444 76541 11845 1210238 
1789400064.018073976	545000000	0	0 34949586 79609748 155225473 1055667508 2689932595 74444 76541 11845 1210238 
1789400064.310537859	545000000	0	0 34949586 79609748 155225473 1055667508 2689932595 74444 76541 11845 1210238 
1789400064.607419139	545000000	0	0 34949586 79609748 155225473 1055667508 2689932595 74444 76541 11845 1210238 
1789400064.899305730	545000000	0	0 34949586 79609748 155225473 1055667508 2689932595 74444 76541 11845 1210238 
1789400065.192141541	545000000	0	0 34949586 79609748 155225473 1055667508 2689932595 74444 76541 11845 1210238 
1789400065.485552403	545000000	0	0 34949586 79609748 155225473 1055667508 2689932595 74444 76541 11845 1210238 
1789400065.781154151	545000000	0	0 34949586 79609748 155225473 1055667508 2689932595 74444 76541 11845 1210238 
1789400066.074521108	545000000	0	0 34949586 79609748 155225473 1055667508 2689932595 74444 76541 11845 1210238 
1789400066.371694262	545000000	0	0 34949586 79609748 155225473 1055667508 2689932595 74444 76541 11845 1210238 
1789400066.672211011	545000000	0	0 34949586 79609748 155225473 1055667508 2689932595 74444 76541 11845 1210238 
1789400066.969385207	545000000	0	0 34949586 79609748 155225473 1055667508 2689932595 74444 76541 11845 1210238 
1789400067.263993205	545000000	0	0 34949586 79609748 155225473 1055667508 2689932595 74444 76541 11845 1210238 
1789400067.558433755	545000000	0	0 34949586 79609748 155225473 1055667508 2689932595 74444 76541 11845 1210238 
1789400067.850628264	545000000	0	0 34949586 79609748 155225473 1055667508 2689932595 74444 76541 11845 1210238 
1789400068.143379543	545000000	0	0 34949586 79609748 155225473 1055667508 2689932595 74444 76541 11845 1210238 
1789400068.438655197	545000000	0	0 34949586 79609748 155225473 1055667508 2689932595 74444 76541 11845 1210238 
1789400068.733575956	545000000	0	0 34949586 79609748 155225473 1055667508 2689932595 74444 76541 11845 1210238 
1789400069.026187235	545000000	0	0 34949586 79609748 155225473 1055667508 2689932595 74444 76541 11845 1210238 
1789400069.322118983	545000000	0	0 34949586 79609748 155225473 1055667508 2689932595 74444 76541 11845 1210238 
1789400069.615669585	545000000	0	0 34949586 79609748 155225473 1055667508 2689932595 74444 76541 11845 1210238 
1789400069.907617219	545000000	0	0 34949586 79609748 155225473 1055667508 2689932595 74444 76541 11845 1210238 
1789400070.201885633	545000000	0	0 34949586 79609748 155225473 1055667508 2689932595 74444 76541 11845 1210238 
1789400070.502927955	545000000	0	0 34949586 79609748 155225473 1055667508 2689932595 74444 76541 11845 1210238 
1789400070.796442932	545000000	0	0 34949586 79609748 155225473 1055667508 2689932595 74444 76541 11845 1210238 
1789400071.089626190	545000000	0	0 34949586 79609748 155225473 1055667508 2689932595 74444 76541 11845 1210238 
1789400071.383447470	545000000	0	0 34949586 79609748 155225473 1055667508 2689932595 74444 76541 11845 1210238 
1789400071.688129792	545000000	0	0 34949586 79609748 155225473 1055667508 2689932595 74444 76541 11845 1210238 
1789400071.984459092	545000000	0	0 34949586 79609748 155225473 1055667508 2689932595 74444 76541 11845 1210238 
1789400072.279641726	545000000	0	0 34949586 79609748 155225473 1055667508 2689932595 74444 76541 11845 1210238 
1789400072.574163943	545000000	0	0 34949586 79609748 155225473 1055667508 2689932595 74444 76541 11845 1210238 
1789400072.867819441	545000000	0	0 34949586 79609748 155225473 1055667508 2689932595 74444 76541 11845 1210238 
1789400073.164265928	545000000	0	0 34949586 79609748 155225473 1055667508 2689932595 74444 76541 11845 1210238 
1789400073.456524135	545000000	0	0 34949586 79609748 155225473 1055667508 2689932595 74444 76541 11845 1210238 
1789400073.750644216	545000000	0	0 34949586 79609748 155225473 1055667508 2689932595 74444 76541 11845 1210238 
1789400074.046389975	545000000	0	0 34949586 79609748 155225473 1055667508 2689932595 74444 76541 11845 1210238 
1789400074.342342296	545000000	0	0 34949586 79609748 155225473 1055667508 2689932595 74444 76541 11845 1210238 
1789400074.637507013	545000000	0	0 34949586 79609748 155225473 1055667508 2689932595 74444 76541 11845 1210238 
1789400074.933393605	545000000	0	0 34949586 79609748 155225473 1055667508 2689932595 74444 76541 11845 1210238 
1789400075.230220249	545000000	0	0 34949586 79609748 155225473 1055667508 2689932595 74444 76541 11845 1210238 
1789400075.531773664	545000000	0	0 34949586 79609748 155225473 1055667508 2689932595 74444 76541 11845 1210238 
1789400075.829151767	545000000	0	0 34949586 79609748 155225473 1055667508 2689932595 74444 76541 11845 1210238 
1789400076.125259973	545000000	0	0 34949586 79609748 155225473 1055667508 2689932595 74444 76541 11845 1210238 
1789400076.421291826	545000000	0	0 34949586 79609748 155225473 1055667508 2689932595 74444 76541 11845 1210238 
1789400076.715451699	545000000	0	0 34949586 79609748 155225473 1055667508 2689932595 74444 76541 11845 1210238 
1789400077.010339697	545000000	0	0 34949586 79609748 155225473 1055667508 2689932595 74444 76541 11845 1210238 
1789400077.302426914	545000000	0	0 34949586 79609748 155225473 1055667508 2689932595 74444 76541 11845 1210238 
1789400077.594075120	545000000	0	0 34949586 79609748 155225473 1055667508 2689932595 74444 76541 11845 1210238 
1789400077.887816555	545000000	0	0 34949586 79609748 155225473 1055667508 2689932595 74444 76541 11845 1210238 
1789400078.183219970	545000000	0	0 34949586 79609748 155225473 1055667508 2689932595 74444 76541 11845 1210238 
1789400078.478733697	545000000	0	0 34949586 79609748 155225473 1055667508 2689932595 74444 76541 11845 1210238 
1789400078.774629404	545000000	0	0 34949586 79609748 155225473 1055667508 2689932595 74444 76541 11845 1210238 
1789400079.071149017	545000000	0	0 34949586 79609748 155225473 1055667508 2689932595 74444 76541 11845 1210238 
1789400079.362556129	545000000	0	0 34949586 79609748 155225473 1055667508 2689932595 74444 76541 11845 1210238 
1789400079.658925482	545000000	0	0 34949586 79609748 155225473 1055667508 2689932595 74444 76541 11845 1210238 
1789400079.953300094	545000000	0	0 34949586 79609748 155225473 1055667508 2689932595 74444 76541 11845 1210238 
1789400080.247684238	545000000	0	0 34949586 79609748 155225473 1055667508 2689932595 74444 76541 11845 1210238 
1789400080.545328382	545000000	0	0 34949586 79609748 155225473 1055667508 2689932595 74444 76541 11845 1210238 
1789400080.839575651	545000000	0	0 34949586 79609748 155225473 1055667508 2689932595 74444 76541 11845 1210238 
1789400081.134347035	545000000	0	0 34949586 79609748 155225473 1055667508 2689932595 74444 76541 11845 1210238 
1789400081.431471335	545000000	0	0 34949586 79609748 155225473 1055667508 2689932595 74444 76541 11845 1210238 
1789400081.726930063	545000000	0	0 34949586 79609748 155225473 1055667508 2689932595 74444 76541 11845 1210238 
1789400082.018910092	545000000	0	0 34949586 79609748 155225473 1055667508 2689932595 74444 76541 11845 1210238 
1789400082.314726892	545000000	0	0 34949586 79609748 155225473 1055667508 2689932595 74444 76541 11845 1210238 
1789400082.608964109	545000000	0	0 34949586 79609748 155225473 1055667508 2689932595 74444 76541 11845 1210238 
1789400082.900337002	545000000	0	0 34949586 79609748 155225473 1055667508 2689932595 74444 76541 11845 1210238 
1789400083.196364167	545000000	0	0 34949586 79609748 155225473 1055667508 2689932595 74444 76541 11845 1210238 
1789400083.491656228	545000000	0	0 34949586 79609748 155225473 1055667508 2689932595 74444 76541 11845 1210238 
1789400083.785160476	545000000	0	0 34949586 79609748 155225473 1055667508 2689932595 74444 76541 11845 1210238 
1789400084.076714984	545000000	0	0 34949586 79609748 155225473 1055667508 2689932595 74444 76541 11845 1210238 
1789400084.366228711	545000000	0	0 34949586 79609748 155225473 1055667508 2689932595 74444 76541 11845 1210238 
1789400084.662106032	545000000	0	0 34949586 79609748 155225473 1055667508 2689932595 74444 76541 11845 1210238 
1789400084.963550958	545000000	0	0 34949586 79609748 155225473 1055667508 2689932595 74444 76541 11845 1210238 
1789400085.255597810	545000000	0	0 34949586 79609748 155225473 1055667508 2689932595 74444 76541 11845 1210238 
1789400085.549168568	545000000	0	0 34949586 79609748 155225473 1055667508 2689932595 74444 76541 11845 1210238 
1789400085.840849639	545000000	0	0 34949586 79609748 155225473 1055667508 2689932595 74444 76541 11845 1210238 
1789400086.134721856	545000000	0	0 34949586 79609748 155225473 1055667508 2689932595 74444 76541 11845 1210238 
1789400086.431366573	545000000	0	0 34949586 79609748 155225473 1055667508 2689932595 74444 76541 11845 1210238 
1789400086.723359727	545000000	0	0 34949586 79609748 155225473 1055667508 2689932595 74444 76541 11845 1210238 
1789400087.018559236	545000000	0	0 34949586 79609748 155225473 1055667508 2689932595 74444 76541 11845 1210238 
1789400087.315182026	545000000	0	0 34949586 79609748 155225473 1055667508 2689932595 74444 76541 11845 1210238 
1789400087.610876743	545000000	0	0 34949586 79609748 155225473 1055667508 2689932595 74444 76541 11845 1210238 
1789400087.903418855	545000000	0	0 34949586 79609748 155225473 1055667508 2689932595 74444 76541 11845 1210238 
1789400088.199239510	545000000	0	0 34949586 79609748 155225473 1055667508 2689932595 74444 76541 11845 1210238 
1789400088.494870789	545000000	0	0 34949586 79609748 155225473 1055667508 2689932595 74444 76541 11845 1210238 
1789400088.786177328	545000000	0	0 34949586 79609748 155225473 1055667508 2689932595 74444 76541 11845 1210238 
1789400089.080843504	545000000	0	0 34949586 79609748 155225473 1055667508 2689932595 74444 76541 11845 1210238 
1789400089.374057856	545000000	0	0 34949586 79609748 155225473 1055667508 2689932595 74444 76541 11845 1210238 
1789400089.673959292	545000000	0	0 34949586 79609748 155225473 1055667508 2689932595 74444 76541 11845 1210238 
1789400089.965931821	545000000	0	0 34949586 79609748 155225473 1055667508 2689932595 74444 76541 11845 1210238 
1789400090.262379715	545000000	0	0 34949586 79609748 155225473 1055667508 2689932595 74444 76541 11845 1210238 
1789400090.553796098	545000000	0	0 34949586 79609748 155225473 1055667508 2689932595 74444 76541 11845 1210238 
1789400090.849470867	545000000	0	0 34949586 79609748 155225473 1055667508 2689932595 74444 76541 11845 1210238 
1789400091.142210063	545000000	0	0 34949586 79609748 155225473 1055667508 2689932595 74444 76541 11845 1210238 
1789400091.435449155	545000000	0	0 34949586 79609748 155225473 1055667508 2689932595 74444 76541 11845 1210238 
1789400091.729147674	545000000	0	0 34949586 79609748 155225473 1055667508 2689932595 74444 76541 11845 1210238 
1789400092.022220776	545000000	0	0 34949586 79609748 155225473 1055667508 2689932595 74444 76541 11845 1210238 
1789400092.313903409	545000000	0	0 34949586 79609748 155225473 1055667508 2689932595 74444 76541 11845 1210238 
1789400092.605860886	545000000	0	0 34949586 79609748 155225473 1055667508 2689932595 74444 76541 11845 1210238 
1789400092.905536020	545000000	0	0 34949586 79609748 155225473 1055667508 2689932595 74444 76541 11845 1210238 
1789400093.199600164	545000000	0	0 34949586 79609748 155225473 1055667508 2689932595 74444 76541 11845 1210238 
1789400093.493002901	545000000	0	0 34949586 79609748 155225473 1055667508 2689932595 74444 76541 11845 1210238 
1789400093.785612097	545000000	0	0 34949586 79609748 155225473 1055667508 2689932595 74444 76541 11845 1210238 
1789400094.079225981	545000000	0	0 34949586 79609748 155225473 1055667508 2689932595 74444 76541 11845 1210238 
1789400094.371910177	545000000	0	0 34949586 79609748 155225473 1055667508 2689932595 74444 76541 11845 1210238 
1789400094.663669685	545000000	0	0 34949586 79609748 155225473 1055667508 2689932595 74444 76541 11845 1210238 
1789400094.956319349	545000000	0	0 34949586 79609748 155225473 1055667508 2689932595 74444 76541 11845 1210238 
1789400095.248307972	545000000	0	0 34949586 79609748 155225473 1055667508 2689932595 74444 76541 11845 1210238 
1789400095.541557116	545000000	0	0 34949586 79609748 155225473 1055667508 2689932595 74444 76541 11845 1210238 
1789400095.835209124	545000000	0	0 34949586 79609748 155225473 1055667508 2689932595 74444 76541 11845 1210238 
1789400096.132853008	545000000	0	0 34949586 79609748 155225473 1055667508 2689932595 74444 76541 11845 1210238 
1789400096.426528715	545000000	0	0 34949586 79609748 155225473 1055667508 2689932595 74444 76541 11845 1210238 
1789400096.720369213	545000000	0	0 34949586 79609748 155225473 1055667508 2689932595 74444 76541 11845 1210238 
1789400097.015341221	545000000	0	0 34949586 79609748 155225473 1055667508 2689932595 74444 76541 11845 1210238 
1789400097.320310418	545000000	0	0 34949586 79609748 155225473 1055667508 2689932595 74444 76541 11845 1210238 
1789400097.621093313	545000000	0	0 34949586 79609748 155225473 1055667508 2689932595 74444 76541 11845 1210238 
1789400097.914480790	545000000	0	0 34949586 79609748 155225473 1055667508 2689932595 74444 76541 11845 1210238 
1789400098.206608631	545000000	0	0 34949586 79609748 155225473 1055667508 2689932595 74444 76541 11845 1210238 
1789400098.503727724	545000000	0	0 34949586 79609748 155225473 1055667508 2689932595 74444 76541 11845 1210238 
1789400098.803190253	545000000	0	0 34949586 79609748 155225473 1055667508 2689932595 74444 76541 11845 1210238 
1789400099.099178877	545000000	0	0 34949586 79609748 155225473 1055667508 2689932595 74444 76541 11845 1210238 
1789400099.392557239	545000000	0	0 34949586 79609748 155225473 1055667508 2689932595 74444 76541 11845 1210238 
1789400099.692050029	545000000	0	0 34949586 79609748 155225473 1055667508 2689932595 74444 76541 11845 1210238 
1789400099.989495372	545000000	0	0 34949586 79609748 155225473 1055667508 2689932595 74444 76541 11845 1210238 
1789400100.285087484	545000000	0	0 34949586 79609748 155225473 1055667508 2689932595 74444 76541 11845 1210238 
1789400100.579617722	545000000	0	0 34949586 79609748 155225473 1055667508 2689932595 74444 76541 11845 1210238 
1789400100.871137595	545000000	0	0 34949586 79609748 155225473 1055667508 2689932595 74444 76541 11845 1210238 
1789400101.165079968	545000000	0	0 34949586 79609748 155225473 1055667508 2689932595 74444 76541 11845 1210238 
1789400101.459828278	545000000	0	0 34949586 79609748 155225473 1055667508 2689932595 74444 76541 11845 1210238 
1789400101.753135443	545000000	0	0 34949586 79609748 155225473 1055667508 2689932595 74444 76541 11845 1210238 
1789400102.049101410	545000000	0	0 34949586 79609748 155225473 1055667508 2689932595 74444 76541 11845 1210238 
1789400102.342537377	545000000	0	0 34949586 79609748 155225473 1055667508 2689932595 74444 76541 11845 1210238 
1789400102.635734333	545000000	0	0 34949586 79609748 155225473 1055667508 2689932595 74444 76541 11845 1210238 
1789400102.926181445	545000000	0	0 34949586 79609748 155225473 1055667508 2689932595 74444 76541 11845 1210238 
1789400103.221650329	545000000	0	0 34949586 79609748 155225473 1055667508 2689932595 74444 76541 11845 1210238 
1789400103.515237910	545000000	0	0 34949586 79609748 155225473 1055667508 2689932595 74444 76541 11845 1210238 
1789400103.810168565	545000000	0	0 34949586 79609748 155225473 1055667508 2689932595 74444 76541 11845 1210238 
1789400104.105084792	545000000	0	0 34949586 79609748 155225473 1055667508 2689932595 74444 76541 11845 1210238 
1789400104.401911176	545000000	0	0 34949586 79609748 155225473 1055667508 2689932595 74444 76541 11845 1210238 
1789400104.698835789	545000000	0	0 34949586 79609748 155225473 1055667508 2689932595 74444 76541 11845 1210238 
1789400104.989858422	545000000	0	0 34949586 79609748 155225473 1055667508 2689932595 74444 76541 11845 1210238 
1789400105.281867253	545000000	0	0 34949586 79609748 155225473 1055667508 2689932595 74444 76541 11845 1210238 
1789400105.575951553	545000000	0	0 34949586 79609748 155225473 1055667508 2689932595 74444 76541 11845 1210238 
1789400105.867617415	545000000	0	0 34949586 79609748 155225473 1055667508 2689932595 74444 76541 11845 1210238 
1789400106.162684372	545000000	0	0 34949586 79609748 155225473 1055667508 2689932595 74444 76541 11845 1210238 
1789400106.456587110	545000000	0	0 34949586 79609748 155225473 1055667508 2689932595 74444 76541 11845 1210238 
1789400106.749902972	545000000	0	0 34949586 79609748 155225473 1055667508 2689932595 74444 76541 11845 1210238 
1789400107.041745866	545000000	0	0 34949586 79609748 155225473 1055667508 2689932595 74444 76541 11845 1210238 
1789400107.333325634	545000000	0	0 34949586 79609748 155225473 1055667508 2689932595 74444 76541 11845 1210238 
1789400107.626158789	545000000	0	0 34949586 79609748 155225473 1055667508 2689932595 74444 76541 11845 1210238 
1789400107.918469130	545000000	0	0 34949586 79609748 155225473 1055667508 2689932595 74444 76541 11845 1210238 
1789400108.210289315	545000000	0	0 34949586 79609748 155225473 1055667508 2689932595 74444 76541 11845 1210238 
1789400108.514797106	545000000	0	0 34949586 79609748 155225473 1055667508 2689932595 74444 76541 11845 1210238 
1789400108.811419323	545000000	0	0 34949586 79609748 155225473 1055667508 2689932595 74444 76541 11845 1210238 
1789400109.102810342	545000000	0	0 34949586 79609748 155225473 1055667508 2689932595 74444 76541 11845 1210238 
1789400109.398022090	545000000	0	0 34949586 79609748 155225473 1055667508 2689932595 74444 76541 11845 1210238 
1789400109.693218265	545000000	0	0 34949586 79609748 155225473 1055667508 2689932595 74444 76541 11845 1210238 
1789400109.985282878	545000000	0	0 34949586 79609748 155225473 1055667508 2689932595 74444 76541 11845 1210238 
1789400110.282439626	545000000	0	0 34949586 79609748 155225473 1055667508 2689932595 74444 76541 11845 1210238 
1789400110.581773354	545000000	0	0 34949586 79609748 155225473 1055667508 2689932595 74444 76541 11845 1210238 
1789400110.882934738	545000000	0	0 34949586 79609748 155225473 1055667508 2689932595 74444 76541 11845 1210238 
1789400111.176027111	545000000	0	0 34949586 79609748 155225473 1055667508 2689932595 74444 76541 11845 1210238 
1789400111.469662453	545000000	0	0 34949586 79609748 155225473 1055667508 2689932595 74444 76541 11845 1210238 
1789400111.765750243	545000000	0	0 34949586 79609748 155225473 1055667508 2689932595 74444 76541 11845 1210238 
1789400112.061817199	545000000	0	0 34949586 79609748 155225473 1055667508 2689932595 74444 76541 11845 1210238 
1789400112.358972073	545000000	0	0 34949586 79609748 155225473 1055667508 2689932595 74444 76541 11845 1210238 
1789400112.654398664	545000000	0	0 34949586 79609748 155225473 1055667508 2689932595 74444 76541 11845 1210238 
1789400112.946744214	545000000	0	0 34949586 79609748 155225473 1055667508 2689932595 74444 76541 11845 1210238 
1789400113.241194817	545000000	0	0 34949586 79609748 155225473 1055667508 2689932595 74444 76541 11845 1210238 
1789400113.535433700	545000000	0	0 34949586 79609748 155225473 1055667508 2689932595 74444 76541 11845 1210238 
1789400113.831349667	545000000	0	0 34949586 79609748 155225473 1055667508 2689932595 74444 76541 11845 1210238 
1789400114.126639384	545000000	0	0 34949586 79609748 155225473 1055667508 2689932595 74444 76541 11845 1210238 
1789400114.420976288	545000000	0	0 34949586 79609748 155225473 1055667508 2689932595 74444 76541 11845 1210238 
1789400114.716186682	545000000	0	0 34949586 79609748 155225473 1055667508 2689932595 74444 76541 11845 1210238 
1789400115.010948899	545000000	0	0 34949586 79609748 155225473 1055667508 2689932595 74444 76541 11845 1210238 
1789400115.303120126	545000000	0	0 34949586 79609748 155225473 1055667508 2689932595 74444 76541 11845 1210238 
1789400115.595653072	545000000	0	0 34949586 79609748 155225473 1055667508 2689932595 74444 76541 11845 1210238 
1789400115.889647216	545000000	0	0 34949586 79609748 155225473 1055667508 2689932595 74444 76541 11845 1210238 
1789400116.183601672	545000000	0	0 34949586 79609748 155225473 1055667508 2689932595 74444 76541 11845 1210238 
1789400116.479220608	545000000	0	0 34949586 79609748 155225473 1055667508 2689932595 74444 76541 11845 1210238 
1789400116.778513867	545000000	0	0 34949586 79609748 155225473 1055667508 2689932595 74444 76541 11845 1210238 
1789400117.072450719	545000000	0	0 34949586 79609748 155225473 1055667508 2689932595 74444 76541 11845 1210238 
1789400117.362569394	545000000	0	0 34949586 79609748 155225473 1055667508 2689932595 74444 76541 11845 1210238 
1789400117.655699215	545000000	0	0 34949586 79609748 155225473 1055667508 2689932595 74444 76541 11845 1210238 
1789400117.949170754	545000000	0	0 34949586 79609748 155225473 1055667508 2689932595 74444 76541 11845 1210238 
1789400118.245476409	545000000	0	0 34949586 79609748 155225473 1055667508 2689932595 74444 76541 11845 1210238 
1789400118.548297950	545000000	0	0 34949586 79609748 155225473 1055667508 2689932595 74444 76541 11845 1210238 
1789400118.842558395	545000000	0	0 34949586 79609748 155225473 1055667508 2689932595 74444 76541 11845 1210238 
1789400119.141051863	545000000	0	0 34949586 79609748 155225473 1055667508 2689932595 74444 76541 11845 1210238 
1789400119.437606528	545000000	0	0 34949586 79609748 155225473 1055667508 2689932595 74444 76541 11845 1210238 
1789400119.731516349	545000000	0	0 34949586 79609748 155225473 1055667508 2689932595 74444 76541 11845 1210238 
1789400120.024375336	545000000	0	0 34949586 79609748 155225473 1055667508 2689932595 74444 76541 11845 1210238 
1789400120.317530886	545000000	0	0 34949586 79609748 155225473 1055667508 2689932595 74444 76541 11845 1210238 
1789400120.615270291	545000000	0	0 34949586 79609748 155225473 1055667508 2689932595 74444 76541 11845 1210238 
1789400120.908344174	545000000	0	0 34949586 79609748 155225473 1055667508 2689932595 74444 76541 11845 1210238 
1789400121.199319620	545000000	0	0 34949586 79609748 155225473 1055667508 2689932595 74444 76541 11845 1210238 
1789400121.496341837	545000000	0	0 34949586 79609748 155225473 1055667508 2689932595 74444 76541 11845 1210238 
1789400121.791242127	545000000	0	0 34949586 79609748 155225473 1055667508 2689932595 74444 76541 11845 1210238 
1789400122.084574760	545000000	0	0 34949586 79609748 155225473 1055667508 2689932595 74444 76541 11845 1210238 
1789400122.376266977	545000000	0	0 34949586 79609748 155225473 1055667508 2689932595 74444 76541 11845 1210238 
1789400122.670470912	545000000	0	0 34949586 79609748 155225473 1055667508 2689932595 74444 76541 11845 1210238 
1789400122.970174744	545000000	0	0 34949586 79609748 155225473 1055667508 2689932595 74444 76541 11845 1210238 
1789400123.264368107	545000000	0	0 34949586 79609748 155225473 1055667508 2689932595 74444 76541 11845 1210238 
1789400123.560411626	545000000	0	0 34949586 79609748 155225473 1055667508 2689932595 74444 76541 11845 1210238 
1789400123.853830145	545000000	0	0 34949586 79609748 155225473 1055667508 2689932595 74444 76541 11845 1210238 
1789400124.151801008	545000000	0	0 34949586 79609748 155225473 1055667508 2689932595 74444 76541 11845 1210238 
1789400124.444861037	545000000	0	0 34949586 79609748 155225473 1055667508 2689932595 74444 76541 11845 1210238 
1789400124.736116378	545000000	0	0 34949586 79609748 155225473 1055667508 2689932595 74444 76541 11845 1210238 
1789400125.031063752	545000000	0	0 34949586 79609748 155225473 1055667508 2689932595 74444 76541 11845 1210238 
1789400125.328095239	545000000	0	0 34949586 79609748 155225473 1055667508 2689932595 74444 76541 11845 1210238 
1789400125.619229227	545000000	0	0 34949586 79609748 155225473 1055667508 2689932595 74444 76541 11845 1210238 
1789400125.914831079	545000000	0	0 34949586 79609748 155225473 1055667508 2689932595 74444 76541 11845 1210238 
1789400126.212980223	545000000	0	0 34949586 79609748 155225473 1055667508 2689932595 74444 76541 11845 1210238 
1789400126.506775201	545000000	0	0 34949586 79609748 155225473 1055667508 2689932595 74444 76541 11845 1210238 
1789400126.798524292	545000000	0	0 34949586 79609748 155225473 1055667508 2689932595 74444 76541 11845 1210238 
1789400127.092526665	545000000	0	0 34949586 79609748 155225473 1055667508 2689932595 74444 76541 11845 1210238 
1789400127.388514820	545000000	0	0 34949586 79609748 155225473 1055667508 2689932595 74444 76541 11845 1210238 
1789400127.683234224	545000000	0	0 34949586 79609748 155225473 1055667508 2689932595 74444 76541 11845 1210238 
1789400127.974474566	545000000	0	0 34949586 79609748 155225473 1055667508 2689932595 74444 76541 11845 1210238 
1789400128.268669282	545000000	0	0 34949586 79609748 155225473 1055667508 2689932595 74444 76541 11845 1210238 
1789400128.563014833	545000000	0	0 34949586 79609748 155225473 1055667508 2689932595 74444 76541 11845 1210238 
1789400128.855487830	545000000	0	0 34949586 79609748 155225473 1055667508 2689932595 74444 76541 11845 1210238 
1789400129.148222912	545000000	0	0 34949586 79609748 155225473 1055667508 2689932595 74444 76541 11845 1210238 
1789400129.442022056	545000000	0	0 34949586 79609748 155225473 1055667508 2689932595 74444 76541 11845 1210238 
1789400129.735570679	545000000	0	0 34949586 79609748 155225473 1055667508 2689932595 74444 76541 11845 1210238 
1789400130.031439875	545000000	0	0 34949586 79609748 155225473 1055667508 2689932595 74444 76541 11845 1210238 
1789400130.321960841	545000000	0	0 34949586 79609748 155225473 1055667508 2689932595 74444 76541 11845 1210238 
1789400130.613751808	545000000	0	0 34949586 79609748 155225473 1055667508 2689932595 74444 76541 11845 1210238 
1789400130.904927774	545000000	0	0 34949586 79609748 155225473 1055667508 2689932595 74444 76541 11845 1210238 
1789400131.196594418	545000000	0	0 34949586 79609748 155225473 1055667508 2689932595 74444 76541 11845 1210238 
1789400131.489315020	545000000	0	0 34949586 79609748 155225473 1055667508 2689932595 74444 76541 11845 1210238 
1789400131.783566403	545000000	0	0 34949586 79609748 155225473 1055667508 2689932595 74444 76541 11845 1210238 
1789400132.078998672	545000000	0	0 34949586 79609748 155225473 1055667508 2689932595 74444 76541 11845 1210238 
1789400132.373773910	545000000	0	0 34949586 79609748 155225473 1055667508 2689932595 74444 76541 11845 1210238 
1789400132.668006596	545000000	0	0 34949586 79609748 155225473 1055667508 2689932595 74444 76541 11845 1210238 
1789400132.961132458	545000000	0	0 34949586 79609748 155225473 1055667508 2689932595 74444 76541 11845 1210238 
1789400133.252692279	545000000	0	0 34949586 79609748 155225473 1055667508 2689932595 74444 76541 11845 1210238 
1789400133.546283975	545000000	0	0 34949586 79609748 155225473 1055667508 2689932595 74444 76541 11845 1210238 
1789400133.839657077	545000000	0	0 34949586 79609748 155225473 1055667508 2689932595 74444 76541 11845 1210238 
1789400134.133498096	545000000	0	0 34949586 79609748 155225473 1055667508 2689932595 74444 76541 11845 1210238 
1789400134.423557552	545000000	0	0 34949586 79609748 155225473 1055667508 2689932595 74444 76541 11845 1210238 
1789400134.715230185	545000000	0	0 34949586 79609748 155225473 1055667508 2689932595 74444 76541 11845 1210238 
1789400135.005480943	545000000	0	0 34949586 79609748 155225473 1055667508 2689932595 74444 76541 11845 1210238 
1789400135.297188160	545000000	0	0 34949586 79609748 155225473 1055667508 2689932595 74444 76541 11845 1210238 
1789400135.589121418	545000000	0	0 34949586 79609748 155225473 1055667508 2689932595 74444 76541 11845 1210238 
1789400135.884267072	545000000	0	0 34949586 79609748 155225473 1055667508 2689932595 74444 76541 11845 1210238 
1789400136.180258091	545000000	0	0 34949586 79609748 155225473 1055667508 2689932595 74444 76541 11845 1210238 
1789400136.475510360	545000000	0	0 34949586 79609748 155225473 1055667508 2689932595 74444 76541 11845 1210238 
1789400136.766489452	545000000	0	0 34949586 79609748 155225473 1055667508 2689932595 74444 76541 11845 1210238 
1789400137.057833543	545000000	0	0 34949586 79609748 155225473 1055667508 2689932595 74444 76541 11845 1210238 
1789400137.360501907	545000000	0	0 34949586 79609748 155225473 1055667508 2689932595 74444 76541 11845 1210238 
1789400137.653017978	545000000	0	0 34949586 79609748 155225473 1055667508 2689932595 74444 76541 11845 1210238 
1789400137.949850403	545000000	0	0 34949586 79609748 155225473 1055667508 2689932595 74444 76541 11845 1210238 
1789400138.242125224	545000000	0	0 34949586 79609748 155225473 1055667508 2689932595 74444 76541 11845 1210238 
1789400138.535292857	545000000	0	0 34949586 79609748 155225473 1055667508 2689932595 74444 76541 11845 1210238 
1789400138.830493928	545000000	0	0 34949586 79609748 155225473 1055667508 2689932595 74444 76541 11845 1210238 
1789400139.121954843	545000000	0	0 34949586 79609748 155225473 1055667508 2689932595 74444 76541 11845 1210238 
1789400139.414232841	545000000	0	0 34949586 79609748 155225473 1055667508 2689932595 74444 76541 11845 1210238 
1789400139.707148651	545000000	0	0 34949586 79609748 155225473 1055667508 2689932595 74444 76541 11845 1210238 
1789400140.006408264	545000000	0	0 34949586 79609748 155225473 1055667508 2689932595 74444 76541 11845 1210238 
1789400140.299279596	545000000	0	0 34949586 79609748 155225473 1055667508 2689932595 74444 76541 11845 1210238 
1789400140.592945458	545000000	0	0 34949586 79609748 155225473 1055667508 2689932595 74444 76541 11845 1210238 
1789400140.891746582	545000000	0	0 34949586 79609748 155225473 1055667508 2689932595 74444 76541 11845 1210238 
1789400141.184172861	545000000	0	0 34949586 79609748 155225473 1055667508 2689932595 74444 76541 11845 1210238 
1789400141.475483879	545000000	0	0 34949586 79609748 155225473 1055667508 2689932595 74444 76541 11845 1210238 
1789400141.768559690	545000000	0	0 34949586 79609748 155225473 1055667508 2689932595 74444 76541 11845 1210238 
1789400142.059317479	545000000	0	0 34949586 79609748 155225473 1055667508 2689932595 74444 76541 11845 1210238 
1789400142.351108081	545000000	0	0 34949586 79609748 155225473 1055667508 2689932595 74444 76541 11845 1210238 
1789400142.644206756	545000000	0	0 34949586 79609748 155225473 1055667508 2689932595 74444 76541 11845 1210238 
1789400142.936587827	545000000	0	0 34949586 79609748 155225473 1055667508 2689932595 74444 76541 11845 1210238 
1789400143.228919210	545000000	0	0 34949586 79609748 155225473 1055667508 2689932595 74444 76541 11845 1210238 
1789400143.521011062	545000000	0	0 34949586 79609748 155225473 1055667508 2689932595 74444 76541 11845 1210238 
1789400143.817057290	545000000	0	0 34949586 79609748 155225473 1055667508 2689932595 74444 76541 11845 1210238 
1789400144.111230184	545000000	0	0 34949586 79609748 155225473 1055667508 2689932595 74444 76541 11845 1210238 
1789400144.401793650	545000000	0	0 34949586 79609748 155225473 1055667508 2689932595 74444 76541 11845 1210238 
1789400144.696395607	545000000	0	0 34949586 79609748 155225473 1055667508 2689932595 74444 76541 11845 1210238 
1789400144.989897459	545000000	0	0 34949586 79609748 155225473 1055667508 2689932595 74444 76541 11845 1210238 
1789400145.285659988	545000000	0	0 34949586 79609748 155225473 1055667508 2689932595 74444 76541 11845 1210238 
1789400145.577570851	545000000	0	0 34949586 79609748 155225473 1055667508 2689932595 74444 76541 11845 1210238 
1789400145.872213484	545000000	0	0 34949586 79609748 155225473 1055667508 2689932595 74444 76541 11845 1210238 
1789400146.162358044	545000000	0	0 34949586 79609748 155225473 1055667508 2689932595 74444 76541 11845 1210238 
1789400146.454526146	545000000	0	0 34949586 79609748 155225473 1055667508 2689932595 74444 76541 11845 1210238 
1789400146.747161332	545000000	0	0 34949586 79609748 155225473 1055667508 2689932595 74444 76541 11845 1210238 
1789400147.039162038	545000000	0	0 34949586 79609748 155225473 1055667508 2689932595 74444 76541 11845 1210238 
1789400147.335075713	545000000	0	0 34949586 79609748 155225473 1055667508 2689932595 74444 76541 11845 1210238 
1789400147.629299597	545000000	0	0 34949586 79609748 155225473 1055667508 2689932595 74444 76541 11845 1210238 
1789400147.921826761	545000000	0	0 34949586 79609748 155225473 1055667508 2689932595 74444 76541 11845 1210238 
1789400148.214005801	545000000	0	0 34949586 79609748 155225473 1055667508 2689932595 74444 76541 11845 1210238 
1789400148.507019372	545000000	0	0 34949586 79609748 155225473 1055667508 2689932595 74444 76541 11845 1210238 
1789400148.801832891	545000000	0	0 34949586 79609748 155225473 1055667508 2689932595 74444 76541 11845 1210238 
1789400149.092892347	545000000	0	0 34949586 79609748 155225473 1055667508 2689932595 74444 76541 11845 1210238 
1789400149.388067532	545000000	0	0 34949586 79609748 155225473 1055667508 2689932595 74444 76541 11845 1210238 
1789400149.682312926	545000000	0	0 34949586 79609748 155225473 1055667508 2689932595 74444 76541 11845 1210238 
1789400149.981697071	545000000	0	0 34949586 79609748 155225473 1055667508 2689932595 74444 76541 11845 1210238 
1789400150.276255329	545000000	0	0 34949586 79609748 155225473 1055667508 2689932595 74444 76541 11845 1210238 
1789400150.570453379	545000000	0	0 34949586 79609748 155225473 1055667508 2689932595 74444 76541 11845 1210238 
1789400150.862797367	545000000	0	0 34949586 79609748 155225473 1055667508 2689932595 74444 76541 11845 1210238 
1789400151.156260365	545000000	0	0 34949586 79609748 155225473 1055667508 2689932595 74444 76541 11845 1210238 
1789400151.448971956	545000000	0	0 34949586 79609748 155225473 1055667508 2689932595 74444 76541 11845 1210238 
1789400151.747795892	545000000	0	0 34949586 79609748 155225473 1055667508 2689932595 74444 76541 11845 1210238 
1789400152.038216130	545000000	0	0 34949586 79609748 155225473 1055667508 2689932595 74444 76541 11845 1210238 
1789400152.330034752	545000000	0	0 34949586 79609748 155225473 1055667508 2689932595 74444 76541 11845 1210238 
1789400152.620742177	545000000	0	0 34949586 79609748 155225473 1055667508 2689932595 74444 76541 11845 1210238 
1789400152.914238196	545000000	0	0 34949586 79609748 155225473 1055667508 2689932595 74444 76541 11845 1210238 
1789400153.208808017	545000000	0	0 34949586 79609748 155225473 1055667508 2689932595 74444 76541 11845 1210238 
1789400153.501495286	545000000	0	0 34949586 79609748 155225473 1055667508 2689932595 74444 76541 11845 1210238 
1789400153.795583284	545000000	0	0 34949586 79609748 155225473 1055667508 2689932595 74444 76541 11845 1210238 
1789400154.088933834	545000000	0	0 34949586 79609748 155225473 1055667508 2689932595 74444 76541 11845 1210238 
1789400154.380892821	545000000	0	0 34949586 79609748 155225473 1055667508 2689932595 74444 76541 11845 1210238 
1789400154.672665194	545000000	0	0 34949586 79609748 155225473 1055667508 2689932595 74444 76541 11845 1210238 
1789400154.971226422	545000000	0	0 34949586 79609748 155225473 1055667508 2689932595 74444 76541 11845 1210238 
1789400155.264185409	545000000	0	0 34949586 79609748 155225473 1055667508 2689932595 74444 76541 11845 1210238 
1789400155.557695387	545000000	0	0 34949586 79609748 155225473 1055667508 2689932595 74444 76541 11845 1210238 
1789400155.852226145	545000000	0	0 34949586 79609748 155225473 1055667508 2689932595 74444 76541 11845 1210238 
1789400156.141920549	545000000	0	0 34949586 79609748 155225473 1055667508 2689932595 74444 76541 11845 1210238 
1789400156.436235943	545000000	0	0 34949586 79609748 155225473 1055667508 2689932595 74444 76541 11845 1210238 
1789400156.727429409	545000000	0	0 34949586 79609748 155225473 1055667508 2689932595 74444 76541 11845 1210238 
1789400157.020560636	545000000	0	0 34949586 79609748 155225473 1055667508 2689932595 74444 76541 11845 1210238 
1789400157.313777801	545000000	0	0 34949586 79609748 155225473 1055667508 2689932595 74444 76541 11845 1210238 
1789400157.605865955	545000000	0	0 34949586 79609748 155225473 1055667508 2689932595 74444 76541 11845 1210238 
1789400157.898829057	545000000	0	0 34949586 79609748 155225473 1055667508 2689932595 74444 76541 11845 1210238 
1789400158.192891691	545000000	0	0 34949586 79609748 155225473 1055667508 2689932595 74444 76541 11845 1210238 
1789400158.487672814	545000000	0	0 34949586 79609748 155225473 1055667508 2689932595 74444 76541 11845 1210238 
1789400158.779358572	545000000	0	0 34949586 79609748 155225473 1055667508 2689932595 74444 76541 11845 1210238 
1789400159.072733810	545000000	0	0 34949586 79609748 155225473 1055667508 2689932595 74444 76541 11845 1210238 
1789400159.365414672	545000000	0	0 34949586 79609748 155225473 1055667508 2689932595 74444 76541 11845 1210238 
1789400159.658498660	545000000	0	0 34949586 79609748 155225473 1055667508 2689932595 74444 76541 11845 1210238 
1789400159.952815616	545000000	0	0 34949586 79609748 155225473 1055667508 2689932595 74444 76541 11845 1210238 
1789400160.244448197	545000000	0	0 34949586 79609748 155225473 1055667508 2689932595 74444 76541 11845 1210238 
1789400160.535064059	545000000	0	0 34949586 79609748 155225473 1055667508 2689932595 74444 76541 11845 1210238 
1789400160.827634193	545000000	0	0 34949586 79609748 155225473 1055667508 2689932595 74444 76541 11845 1210238 
1789400161.118641774	545000000	0	0 34949586 79609748 155225473 1055667508 2689932595 74444 76541 11845 1210238 
1789400161.414768314	545000000	0	0 34949586 79609748 155225473 1055667508 2689932595 74444 76541 11845 1210238 
1789400161.706023134	545000000	0	0 34949586 79609748 155225473 1055667508 2689932595 74444 76541 11845 1210238 
1789400162.001738060	545000000	0	0 34949586 79609748 155225473 1055667508 2689932595 74444 76541 11845 1210238 
1789400162.291371318	545000000	0	0 34949586 79609748 155225473 1055667508 2689932595 74444 76541 11845 1210238 
1789400162.586290930	545000000	0	0 34949586 79609748 155225473 1055667508 2689932595 74444 76541 11845 1210238 
1789400162.881882627	545000000	0	0 34949586 79609748 155225473 1055667508 2689932595 74444 76541 11845 1210238 
1789400163.170808489	545000000	0	0 34949586 79609748 155225473 1055667508 2689932595 74444 76541 11845 1210238 
1789400163.462794247	545000000	0	0 34949586 79609748 155225473 1055667508 2689932595 74444 76541 11845 1210238 
1789400163.752790838	545000000	0	0 34949586 79609748 155225473 1055667508 2689932595 74444 76541 11845 1210238 
1789400164.044161232	545000000	0	0 34949586 79609748 155225473 1055667508 2689932595 74444 76541 11845 1210238 
1789400164.333519802	545000000	0	0 34949586 79609748 155225473 1055667508 2689932595 74444 76541 11845 1210238 
1789400164.624881915	545000000	0	0 34949586 79609748 155225473 1055667508 2689932595 74444 76541 11845 1210238 
1789400164.919146580	545000000	0	0 34949586 79609748 155225473 1055667508 2689932595 74444 76541 11845 1210238 
1789400165.213731713	545000000	0	0 34949586 79609748 155225473 1055667508 2689932595 74444 76541 11845 1210238 
1789400165.506332159	545000000	0	0 34949586 79609748 155225473 1055667508 2689932595 74444 76541 11845 1210238 
1789400165.798152032	545000000	0	0 34949586 79609748 155225473 1055667508 2689932595 74444 76541 11845 1210238 
1789400166.093583207	545000000	0	0 34949586 79609748 155225473 1055667508 2689932595 74444 76541 11845 1210238 
1789400166.385972767	545000000	0	0 34949586 79609748 155225473 1055667508 2689932595 74444 76541 11845 1210238 
1789400166.679386078	545000000	0	0 34949586 79609748 155225473 1055667508 2689932595 74444 76541 11845 1210238 
1789400166.970508294	545000000	0	0 34949586 79609748 155225473 1055667508 2689932595 74444 76541 11845 1210238 
1789400167.264088480	545000000	0	0 34949586 79609748 155225473 1055667508 2689932595 74444 76541 11845 1210238 
1789400167.557888665	545000000	0	0 34949586 79609748 155225473 1055667508 2689932595 74444 76541 11845 1210238 
1789400167.850470986	545000000	0	0 34949586 79609748 155225473 1055667508 2689932595 74444 76541 11845 1210238 
1789400168.147274870	545000000	0	0 34949586 79609748 155225473 1055667508 2689932595 74444 76541 11845 1210238 
1789400168.438492347	545000000	0	0 34949586 79609748 155225473 1055667508 2689932595 74444 76541 11845 1210238 
1789400168.731327741	545000000	0	0 34949586 79609748 155225473 1055667508 2689932595 74444 76541 11845 1210238 
1789400169.025969853	545000000	0	0 34949586 79609748 155225473 1055667508 2689932595 74444 76541 11845 1210238 
1789400169.322716185	545000000	0	0 34949586 79609748 155225473 1055667508 2689932595 74444 76541 11845 1210238 
1789400169.617162568	545000000	0	0 34949586 79609748 155225473 1055667508 2689932595 74444 76541 11845 1210238 
1789400169.911016764	545000000	0	0 34949586 79609748 155225473 1055667508 2689932595 74444 76541 11845 1210238 
1789400170.205872158	545000000	0	0 34949586 79609748 155225473 1055667508 2689932595 74444 76541 11845 1210238 
1789400170.495736093	545000000	0	0 34949586 79609748 155225473 1055667508 2689932595 74444 76541 11845 1210238 
1789400170.786965081	545000000	0	0 34949586 79609748 155225473 1055667508 2689932595 74444 76541 11845 1210238 
1789400171.078896204	545000000	0	0 34949586 79609748 155225473 1055667508 2689932595 74444 76541 11845 1210238 
1789400171.375842796	545000000	0	0 34949586 79609748 155225473 1055667508 2689932595 74444 76541 11845 1210238 
1789400171.668186679	545000000	0	0 34949586 79609748 155225473 1055667508 2689932595 74444 76541 11845 1210238 
1789400171.960135614	545000000	0	0 34949586 79609748 155225473 1055667508 2689932595 74444 76541 11845 1210238 
1789400172.252182102	545000000	0	0 34949586 79609748 155225473 1055667508 2689932595 74444 76541 11845 1210238 
1789400172.544386193	545000000	0	0 34949586 79609748 155225473 1055667508 2689932595 74444 76541 11845 1210238 
1789400172.837679816	545000000	0	0 34949586 79609748 155225473 1055667508 2689932595 74444 76541 11845 1210238 
1789400173.131775210	545000000	0	0 34949586 79609748 155225473 1055667508 2689932595 74444 76541 11845 1210238 
1789400173.427930656	545000000	0	0 34949586 79609748 155225473 1055667508 2689932595 74444 76541 11845 1210238 
1789400173.719610998	545000000	0	0 34949586 79609748 155225473 1055667508 2689932595 74444 76541 11845 1210238 
1789400174.012131235	545000000	0	0 34949586 79609748 155225473 1055667508 2689932595 74444 76541 11845 1210238 
1789400174.303554494	545000000	0	0 34949586 79609748 155225473 1055667508 2689932595 74444 76541 11845 1210238 
1789400174.595337960	545000000	0	0 34949586 79609748 155225473 1055667508 2689932595 74444 76541 11845 1210238 
1789400174.888232417	545000000	0	0 34949586 79609748 155225473 1055667508 2689932595 74444 76541 11845 1210238 
1789400175.181110519	545000000	0	0 34949586 79609748 155225473 1055667508 2689932595 74444 76541 11845 1210238 
1789400175.474023308	545000000	0	0 34949586 79609748 155225473 1055667508 2689932595 74444 76541 11845 1210238 
1789400175.777844849	545000000	0	0 34949586 79609748 155225473 1055667508 2689932595 74444 76541 11845 1210238 
1789400176.073110712	545000000	0	0 34949586 79609748 155225473 1055667508 2689932595 74444 76541 11845 1210238 
1789400176.367833345	545000000	0	0 34949586 79609748 155225473 1055667508 2689932595 74444 76541 11845 1210238 
1789400176.659394885	545000000	0	0 34949586 79609748 155225473 1055667508 2689932595 74444 76541 11845 1210238 
1789400176.955387987	545000000	0	0 34949586 79609748 155225473 1055667508 2689932595 74444 76541 11845 1210238 
1789400177.247160568	545000000	0	0 34949586 79609748 155225473 1055667508 2689932595 74444 76541 11845 1210238 
1789400177.542829504	545000000	0	0 34949586 79609748 155225473 1055667508 2689932595 74444 76541 11845 1210238 
1789400177.837388804	545000000	0	0 34949586 79609748 155225473 1055667508 2689932595 74444 76541 11845 1210238 
1789400178.133644198	545000000	0	0 34949586 79609748 155225473 1055667508 2689932595 74444 76541 11845 1210238 
1789400178.426507352	545000000	0	0 34949586 79609748 155225473 1055667508 2689932595 74444 76541 11845 1210238 
1789400178.719938892	545000000	0	0 34949586 79609748 155225473 1055667508 2689932595 74444 76541 11845 1210238 
1789400179.017709651	545000000	0	0 34949586 79609748 155225473 1055667508 2689932595 74444 76541 11845 1210238 
1789400179.310888638	545000000	0	0 34949586 79609748 155225473 1055667508 2689932595 74444 76541 11845 1210238 
1789400179.606562470	545000000	0	0 34949586 79609748 155225473 1055667508 2689932595 74444 76541 11845 1210238 
1789400179.899244791	545000000	0	0 34949586 79609748 155225473 1055667508 2689932595 74444 76541 11845 1210238 
1789400180.193331070	545000000	0	0 34949586 79609748 155225473 1055667508 2689932595 74444 76541 11845 1210238 
1789400180.486538755	545000000	0	0 34949586 79609748 155225473 1055667508 2689932595 74444 76541 11845 1210238 
1789400180.777712326	545000000	0	0 34949586 79609748 155225473 1055667508 2689932595 74444 76541 11845 1210238 
1789400181.069987147	545000000	0	0 34949586 79609748 155225473 1055667508 2689932595 74444 76541 11845 1210238 
1789400181.362833374	545000000	0	0 34949586 79609748 155225473 1055667508 2689932595 74444 76541 11845 1210238 
1789400181.655353612	545000000	0	0 34949586 79609748 155225473 1055667508 2689932595 74444 76541 11845 1210238 
1789400181.949689526	545000000	0	0 34949586 79609748 155225473 1055667508 2689932595 74444 76541 11845 1210238 
1789400182.242743462	545000000	0	0 34949586 79609748 155225473 1055667508 2689932595 74444 76541 11845 1210238 
1789400182.534351459	545000000	0	0 34949586 79609748 155225473 1055667508 2689932595 74444 76541 11845 1210238 
1789400182.826118624	545000000	0	0 34949586 79609748 155225473 1055667508 2689932595 74444 76541 11845 1210238 
1789400183.121515841	545000000	0	0 34949586 79609748 155225473 1055667508 2689932595 74444 76541 11845 1210238 
1789400183.411873578	545000000	0	0 34949586 79609748 155225473 1055667508 2689932595 74444 76541 11845 1210238 
1789400183.709256681	545000000	0	0 34949586 79609748 155225473 1055667508 2689932595 74444 76541 11845 1210238 
1789400184.003175512	545000000	0	0 34949586 79609748 155225473 1055667508 2689932595 74444 76541 11845 1210238 
1789400184.295197937	545000000	0	0 34949586 79609748 155225473 1055667508 2689932595 74444 76541 11845 1210238 
1789400184.591193904	545000000	0	0 34949586 79609748 155225473 1055667508 2689932595 74444 76541 11845 1210238 
1789400184.888857579	545000000	0	0 34949586 79609748 155225473 1055667508 2689932595 74444 76541 11845 1210238 
1789400185.185236932	545000000	0	0 34949586 79609748 155225473 1055667508 2689932595 74444 76541 11845 1210238 
1789400185.479286649	545000000	0	0 34949586 79609748 155225473 1055667508 2689932595 74444 76541 11845 1210238 
1789400185.773475532	545000000	0	0 34949586 79609748 155225473 1055667508 2689932595 74444 76541 11845 1210238 
1789400186.066467697	545000000	0	0 34949586 79609748 155225473 1055667508 2689932595 74444 76541 11845 1210238 
1789400186.361592987	545000000	0	0 34949586 79609748 155225473 1055667508 2689932595 74444 76541 11845 1210238 
1789400186.654906505	545000000	0	0 34949586 79609748 155225473 1055667508 2689932595 74444 76541 11845 1210238 
1789400186.946168409	545000000	0	0 34949586 79609748 155225473 1055667508 2689932595 74444 76541 11845 1210238 
1789400187.239578595	545000000	0	0 34949586 79609748 155225473 1055667508 2689932595 74444 76541 11845 1210238 
1789400187.532472947	545000000	0	0 34949586 79609748 155225473 1055667508 2689932595 74444 76541 11845 1210238 
1789400187.825610580	545000000	0	0 34949586 79609748 155225473 1055667508 2689932595 74444 76541 11845 1210238 
1789400188.118628422	545000000	0	0 34949586 79609748 155225473 1055667508 2689932595 74444 76541 11845 1210238 
1789400188.411754701	545000000	0	0 34949586 79609748 155225473 1055667508 2689932595 74444 76541 11845 1210238 
1789400188.704354366	545000000	0	0 34949586 79609748 155225473 1055667508 2689932595 74444 76541 11845 1210238 
1789400188.999369083	545000000	0	0 34949586 79609748 155225473 1055667508 2689932595 74444 76541 11845 1210238 
1789400189.292181195	545000000	0	0 34949586 79609748 155225473 1055667508 2689932595 74444 76541 11845 1210238 
1789400189.585097266	545000000	0	0 34949586 79609748 155225473 1055667508 2689932595 74444 76541 11845 1210238 
1789400189.880931671	545000000	0	0 34949586 79609748 155225473 1055667508 2689932595 74444 76541 11845 1210238 
1789400190.173642585	545000000	0	0 34949586 79609748 155225473 1055667508 2689932595 74444 76541 11845 1210238 
1789400190.466562354	545000000	0	0 34949586 79609748 155225473 1055667508 2689932595 74444 76541 11845 1210238 
1789400190.761631550	545000000	0	0 34949586 79609748 155225473 1055667508 2689932595 74444 76541 11845 1210238 
1789400191.052774027	545000000	0	0 34949586 79609748 155225473 1055667508 2689932595 74444 76541 11845 1210238 
1789400191.344054056	545000000	0	0 34949586 79609748 155225473 1055667508 2689932595 74444 76541 11845 1210238 
1789400191.635562939	545000000	0	0 34949586 79609748 155225473 1055667508 2689932595 74444 76541 11845 1210238 
1789400191.934321979	545000000	0	0 34949586 79609748 155225473 1055667508 2689932595 74444 76541 11845 1210238 
1789400192.227370602	545000000	0	0 34949586 79609748 155225473 1055667508 2689932595 74444 76541 11845 1210238 
1789400192.518225162	545000000	0	0 34949586 79609748 155225473 1055667508 2689932595 74444 76541 11845 1210238 
1789400192.811230765	545000000	0	0 34949586 79609748 155225473 1055667508 2689932595 74444 76541 11845 1210238 
1789400193.102020689	545000000	0	0 34949586 79609748 155225473 1055667508 2689932595 74444 76541 11845 1210238 
1789400193.395187594	545000000	0	0 34949586 79609748 155225473 1055667508 2689932595 74444 76541 11845 1210238 
1789400193.689345331	545000000	0	0 34949586 79609748 155225473 1055667508 2689932595 74444 76541 11845 1210238 
1789400193.982409735	545000000	0	0 34949586 79609748 155225473 1055667508 2689932595 74444 76541 11845 1210238 
1789400194.277106275	545000000	0	0 34949586 79609748 155225473 1055667508 2689932595 74444 76541 11845 1210238 
1789400194.566971408	545000000	0	0 34949586 79609748 155225473 1055667508 2689932595 74444 76541 11845 1210238 
1789400194.859902792	545000000	0	0 34949586 79609748 155225473 1055667508 2689932595 74444 76541 11845 1210238 
1789400195.153707508	545000000	0	0 34949586 79609748 155225473 1055667508 2689932595 74444 76541 11845 1210238 
1789400195.445329256	545000000	0	0 34949586 79609748 155225473 1055667508 2689932595 74444 76541 11845 1210238 
1789400195.737552202	545000000	0	0 34949586 79609748 155225473 1055667508 2689932595 74444 76541 11845 1210238 
1789400196.030080200	545000000	0	0 34949586 79609748 155225473 1055667508 2689932595 74444 76541 11845 1210238 
1789400196.322408458	545000000	0	0 34949586 79609748 155225473 1055667508 2689932595 74444 76541 11845 1210238 
1789400196.613903852	545000000	0	0 34949586 79609748 155225473 1055667508 2689932595 74444 76541 11845 1210238 
1789400196.909217371	545000000	0	0 34949586 79609748 155225473 1055667508 2689932595 74444 76541 11845 1210238 
1789400197.205763911	545000000	0	0 34949586 79609748 155225473 1055667508 2689932595 74444 76541 11845 1210238 
1789400197.500320242	545000000	0	0 34949586 79609748 155225473 1055667508 2689932595 74444 76541 11845 1210238 
1789400197.792738969	545000000	0	0 34949586 79609748 155225473 1055667508 2689932595 74444 76541 11845 1210238 
1789400198.087114155	545000000	0	0 34949586 79609748 155225473 1055667508 2689932595 74444 76541 11845 1210238 
1789400198.378516840	545000000	0	0 34949586 79609748 155225473 1055667508 2689932595 74444 76541 11845 1210238 
1789400198.671107234	545000000	0	0 34949586 79609748 155225473 1055667508 2689932595 74444 76541 11845 1210238 
1789400198.965343305	545000000	0	0 34949586 79609748 155225473 1055667508 2689932595 74444 76541 11845 1210238 
1789400199.261332240	545000000	0	0 34949586 79609748 155225473 1055667508 2689932595 74444 76541 11845 1210238 
1789400199.554060968	545000000	0	0 34949586 79609748 155225473 1055667508 2689932595 74444 76541 11845 1210238 
1789400199.845353653	545000000	0	0 34949586 79609748 155225473 1055667508 2689932595 74444 76541 11845 1210238 
1789400200.137689203	545000000	0	0 34949586 79609748 155225473 1055667508 2689932595 74444 76541 11845 1210238 
1789400200.432175378	545000000	0	0 34949586 79609748 155225473 1055667508 2689932595 74444 76541 11845 1210238 
1789400200.730189262	545000000	0	0 34949586 79609748 155225473 1055667508 2689932595 74444 76541 11845 1210238 
1789400201.022904916	545000000	0	0 34949586 79609748 155225473 1055667508 2689932595 74444 76541 11845 1210238 
1789400201.314525622	545000000	0	0 34949586 79609748 155225473 1055667508 2689932595 74444 76541 11845 1210238 
1789400201.609392631	545000000	0	0 34949586 79609748 155225473 1055667508 2689932595 74444 76541 11845 1210238 
1789400201.901603493	545000000	0	0 34949586 79609748 155225473 1055667508 2689932595 74444 76541 11845 1210238 
1789400202.191052220	545000000	0	0 34949586 79609748 155225473 1055667508 2689932595 74444 76541 11845 1210238 
1789400202.481977978	545000000	0	0 34949586 79609748 155225473 1055667508 2689932595 74444 76541 11845 1210238 
1789400202.779066549	545000000	0	0 34949586 79609748 155225473 1055667508 2689932595 74444 76541 11845 1210238 
1789400203.072170589	545000000	0	0 34949586 79609748 155225473 1055667508 2689932595 74444 76541 11845 1210238 
1789400203.364364055	545000000	0	0 34949586 79609748 155225473 1055667508 2689932595 74444 76541 11845 1210238 
1789400203.657478928	545000000	0	0 34949586 79609748 155225473 1055667508 2689932595 74444 76541 11845 1210238 
1789400203.952452916	545000000	0	0 34949586 79609748 155225473 1055667508 2689932595 74444 76541 11845 1210238 
1789400204.242104560	545000000	0	0 34949586 79609748 155225473 1055667508 2689932595 74444 76541 11845 1210238 
1789400204.536611204	545000000	0	0 34949586 79609748 155225473 1055667508 2689932595 74444 76541 11845 1210238 
1789400204.834945296	545000000	0	0 34949586 79609748 155225473 1055667508 2689932595 74444 76541 11845 1210238 
1789400205.129798554	545000000	0	0 34949586 79609748 155225473 1055667508 2689932595 74444 76541 11845 1210238 
1789400205.423327386	545000000	0	0 34949586 79609748 155225473 1055667508 2689932595 74444 76541 11845 1210238 
1789400205.714904029	545000000	0	0 34949586 79609748 155225473 1055667508 2689932595 74444 76541 11845 1210238 
1789400206.008682861	545000000	0	0 34949586 79609748 155225473 1055667508 2689932595 74444 76541 11845 1210238 
1789400206.300881119	545000000	0	0 34949586 79609748 155225473 1055667508 2689932595 74444 76541 11845 1210238 
1789400206.595794273	545000000	0	0 34949586 79609748 155225473 1055667508 2689932595 74444 76541 11845 1210238 
1789400206.892219980	545000000	0	0 34949586 79609748 155225473 1055667508 2689932595 74444 76541 11845 1210238 
1789400207.186042561	545000000	0	0 34949586 79609748 155225473 1055667508 2689932595 74444 76541 11845 1210238 
1789400207.478209882	545000000	0	0 34949586 79609748 155225473 1055667508 2689932595 74444 76541 11845 1210238 
1789400207.769659234	545000000	0	0 34949586 79609748 155225473 1055667508 2689932595 74444 76541 11845 1210238 
1789400208.064965305	545000000	0	0 34949586 79609748 155225473 1055667508 2689932595 74444 76541 11845 1210238 
1789400208.356364553	545000000	0	0 34949586 79609748 155225473 1055667508 2689932595 74444 76541 11845 1210238 
1789400208.648618384	545000000	0	0 34949586 79609748 155225473 1055667508 2689932595 74444 76541 11845 1210238 
1789400208.941271121	545000000	0	0 34949586 79609748 155225473 1055667508 2689932595 74444 76541 11845 1210238 
1789400209.232198807	545000000	0	0 34949586 79609748 155225473 1055667508 2689932595 74444 76541 11845 1210238 
1789400209.525429253	545000000	0	0 34949586 79609748 155225473 1055667508 2689932595 74444 76541 11845 1210238 
1789400209.825311782	545000000	0	0 34949586 79609748 155225473 1055667508 2689932595 74444 76541 11845 1210238 
1789400210.119274260	545000000	0	0 34949586 79609748 155225473 1055667508 2689932595 74444 76541 11845 1210238 
1789400210.414959029	545000000	0	0 34949586 79609748 155225473 1055667508 2689932595 74444 76541 11845 1210238 
1789400210.711977808	545000000	0	0 34949586 79609748 155225473 1055667508 2689932595 74444 76541 11845 1210238 
1789400211.003705389	545000000	0	0 34949586 79609748 155225473 1055667508 2689932595 74444 76541 11845 1210238 
1789400211.298985836	545000000	0	0 34949586 79609748 155225473 1055667508 2689932595 74444 76541 11845 1210238 
1789400211.591979823	545000000	0	0 34949586 79609748 155225473 1055667508 2689932595 74444 76541 11845 1210238 
1789400211.886249488	545000000	0	0 34949586 79609748 155225473 1055667508 2689932595 74444 76541 11845 1210238 
1789400212.182584153	545000000	0	0 34949586 79609748 155225473 1055667508 2689932595 74444 76541 11845 1210238 
1789400212.475736317	545000000	0	0 34949586 79609748 155225473 1055667508 2689932595 74444 76541 11845 1210238 
1789400212.767579419	545000000	0	0 34949586 79609748 155225473 1055667508 2689932595 74444 76541 11845 1210238 
1789400213.059758876	545000000	0	0 34949586 79609748 155225473 1055667508 2689932595 74444 76541 11845 1210238 
1789400213.351244269	545000000	0	0 34949586 79609748 155225473 1055667508 2689932595 74444 76541 11845 1210238 
1789400213.643243986	545000000	0	0 34949586 79609748 155225473 1055667508 2689932595 74444 76541 11845 1210238 
1789400213.937667140	545000000	0	0 34949586 79609748 155225473 1055667508 2689932595 74444 76541 11845 1210238 
1789400214.229971596	545000000	0	0 34949586 79609748 155225473 1055667508 2689932595 74444 76541 11845 1210238 
1789400214.520919594	545000000	0	0 34949586 79609748 155225473 1055667508 2689932595 74444 76541 11845 1210238 
1789400214.811456342	545000000	0	0 34949586 79609748 155225473 1055667508 2689932595 74444 76541 11845 1210238 
1789400215.108276059	545000000	0	0 34949586 79609748 155225473 1055667508 2689932595 74444 76541 11845 1210238 
1789400215.402060723	545000000	0	0 34949586 79609748 155225473 1055667508 2689932595 74444 76541 11845 1210238 
1789400215.694943773	545000000	0	0 34949586 79609748 155225473 1055667508 2689932595 74444 76541 11845 1210238 
1789400215.986167969	545000000	0	0 34949586 79609748 155225473 1055667508 2689932595 74444 76541 11845 1210238 
1789400216.280866540	545000000	0	0 34949586 79609748 155225473 1055667508 2689932595 74444 76541 11845 1210238 
1789400216.569122038	545000000	0	0 34949586 79609748 155225473 1055667508 2689932595 74444 76541 11845 1210238 
1789400216.863826182	545000000	0	0 34949586 79609748 155225473 1055667508 2689932595 74444 76541 11845 1210238 
1789400217.158159648	545000000	0	0 34949586 79609748 155225473 1055667508 2689932595 74444 76541 11845 1210238 
1789400217.451419573	545000000	0	0 34949586 79609748 155225473 1055667508 2689932595 74444 76541 11845 1210238 
1789400217.746520176	545000000	0	0 34949586 79609748 155225473 1055667508 2689932595 74444 76541 11845 1210238 
1789400218.039598017	545000000	0	0 34949586 79609748 155225473 1055667508 2689932595 74444 76541 11845 1210238 
1789400218.332414036	545000000	0	0 34949586 79609748 155225473 1055667508 2689932595 74444 76541 11845 1210238 
1789400218.623991774	545000000	0	0 34949586 79609748 155225473 1055667508 2689932595 74444 76541 11845 1210238 
1789400218.918237428	545000000	0	0 34949586 79609748 155225473 1055667508 2689932595 74444 76541 11845 1210238 
1789400219.212794176	545000000	0	0 34949586 79609748 155225473 1055667508 2689932595 74444 76541 11845 1210238 
1789400219.504041913	545000000	0	0 34949586 79609748 155225473 1055667508 2689932595 74444 76541 11845 1210238 
1789400219.797932672	545000000	0	0 34949586 79609748 155225473 1055667508 2689932595 74444 76541 11845 1210238 
1789400220.091408274	545000000	0	0 34949586 79609748 155225473 1055667508 2689932595 74444 76541 11845 1210238 
1789400220.383959136	545000000	0	0 34949586 79609748 155225473 1055667508 2689932595 74444 76541 11845 1210238 
1789400220.674579530	545000000	0	0 34949586 79609748 155225473 1055667508 2689932595 74444 76541 11845 1210238 
1789400220.967289142	545000000	0	0 34949586 79609748 155225473 1055667508 2689932595 74444 76541 11845 1210238 
1789400221.262288026	545000000	0	0 34949586 79609748 155225473 1055667508 2689932595 74444 76541 11845 1210238 
1789400221.555431805	545000000	0	0 34949586 79609748 155225473 1055667508 2689932595 74444 76541 11845 1210238 
1789400221.846805376	545000000	0	0 34949586 79609748 155225473 1055667508 2689932595 74444 76541 11845 1210238 
1789400222.141797020	545000000	0	0 34949586 79609748 155225473 1055667508 2689932595 74444 76541 11845 1210238 
1789400222.432398195	545000000	0	0 34949586 79609748 155225473 1055667508 2689932595 74444 76541 11845 1210238 
1789400222.724521453	545000000	0	0 34949586 79609748 155225473 1055667508 2689932595 74444 76541 11845 1210238 
1789400223.018622003	545000000	0	0 34949586 79609748 155225473 1055667508 2689932595 74444 76541 11845 1210238 
1789400223.311703699	545000000	0	0 34949586 79609748 155225473 1055667508 2689932595 74444 76541 11845 1210238 
1789400223.604396332	545000000	0	0 34949586 79609748 155225473 1055667508 2689932595 74444 76541 11845 1210238 
1789400223.897443809	545000000	0	0 34949586 79609748 155225473 1055667508 2689932595 74444 76541 11845 1210238 
1789400224.190078318	545000000	0	0 34949586 79609748 155225473 1055667508 2689932595 74444 76541 11845 1210238 
1789400224.483850743	545000000	0	0 34949586 79609748 155225473 1055667508 2689932595 74444 76541 11845 1210238 
1789400224.782165929	545000000	0	0 34949586 79609748 155225473 1055667508 2689932595 74444 76541 11845 1210238 
1789400225.074967468	545000000	0	0 34949586 79609748 155225473 1055667508 2689932595 74444 76541 11845 1210238 
1789400225.368545466	545000000	0	0 34949586 79609748 155225473 1055667508 2689932595 74444 76541 11845 1210238 
1789400225.660835027	545000000	0	0 34949586 79609748 155225473 1055667508 2689932595 74444 76541 11845 1210238 
1789400225.953445056	545000000	0	0 34949586 79609748 155225473 1055667508 2689932595 74444 76541 11845 1210238 
1789400226.247060554	545000000	0	0 34949586 79609748 155225473 1055667508 2689932595 74444 76541 11845 1210238 
1789400226.537179072	545000000	0	0 34949586 79609748 155225473 1055667508 2689932595 74444 76541 11845 1210238 
1789400226.829414414	545000000	0	0 34949586 79609748 155225473 1055667508 2689932595 74444 76541 11845 1210238 
1789400227.122341995	545000000	0	0 34949586 79609748 155225473 1055667508 2689932595 74444 76541 11845 1210238 
1789400227.415021660	545000000	0	0 34949586 79609748 155225473 1055667508 2689932595 74444 76541 11845 1210238 
1789400227.709118304	545000000	0	0 34949586 79609748 155225473 1055667508 2689932595 74444 76541 11845 1210238 
1789400228.002196302	545000000	0	0 34949586 79609748 155225473 1055667508 2689932595 74444 76541 11845 1210238 
1789400228.295610914	545000000	0	0 34949586 79609748 155225473 1055667508 2689932595 74444 76541 11845 1210238 
1789400228.588445006	545000000	0	0 34949586 79609748 155225473 1055667508 2689932595 74444 76541 11845 1210238 
1789400228.881185243	545000000	0	0 34949586 79609748 155225473 1055667508 2689932595 74444 76541 11845 1210238 
1789400229.172392981	545000000	0	0 34949586 79609748 155225473 1055667508 2689932595 74444 76541 11845 1210238 
1789400229.469921031	545000000	0	0 34949586 79609748 155225473 1055667508 2689932595 74444 76541 11845 1210238 
1789400229.762838560	545000000	0	0 34949586 79609748 155225473 1055667508 2689932595 74444 76541 11845 1210238 
1789400230.054410152	545000000	0	0 34949586 79609748 155225473 1055667508 2689932595 74444 76541 11845 1210238 
1789400230.347644035	545000000	0	0 34949586 79609748 155225473 1055667508 2689932595 74444 76541 11845 1210238 
1789400230.639084377	545000000	0	0 34949586 79609748 155225473 1055667508 2689932595 74444 76541 11845 1210238 
1789400230.931610760	545000000	0	0 34949586 79609748 155225473 1055667508 2689932595 74444 76541 11845 1210238 
1789400231.226024539	545000000	0	0 34949586 79609748 155225473 1055667508 2689932595 74444 76541 11845 1210238 
1789400231.517259204	545000000	0	0 34949586 79609748 155225473 1055667508 2689932595 74444 76541 11845 1210238 
1789400231.810474546	545000000	0	0 34949586 79609748 155225473 1055667508 2689932595 74444 76541 11845 1210238 
1789400232.105086606	545000000	0	0 34949586 79609748 155225473 1055667508 2689932595 74444 76541 11845 1210238 
1789400232.398305281	545000000	0	0 34949586 79609748 155225473 1055667508 2689932595 74444 76541 11845 1210238 
1789400232.691800831	545000000	0	0 34949586 79609748 155225473 1055667508 2689932595 74444 76541 11845 1210238 
1789400232.982866121	545000000	0	0 34949586 79609748 155225473 1055667508 2689932595 74444 76541 11845 1210238 
1789400233.275373285	545000000	0	0 34949586 79609748 155225473 1055667508 2689932595 74444 76541 11845 1210238 
1789400233.567560241	545000000	0	0 34949586 79609748 155225473 1055667508 2689932595 74444 76541 11845 1210238 
1789400233.860597354	545000000	0	0 34949586 79609748 155225473 1055667508 2689932595 74444 76541 11845 1210238 
1789400234.154556602	545000000	0	0 34949586 79609748 155225473 1055667508 2689932595 74444 76541 11845 1210238 
1789400234.450879340	545000000	0	0 34949586 79609748 155225473 1055667508 2689932595 74444 76541 11845 1210238 
1789400234.742171348	545000000	0	0 34949586 79609748 155225473 1055667508 2689932595 74444 76541 11845 1210238 
1789400235.035058877	545000000	0	0 34949586 79609748 155225473 1055667508 2689932595 74444 76541 11845 1210238 
1789400235.327887448	545000000	0	0 34949586 79609748 155225473 1055667508 2689932595 74444 76541 11845 1210238 
1789400235.624333519	545000000	0	0 34949586 79609748 155225473 1055667508 2689932595 74444 76541 11845 1210238 
1789400235.921504122	545000000	0	0 34949586 79609748 155225473 1055667508 2689932595 74444 76541 11845 1210238 
1789400236.215356807	545000000	0	0 34949586 79609748 155225473 1055667508 2689932595 74444 76541 11845 1210238 
1789400236.508719493	545000000	0	0 34949586 79609748 155225473 1055667508 2689932595 74444 76541 11845 1210238 
1789400236.799237803	545000000	0	0 34949586 79609748 155225473 1055667508 2689932595 74444 76541 11845 1210238 
1789400237.096568666	545000000	0	0 34949586 79609748 155225473 1055667508 2689932595 74444 76541 11845 1210238 
1789400237.388781976	545000000	0	0 34949586 79609748 155225473 1055667508 2689932595 74444 76541 11845 1210238 
1789400237.681178464	545000000	0	0 34949586 79609748 155225473 1055667508 2689932595 74444 76541 11845 1210238 
1789400237.974611722	545000000	0	0 34949586 79609748 155225473 1055667508 2689932595 74444 76541 11845 1210238 
1789400238.269859720	545000000	0	0 34949586 79609748 155225473 1055667508 2689932595 74444 76541 11845 1210238 
1789400238.564065843	545000000	0	0 34949586 79609748 155225473 1055667508 2689932595 74444 76541 11845 1210238 
1789400238.858104206	545000000	0	0 34949586 79609748 155225473 1055667508 2689932595 74444 76541 11845 1210238 
1789400239.148593037	545000000	0	0 34949586 79609748 155225473 1055667508 2689932595 74444 76541 11845 1210238 
1789400239.441193327	545000000	0	0 34949586 79609748 155225473 1055667508 2689932595 74444 76541 11845 1210238 
1789400239.734863564	545000000	0	0 34949586 79609748 155225473 1055667508 2689932595 74444 76541 11845 1210238 
1789400240.026788333	545000000	0	0 34949586 79609748 155225473 1055667508 2689932595 74444 76541 11845 1210238 
1789400240.318533570	545000000	0	0 34949586 79609748 155225473 1055667508 2689932595 74444 76541 11845 1210238 
1789400240.615346621	545000000	0	0 34949586 79609748 155225473 1055667508 2689932595 74444 76541 11845 1210238 
1789400240.908668160	545000000	0	0 34949586 79609748 155225473 1055667508 2689932595 74444 76541 11845 1210238 
1789400241.200646210	545000000	0	0 34949586 79609748 155225473 1055667508 2689932595 74444 76541 11845 1210238 
1789400241.494200927	545000000	0	0 34949586 79609748 155225473 1055667508 2689932595 74444 76541 11845 1210238 
1789400241.786212414	545000000	0	0 34949586 79609748 155225473 1055667508 2689932595 74444 76541 11845 1210238 
1789400242.078276350	545000000	0	0 34949586 79609748 155225473 1055667508 2689932595 74444 76541 11845 1210238 
1789400242.376321379	545000000	0	0 34949586 79609748 155225473 1055667508 2689932595 74444 76541 11845 1210238 
1789400242.669079586	545000000	0	0 34949586 79609748 155225473 1055667508 2689932595 74444 76541 11845 1210238 
1789400242.961337688	545000000	0	0 34949586 79609748 155225473 1055667508 2689932595 74444 76541 11845 1210238 
1789400243.255764957	545000000	0	0 34949586 79609748 155225473 1055667508 2689932595 74444 76541 11845 1210238 
1789400243.547258423	545000000	0	0 34949586 79609748 155225473 1055667508 2689932595 74444 76541 11845 1210238 
1789400243.839431369	545000000	0	0 34949586 79609748 155225473 1055667508 2689932595 74444 76541 11845 1210238 
1789400244.132248794	545000000	0	0 34949586 79609748 155225473 1055667508 2689932595 74444 76541 11845 1210238 
1789400244.423462156	545000000	0	0 34949586 79609748 155225473 1055667508 2689932595 74444 76541 11845 1210238 
1789400244.715843071	545000000	0	0 34949586 79609748 155225473 1055667508 2689932595 74444 76541 11845 1210238 
1789400245.007540131	545000000	0	0 34949586 79609748 155225473 1055667508 2689932595 74444 76541 11845 1210238 
1789400245.299379796	545000000	0	0 34949586 79609748 155225473 1055667508 2689932595 74444 76541 11845 1210238 
1789400245.592184044	545000000	0	0 34949586 79609748 155225473 1055667508 2689932595 74444 76541 11845 1210238 
1789400245.885069021	545000000	0	0 34949586 79609748 155225473 1055667508 2689932595 74444 76541 11845 1210238 
1789400246.180547956	545000000	0	0 34949586 79609748 155225473 1055667508 2689932595 74444 76541 11845 1210238 
1789400246.472005381	545000000	0	0 34949586 79609748 155225473 1055667508 2689932595 74444 76541 11845 1210238 
1789400246.765221140	545000000	0	0 34949586 79609748 155225473 1055667508 2689932595 74444 76541 11845 1210238 
1789400247.057118096	545000000	0	0 34949586 79609748 155225473 1055667508 2689932595 74444 76541 11845 1210238 
1789400247.349935885	545000000	0	0 34949586 79609748 155225473 1055667508 2689932595 74444 76541 11845 1210238 
1789400247.643990133	545000000	0	0 34949586 79609748 155225473 1055667508 2689932595 74444 76541 11845 1210238 
1789400247.938657923	545000000	0	0 34949586 79609748 155225473 1055667508 2689932595 74444 76541 11845 1210238 
1789400248.233831286	545000000	0	0 34949586 79609748 155225473 1055667508 2689932595 74444 76541 11845 1210238 
1789400248.526736055	545000000	0	0 34949586 79609748 155225473 1055667508 2689932595 74444 76541 11845 1210238 
1789400248.818754209	545000000	0	0 34949586 79609748 155225473 1055667508 2689932595 74444 76541 11845 1210238 
1789400249.110184915	545000000	0	0 34949586 79609748 155225473 1055667508 2689932595 74444 76541 11845 1210238 
1789400249.401997027	545000000	0	0 34949586 79609748 155225473 1055667508 2689932595 74444 76541 11845 1210238 
1789400249.694780025	545000000	0	0 34949586 79609748 155225473 1055667508 2689932595 74444 76541 11845 1210238 
1789400249.987881356	545000000	0	0 34949586 79609748 155225473 1055667508 2689932595 74444 76541 11845 1210238 
1789400250.282261698	545000000	0	0 34949586 79609748 155225473 1055667508 2689932595 74444 76541 11845 1210238 
1789400250.574017092	545000000	0	0 34949586 79609748 155225473 1055667508 2689932595 74444 76541 11845 1210238 
1789400250.868818788	545000000	0	0 34949586 79609748 155225473 1055667508 2689932595 74444 76541 11845 1210238 
1789400251.163044859	545000000	0	0 34949586 79609748 155225473 1055667508 2689932595 74444 76541 11845 1210238 
1789400251.455132023	545000000	0	0 34949586 79609748 155225473 1055667508 2689932595 74444 76541 11845 1210238 
1789400251.746144657	545000000	0	0 34949586 79609748 155225473 1055667508 2689932595 74444 76541 11845 1210238 
1789400252.042275884	545000000	0	0 34949586 79609748 155225473 1055667508 2689932595 74444 76541 11845 1210238 
1789400252.334742892	545000000	0	0 34949586 79609748 155225473 1055667508 2689932595 74444 76541 11845 1210238 
1789400252.625942453	545000000	0	0 34949586 79609748 155225473 1055667508 2689932595 74444 76541 11845 1210238 
1789400252.919419096	545000000	0	0 34949586 79609748 155225473 1055667508 2689932595 74444 76541 11845 1210238 
1789400253.210482250	545000000	0	0 34949586 79609748 155225473 1055667508 2689932595 74444 76541 11845 1210238 
1789400253.502881134	545000000	0	0 34949586 79609748 155225473 1055667508 2689932595 74444 76541 11845 1210238 
1789400253.796215017	545000000	0	0 34949586 79609748 155225473 1055667508 2689932595 74444 76541 11845 1210238 
1789400254.090775724	545000000	0	0 34949586 79609748 155225473 1055667508 2689932595 74444 76541 11845 1210238 
1789400254.378761117	545000000	0	0 34949586 79609748 155225473 1055667508 2689932595 74444 76541 11845 1210238 
1789400254.671286771	545000000	0	0 34949586 79609748 155225473 1055667508 2689932595 74444 76541 11845 1210238 
1789400254.966278050	545000000	0	0 34949586 79609748 155225473 1055667508 2689932595 74444 76541 11845 1210238 
1789400255.258174850	545000000	0	0 34949586 79609748 155225473 1055667508 2689932595 74444 76541 11845 1210238 
1789400255.548846806	545000000	0	0 34949586 79609748 155225473 1055667508 2689932595 74444 76541 11845 1210238 
1789400255.840511835	545000000	0	0 34949586 79609748 155225473 1055667508 2689932595 74444 76541 11845 1210238 
1789400256.135064521	545000000	0	0 34949586 79609748 155225473 1055667508 2689932595 74444 76541 11845 1210238 
1789400256.425409550	545000000	0	0 34949586 79609748 155225473 1055667508 2689932595 74444 76541 11845 1210238 
1789400256.716951506	545000000	0	0 34949586 79609748 155225473 1055667508 2689932595 74444 76541 11845 1210238 
1789400257.009134035	545000000	0	0 34949586 79609748 155225473 1055667508 2689932595 74444 76541 11845 1210238 
1789400257.302828075	545000000	0	0 34949586 79609748 155225473 1055667508 2689932595 74444 76541 11845 1210238 
1789400257.597751021	545000000	0	0 34949586 79609748 155225473 1055667508 2689932595 74444 76541 11845 1210238 
1789400257.892158498	545000000	0	0 34949586 79609748 155225473 1055667508 2689932595 74444 76541 11845 1210238 
1789400258.183251913	545000000	0	0 34949586 79609748 155225473 1055667508 2689932595 74444 76541 11845 1210238 
1789400258.477147463	545000000	0	0 34949586 79609748 155225473 1055667508 2689932595 74444 76541 11845 1210238 
1789400258.770284263	545000000	0	0 34949586 79609748 155225473 1055667508 2689932595 74444 76541 11845 1210238 
1789400259.062819084	545000000	0	0 34949586 79609748 155225473 1055667508 2689932595 74444 76541 11845 1210238 
1789400259.355423540	545000000	0	0 34949586 79609748 155225473 1055667508 2689932595 74444 76541 11845 1210238 
1789400259.645423829	545000000	0	0 34949586 79609748 155225473 1055667508 2689932595 74444 76541 11845 1210238 
1789400259.937550941	545000000	0	0 34949586 79609748 155225473 1055667508 2689932595 74444 76541 11845 1210238 
1789400260.231957846	545000000	0	0 34949586 79609748 155225473 1055667508 2689932595 74444 76541 11845 1210238 
1789400260.523470531	545000000	0	0 34949586 79609748 155225473 1055667508 2689932595 74444 76541 11845 1210238 
1789400260.819527852	545000000	0	0 34949586 79609748 155225473 1055667508 2689932595 74444 76541 11845 1210238 
1789400261.109902881	545000000	0	0 34949586 79609748 155225473 1055667508 2689932595 74444 76541 11845 1210238 
1789400261.402420150	545000000	0	0 34949586 79609748 155225473 1055667508 2689932595 74444 76541 11845 1210238 
1789400261.695821012	545000000	0	0 34949586 79609748 155225473 1055667508 2689932595 74444 76541 11845 1210238 
1789400261.986277760	545000000	0	0 34949586 79609748 155225473 1055667508 2689932595 74444 76541 11845 1210238 
1789400262.282328779	545000000	0	0 34949586 79609748 155225473 1055667508 2689932595 74444 76541 11845 1210238 
1789400262.571776412	545000000	0	0 34949586 79609748 155225473 1055667508 2689932595 74444 76541 11845 1210238 
1789400262.863002379	545000000	0	0 34949586 79609748 155225473 1055667508 2689932595 74444 76541 11845 1210238 
1789400263.158202356	545000000	0	0 34949586 79609748 155225473 1055667508 2689932595 74444 76541 11845 1210238 
1789400263.451958375	545000000	0	0 34949586 79609748 155225473 1055667508 2689932595 74444 76541 11845 1210238 
1789400263.743308925	545000000	0	0 34949586 79609748 155225473 1055667508 2689932595 74444 76541 11845 1210238 
1789400264.036019006	545000000	0	0 34949586 79609748 155225473 1055667508 2689932595 74444 76541 11845 1210238 
1789400264.334015494	545000000	0	0 34949586 79609748 155225473 1055667508 2689932595 74444 76541 11845 1210238 
1789400264.626320419	545000000	0	0 34949586 79609748 155225473 1055667508 2689932595 74444 76541 11845 1210238 
1789400264.921907532	545000000	0	0 34949586 79609748 155225473 1055667508 2689932595 74444 76541 11845 1210238 
1789400265.218067301	545000000	0	0 34949586 79609748 155225473 1055667508 2689932595 74444 76541 11845 1210238 
1789400265.514379622	545000000	0	0 34949586 79609748 155225473 1055667508 2689932595 74444 76541 11845 1210238 
1789400265.806680328	545000000	0	0 34949586 79609748 155225473 1055667508 2689932595 74444 76541 11845 1210238 
1789400266.101632493	545000000	0	0 34949586 79609748 155225473 1055667508 2689932595 74444 76541 11845 1210238 
1789400266.393638980	545000000	0	0 34949586 79609748 155225473 1055667508 2689932595 74444 76541 11845 1210238 
1789400266.684301874	545000000	0	0 34949586 79609748 155225473 1055667508 2689932595 74444 76541 11845 1210238 
1789400266.975035132	545000000	0	0 34949586 79609748 155225473 1055667508 2689932595 74444 76541 11845 1210238 
1789400267.268475526	545000000	0	0 34949586 79609748 155225473 1055667508 2689932595 74444 76541 11845 1210238 
1789400267.562096336	545000000	0	0 34949586 79609748 155225473 1055667508 2689932595 74444 76541 11845 1210238 
1789400267.854839334	545000000	0	0 34949586 79609748 155225473 1055667508 2689932595 74444 76541 11845 1210238 
1789400268.148688010	545000000	0	0 34949586 79609748 155225473 1055667508 2689932595 74444 76541 11845 1210238 
1789400268.441112414	545000000	0	0 34949586 79609748 155225473 1055667508 2689932595 74444 76541 11845 1210238 
1789400268.730366453	545000000	0	0 34949586 79609748 155225473 1055667508 2689932595 74444 76541 11845 1210238 
1789400269.022236847	545000000	0	0 34949586 79609748 155225473 1055667508 2689932595 74444 76541 11845 1210238 
1789400269.314205678	545000000	0	0 34949586 79609748 155225473 1055667508 2689932595 74444 76541 11845 1210238 
1789400269.609250395	545000000	0	0 34949586 79609748 155225473 1055667508 2689932595 74444 76541 11845 1210238 
1789400269.903138080	545000000	0	0 34949586 79609748 155225473 1055667508 2689932595 74444 76541 11845 1210238 
1789400270.198799047	545000000	0	0 34949586 79609748 155225473 1055667508 2689932595 74444 76541 11845 1210238 
1789400270.491908035	545000000	0	0 34949586 79609748 155225473 1055667508 2689932595 74444 76541 11845 1210238 
1789400270.786060095	545000000	0	0 34949586 79609748 155225473 1055667508 2689932595 74444 76541 11845 1210238 
1789400271.081166947	545000000	0	0 34949586 79609748 155225473 1055667508 2689932595 74444 76541 11845 1210238 
1789400271.375646456	545000000	0	0 34949586 79609748 155225473 1055667508 2689932595 74444 76541 11845 1210238 
1789400271.666204454	545000000	0	0 34949586 79609748 155225473 1055667508 2689932595 74444 76541 11845 1210238 
1789400271.958758858	545000000	0	0 34949586 79609748 155225473 1055667508 2689932595 74444 76541 11845 1210238 
1789400272.250651543	545000000	0	0 34949586 79609748 155225473 1055667508 2689932595 74444 76541 11845 1210238 
1789400272.541880530	545000000	0	0 34949586 79609748 155225473 1055667508 2689932595 74444 76541 11845 1210238 
1789400272.829295299	545000000	0	0 34949586 79609748 155225473 1055667508 2689932595 74444 76541 11845 1210238 
1789400273.120267932	545000000	0	0 34949586 79609748 155225473 1055667508 2689932595 74444 76541 11845 1210238 
1789400273.415964836	545000000	0	0 34949586 79609748 155225473 1055667508 2689932595 74444 76541 11845 1210238 
1789400273.707928199	545000000	0	0 34949586 79609748 155225473 1055667508 2689932595 74444 76541 11845 1210238 
1789400274.000704113	545000000	0	0 34949586 79609748 155225473 1055667508 2689932595 74444 76541 11845 1210238 
1789400274.291950132	545000000	0	0 34949586 79609748 155225473 1055667508 2689932595 74444 76541 11845 1210238 
1789400274.583209744	545000000	0	0 34949586 79609748 155225473 1055667508 2689932595 74444 76541 11845 1210238 
1789400274.875288159	545000000	0	0 34949586 79609748 155225473 1055667508 2689932595 74444 76541 11845 1210238 
1789400275.168509178	545000000	0	0 34949586 79609748 155225473 1055667508 2689932595 74444 76541 11845 1210238 
1789400275.462870561	545000000	0	0 34949586 79609748 155225473 1055667508 2689932595 74444 76541 11845 1210238 
1789400275.764539133	545000000	0	0 34949586 79609748 155225473 1055667508 2689932595 74444 76541 11845 1210238 
1789400276.056093485	545000000	0	0 34949586 79609748 155225473 1055667508 2689932595 74444 76541 11845 1210238 
1789400276.347069503	545000000	0	0 34949586 79609748 155225473 1055667508 2689932595 74444 76541 11845 1210238 
1789400276.636099949	545000000	0	0 34949586 79609748 155225473 1055667508 2689932595 74444 76541 11845 1210238 
1789400276.927774249	545000000	0	0 34949586 79609748 155225473 1055667508 2689932595 74444 76541 11845 1210238 
1789400277.222259434	545000000	0	0 34949586 79609748 155225473 1055667508 2689932595 74444 76541 11845 1210238 
1789400277.517016651	545000000	0	0 34949586 79609748 155225473 1055667508 2689932595 74444 76541 11845 1210238 
1789400277.807914909	545000000	0	0 34949586 79609748 155225473 1055667508 2689932595 74444 76541 11845 1210238 
1789400278.101218793	545000000	0	0 34949586 79609748 155225473 1055667508 2689932595 74444 76541 11845 1210238 
1789400278.392851634	545000000	0	0 34949586 79609748 155225473 1055667508 2689932595 74444 76541 11845 1210238 
1789400278.685585205	545000000	0	0 34949586 79609748 155225473 1055667508 2689932595 74444 76541 11845 1210238 
1789400278.975366119	545000000	0	0 34949586 79609748 155225473 1055667508 2689932595 74444 76541 11845 1210238 
1789400279.271673649	545000000	0	0 34949586 79609748 155225473 1055667508 2689932595 74444 76541 11845 1210238 
1789400279.563543209	545000000	0	0 34949586 79609748 155225473 1055667508 2689932595 74444 76541 11845 1210238 
1789400279.858918186	545000000	0	0 34949586 79609748 155225473 1055667508 2689932595 74444 76541 11845 1210238 
1789400280.151565716	545000000	0	0 34949586 79609748 155225473 1055667508 2689932595 74444 76541 11845 1210238 
1789400280.446000224	545000000	0	0 34949586 79609748 155225473 1055667508 2689932595 74444 76541 11845 1210238 
1789400280.737569993	545000000	0	0 34949586 79609748 155225473 1055667508 2689932595 74444 76541 11845 1210238 
1789400281.030193511	545000000	0	0 34949586 79609748 155225473 1055667508 2689932595 74444 76541 11845 1210238 
1789400281.318702707	545000000	0	0 34949586 79609748 155225473 1055667508 2689932595 74444 76541 11845 1210238 
1789400281.610400184	545000000	0	0 34949586 79609748 155225473 1055667508 2689932595 74444 76541 11845 1210238 
1789400281.904404484	545000000	0	0 34949586 79609748 155225473 1055667508 2689932595 74444 76541 11845 1210238 
1789400282.195899096	545000000	0	0 34949586 79609748 155225473 1055667508 2689932595 74444 76541 11845 1210238 
1789400282.491577667	545000000	0	0 34949586 79609748 155225473 1055667508 2689932595 74444 76541 11845 1210238 
1789400282.783564103	545000000	0	0 34949586 79609748 155225473 1055667508 2689932595 74444 76541 11845 1210238 
1789400283.078259288	545000000	0	0 34949586 79609748 155225473 1055667508 2689932595 74444 76541 11845 1210238 
1789400283.370650099	545000000	0	0 34949586 79609748 155225473 1055667508 2689932595 74444 76541 11845 1210238 
1789400283.661793826	545000000	0	0 34949586 79609748 155225473 1055667508 2689932595 74444 76541 11845 1210238 
1789400283.954416772	545000000	0	0 34949586 79609748 155225473 1055667508 2689932595 74444 76541 11845 1210238 
1789400284.247138051	545000000	0	0 34949586 79609748 155225473 1055667508 2689932595 74444 76541 11845 1210238 
1789400284.539120007	545000000	0	0 34949586 79609748 155225473 1055667508 2689932595 74444 76541 11845 1210238 
1789400284.831052171	545000000	0	0 34949586 79609748 155225473 1055667508 2689932595 74444 76541 11845 1210238 
1789400285.123295638	545000000	0	0 34949586 79609748 155225473 1055667508 2689932595 74444 76541 11845 1210238 
1789400285.414547125	545000000	0	0 34949586 79609748 155225473 1055667508 2689932595 74444 76541 11845 1210238 
1789400285.707984759	545000000	0	0 34949586 79609748 155225473 1055667508 2689932595 74444 76541 11845 1210238 
1789400286.005778018	545000000	0	0 34949586 79609748 155225473 1055667508 2689932595 74444 76541 11845 1210238 
1789400286.298505130	545000000	0	0 34949586 79609748 155225473 1055667508 2689932595 74444 76541 11845 1210238 
1789400286.589588232	545000000	0	0 34949586 79609748 155225473 1055667508 2689932595 74444 76541 11845 1210238 
1789400286.882709772	545000000	0	0 34949586 79609748 155225473 1055667508 2689932595 74444 76541 11845 1210238 
1789400287.174584488	545000000	0	0 34949586 79609748 155225473 1055667508 2689932595 74444 76541 11845 1210238 
1789400287.465993840	545000000	0	0 34949586 79609748 155225473 1055667508 2689932595 74444 76541 11845 1210238 
1789400287.759781786	545000000	0	0 34949586 79609748 155225473 1055667508 2689932595 74444 76541 11845 1210238 
1789400288.052679888	545000000	0	0 34949586 79609748 155225473 1055667508 2689932595 74444 76541 11845 1210238 
1789400288.346702574	545000000	0	0 34949586 79609748 155225473 1055667508 2689932595 74444 76541 11845 1210238 
1789400288.638722655	545000000	0	0 34949586 79609748 155225473 1055667508 2689932595 74444 76541 11845 1210238 
1789400288.931995861	545000000	0	0 34949586 79609748 155225473 1055667508 2689932595 74444 76541 11845 1210238 
1789400289.223074171	545000000	0	0 34949586 79609748 155225473 1055667508 2689932595 74444 76541 11845 1210238 
1789400289.516160034	545000000	0	0 34949586 79609748 155225473 1055667508 2689932595 74444 76541 11845 1210238 
1789400289.810035949	545000000	0	0 34949586 79609748 155225473 1055667508 2689932595 74444 76541 11845 1210238 
1789400290.104382228	545000000	0	0 34949586 79609748 155225473 1055667508 2689932595 74444 76541 11845 1210238 
1789400290.397987830	545000000	0	0 34949586 79609748 155225473 1055667508 2689932595 74444 76541 11845 1210238 
1789400290.691687599	545000000	0	0 34949586 79609748 155225473 1055667508 2689932595 74444 76541 11845 1210238 
1789400290.981523357	545000000	0	0 34949586 79609748 155225473 1055667508 2689932595 74444 76541 11845 1210238 
1789400291.272317136	545000000	0	0 34949586 79609748 155225473 1055667508 2689932595 74444 76541 11845 1210238 
1789400291.564824613	545000000	0	0 34949586 79609748 155225473 1055667508 2689932595 74444 76541 11845 1210238 
1789400291.856318288	545000000	0	0 34949586 79609748 155225473 1055667508 2689932595 74444 76541 11845 1210238 
1789400292.152057380	545000000	0	0 34949586 79609748 155225473 1055667508 2689932595 74444 76541 11845 1210238 
1789400292.441952200	545000000	0	0 34949586 79609748 155225473 1055667508 2689932595 74444 76541 11845 1210238 
1789400292.737041761	545000000	0	0 34949586 79609748 155225473 1055667508 2689932595 74444 76541 11845 1210238 
1789400293.029906374	545000000	0	0 34949586 79609748 155225473 1055667508 2689932595 74444 76541 11845 1210238 
1789400293.320361715	545000000	0	0 34949586 79609748 155225473 1055667508 2689932595 74444 76541 11845 1210238 
1789400293.612511640	545000000	0	0 34949586 79609748 155225473 1055667508 2689932595 74444 76541 11845 1210238 
1789400293.905286982	545000000	0	0 34949586 79609748 155225473 1055667508 2689932595 74444 76541 11845 1210238 
1789400294.198505605	545000000	0	0 34949586 79609748 155225473 1055667508 2689932595 74444 76541 11845 1210238 
1789400294.492815686	545000000	0	0 34949586 79609748 155225473 1055667508 2689932595 74444 76541 11845 1210238 
1789400294.783924830	545000000	0	0 34949586 79609748 155225473 1055667508 2689932595 74444 76541 11845 1210238 
1789400295.075106317	545000000	0	0 34949586 79609748 155225473 1055667508 2689932595 74444 76541 11845 1210238 
1789400295.370833326	545000000	0	0 34949586 79609748 155225473 1055667508 2689932595 74444 76541 11845 1210238 
1789400295.662127730	545000000	0	0 34949586 79609748 155225473 1055667508 2689932595 74444 76541 11845 1210238 
1789400295.953991196	545000000	0	0 34949586 79609748 155225473 1055667508 2689932595 74444 76541 11845 1210238 
1789400296.251790601	545000000	0	0 34949586 79609748 155225473 1055667508 2689932595 74444 76541 11845 1210238 
1789400296.545251515	545000000	0	0 34949586 79609748 155225473 1055667508 2689932595 74444 76541 11845 1210238 
1789400296.838604670	545000000	0	0 34949586 79609748 155225473 1055667508 2689932595 74444 76541 11845 1210238 
1789400297.129477355	545000000	0	0 34949586 79609748 155225473 1055667508 2689932595 74444 76541 11845 1210238 
1789400297.420731863	545000000	0	0 34949586 79609748 155225473 1055667508 2689932595 74444 76541 11845 1210238 
1789400297.712278819	545000000	0	0 34949586 79609748 155225473 1055667508 2689932595 74444 76541 11845 1210238 
1789400298.005868744	545000000	0	0 34949586 79609748 155225473 1055667508 2689932595 74444 76541 11845 1210238 
1789400298.298492940	545000000	0	0 34949586 79609748 155225473 1055667508 2689932595 74444 76541 11845 1210238 
1789400298.592071042	545000000	0	0 34949586 79609748 155225473 1055667508 2689932595 74444 76541 11845 1210238 
1789400298.887856853	545000000	0	0 34949586 79609748 155225473 1055667508 2689932595 74444 76541 11845 1210238 
1789400299.178942247	545000000	0	0 34949586 79609748 155225473 1055667508 2689932595 74444 76541 11845 1210238 
1789400299.469821859	545000000	0	0 34949586 79609748 155225473 1055667508 2689932595 74444 76541 11845 1210238 
1789400299.761889492	545000000	0	0 34949586 79609748 155225473 1055667508 2689932595 74444 76541 11845 1210238 
1789400300.056006813	545000000	0	0 34949586 79609748 155225473 1055667508 2689932595 74444 76541 11845 1210238 
1789400300.347324342	545000000	0	0 34949586 79609748 155225473 1055667508 2689932595 74444 76541 11845 1210238 
1789400300.642151455	545000000	0	0 34949586 79609748 155225473 1055667508 2689932595 74444 76541 11845 1210238 
1789400300.936509036	545000000	0	0 34949586 79609748 155225473 1055667508 2689932595 74444 76541 11845 1210238 
1789400301.229058440	545000000	0	0 34949586 79609748 155225473 1055667508 2689932595 74444 76541 11845 1210238 
1789400301.521956907	545000000	0	0 34949586 79609748 155225473 1055667508 2689932595 74444 76541 11845 1210238 
1789400301.815900166	545000000	0	0 34949586 79609748 155225473 1055667508 2689932595 74444 76541 11845 1210238 
1789400302.115032800	545000000	0	0 34949586 79609748 155225473 1055667508 2689932595 74444 76541 11845 1210238 
1789400302.409031943	545000000	0	0 34949586 79609748 155225473 1055667508 2689932595 74444 76541 11845 1210238 
1789400302.703653744	545000000	0	0 34949586 79609748 155225473 1055667508 2689932595 74444 76541 11845 1210238 
1789400302.997180127	545000000	0	0 34949586 79609748 155225473 1055667508 2689932595 74444 76541 11845 1210238 
1789400303.294563959	545000000	0	0 34949586 79609748 155225473 1055667508 2689932595 74444 76541 11845 1210238 
1789400303.588714353	545000000	0	0 34949586 79609748 155225473 1055667508 2689932595 74444 76541 11845 1210238 
1789400303.882489538	545000000	0	0 34949586 79609748 155225473 1055667508 2689932595 74444 76541 11845 1210238 
1789400304.180000662	545000000	0	0 34949586 79609748 155225473 1055667508 2689932595 74444 76541 11845 1210238 
1789400304.471148972	545000000	0	0 34949586 79609748 155225473 1055667508 2689932595 74444 76541 11845 1210238 
1789400304.763378220	545000000	0	0 34949586 79609748 155225473 1055667508 2689932595 74444 76541 11845 1210238 
1789400305.058952520	545000000	0	0 34949586 79609748 155225473 1055667508 2689932595 74444 76541 11845 1210238 
1789400305.352171403	545000000	0	0 34949586 79609748 155225473 1055667508 2689932595 74444 76541 11845 1210238 
1789400305.650861121	545000000	0	0 34949586 79609748 155225473 1055667508 2689932595 74444 76541 11845 1210238 
1789400305.944242660	545000000	0	0 34949586 79609748 155225473 1055667508 2689932595 74444 76541 11845 1210238 
1789400306.245480607	545000000	0	0 34949586 79609748 155225473 1055667508 2689932595 74444 76541 11845 1210238 
1789400306.539967876	545000000	0	0 34949586 79609748 155225473 1055667508 2689932595 74444 76541 11845 1210238 
1789400306.831549363	545000000	0	0 34949586 79609748 155225473 1055667508 2689932595 74444 76541 11845 1210238 
1789400307.124306632	545000000	0	0 34949586 79609748 155225473 1055667508 2689932595 74444 76541 11845 1210238 
1789400307.416080567	545000000	0	0 34949586 79609748 155225473 1055667508 2689932595 74444 76541 11845 1210238 
1789400307.711532732	545000000	0	0 34949586 79609748 155225473 1055667508 2689932595 74444 76541 11845 1210238 
1789400308.005598595	545000000	0	0 34949586 79609748 155225473 1055667508 2689932595 74444 76541 11845 1210238 
1789400308.298764614	545000000	0	0 34949586 79609748 155225473 1055667508 2689932595 74444 76541 11845 1210238 
1789400308.590294278	545000000	0	0 34949586 79609748 155225473 1055667508 2689932595 74444 76541 11845 1210238 
1789400308.881794203	545000000	0	0 34949586 79609748 155225473 1055667508 2689932595 74444 76541 11845 1210238 
1789400309.172825638	545000000	0	0 34949586 79609748 155225473 1055667508 2689932595 74444 76541 11845 1210238 
1789400309.466173636	545000000	0	0 34949586 79609748 155225473 1055667508 2689932595 74444 76541 11845 1210238 
1789400309.758642624	545000000	0	0 34949586 79609748 155225473 1055667508 2689932595 74444 76541 11845 1210238 
1789400310.056845414	545000000	0	0 34949586 79609748 155225473 1055667508 2689932595 74444 76541 11845 1210238 
1789400310.351837839	545000000	0	0 34949586 79609748 155225473 1055667508 2689932595 74444 76541 11845 1210238 
1789400310.645311045	545000000	0	0 34949586 79609748 155225473 1055667508 2689932595 74444 76541 11845 1210238 
1789400310.938728887	545000000	0	0 34949586 79609748 155225473 1055667508 2689932595 74444 76541 11845 1210238 
1789400311.234738708	545000000	0	0 34949586 79609748 155225473 1055667508 2689932595 74444 76541 11845 1210238 
1789400311.528621498	545000000	0	0 34949586 79609748 155225473 1055667508 2689932595 74444 76541 11845 1210238 
1789400311.819343246	545000000	0	0 34949586 79609748 155225473 1055667508 2689932595 74444 76541 11845 1210238 
1789400312.119084942	545000000	0	0 34949586 79609748 155225473 1055667508 2689932595 74444 76541 11845 1210238 
1789400312.411477992	545000000	0	0 34949586 79609748 155225473 1055667508 2689932595 74444 76541 11845 1210238 
1789400312.703216407	545000000	0	0 34949586 79609748 155225473 1055667508 2689932595 74444 76541 11845 1210238 
1789400312.995002373	545000000	0	0 34949586 79609748 155225473 1055667508 2689932595 74444 76541 11845 1210238 
1789400313.289448652	545000000	0	0 34949586 79609748 155225473 1055667508 2689932595 74444 76541 11845 1210238 
1789400313.581802692	545000000	0	0 34949586 79609748 155225473 1055667508 2689932595 74444 76541 11845 1210238 
1789400313.875718502	545000000	0	0 34949586 79609748 155225473 1055667508 2689932595 74444 76541 11845 1210238 
1789400314.166712490	545000000	0	0 34949586 79609748 155225473 1055667508 2689932595 74444 76541 11845 1210238 
1789400314.459255852	545000000	0	0 34949586 79609748 155225473 1055667508 2689932595 74444 76541 11845 1210238 
1789400314.750617340	545000000	0	0 34949586 79609748 155225473 1055667508 2689932595 74444 76541 11845 1210238 
1789400315.043917421	545000000	0	0 34949586 79609748 155225473 1055667508 2689932595 74444 76541 11845 1210238 
1789400315.335926825	545000000	0	0 34949586 79609748 155225473 1055667508 2689932595 74444 76541 11845 1210238 
1789400315.627116698	545000000	0	0 34949586 79609748 155225473 1055667508 2689932595 74444 76541 11845 1210238 
1789400315.918778185	545000000	0	0 34949586 79609748 155225473 1055667508 2689932595 74444 76541 11845 1210238 
1789400316.211147433	545000000	0	0 34949586 79609748 155225473 1055667508 2689932595 74444 76541 11845 1210238 
1789400316.503826889	545000000	0	0 34949586 79609748 155225473 1055667508 2689932595 74444 76541 11845 1210238 
1789400316.797723325	545000000	0	0 34949586 79609748 155225473 1055667508 2689932595 74444 76541 11845 1210238 
1789400317.090417781	545000000	0	0 34949586 79609748 155225473 1055667508 2689932595 74444 76541 11845 1210238 
1789400317.385486352	545000000	0	0 34949586 79609748 155225473 1055667508 2689932595 74444 76541 11845 1210238 
1789400317.680248673	545000000	0	0 34949586 79609748 155225473 1055667508 2689932595 74444 76541 11845 1210238 
1789400317.973513077	545000000	0	0 34949586 79609748 155225473 1055667508 2689932595 74444 76541 11845 1210238 
1789400318.265709252	545000000	0	0 34949586 79609748 155225473 1055667508 2689932595 74444 76541 11845 1210238 
1789400318.557073552	545000000	0	0 34949586 79609748 155225473 1055667508 2689932595 74444 76541 11845 1210238 
1789400318.845354050	545000000	0	0 34949586 79609748 155225473 1055667508 2689932595 74444 76541 11845 1210238 
1789400319.137387516	545000000	0	0 34949586 79609748 155225473 1055667508 2689932595 74444 76541 11845 1210238 
1789400319.429696347	545000000	0	0 34949586 79609748 155225473 1055667508 2689932595 74444 76541 11845 1210238 
1789400319.721803147	545000000	0	0 34949586 79609748 155225473 1055667508 2689932595 74444 76541 11845 1210238 
1789400320.018180469	545000000	0	0 34949586 79609748 155225473 1055667508 2689932595 74444 76541 11845 1210238 
1789400320.312240185	545000000	0	0 34949586 79609748 155225473 1055667508 2689932595 74444 76541 11845 1210238 
1789400320.606144642	545000000	0	0 34949586 79609748 155225473 1055667508 2689932595 74444 76541 11845 1210238 
1789400320.900466494	545000000	0	0 34949586 79609748 155225473 1055667508 2689932595 74444 76541 11845 1210238 
1789400321.194541107	545000000	0	0 34949586 79609748 155225473 1055667508 2689932595 74444 76541 11845 1210238 
1789400321.490391240	545000000	0	0 34949586 79609748 155225473 1055667508 2689932595 74444 76541 11845 1210238 
1789400321.782738092	545000000	0	0 34949586 79609748 155225473 1055667508 2689932595 74444 76541 11845 1210238 
1789400322.075134163	545000000	0	0 34949586 79609748 155225473 1055667508 2689932595 74444 76541 11845 1210238 
1789400322.366120338	545000000	0	0 34949586 79609748 155225473 1055667508 2689932595 74444 76541 11845 1210238 
1789400322.657521929	545000000	0	0 34949586 79609748 155225473 1055667508 2689932595 74444 76541 11845 1210238 
1789400322.951019667	545000000	0	0 34949586 79609748 155225473 1055667508 2689932595 74444 76541 11845 1210238 
1789400323.244049800	545000000	0	0 34949586 79609748 155225473 1055667508 2689932595 74444 76541 11845 1210238 
1789400323.544913789	545000000	0	0 34949586 79609748 155225473 1055667508 2689932595 74444 76541 11845 1210238 
1789400323.839446318	545000000	0	0 34949586 79609748 155225473 1055667508 2689932595 74444 76541 11845 1210238 
1789400324.134155618	545000000	0	0 34949586 79609748 155225473 1055667508 2689932595 74444 76541 11845 1210238 
1789400324.425823824	545000000	0	0 34949586 79609748 155225473 1055667508 2689932595 74444 76541 11845 1210238 
1789400324.717827291	545000000	0	0 34949586 79609748 155225473 1055667508 2689932595 74444 76541 11845 1210238 
1789400325.006008622	545000000	0	0 34949586 79609748 155225473 1055667508 2689932595 74444 76541 11845 1210238 
1789400325.302575630	545000000	0	0 34949586 79609748 155225473 1055667508 2689932595 74444 76541 11845 1210238 
1789400325.595635764	545000000	0	0 34949586 79609748 155225473 1055667508 2689932595 74444 76541 11845 1210238 
1789400325.887516782	545000000	0	0 34949586 79609748 155225473 1055667508 2689932595 74444 76541 11845 1210238 
1789400326.181896499	545000000	0	0 34949586 79609748 155225473 1055667508 2689932595 74444 76541 11845 1210238 
1789400326.476191477	545000000	0	0 34949586 79609748 155225473 1055667508 2689932595 74444 76541 11845 1210238 
1789400326.766950880	545000000	0	0 34949586 79609748 155225473 1055667508 2689932595 74444 76541 11845 1210238 
1789400327.056094503	545000000	0	0 34949586 79609748 155225473 1055667508 2689932595 74444 76541 11845 1210238 
1789400327.350604116	545000000	0	0 34949586 79609748 155225473 1055667508 2689932595 74444 76541 11845 1210238 
1789400327.642954041	545000000	0	0 34949586 79609748 155225473 1055667508 2689932595 74444 76541 11845 1210238 
1789400327.933729851	545000000	0	0 34949586 79609748 155225473 1055667508 2689932595 74444 76541 11845 1210238 
1789400328.225247328	545000000	0	0 34949586 79609748 155225473 1055667508 2689932595 74444 76541 11845 1210238 
1789400328.517086419	545000000	0	0 34949586 79609748 155225473 1055667508 2689932595 74444 76541 11845 1210238 
1789400328.807823480	545000000	0	0 34949586 79609748 155225473 1055667508 2689932595 74444 76541 11845 1210238 
1789400329.100502363	545000000	0	0 34949586 79609748 155225473 1055667508 2689932595 74444 76541 11845 1210238 
1789400329.395314684	545000000	0	0 34949586 79609748 155225473 1055667508 2689932595 74444 76541 11845 1210238 
1789400329.692351432	545000000	0	0 34949586 79609748 155225473 1055667508 2689932595 74444 76541 11845 1210238 
1789400329.984184795	545000000	0	0 34949586 79609748 155225473 1055667508 2689932595 74444 76541 11845 1210238 
1789400330.278756126	545000000	0	0 34949586 79609748 155225473 1055667508 2689932595 74444 76541 11845 1210238 
1789400330.572848447	545000000	0	0 34949586 79609748 155225473 1055667508 2689932595 74444 76541 11845 1210238 
1789400330.865465143	545000000	0	0 34949586 79609748 155225473 1055667508 2689932595 74444 76541 11845 1210238 
1789400331.151136265	545000000	0	0 34949586 79609748 155225473 1055667508 2689932595 74444 76541 11845 1210238 
1789400331.443911659	545000000	0	0 34949586 79609748 155225473 1055667508 2689932595 74444 76541 11845 1210238 
1789400331.735335073	545000000	0	0 34949586 79609748 155225473 1055667508 2689932595 74444 76541 11845 1210238 
1789400332.029108540	545000000	0	0 34949586 79609748 155225473 1055667508 2689932595 74444 76541 11845 1210238 
1789400332.321393778	545000000	0	0 34949586 79609748 155225473 1055667508 2689932595 74444 76541 11845 1210238 
1789400332.614604276	545000000	0	0 34949586 79609748 155225473 1055667508 2689932595 74444 76541 11845 1210238 
1789400332.909765607	545000000	0	0 34949586 79609748 155225473 1055667508 2689932595 74444 76541 11845 1210238 
1789400333.204906939	545000000	0	0 34949586 79609748 155225473 1055667508 2689932595 74444 76541 11845 1210238 
1789400333.495760926	545000000	0	0 34949586 79609748 155225473 1055667508 2689932595 74444 76541 11845 1210238 
1789400333.785600538	545000000	0	0 34949586 79609748 155225473 1055667508 2689932595 74444 76541 11845 1210238 
1789400334.078226869	545000000	0	0 34949586 79609748 155225473 1055667508 2689932595 74444 76541 11845 1210238 
1789400334.373335857	545000000	0	0 34949586 79609748 155225473 1055667508 2689932595 74444 76541 11845 1210238 
1789400334.665336407	545000000	0	0 34949586 79609748 155225473 1055667508 2689932595 74444 76541 11845 1210238 
1789400334.958735707	545000000	0	0 34949586 79609748 155225473 1055667508 2689932595 74444 76541 11845 1210238 
1789400335.255352247	545000000	0	0 34949586 79609748 155225473 1055667508 2689932595 74444 76541 11845 1210238 
1789400335.547381443	545000000	0	0 34949586 79609748 155225473 1055667508 2689932595 74444 76541 11845 1210238 
1789400335.839260586	545000000	0	0 34949586 79609748 155225473 1055667508 2689932595 74444 76541 11845 1210238 
1789400336.132288741	545000000	0	0 34949586 79609748 155225473 1055667508 2689932595 74444 76541 11845 1210238 
1789400336.426810697	545000000	0	0 34949586 79609748 155225473 1055667508 2689932595 74444 76541 11845 1210238 
1789400336.719026716	545000000	0	0 34949586 79609748 155225473 1055667508 2689932595 74444 76541 11845 1210238 
1789400337.013778099	545000000	0	0 34949586 79609748 155225473 1055667508 2689932595 74444 76541 11845 1210238 
1789400337.302607972	545000000	0	0 34949586 79609748 155225473 1055667508 2689932595 74444 76541 11845 1210238 
1789400337.594591438	545000000	0	0 34949586 79609748 155225473 1055667508 2689932595 74444 76541 11845 1210238 
1789400337.887331155	545000000	0	0 34949586 79609748 155225473 1055667508 2689932595 74444 76541 11845 1210238 
1789400338.179222070	545000000	0	0 34949586 79609748 155225473 1055667508 2689932595 74444 76541 11845 1210238 
1789400338.473181370	545000000	0	0 34949586 79609748 155225473 1055667508 2689932595 74444 76541 11845 1210238 
1789400338.765603795	545000000	0	0 34949586 79609748 155225473 1055667508 2689932595 74444 76541 11845 1210238 
1789400339.056848824	545000000	0	0 34949586 79609748 155225473 1055667508 2689932595 74444 76541 11845 1210238 
1789400339.346746196	545000000	0	0 34949586 79609748 155225473 1055667508 2689932595 74444 76541 11845 1210238 
1789400339.639630705	545000000	0	0 34949586 79609748 155225473 1055667508 2689932595 74444 76541 11845 1210238 
1789400339.930450838	545000000	0	0 34949586 79609748 155225473 1055667508 2689932595 74444 76541 11845 1210238 
1789400340.225447846	545000000	0	0 34949586 79609748 155225473 1055667508 2689932595 74444 76541 11845 1210238 
1789400340.517431417	545000000	0	0 34949586 79609748 155225473 1055667508 2689932595 74444 76541 11845 1210238 
1789400340.814970822	545000000	0	0 34949586 79609748 155225473 1055667508 2689932595 74444 76541 11845 1210238 
1789400341.108500330	545000000	0	0 34949586 79609748 155225473 1055667508 2689932595 74444 76541 11845 1210238 
1789400341.403737130	545000000	0	0 34949586 79609748 155225473 1055667508 2689932595 74444 76541 11845 1210238 
1789400341.700207212	545000000	0	0 34949586 79609748 155225473 1055667508 2689932595 74444 76541 11845 1210238 
1789400341.992592970	545000000	0	0 34949586 79609748 155225473 1055667508 2689932595 74444 76541 11845 1210238 
1789400342.285622218	545000000	0	0 34949586 79609748 155225473 1055667508 2689932595 74444 76541 11845 1210238 
1789400342.580156675	545000000	0	0 34949586 79609748 155225473 1055667508 2689932595 74444 76541 11845 1210238 
1789400342.875527694	545000000	0	0 34949586 79609748 155225473 1055667508 2689932595 74444 76541 11845 1210238 
1789400343.166077410	545000000	0	0 34949586 79609748 155225473 1055667508 2689932595 74444 76541 11845 1210238 
1789400343.457806970	545000000	0	0 34949586 79609748 155225473 1055667508 2689932595 74444 76541 11845 1210238 
1789400343.750251218	545000000	0	0 34949586 79609748 155225473 1055667508 2689932595 74444 76541 11845 1210238 
1789400344.045546716	545000000	0	0 34949586 79609748 155225473 1055667508 2689932595 74444 76541 11845 1210238 
1789400344.336488360	545000000	0	0 34949586 79609748 155225473 1055667508 2689932595 74444 76541 11845 1210238 
1789400344.628734743	545000000	0	0 34949586 79609748 155225473 1055667508 2689932595 74444 76541 11845 1210238 
1789400344.920080918	545000000	0	0 34949586 79609748 155225473 1055667508 2689932595 74444 76541 11845 1210238 
1789400345.212201937	545000000	0	0 34949586 79609748 155225473 1055667508 2689932595 74444 76541 11845 1210238 
1789400345.504242174	545000000	0	0 34949586 79609748 155225473 1055667508 2689932595 74444 76541 11845 1210238 
1789400345.795067359	545000000	0	0 34949586 79609748 155225473 1055667508 2689932595 74444 76541 11845 1210238 
1789400346.089292337	545000000	0	0 34949586 79609748 155225473 1055667508 2689932595 74444 76541 11845 1210238 
1789400346.380627626	545000000	0	0 34949586 79609748 155225473 1055667508 2689932595 74444 76541 11845 1210238 
1789400346.673613749	545000000	0	0 34949586 79609748 155225473 1055667508 2689932595 74444 76541 11845 1210238 
1789400346.966940289	545000000	0	0 34949586 79609748 155225473 1055667508 2689932595 74444 76541 11845 1210238 
1789400347.258302609	545000000	0	0 34949586 79609748 155225473 1055667508 2689932595 74444 76541 11845 1210238 
1789400347.548996440	545000000	0	0 34949586 79609748 155225473 1055667508 2689932595 74444 76541 11845 1210238 
1789400347.839762615	545000000	0	0 34949586 79609748 155225473 1055667508 2689932595 74444 76541 11845 1210238 
1789400348.132931707	545000000	0	0 34949586 79609748 155225473 1055667508 2689932595 74444 76541 11845 1210238 
1789400348.425052153	545000000	0	0 34949586 79609748 155225473 1055667508 2689932595 74444 76541 11845 1210238 
1789400348.721239474	545000000	0	0 34949586 79609748 155225473 1055667508 2689932595 74444 76541 11845 1210238 
1789400349.011062211	545000000	0	0 34949586 79609748 155225473 1055667508 2689932595 74444 76541 11845 1210238 
1789400349.304115938	545000000	0	0 34949586 79609748 155225473 1055667508 2689932595 74444 76541 11845 1210238 
1789400349.593434509	545000000	0	0 34949586 79609748 155225473 1055667508 2689932595 74444 76541 11845 1210238 
1789400349.888522246	545000000	0	0 34949586 79609748 155225473 1055667508 2689932595 74444 76541 11845 1210238 
1789400350.182004255	545000000	0	0 34949586 79609748 155225473 1055667508 2689932595 74444 76541 11845 1210238 
1789400350.476937253	545000000	0	0 34949586 79609748 155225473 1055667508 2689932595 74444 76541 11845 1210238 
1789400350.769065251	545000000	0	0 34949586 79609748 155225473 1055667508 2689932595 74444 76541 11845 1210238 
1789400351.064317259	545000000	0	0 34949586 79609748 155225473 1055667508 2689932595 74444 76541 11845 1210238 
1789400351.355892861	545000000	0	0 34949586 79609748 155225473 1055667508 2689932595 74444 76541 11845 1210238 
1789400351.644497109	545000000	0	0 34949586 79609748 155225473 1055667508 2689932595 74444 76541 11845 1210238 
1789400351.938317294	545000000	0	0 34949586 79609748 155225473 1055667508 2689932595 74444 76541 11845 1210238 
1789400352.231492167	545000000	0	0 34949586 79609748 155225473 1055667508 2689932595 74444 76541 11845 1210238 
1789400352.524144644	545000000	0	0 34949586 79609748 155225473 1055667508 2689932595 74444 76541 11845 1210238 
1789400352.815624517	545000000	0	0 34949586 79609748 155225473 1055667508 2689932595 74444 76541 11845 1210238 
1789400353.108879234	545000000	0	0 34949586 79609748 155225473 1055667508 2689932595 74444 76541 11845 1210238 
1789400353.401234836	545000000	0	0 34949586 79609748 155225473 1055667508 2689932595 74444 76541 11845 1210238 
1789400353.694934709	545000000	0	0 34949586 79609748 155225473 1055667508 2689932595 74444 76541 11845 1210238 
1789400353.989894113	545000000	0	0 34949586 79609748 155225473 1055667508 2689932595 74444 76541 11845 1210238 
1789400354.291406487	545000000	0	0 34949586 79609748 155225473 1055667508 2689932595 74444 76541 11845 1210238 
1789400354.585532766	545000000	0	0 34949586 79609748 155225473 1055667508 2689932595 74444 76541 11845 1210238 
1789400354.881537536	545000000	0	0 34949586 79609748 155225473 1055667508 2689932595 74444 76541 11845 1210238 
1789400355.178591732	545000000	0	0 34949586 79609748 155225473 1055667508 2689932595 74444 76541 11845 1210238 
1789400355.473119834	545000000	0	0 34949586 79609748 155225473 1055667508 2689932595 74444 76541 11845 1210238 
1789400355.764463821	545000000	0	0 34949586 79609748 155225473 1055667508 2689932595 74444 76541 11845 1210238 
1789400356.058820205	545000000	0	0 34949586 79609748 155225473 1055667508 2689932595 74444 76541 11845 1210238 
1789400356.352249088	545000000	0	0 34949586 79609748 155225473 1055667508 2689932595 74444 76541 11845 1210238 
1789400356.646875472	545000000	0	0 34949586 79609748 155225473 1055667508 2689932595 74444 76541 11845 1210238 
1789400356.940953887	545000000	0	0 34949586 79609748 155225473 1055667508 2689932595 74444 76541 11845 1210238 
1789400357.234322718	545000000	0	0 34949586 79609748 155225473 1055667508 2689932595 74444 76541 11845 1210238 
1789400357.527705508	545000000	0	0 34949586 79609748 155225473 1055667508 2689932595 74444 76541 11845 1210238 
1789400357.819912724	545000000	0	0 34949586 79609748 155225473 1055667508 2689932595 74444 76541 11845 1210238 
1789400358.114366764	545000000	0	0 34949586 79609748 155225473 1055667508 2689932595 74444 76541 11845 1210238 
1789400358.409436325	545000000	0	0 34949586 79609748 155225473 1055667508 2689932595 74444 76541 11845 1210238 
1789400358.702180312	545000000	0	0 34949586 79609748 155225473 1055667508 2689932595 74444 76541 11845 1210238 
1789400359.000843050	545000000	0	0 34949586 79609748 155225473 1055667508 2689932595 74444 76541 11845 1210238 
1789400359.294229277	545000000	0	0 34949586 79609748 155225473 1055667508 2689932595 74444 76541 11845 1210238 
1789400359.587694150	545000000	0	0 34949586 79609748 155225473 1055667508 2689932595 74444 76541 11845 1210238 
1789400359.884562930	545000000	0	0 34949586 79609748 155225473 1055667508 2689932595 74444 76541 11845 1210238 
1789400360.178165511	545000000	0	0 34949586 79609748 155225473 1055667508 2689932595 74444 76541 11845 1210238 
1789400360.472261009	545000000	0	0 34949586 79609748 155225473 1055667508 2689932595 74444 76541 11845 1210238 
1789400360.762775934	545000000	0	0 34949586 79609748 155225473 1055667508 2689932595 74444 76541 11845 1210238 
1789400361.052947525	545000000	0	0 34949586 79609748 155225473 1055667508 2689932595 74444 76541 11845 1210238 
1789400361.345723284	545000000	0	0 34949586 79609748 155225473 1055667508 2689932595 74444 76541 11845 1210238 
1789400361.639205448	545000000	0	0 34949586 79609748 155225473 1055667508 2689932595 74444 76541 11845 1210238 
1789400361.929727665	545000000	0	0 34949586 79609748 155225473 1055667508 2689932595 74444 76541 11845 1210238 
1789400362.221383215	545000000	0	0 34949586 79609748 155225473 1055667508 2689932595 74444 76541 11845 1210238 
1789400362.515893192	545000000	0	0 34949586 79609748 155225473 1055667508 2689932595 74444 76541 11845 1210238 
1789400362.809194888	545000000	0	0 34949586 79609748 155225473 1055667508 2689932595 74444 76541 11845 1210238 
1789400363.102489344	545000000	0	0 34949586 79609748 155225473 1055667508 2689932595 74444 76541 11845 1210238 
1789400363.402532082	545000000	0	0 34949586 79609748 155225473 1055667508 2689932595 74444 76541 11845 1210238 
1789400363.695739768	545000000	0	0 34949586 79609748 155225473 1055667508 2689932595 74444 76541 11845 1210238 
1789400363.987908234	545000000	0	0 34949586 79609748 155225473 1055667508 2689932595 74444 76541 11845 1210238 
1789400364.283389462	545000000	0	0 34949586 79609748 155225473 1055667508 2689932595 74444 76541 11845 1210238 
1789400364.576935116	545000000	0	0 34949586 79609748 155225473 1055667508 2689932595 74444 76541 11845 1210238 
1789400364.872561760	545000000	0	0 34949586 79609748 155225473 1055667508 2689932595 74444 76541 11845 1210238 
1789400365.164496841	545000000	0	0 34949586 79609748 155225473 1055667508 2689932595 74444 76541 11845 1210238 
1789400365.457768902	545000000	0	0 34949586 79609748 155225473 1055667508 2689932595 74444 76541 11845 1210238 
1789400365.748731274	545000000	0	0 34949586 79609748 155225473 1055667508 2689932595 74444 76541 11845 1210238 
1789400366.047434481	545000000	0	0 34949586 79609748 155225473 1055667508 2689932595 74444 76541 11845 1210238 
1789400366.340573677	545000000	0	0 34949586 79609748 155225473 1055667508 2689932595 74444 76541 11845 1210238 
1789400366.632780998	545000000	0	0 34949586 79609748 155225473 1055667508 2689932595 74444 76541 11845 1210238 
1789400366.924952121	545000000	0	0 34949586 79609748 155225473 1055667508 2689932595 74444 76541 11845 1210238 
1789400367.217765796	545000000	0	0 34949586 79609748 155225473 1055667508 2689932595 74444 76541 11845 1210238 
1789400367.509035877	545000000	0	0 34949586 79609748 155225473 1055667508 2689932595 74444 76541 11845 1210238 
1789400367.800785489	545000000	0	0 34949586 79609748 155225473 1055667508 2689932595 74444 76541 11845 1210238 
1789400368.093586196	545000000	0	0 34949586 79609748 155225473 1055667508 2689932595 74444 76541 11845 1210238 
1789400368.383680443	545000000	0	0 34949586 79609748 155225473 1055667508 2689932595 74444 76541 11845 1210238 
1789400368.678912556	545000000	0	0 34949586 79609748 155225473 1055667508 2689932595 74444 76541 11845 1210238 
1789400368.970649304	545000000	0	0 34949586 79609748 155225473 1055667508 2689932595 74444 76541 11845 1210238 
1789400369.265303552	545000000	0	0 34949586 79609748 155225473 1055667508 2689932595 74444 76541 11845 1210238 
1789400369.558737487	545000000	0	0 34949586 79609748 155225473 1055667508 2689932595 74444 76541 11845 1210238 
1789400369.852891371	545000000	0	0 34949586 79609748 155225473 1055667508 2689932595 74444 76541 11845 1210238 
1789400370.145107390	545000000	0	0 34949586 79609748 155225473 1055667508 2689932595 74444 76541 11845 1210238 
1789400370.442430961	545000000	0	0 34949586 79609748 155225473 1055667508 2689932595 74444 76541 11845 1210238 
1789400370.737675313	545000000	0	0 34949586 79609748 155225473 1055667508 2689932595 74444 76541 11845 1210238 
1789400371.030811644	545000000	0	0 34949586 79609748 155225473 1055667508 2689932595 74444 76541 11845 1210238 
1789400371.325619278	545000000	0	0 34949586 79609748 155225473 1055667508 2689932595 74444 76541 11845 1210238 
1789400371.616775140	545000000	0	0 34949586 79609748 155225473 1055667508 2689932595 74444 76541 11845 1210238 
1789400371.909065586	545000000	0	0 34949586 79609748 155225473 1055667508 2689932595 74444 76541 11845 1210238 
1789400372.202235772	545000000	0	0 34949586 79609748 155225473 1055667508 2689932595 74444 76541 11845 1210238 
1789400372.499638509	545000000	0	0 34949586 79609748 155225473 1055667508 2689932595 74444 76541 11845 1210238 
1789400372.791548539	545000000	0	0 34949586 79609748 155225473 1055667508 2689932595 74444 76541 11845 1210238 
1789400373.083110807	545000000	0	0 34949586 79609748 155225473 1055667508 2689932595 74444 76541 11845 1210238 
1789400373.375412295	545000000	0	0 34949586 79609748 155225473 1055667508 2689932595 74444 76541 11845 1210238 
1789400373.668802845	545000000	0	0 34949586 79609748 155225473 1055667508 2689932595 74444 76541 11845 1210238 
1789400373.963757301	545000000	0	0 34949586 79609748 155225473 1055667508 2689932595 74444 76541 11845 1210238 
1789400374.258171601	545000000	0	0 34949586 79609748 155225473 1055667508 2689932595 74444 76541 11845 1210238 
1789400374.549219391	545000000	0	0 34949586 79609748 155225473 1055667508 2689932595 74444 76541 11845 1210238 
1789400374.842161451	545000000	0	0 34949586 79609748 155225473 1055667508 2689932595 74444 76541 11845 1210238 
1789400375.136245908	545000000	0	0 34949586 79609748 155225473 1055667508 2689932595 74444 76541 11845 1210238 
1789400375.433840364	545000000	0	0 34949586 79609748 155225473 1055667508 2689932595 74444 76541 11845 1210238 
1789400375.724835445	545000000	0	0 34949586 79609748 155225473 1055667508 2689932595 74444 76541 11845 1210238 
1789400376.019326725	545000000	0	0 34949586 79609748 155225473 1055667508 2689932595 74444 76541 11845 1210238 
1789400376.312491598	545000000	0	0 34949586 79609748 155225473 1055667508 2689932595 74444 76541 11845 1210238 
1789400376.605596835	545000000	0	0 34949586 79609748 155225473 1055667508 2689932595 74444 76541 11845 1210238 
1789400376.897390770	545000000	0	0 34949586 79609748 155225473 1055667508 2689932595 74444 76541 11845 1210238 
1789400377.190418196	545000000	0	0 34949586 79609748 155225473 1055667508 2689932595 74444 76541 11845 1210238 
1789400377.482113693	545000000	0	0 34949586 79609748 155225473 1055667508 2689932595 74444 76541 11845 1210238 
1789400377.776409348	545000000	0	0 34949586 79609748 155225473 1055667508 2689932595 74444 76541 11845 1210238 
1789400378.073869117	545000000	0	0 34949586 79609748 155225473 1055667508 2689932595 74444 76541 11845 1210238 
1789400378.370234251	545000000	0	0 34949586 79609748 155225473 1055667508 2689932595 74444 76541 11845 1210238 
1789400378.664000426	545000000	0	0 34949586 79609748 155225473 1055667508 2689932595 74444 76541 11845 1210238 
1789400378.957111132	545000000	0	0 34949586 79609748 155225473 1055667508 2689932595 74444 76541 11845 1210238 
1789400379.249050067	545000000	0	0 34949586 79609748 155225473 1055667508 2689932595 74444 76541 11845 1210238 
1789400379.541658274	545000000	0	0 34949586 79609748 155225473 1055667508 2689932595 74444 76541 11845 1210238 
1789400379.835036844	545000000	0	0 34949586 79609748 155225473 1055667508 2689932595 74444 76541 11845 1210238 
1789400380.129345415	545000000	0	0 34949586 79609748 155225473 1055667508 2689932595 74444 76541 11845 1210238 
1789400380.425871278	545000000	0	0 34949586 79609748 155225473 1055667508 2689932595 74444 76541 11845 1210238 
1789400380.720433495	545000000	0	0 34949586 79609748 155225473 1055667508 2689932595 74444 76541 11845 1210238 
1789400381.017030348	545000000	0	0 34949586 79609748 155225473 1055667508 2689932595 74444 76541 11845 1210238 
1789400381.312282460	545000000	0	0 34949586 79609748 155225473 1055667508 2689932595 74444 76541 11845 1210238 
1789400381.606891396	545000000	0	0 34949586 79609748 155225473 1055667508 2689932595 74444 76541 11845 1210238 
1789400381.898481633	545000000	0	0 34949586 79609748 155225473 1055667508 2689932595 74444 76541 11845 1210238 
1789400382.192289840	545000000	0	0 34949586 79609748 155225473 1055667508 2689932595 74444 76541 11845 1210238 
1789400382.489583828	545000000	0	0 34949586 79609748 155225473 1055667508 2689932595 74444 76541 11845 1210238 
1789400382.782729690	545000000	0	0 34949586 79609748 155225473 1055667508 2689932595 74444 76541 11845 1210238 
1789400383.077736334	545000000	0	0 34949586 79609748 155225473 1055667508 2689932595 74444 76541 11845 1210238 
1789400383.369468915	545000000	0	0 34949586 79609748 155225473 1055667508 2689932595 74444 76541 11845 1210238 
1789400383.660745142	545000000	0	0 34949586 79609748 155225473 1055667508 2689932595 74444 76541 11845 1210238 
1789400383.957017151	545000000	0	0 34949586 79609748 155225473 1055667508 2689932595 74444 76541 11845 1210238 
1789400384.251903222	545000000	0	0 34949586 79609748 155225473 1055667508 2689932595 74444 76541 11845 1210238 
1789400384.547400543	545000000	0	0 34949586 79609748 155225473 1055667508 2689932595 74444 76541 11845 1210238 
1789400384.848852552	545000000	0	0 34949586 79609748 155225473 1055667508 2689932595 74444 76541 11845 1210238 
1789400385.140287113	545000000	0	0 34949586 79609748 155225473 1055667508 2689932595 74444 76541 11845 1210238 
1789400385.430708287	545000000	0	0 34949586 79609748 155225473 1055667508 2689932595 74444 76541 11845 1210238 
1789400385.724556181	545000000	0	0 34949586 79609748 155225473 1055667508 2689932595 74444 76541 11845 1210238 
1789400386.022110586	545000000	0	0 34949586 79609748 155225473 1055667508 2689932595 74444 76541 11845 1210238 
1789400386.317163636	545000000	0	0 34949586 79609748 155225473 1055667508 2689932595 74444 76541 11845 1210238 
1789400386.609590905	545000000	0	0 34949586 79609748 155225473 1055667508 2689932595 74444 76541 11845 1210238 
1789400386.899325361	545000000	0	0 34949586 79609748 155225473 1055667508 2689932595 74444 76541 11845 1210238 
1789400387.192177577	545000000	0	0 34949586 79609748 155225473 1055667508 2689932595 74444 76541 11845 1210238 
1789400387.485281982	545000000	0	0 34949586 79609748 155225473 1055667508 2689932595 74444 76541 11845 1210238 
1789400387.778038104	545000000	0	0 34949586 79609748 155225473 1055667508 2689932595 74444 76541 11845 1210238 
1789400388.070369279	545000000	0	0 34949586 79609748 155225473 1055667508 2689932595 74444 76541 11845 1210238 
1789400388.369446236	545000000	0	0 34949586 79609748 155225473 1055667508 2689932595 74444 76541 11845 1210238 
1789400388.663401057	545000000	0	0 34949586 79609748 155225473 1055667508 2689932595 74444 76541 11845 1210238 
1789400388.954062857	545000000	0	0 34949586 79609748 155225473 1055667508 2689932595 74444 76541 11845 1210238 
1789400389.247115074	545000000	0	0 34949586 79609748 155225473 1055667508 2689932595 74444 76541 11845 1210238 
1789400389.538758697	545000000	0	0 34949586 79609748 155225473 1055667508 2689932595 74444 76541 11845 1210238 
1789400389.831666642	545000000	0	0 34949586 79609748 155225473 1055667508 2689932595 74444 76541 11845 1210238 
1789400390.123699484	545000000	0	0 34949586 79609748 155225473 1055667508 2689932595 74444 76541 11845 1210238 
1789400390.419887326	545000000	0	0 34949586 79609748 155225473 1055667508 2689932595 74444 76541 11845 1210238 
1789400390.714018293	545000000	0	0 34949586 79609748 155225473 1055667508 2689932595 74444 76541 11845 1210238 
1789400391.005674572	545000000	0	0 34949586 79609748 155225473 1055667508 2689932595 74444 76541 11845 1210238 
1789400391.301194132	545000000	0	0 34949586 79609748 155225473 1055667508 2689932595 74444 76541 11845 1210238 
1789400391.591004161	545000000	0	0 34949586 79609748 155225473 1055667508 2689932595 74444 76541 11845 1210238 
1789400391.882417315	545000000	0	0 34949586 79609748 155225473 1055667508 2689932595 74444 76541 11845 1210238 
1789400392.173967032	545000000	0	0 34949586 79609748 155225473 1055667508 2689932595 74444 76541 11845 1210238 
1789400392.467652947	545000000	0	0 34949586 79609748 155225473 1055667508 2689932595 74444 76541 11845 1210238 
1789400392.756060580	545000000	0	0 34949586 79609748 155225473 1055667508 2689932595 74444 76541 11845 1210238 
1789400393.047846077	545000000	0	0 34949586 79609748 155225473 1055667508 2689932595 74444 76541 11845 1210238 
1789400393.340219596	545000000	0	0 34949586 79609748 155225473 1055667508 2689932595 74444 76541 11845 1210238 
1789400393.631922229	545000000	0	0 34949586 79609748 155225473 1055667508 2689932595 74444 76541 11845 1210238 
1789400393.924519602	545000000	0	0 34949586 79609748 155225473 1055667508 2689932595 74444 76541 11845 1210238 
1789400394.216900465	545000000	0	0 34949586 79609748 155225473 1055667508 2689932595 74444 76541 11845 1210238 
1789400394.509125285	545000000	0	0 34949586 79609748 155225473 1055667508 2689932595 74444 76541 11845 1210238 
1789400394.801200835	545000000	0	0 34949586 79609748 155225473 1055667508 2689932595 74444 76541 11845 1210238 
1789400395.094009198	545000000	0	0 34949586 79609748 155225473 1055667508 2689932595 74444 76541 11845 1210238 
1789400395.386348758	545000000	0	0 34949586 79609748 155225473 1055667508 2689932595 74444 76541 11845 1210238 
1789400395.676732641	545000000	0	0 34949586 79609748 155225473 1055667508 2689932595 74444 76541 11845 1210238 
1789400395.969047462	545000000	0	0 34949586 79609748 155225473 1055667508 2689932595 74444 76541 11845 1210238 
1789400396.262127127	545000000	0	0 34949586 79609748 155225473 1055667508 2689932595 74444 76541 11845 1210238 
1789400396.559592417	545000000	0	0 34949586 79609748 155225473 1055667508 2689932595 74444 76541 11845 1210238 
1789400396.849474321	545000000	0	0 34949586 79609748 155225473 1055667508 2689932595 74444 76541 11845 1210238 
1789400397.140710756	545000000	0	0 34949586 79609748 155225473 1055667508 2689932595 74444 76541 11845 1210238 
1789400397.435352660	545000000	0	0 34949586 79609748 155225473 1055667508 2689932595 74444 76541 11845 1210238 
1789400397.728690814	545000000	0	0 34949586 79609748 155225473 1055667508 2689932595 74444 76541 11845 1210238 
1789400398.021283708	545000000	0	0 34949586 79609748 155225473 1055667508 2689932595 74444 76541 11845 1210238 
1789400398.319322592	545000000	0	0 34949586 79609748 155225473 1055667508 2689932595 74444 76541 11845 1210238 
1789400398.612528923	545000000	0	0 34949586 79609748 155225473 1055667508 2689932595 74444 76541 11845 1210238 
1789400398.907110203	545000000	0	0 34949586 79609748 155225473 1055667508 2689932595 74444 76541 11845 1210238 
1789400399.197922211	545000000	0	0 34949586 79609748 155225473 1055667508 2689932595 74444 76541 11845 1210238 
1789400399.494299740	545000000	0	0 34949586 79609748 155225473 1055667508 2689932595 74444 76541 11845 1210238 
1789400399.786166176	545000000	0	0 34949586 79609748 155225473 1055667508 2689932595 74444 76541 11845 1210238 
