# unix_время	событие	стратегия	радиус_м	частота	альфа	папка	задание	попадание	мс_от_задания	подробности
# сессия 2026-09-15T07:56:35
1789440996.147	folder	globe	0.18	5	0.0					{ "folder": "", "items": 11 }
1789440996.147	toggle	globe	0.18	5	0.0					{ "open": true }
1789441000.766	param	lens	0.18	0	0.16					{ "strategy": "lens", "radius": 0.18, "freq": 0, "alpha": 0.16, "folder": "" }
1789441005.287	toggle	lens	0.18	0	0.16					{ "open": false }
1789441005.287	самопроверка	lens	0.18	0	0.16			FAIL		{ "глобус m=5, 252 ячеек": { "gpu95": 2.23499989509583, "cpu95": 0.19699999690056, "proc95": 6.587, "over": 0 }, "линза α=0.16, 260 ячеек": { "gpu95": 1.88100004196167, "cpu95": 0.15000000596046, "proc95": 7.816, "over": 0 } }
1789441011.526	param	globe	0.14	3	0.0					{ "strategy": "globe", "radius": 0.14, "freq": 3, "alpha": 0.0, "folder": "" }
1789441011.991	param	globe	0.14	4	0.0					{ "strategy": "globe", "radius": 0.14, "freq": 4, "alpha": 0.0, "folder": "" }
1789441012.309	param	globe	0.14	3	0.0					{ "strategy": "globe", "radius": 0.14, "freq": 3, "alpha": 0.0, "folder": "" }
1789441012.503	param	globe	0.14	4	0.0					{ "strategy": "globe", "radius": 0.14, "freq": 4, "alpha": 0.0, "folder": "" }
1789441014.093	folder	globe	0.14	4	0.0					{ "folder": "", "items": 11 }
1789441014.093	toggle	globe	0.14	4	0.0					{ "open": true }
1789441029.194	select_empty	globe	0.14	4	0.0					{ "key": "92" }
1789441029.816	select_empty	globe	0.14	4	0.0					{ "key": "33" }
1789441031.661	select_empty	globe	0.14	4	0.0					{ "key": "16" }
# сессия 2026-09-15T08:09:51
1789441792.199	folder	globe	0.18	5	0.0					{ "folder": "", "items": 11 }
1789441792.200	toggle	globe	0.18	5	0.0					{ "open": true }
1789441796.559	param	lens	0.18	0	0.16					{ "strategy": "lens", "radius": 0.18, "freq": 0, "alpha": 0.16, "folder": "" }
1789441801.079	param	globe	0.18	5	0.0					{ "strategy": "globe", "radius": 0.18, "freq": 5, "alpha": 0.0, "folder": "" }
# сессия 2026-09-15T18:44:38
1789479879.561	folder	globe	0.18	5	0.0					{ "folder": "", "items": 11 }
1789479879.561	toggle	globe	0.18	5	0.0					{ "open": true }
1789479883.916	param	lens	0.18	0	0.16					{ "strategy": "lens", "radius": 0.18, "freq": 0, "alpha": 0.16, "folder": "" }
1789479887.860	select_empty	lens	0.18	0	0.16					{ "key": "(2, 17)" }
1789479888.422	param	globe	0.18	5	0.0					{ "strategy": "globe", "radius": 0.18, "freq": 5, "alpha": 0.0, "folder": "" }
1789479890.449	select_empty	globe	0.18	5	0.0					{ "key": "215" }
1789479891.151	select_empty	globe	0.18	5	0.0					{ "key": "35" }
1789479892.927	toggle	globe	0.18	5	0.0					{ "open": false }
1789479892.927	самопроверка	globe	0.18	5	0.0			FAIL		{ "глобус m=5, 252 ячеек, вращение": { "gpu95": 2.57100009918213, "cpu95": 0.20499999821186, "proc95": 6.653, "over": 0 }, "линза α=0.16, 260 ячеек, вращение": { "gpu95": 1.86000001430511, "cpu95": 0.17200000584126, "proc95": 8.158, "over": 0 } }
1789479897.717	folder	globe	0.11	3	0.0					{ "folder": "", "items": 11 }
1789479897.717	toggle	globe	0.11	3	0.0					{ "open": true }
1789479908.283	back	globe	0.11	3	0.0					{ "action": "close" }
1789479909.262	folder	globe	0.11	3	0.0					{ "folder": "", "items": 11 }
1789479909.262	toggle	globe	0.11	3	0.0					{ "open": true }
1789479912.661	back	globe	0.11	3	0.0					{ "action": "close" }
1789479913.250	param	lens	0.11	0	0.22					{ "strategy": "lens", "radius": 0.11, "freq": 0, "alpha": 0.22, "folder": "" }
1789479914.939	folder	lens	0.11	0	0.22					{ "folder": "", "items": 11 }
1789479914.939	toggle	lens	0.11	0	0.22					{ "open": true }
1789479915.471	param	globe	0.11	3	0.0					{ "strategy": "globe", "radius": 0.11, "freq": 3, "alpha": 0.0, "folder": "" }
1789479916.205	param	lens	0.11	0	0.22					{ "strategy": "lens", "radius": 0.11, "freq": 0, "alpha": 0.22, "folder": "" }
1789479919.572	param	globe	0.11	3	0.0					{ "strategy": "globe", "radius": 0.11, "freq": 3, "alpha": 0.0, "folder": "" }
1789479929.272	select	globe	0.11	3	0.0	settings				{ "action": "enter", "slot": 4, "item": "settings", "title": "Настройки", "via": "ray" }
1789479929.272	folder	globe	0.11	3	0.0	settings				{ "folder": "settings", "items": 5 }
1789479931.783	select	globe	0.11	3	0.0	settings				{ "action": "stay", "slot": 3, "item": "set_language", "title": "Язык", "via": "ray" }
1789479932.250	select	globe	0.11	3	0.0	settings				{ "action": "stay", "slot": 3, "item": "set_language", "title": "Язык", "via": "ray" }
1789479933.205	select	globe	0.11	3	0.0	settings				{ "action": "stay", "slot": 2, "item": "set_sound", "title": "Звук", "via": "ray" }
1789479933.872	select	globe	0.11	3	0.0	settings				{ "action": "stay", "slot": 1, "item": "set_vignette", "title": "Виньетка", "via": "ray" }
1789479934.439	back	globe	0.11	3	0.0					{ "action": "back" }
1789479934.439	folder	globe	0.11	3	0.0					{ "folder": "", "items": 11 }
1789479940.561	select	globe	0.11	3	0.0	assets				{ "action": "enter", "slot": 1, "item": "assets", "title": "Ассеты", "via": "ray" }
1789479940.561	folder	globe	0.11	3	0.0	assets				{ "folder": "assets", "items": 8 }
1789479943.028	back	globe	0.11	3	0.0					{ "action": "back" }
1789479943.028	folder	globe	0.11	3	0.0					{ "folder": "", "items": 11 }
1789479947.883	back	globe	0.11	3	0.0					{ "action": "close" }
1789479950.083	folder	globe	0.11	3	0.0					{ "folder": "", "items": 11 }
1789479950.083	toggle	globe	0.11	3	0.0					{ "open": true }
1789479951.039	param	lens	0.11	0	0.22					{ "strategy": "lens", "radius": 0.11, "freq": 0, "alpha": 0.22, "folder": "" }
1789479951.849	param	globe	0.11	3	0.0					{ "strategy": "globe", "radius": 0.11, "freq": 3, "alpha": 0.0, "folder": "" }
1789479952.928	param	lens	0.11	0	0.22					{ "strategy": "lens", "radius": 0.11, "freq": 0, "alpha": 0.22, "folder": "" }
1789479957.072	select	lens	0.11	0	0.22	assets				{ "action": "enter", "slot": 1, "item": "assets", "title": "Ассеты", "via": "ray" }
1789479957.072	folder	lens	0.11	0	0.22	assets				{ "folder": "assets", "items": 8 }
1789479958.161	select	lens	0.11	0	0.22	asset_trees				{ "action": "enter", "slot": 0, "item": "asset_trees", "title": "Деревья", "via": "ray" }
1789479958.161	folder	lens	0.11	0	0.22	asset_trees				{ "folder": "asset_trees", "items": 5 }
1789479959.261	select	lens	0.11	0	0.22	asset_trees				{ "action": "close", "slot": 0, "item": "tree_oak", "title": "Дуб", "via": "ray" }
1789479961.250	folder	lens	0.11	0	0.22	asset_trees				{ "folder": "asset_trees", "items": 5 }
1789479961.250	toggle	lens	0.11	0	0.22	asset_trees				{ "open": true }
1789479962.349	param	globe	0.11	3	0.0	asset_trees				{ "strategy": "globe", "radius": 0.11, "freq": 3, "alpha": 0.0, "folder": "asset_trees" }
1789479964.305	back	globe	0.11	3	0.0	assets				{ "action": "back" }
1789479964.306	folder	globe	0.11	3	0.0	assets				{ "folder": "assets", "items": 8 }
1789479969.628	param	lens	0.11	0	0.22	assets				{ "strategy": "lens", "radius": 0.11, "freq": 0, "alpha": 0.22, "folder": "assets" }
1789479992.405	select_empty	lens	0.11	0	0.22	assets				{ "key": "(0, -1)" }
1789479994.072	select_empty	lens	0.11	0	0.22	assets				{ "key": "(0, -1)" }
1789479995.361	back	lens	0.11	0	0.22					{ "action": "back" }
1789479995.361	folder	lens	0.11	0	0.22					{ "folder": "", "items": 11 }
1789480000.283	back	lens	0.11	0	0.22					{ "action": "close" }
1789480002.506	folder	lens	0.11	0	0.22					{ "folder": "", "items": 11 }
1789480002.506	toggle	lens	0.11	0	0.22					{ "open": true }
1789480003.549	param	lens	0.14	0	0.22					{ "strategy": "lens", "radius": 0.14, "freq": 0, "alpha": 0.22, "folder": "" }
1789480004.028	param	lens	0.18	0	0.22					{ "strategy": "lens", "radius": 0.18, "freq": 0, "alpha": 0.22, "folder": "" }
1789480005.392	param	lens	0.14	0	0.22					{ "strategy": "lens", "radius": 0.14, "freq": 0, "alpha": 0.22, "folder": "" }
1789480008.950	param	lens	0.14	0	0.26					{ "strategy": "lens", "radius": 0.14, "freq": 0, "alpha": 0.26, "folder": "" }
1789480009.484	param	lens	0.14	0	0.26					{ "strategy": "lens", "radius": 0.14, "freq": 0, "alpha": 0.26, "folder": "" }
1789480010.083	param	lens	0.14	0	0.22					{ "strategy": "lens", "radius": 0.14, "freq": 0, "alpha": 0.22, "folder": "" }
1789480010.538	param	lens	0.14	0	0.19					{ "strategy": "lens", "radius": 0.14, "freq": 0, "alpha": 0.19, "folder": "" }
1789480010.894	param	lens	0.14	0	0.16					{ "strategy": "lens", "radius": 0.14, "freq": 0, "alpha": 0.16, "folder": "" }
1789480011.117	param	lens	0.14	0	0.16					{ "strategy": "lens", "radius": 0.14, "freq": 0, "alpha": 0.16, "folder": "" }
1789480011.560	param	lens	0.14	0	0.19					{ "strategy": "lens", "radius": 0.14, "freq": 0, "alpha": 0.19, "folder": "" }
1789480011.817	param	lens	0.14	0	0.22					{ "strategy": "lens", "radius": 0.14, "freq": 0, "alpha": 0.22, "folder": "" }
1789480012.038	param	lens	0.14	0	0.26					{ "strategy": "lens", "radius": 0.14, "freq": 0, "alpha": 0.26, "folder": "" }
1789480012.249	param	lens	0.14	0	0.26					{ "strategy": "lens", "radius": 0.14, "freq": 0, "alpha": 0.26, "folder": "" }
1789480012.594	param	lens	0.14	0	0.26					{ "strategy": "lens", "radius": 0.14, "freq": 0, "alpha": 0.26, "folder": "" }
1789480013.249	param	lens	0.11	0	0.26					{ "strategy": "lens", "radius": 0.11, "freq": 0, "alpha": 0.26, "folder": "" }
1789480014.183	param	lens	0.11	0	0.22					{ "strategy": "lens", "radius": 0.11, "freq": 0, "alpha": 0.22, "folder": "" }
1789480014.528	param	lens	0.11	0	0.26					{ "strategy": "lens", "radius": 0.11, "freq": 0, "alpha": 0.26, "folder": "" }
1789480014.761	param	lens	0.11	0	0.26					{ "strategy": "lens", "radius": 0.11, "freq": 0, "alpha": 0.26, "folder": "" }
1789480014.939	param	lens	0.11	0	0.26					{ "strategy": "lens", "radius": 0.11, "freq": 0, "alpha": 0.26, "folder": "" }
1789480015.283	param	lens	0.08	0	0.26					{ "strategy": "lens", "radius": 0.08, "freq": 0, "alpha": 0.26, "folder": "" }
1789480015.761	param	lens	0.11	0	0.26					{ "strategy": "lens", "radius": 0.11, "freq": 0, "alpha": 0.26, "folder": "" }
1789480016.006	param	lens	0.14	0	0.26					{ "strategy": "lens", "radius": 0.14, "freq": 0, "alpha": 0.26, "folder": "" }
1789480016.483	param	lens	0.18	0	0.26					{ "strategy": "lens", "radius": 0.18, "freq": 0, "alpha": 0.26, "folder": "" }
1789480017.294	param	lens	0.18	0	0.22					{ "strategy": "lens", "radius": 0.18, "freq": 0, "alpha": 0.22, "folder": "" }
1789480017.661	param	lens	0.18	0	0.26					{ "strategy": "lens", "radius": 0.18, "freq": 0, "alpha": 0.26, "folder": "" }
1789480018.294	param	lens	0.18	0	0.26					{ "strategy": "lens", "radius": 0.18, "freq": 0, "alpha": 0.26, "folder": "" }
1789480018.494	param	lens	0.18	0	0.26					{ "strategy": "lens", "radius": 0.18, "freq": 0, "alpha": 0.26, "folder": "" }
1789480032.450	toggle	lens	0.18	0	0.26					{ "open": false }
1789480032.751	folder	lens	0.18	0	0.26					{ "folder": "", "items": 11 }
1789480032.751	toggle	lens	0.18	0	0.26					{ "open": true }
1789480034.672	select	lens	0.18	0	0.26					{ "action": "close", "slot": 5, "item": "save", "title": "Сохранить", "via": "ray" }
1789480035.528	folder	lens	0.18	0	0.26					{ "folder": "", "items": 11 }
1789480035.528	toggle	lens	0.18	0	0.26					{ "open": true }
1789480036.228	back	lens	0.18	0	0.26					{ "action": "close" }
1789480036.784	folder	lens	0.18	0	0.26					{ "folder": "", "items": 11 }
1789480036.784	toggle	lens	0.18	0	0.26					{ "open": true }
1789480046.760	select	lens	0.18	0	0.26					{ "action": "close", "slot": 9, "item": "play", "title": "Запустить", "via": "ray" }
1789480047.905	folder	lens	0.18	0	0.26					{ "folder": "", "items": 11 }
1789480047.906	toggle	lens	0.18	0	0.26					{ "open": true }
1789480051.617	param	globe	0.18	3	0.0					{ "strategy": "globe", "radius": 0.18, "freq": 3, "alpha": 0.0, "folder": "" }
1789480052.305	param	lens	0.18	0	0.26					{ "strategy": "lens", "radius": 0.18, "freq": 0, "alpha": 0.26, "folder": "" }
1789480052.872	задание	lens	0.18	0	0.26		light_sun			
1789480055.536	active	lens	0.18	0	0.26		light_sun		2664	{ "key": "(33, -12)", "slot": 2 }
1789480057.558	active	lens	0.18	0	0.26		light_sun		4687	{ "key": "(34, -13)", "slot": 3 }
1789480057.913	active	lens	0.18	0	0.26		light_sun		5042	{ "key": "(34, -14)", "slot": 4 }
1789480058.528	select	lens	0.18	0	0.26	scene	light_sun	нет	5656	{ "action": "enter", "slot": 0, "item": "scene", "title": "Сцена", "via": "ray" }
1789480058.528	folder	lens	0.18	0	0.26	scene	light_sun		5657	{ "folder": "scene", "items": 8 }
1789480058.536	active	lens	0.18	0	0.26	scene	light_sun		5664	{ "key": "(34, -14)", "slot": 0 }
1789480061.747	active	lens	0.18	0	0.26	scene	light_sun		8875	{ "key": "(34, -15)", "slot": 5 }
1789480061.869	active	lens	0.18	0	0.26	scene	light_sun		8998	{ "key": "(33, -15)", "slot": -2 }
1789480062.347	active	lens	0.18	0	0.26	scene	light_sun		9475	{ "key": "(33, -16)", "slot": -2 }
1789480062.558	active	lens	0.18	0	0.26	scene	light_sun		9687	{ "key": "(33, -17)", "slot": -2 }
1789480062.647	active	lens	0.18	0	0.26	scene	light_sun		9775	{ "key": "(33, -16)", "slot": -2 }
1789480062.847	active	lens	0.18	0	0.26	scene	light_sun		9975	{ "key": "(33, -15)", "slot": -2 }
1789480062.969	active	lens	0.18	0	0.26	scene	light_sun		10097	{ "key": "(32, -14)", "slot": -2 }
1789480063.180	active	lens	0.18	0	0.26	scene	light_sun		10308	{ "key": "(31, -13)", "slot": -2 }
1789480063.358	active	lens	0.18	0	0.26	scene	light_sun		10486	{ "key": "(31, -12)", "slot": -2 }
1789480063.614	active	lens	0.18	0	0.26	scene	light_sun		10742	{ "key": "(31, -11)", "slot": -2 }
1789480063.769	active	lens	0.18	0	0.26	scene	light_sun		10898	{ "key": "(32, -11)", "slot": -2 }
1789480064.014	active	lens	0.18	0	0.26	scene	light_sun		11142	{ "key": "(33, -11)", "slot": -2 }
1789480064.247	active	lens	0.18	0	0.26	scene	light_sun		11375	{ "key": "(33, -12)", "slot": 7 }
1789480064.469	active	lens	0.18	0	0.26	scene	light_sun		11597	{ "key": "(34, -12)", "slot": -2 }
1789480064.547	active	lens	0.18	0	0.26	scene	light_sun		11675	{ "key": "(34, -13)", "slot": 2 }
1789480064.869	active	lens	0.18	0	0.26	scene	light_sun		11997	{ "key": "(34, -14)", "slot": 0 }
1789480067.383	back	lens	0.18	0	0.26		light_sun		14512	{ "action": "back" }
1789480067.384	folder	lens	0.18	0	0.26		light_sun		14512	{ "folder": "", "items": 11 }
1789480067.391	active	lens	0.18	0	0.26		light_sun		14520	{ "key": "(34, -14)", "slot": 4 }
1789480068.602	active	lens	0.18	0	0.26		light_sun		15731	{ "key": "(34, -13)", "slot": 3 }
1789480073.083	select	lens	0.18	0	0.26	assets	light_sun	нет	20212	{ "action": "enter", "slot": 1, "item": "assets", "title": "Ассеты", "via": "ray" }
1789480073.084	folder	lens	0.18	0	0.26	assets	light_sun		20212	{ "folder": "assets", "items": 8 }
1789480073.091	active	lens	0.18	0	0.26	assets	light_sun		20220	{ "key": "(34, -13)", "slot": 0 }
1789480076.494	select	lens	0.18	0	0.26	assets	light_sun	нет	23622	{ "action": "close", "slot": 6, "item": "asset_lantern", "title": "Свет", "via": "ray" }
1789480078.228	задание	lens	0.18	0	0.26	assets	light_lamp			
1789480078.684	folder	lens	0.18	0	0.26	assets	light_lamp		456	{ "folder": "assets", "items": 8 }
1789480078.684	toggle	lens	0.18	0	0.26	assets	light_lamp		456	{ "open": true }
1789480078.695	active	lens	0.18	0	0.26	assets	light_lamp		467	{ "key": "(34, -14)", "slot": 0 }
1789480081.694	back	lens	0.18	0	0.26		light_lamp		3466	{ "action": "back" }
1789480081.694	folder	lens	0.18	0	0.26		light_lamp		3467	{ "folder": "", "items": 11 }
1789480081.702	active	lens	0.18	0	0.26		light_lamp		3475	{ "key": "(34, -13)", "slot": 3 }
1789480083.902	active	lens	0.18	0	0.26		light_lamp		5675	{ "key": "(33, -13)", "slot": 0 }
1789480084.769	active	lens	0.18	0	0.26		light_lamp		6542	{ "key": "(32, -13)", "slot": -1 }
1789480084.891	active	lens	0.18	0	0.26		light_lamp		6664	{ "key": "(31, -12)", "slot": -2 }
1789480086.347	active	lens	0.18	0	0.26		light_lamp		8119	{ "key": "(32, -12)", "slot": 1 }
1789480086.769	active	lens	0.18	0	0.26		light_lamp		8542	{ "key": "(32, -11)", "slot": 7 }
1789480086.869	active	lens	0.18	0	0.26		light_lamp		8641	{ "key": "(33, -12)", "slot": 2 }
1789480088.069	active	lens	0.18	0	0.26		light_lamp		9841	{ "key": "(34, -13)", "slot": 3 }
1789480089.428	select	lens	0.18	0	0.26	tools	light_lamp	нет	11200	{ "action": "enter", "slot": 3, "item": "tools", "title": "Инструменты", "via": "ray" }
1789480089.428	folder	lens	0.18	0	0.26	tools	light_lamp		11201	{ "folder": "tools", "items": 6 }
1789480089.435	active	lens	0.18	0	0.26	tools	light_lamp		11208	{ "key": "(34, -13)", "slot": 0 }
1789480091.460	back	lens	0.18	0	0.26		light_lamp		13233	{ "action": "back" }
1789480091.461	folder	lens	0.18	0	0.26		light_lamp		13233	{ "folder": "", "items": 11 }
1789480091.469	active	lens	0.18	0	0.26		light_lamp		13241	{ "key": "(34, -13)", "slot": 3 }
1789480092.583	select	lens	0.18	0	0.26	settings	light_lamp	нет	14355	{ "action": "enter", "slot": 4, "item": "settings", "title": "Настройки", "via": "ray" }
1789480092.583	folder	lens	0.18	0	0.26	settings	light_lamp		14356	{ "folder": "settings", "items": 5 }
1789480092.591	active	lens	0.18	0	0.26	settings	light_lamp		14364	{ "key": "(34, -13)", "slot": 0 }
1789480094.105	back	lens	0.18	0	0.26		light_lamp		15877	{ "action": "back" }
1789480094.105	folder	lens	0.18	0	0.26		light_lamp		15878	{ "folder": "", "items": 11 }
1789480094.114	active	lens	0.18	0	0.26		light_lamp		15886	{ "key": "(34, -13)", "slot": 3 }
1789480095.258	active	lens	0.18	0	0.26		light_lamp		17031	{ "key": "(33, -12)", "slot": 2 }
1789480099.227	param	lens	0.14	0	0.26		light_lamp		20999	{ "strategy": "lens", "radius": 0.14, "freq": 0, "alpha": 0.26, "folder": "" }
1789480102.694	param	lens	0.11	0	0.26		light_lamp		24467	{ "strategy": "lens", "radius": 0.11, "freq": 0, "alpha": 0.26, "folder": "" }
1789480105.170	active	lens	0.11	0	0.26		light_lamp		26942	{ "key": "(33, -13)", "slot": 0 }
1789480107.038	select	lens	0.11	0	0.26	scene	light_lamp	нет	28811	{ "action": "enter", "slot": 0, "item": "scene", "title": "Сцена", "via": "ray" }
1789480107.039	folder	lens	0.11	0	0.26	scene	light_lamp		28811	{ "folder": "scene", "items": 8 }
1789480107.047	active	lens	0.11	0	0.26	scene	light_lamp		28819	{ "key": "(34, -14)", "slot": 0 }
1789480109.284	select	lens	0.11	0	0.26	scene_open	light_lamp	нет	31056	{ "action": "enter", "slot": 1, "item": "scene_open", "title": "Открыть сцену", "via": "ray" }
1789480109.284	folder	lens	0.11	0	0.26	scene_open	light_lamp		31057	{ "folder": "scene_open", "items": 6 }
1789480109.292	active	lens	0.11	0	0.26	scene_open	light_lamp		31064	{ "key": "(34, -14)", "slot": 0 }
1789480112.350	back	lens	0.11	0	0.26	scene	light_lamp		34122	{ "action": "back" }
1789480112.350	folder	lens	0.11	0	0.26	scene	light_lamp		34123	{ "folder": "scene", "items": 8 }
1789480112.358	active	lens	0.11	0	0.26	scene	light_lamp		34131	{ "key": "(34, -14)", "slot": 0 }
1789480113.594	select	lens	0.11	0	0.26	scene_light	light_lamp	нет	35366	{ "action": "enter", "slot": 2, "item": "scene_light", "title": "Свет", "via": "ray" }
1789480113.594	folder	lens	0.11	0	0.26	scene_light	light_lamp		35367	{ "folder": "scene_light", "items": 5 }
1789480113.602	active	lens	0.11	0	0.26	scene_light	light_lamp		35375	{ "key": "(34, -14)", "slot": 0 }
1789480114.684	select	lens	0.11	0	0.26	scene_light	light_lamp	нет	36456	{ "action": "close", "slot": 0, "item": "light_sun", "title": "Солнце", "via": "ray" }
1789480116.916	folder	lens	0.11	0	0.26	scene_light	light_lamp		38688	{ "folder": "scene_light", "items": 5 }
1789480116.916	toggle	lens	0.11	0	0.26	scene_light	light_lamp		38689	{ "open": true }
1789480116.927	active	lens	0.11	0	0.26	scene_light	light_lamp		38699	{ "key": "(33, -13)", "slot": 1 }
1789480118.339	back	lens	0.11	0	0.26	scene	light_lamp		40111	{ "action": "back" }
1789480118.339	folder	lens	0.11	0	0.26	scene	light_lamp		40112	{ "folder": "scene", "items": 8 }
1789480118.347	active	lens	0.11	0	0.26	scene	light_lamp		40120	{ "key": "(34, -14)", "slot": 0 }
1789480121.425	active	lens	0.11	0	0.26	scene	light_lamp		43197	{ "key": "(33, -13)", "slot": 1 }
1789480121.750	back	lens	0.11	0	0.26		light_lamp		43522	{ "action": "back" }
1789480121.750	folder	lens	0.11	0	0.26		light_lamp		43523	{ "folder": "", "items": 11 }
1789480121.758	active	lens	0.11	0	0.26		light_lamp		43531	{ "key": "(33, -13)", "slot": 0 }
1789480125.061	select	lens	0.11	0	0.26	assets	light_lamp	нет	46833	{ "action": "enter", "slot": 1, "item": "assets", "title": "Ассеты", "via": "ray" }
1789480125.061	folder	lens	0.11	0	0.26	assets	light_lamp		46834	{ "folder": "assets", "items": 8 }
1789480125.069	active	lens	0.11	0	0.26	assets	light_lamp		46841	{ "key": "(34, -14)", "slot": 0 }
1789480128.049	select	lens	0.11	0	0.26	assets	light_lamp	нет	49822	{ "action": "close", "slot": 6, "item": "asset_lantern", "title": "Свет", "via": "ray" }
1789480129.360	folder	lens	0.11	0	0.26	assets	light_lamp		51133	{ "folder": "assets", "items": 8 }
1789480129.361	toggle	lens	0.11	0	0.26	assets	light_lamp		51133	{ "open": true }
1789480129.371	active	lens	0.11	0	0.26	assets	light_lamp		51144	{ "key": "(34, -14)", "slot": 0 }
1789480130.106	select	lens	0.11	0	0.26	assets	light_lamp	нет	51878	{ "action": "close", "slot": 6, "item": "asset_lantern", "title": "Свет", "via": "ray" }
1789480130.494	folder	lens	0.11	0	0.26	assets	light_lamp		52266	{ "folder": "assets", "items": 8 }
1789480130.494	toggle	lens	0.11	0	0.26	assets	light_lamp		52267	{ "open": true }
1789480130.504	active	lens	0.11	0	0.26	assets	light_lamp		52277	{ "key": "(34, -14)", "slot": 0 }
1789480131.427	select	lens	0.11	0	0.26	assets	light_lamp	нет	53200	{ "action": "stay", "slot": 7, "item": "asset_import", "title": "Импорт", "via": "ray" }
1789480133.694	back	lens	0.11	0	0.26		light_lamp		55466	{ "action": "back" }
1789480133.694	folder	lens	0.11	0	0.26		light_lamp		55467	{ "folder": "", "items": 11 }
1789480133.702	active	lens	0.11	0	0.26		light_lamp		55475	{ "key": "(33, -13)", "slot": 0 }
1789480139.239	select	lens	0.11	0	0.26	tools	light_lamp	нет	61011	{ "action": "enter", "slot": 3, "item": "tools", "title": "Инструменты", "via": "ray" }
1789480139.239	folder	lens	0.11	0	0.26	tools	light_lamp		61012	{ "folder": "tools", "items": 6 }
1789480139.247	active	lens	0.11	0	0.26	tools	light_lamp		61019	{ "key": "(34, -13)", "slot": 0 }
1789480141.038	back	lens	0.11	0	0.26		light_lamp		62811	{ "action": "back" }
1789480141.039	folder	lens	0.11	0	0.26		light_lamp		62811	{ "folder": "", "items": 11 }
1789480141.047	active	lens	0.11	0	0.26		light_lamp		62819	{ "key": "(33, -13)", "slot": 0 }
1789480145.438	select	lens	0.11	0	0.26	logic	light_lamp	нет	67211	{ "action": "enter", "slot": 2, "item": "logic", "title": "Логика", "via": "ray" }
1789480145.439	folder	lens	0.11	0	0.26	logic	light_lamp		67211	{ "folder": "logic", "items": 6 }
1789480145.447	active	lens	0.11	0	0.26	logic	light_lamp		67220	{ "key": "(33, -13)", "slot": 0 }
1789480149.739	select	lens	0.11	0	0.26	logic	light_lamp	нет	71511	{ "action": "close", "slot": 0, "item": "logic_trigger", "title": "Триггер", "via": "ray" }
1789480150.484	folder	lens	0.11	0	0.26	logic	light_lamp		72256	{ "folder": "logic", "items": 6 }
1789480150.484	toggle	lens	0.11	0	0.26	logic	light_lamp		72256	{ "open": true }
1789480150.494	active	lens	0.11	0	0.26	logic	light_lamp		72267	{ "key": "(33, -13)", "slot": 0 }
1789480151.561	back	lens	0.11	0	0.26		light_lamp		73333	{ "action": "back" }
1789480151.561	folder	lens	0.11	0	0.26		light_lamp		73334	{ "folder": "", "items": 11 }
1789480151.569	active	lens	0.11	0	0.26		light_lamp		73342	{ "key": "(33, -13)", "slot": 0 }
1789480153.291	active	lens	0.11	0	0.26		light_lamp		75063	{ "key": "(33, -12)", "slot": 2 }
1789480153.913	active	lens	0.11	0	0.26		light_lamp		75686	{ "key": "(33, -11)", "slot": 8 }
1789480154.995	select	lens	0.11	0	0.26		light_lamp	нет	76767	{ "action": "close", "slot": 9, "item": "play", "title": "Запустить", "via": "ray" }
1789480155.661	folder	lens	0.11	0	0.26		light_lamp		77434	{ "folder": "", "items": 11 }
1789480155.661	toggle	lens	0.11	0	0.26		light_lamp		77434	{ "open": true }
1789480155.672	active	lens	0.11	0	0.26		light_lamp		77444	{ "key": "(33, -11)", "slot": 0 }
1789480156.525	active	lens	0.11	0	0.26		light_lamp		78297	{ "key": "(32, -11)", "slot": -1 }
1789480156.725	active	lens	0.11	0	0.26		light_lamp		78497	{ "key": "(31, -11)", "slot": -2 }
1789480157.092	active	lens	0.11	0	0.26		light_lamp		78864	{ "key": "(32, -12)", "slot": -2 }
1789480157.191	active	lens	0.11	0	0.26		light_lamp		78964	{ "key": "(32, -11)", "slot": -1 }
1789480157.491	active	lens	0.11	0	0.26		light_lamp		79264	{ "key": "(32, -10)", "slot": 1 }
1789480159.280	active	lens	0.11	0	0.26		light_lamp		81053	{ "key": "(33, -11)", "slot": 0 }
1789480160.802	active	lens	0.11	0	0.26		light_lamp		82575	{ "key": "(32, -10)", "slot": 1 }
1789480162.559	active	lens	0.11	0	0.26		light_lamp		84331	{ "key": "(31, -9)", "slot": 6 }
1789480162.781	active	lens	0.11	0	0.26		light_lamp		84553	{ "key": "(31, -10)", "slot": -2 }
1789480163.025	active	lens	0.11	0	0.26		light_lamp		84798	{ "key": "(31, -11)", "slot": -2 }
1789480163.191	active	lens	0.11	0	0.26		light_lamp		84964	{ "key": "(31, -10)", "slot": -2 }
1789480163.358	active	lens	0.11	0	0.26		light_lamp		85130	{ "key": "(32, -10)", "slot": 1 }
1789480163.558	active	lens	0.11	0	0.26		light_lamp		85330	{ "key": "(32, -9)", "slot": 7 }
1789480163.769	active	lens	0.11	0	0.26		light_lamp		85542	{ "key": "(33, -10)", "slot": 2 }
1789480165.036	active	lens	0.11	0	0.26		light_lamp		86808	{ "key": "(34, -11)", "slot": 3 }
1789480170.717	select	lens	0.11	0	0.26	scene	light_lamp	нет	92489	{ "action": "enter", "slot": 0, "item": "scene", "title": "Сцена", "via": "ray" }
1789480170.717	folder	lens	0.11	0	0.26	scene	light_lamp		92489	{ "folder": "scene", "items": 8 }
1789480170.725	active	lens	0.11	0	0.26	scene	light_lamp		92497	{ "key": "(33, -13)", "slot": 1 }
1789480171.939	select	lens	0.11	0	0.26	scene_light	light_lamp	нет	93711	{ "action": "enter", "slot": 2, "item": "scene_light", "title": "Свет", "via": "ray" }
1789480171.939	folder	lens	0.11	0	0.26	scene_light	light_lamp		93712	{ "folder": "scene_light", "items": 5 }
1789480171.947	active	lens	0.11	0	0.26	scene_light	light_lamp		93719	{ "key": "(33, -13)", "slot": 1 }
1789480174.083	select	lens	0.11	0	0.26	scene_light	light_lamp	да	95855	{ "action": "close", "slot": 1, "item": "light_lamp", "title": "Лампа", "via": "ray" }
1789480179.050	param	globe	0.11	3	0.0	scene_light				{ "strategy": "globe", "radius": 0.11, "freq": 3, "alpha": 0.0, "folder": "scene_light" }
1789480179.505	задание	globe	0.11	3	0.0	scene_light	logic_quest			
1789480181.039	folder	globe	0.11	3	0.0	scene_light	logic_quest		1534	{ "folder": "scene_light", "items": 5 }
1789480181.039	toggle	globe	0.11	3	0.0	scene_light	logic_quest		1534	{ "open": true }
1789480181.050	active	globe	0.11	3	0.0	scene_light	logic_quest		1545	{ "key": "25", "slot": 0 }
1789480182.561	back	globe	0.11	3	0.0	scene	logic_quest		3055	{ "action": "back" }
1789480182.561	folder	globe	0.11	3	0.0	scene	logic_quest		3056	{ "folder": "scene", "items": 8 }
1789480182.572	active	globe	0.11	3	0.0	scene	logic_quest		3066	{ "key": "25", "slot": 0 }
1789480185.394	back	globe	0.11	3	0.0		logic_quest		5889	{ "action": "back" }
1789480185.395	folder	globe	0.11	3	0.0		logic_quest		5889	{ "folder": "", "items": 11 }
1789480185.405	active	globe	0.11	3	0.0		logic_quest		5899	{ "key": "25", "slot": 0 }
1789480187.783	select	globe	0.11	3	0.0	logic	logic_quest	нет	8277	{ "action": "enter", "slot": 2, "item": "logic", "title": "Логика", "via": "ray" }
1789480187.784	folder	globe	0.11	3	0.0	logic	logic_quest		8278	{ "folder": "logic", "items": 6 }
1789480187.794	active	globe	0.11	3	0.0	logic	logic_quest		8288	{ "key": "25", "slot": 0 }
1789480188.905	select	globe	0.11	3	0.0	logic	logic_quest	да	9400	{ "action": "close", "slot": 4, "item": "logic_quest", "title": "Квест", "via": "ray" }
1789480190.528	задание	globe	0.11	3	0.0	logic	set_reset			
1789480192.084	folder	globe	0.11	3	0.0	logic	set_reset		1556	{ "folder": "logic", "items": 6 }
1789480192.084	toggle	globe	0.11	3	0.0	logic	set_reset		1556	{ "open": true }
1789480192.095	active	globe	0.11	3	0.0	logic	set_reset		1567	{ "key": "16", "slot": 0 }
1789480194.305	back	globe	0.11	3	0.0		set_reset		3778	{ "action": "back" }
1789480194.306	folder	globe	0.11	3	0.0		set_reset		3778	{ "folder": "", "items": 11 }
1789480194.316	active	globe	0.11	3	0.0		set_reset		3789	{ "key": "27", "slot": -1 }
1789480196.939	active	globe	0.11	3	0.0		set_reset		6411	{ "key": "17", "slot": 5 }
1789480197.083	active	globe	0.11	3	0.0		set_reset		6556	{ "key": "20", "slot": -2 }
1789480197.149	active	globe	0.11	3	0.0		set_reset		6622	{ "key": "19", "slot": -2 }
1789480197.238	active	globe	0.11	3	0.0		set_reset		6711	{ "key": "21", "slot": -2 }
1789480197.650	active	globe	0.11	3	0.0		set_reset		7122	{ "key": "12", "slot": -2 }
1789480197.916	active	globe	0.11	3	0.0		set_reset		7389	{ "key": "21", "slot": -2 }
1789480198.061	active	globe	0.11	3	0.0		set_reset		7533	{ "key": "20", "slot": -2 }
1789480198.217	active	globe	0.11	3	0.0		set_reset		7689	{ "key": "18", "slot": -2 }
1789480198.405	active	globe	0.11	3	0.0		set_reset		7878	{ "key": "27", "slot": -1 }
1789480198.550	active	globe	0.11	3	0.0		set_reset		8022	{ "key": "18", "slot": -2 }
1789480198.716	active	globe	0.11	3	0.0		set_reset		8189	{ "key": "20", "slot": -2 }
1789480198.894	active	globe	0.11	3	0.0		set_reset		8367	{ "key": "21", "slot": -2 }
1789480198.972	active	globe	0.11	3	0.0		set_reset		8444	{ "key": "20", "slot": -2 }
1789480199.128	active	globe	0.11	3	0.0		set_reset		8600	{ "key": "18", "slot": -2 }
1789480199.283	active	globe	0.11	3	0.0		set_reset		8756	{ "key": "54", "slot": -2 }
1789480199.383	active	globe	0.11	3	0.0		set_reset		8855	{ "key": "52", "slot": 8 }
1789480199.683	active	globe	0.11	3	0.0		set_reset		9155	{ "key": "49", "slot": 6 }
1789480199.828	active	globe	0.11	3	0.0		set_reset		9300	{ "key": "48", "slot": -2 }
1789480200.339	active	globe	0.11	3	0.0		set_reset		9811	{ "key": "47", "slot": -2 }
1789480200.472	active	globe	0.11	3	0.0		set_reset		9945	{ "key": "44", "slot": -2 }
1789480200.628	active	globe	0.11	3	0.0		set_reset		10100	{ "key": "72", "slot": -2 }
1789480200.939	active	globe	0.11	3	0.0		set_reset		10411	{ "key": "44", "slot": -2 }
1789480201.083	active	globe	0.11	3	0.0		set_reset		10556	{ "key": "47", "slot": -2 }
1789480201.250	active	globe	0.11	3	0.0		set_reset		10722	{ "key": "48", "slot": -2 }
1789480201.271	active	globe	0.11	3	0.0		set_reset		10744	{ "key": "89", "slot": -2 }
1789480201.439	active	globe	0.11	3	0.0		set_reset		10911	{ "key": "50", "slot": -2 }
1789480201.583	active	globe	0.11	3	0.0		set_reset		11056	{ "key": "51", "slot": -2 }
1789480201.650	active	globe	0.11	3	0.0		set_reset		11122	{ "key": "53", "slot": -2 }
1789480201.861	active	globe	0.11	3	0.0		set_reset		11334	{ "key": "83", "slot": -2 }
1789480202.161	active	globe	0.11	3	0.0		set_reset		11634	{ "key": "82", "slot": -2 }
1789480202.317	active	globe	0.11	3	0.0		set_reset		11789	{ "key": "56", "slot": -2 }
1789480202.483	active	globe	0.11	3	0.0		set_reset		11956	{ "key": "55", "slot": -2 }
1789480202.639	active	globe	0.11	3	0.0		set_reset		12111	{ "key": "58", "slot": -2 }
1789480202.661	active	globe	0.11	3	0.0		set_reset		12133	{ "key": "20", "slot": -2 }
1789480202.783	active	globe	0.11	3	0.0		set_reset		12256	{ "key": "21", "slot": -2 }
1789480202.928	active	globe	0.11	3	0.0		set_reset		12400	{ "key": "11", "slot": -2 }
1789480203.095	active	globe	0.11	3	0.0		set_reset		12567	{ "key": "13", "slot": -2 }
1789480203.272	active	globe	0.11	3	0.0		set_reset		12744	{ "key": "2", "slot": -2 }
1789480203.472	active	globe	0.11	3	0.0		set_reset		12944	{ "key": "5", "slot": -2 }
1789480203.783	active	globe	0.11	3	0.0		set_reset		13256	{ "key": "1", "slot": -2 }
1789480204.083	active	globe	0.11	3	0.0		set_reset		13556	{ "key": "2", "slot": -2 }
1789480204.394	active	globe	0.11	3	0.0		set_reset		13867	{ "key": "3", "slot": -2 }
1789480204.528	active	globe	0.11	3	0.0		set_reset		14000	{ "key": "2", "slot": -2 }
1789480205.117	active	globe	0.11	3	0.0		set_reset		14589	{ "key": "6", "slot": -2 }
1789480205.328	active	globe	0.11	3	0.0		set_reset		14800	{ "key": "40", "slot": -2 }
1789480205.472	active	globe	0.11	3	0.0		set_reset		14944	{ "key": "42", "slot": -2 }
1789480205.617	active	globe	0.11	3	0.0		set_reset		15089	{ "key": "88", "slot": -2 }
1789480205.850	active	globe	0.11	3	0.0		set_reset		15323	{ "key": "42", "slot": -2 }
1789480206.750	toggle	globe	0.11	3	0.0		set_reset		16222	{ "open": false }
1789480207.006	folder	globe	0.11	3	0.0		set_reset		16478	{ "folder": "", "items": 11 }
1789480207.006	toggle	globe	0.11	3	0.0		set_reset		16479	{ "open": true }
1789480207.017	active	globe	0.11	3	0.0		set_reset		16489	{ "key": "42", "slot": 0 }
1789480209.139	select	globe	0.11	3	0.0	tools	set_reset	нет	18611	{ "action": "enter", "slot": 3, "item": "tools", "title": "Инструменты", "via": "ray" }
1789480209.139	folder	globe	0.11	3	0.0	tools	set_reset		18611	{ "folder": "tools", "items": 6 }
1789480209.150	active	globe	0.11	3	0.0	tools	set_reset		18622	{ "key": "42", "slot": 0 }
1789480211.172	back	globe	0.11	3	0.0		set_reset		20645	{ "action": "back" }
1789480211.173	folder	globe	0.11	3	0.0		set_reset		20645	{ "folder": "", "items": 11 }
1789480211.183	active	globe	0.11	3	0.0		set_reset		20655	{ "key": "44", "slot": -2 }
1789480212.328	select	globe	0.11	3	0.0	settings	set_reset	нет	21800	{ "action": "enter", "slot": 4, "item": "settings", "title": "Настройки", "via": "ray" }
1789480212.328	folder	globe	0.11	3	0.0	settings	set_reset		21801	{ "folder": "settings", "items": 5 }
1789480212.338	active	globe	0.11	3	0.0	settings	set_reset		21811	{ "key": "44", "slot": 0 }
1789480213.450	select	globe	0.11	3	0.0	settings	set_reset	да	22922	{ "action": "confirm_pending", "slot": 4, "item": "set_reset", "title": "Сбросить всё", "via": "ray" }
1789480214.516	select	globe	0.11	3	0.0	settings				{ "action": "confirmed", "slot": 4, "item": "set_reset", "title": "Сбросить всё", "via": "ray" }
1789480216.906	задание	globe	0.11	3	0.0	settings	scene_sky			
1789480217.794	folder	globe	0.11	3	0.0	settings	scene_sky		889	{ "folder": "settings", "items": 5 }
1789480217.795	toggle	globe	0.11	3	0.0	settings	scene_sky		889	{ "open": true }
1789480217.805	active	globe	0.11	3	0.0	settings	scene_sky		900	{ "key": "72", "slot": 0 }
1789480219.461	back	globe	0.11	3	0.0		scene_sky		2555	{ "action": "back" }
1789480219.461	folder	globe	0.11	3	0.0		scene_sky		2556	{ "folder": "", "items": 11 }
1789480219.472	active	globe	0.11	3	0.0		scene_sky		2566	{ "key": "89", "slot": -2 }
1789480220.661	active	globe	0.11	3	0.0		scene_sky		3755	{ "key": "78", "slot": -2 }
1789480221.061	active	globe	0.11	3	0.0		scene_sky		4156	{ "key": "47", "slot": -2 }
1789480221.205	active	globe	0.11	3	0.0		scene_sky		4300	{ "key": "48", "slot": -2 }
1789480221.328	active	globe	0.11	3	0.0		scene_sky		4422	{ "key": "30", "slot": -2 }
1789480221.483	active	globe	0.11	3	0.0		scene_sky		4578	{ "key": "29", "slot": -2 }
1789480221.517	active	globe	0.11	3	0.0		scene_sky		4611	{ "key": "28", "slot": -2 }
1789480221.628	active	globe	0.11	3	0.0		scene_sky		4722	{ "key": "7", "slot": -2 }
1789480221.928	active	globe	0.11	3	0.0		scene_sky		5022	{ "key": "8", "slot": 3 }
1789480222.239	active	globe	0.11	3	0.0		scene_sky		5333	{ "key": "42", "slot": 0 }
1789480223.549	select_empty	globe	0.11	3	0.0		scene_sky		6644	{ "key": "72" }
1789480230.861	select	globe	0.11	3	0.0	scene	scene_sky	нет	13955	{ "action": "enter", "slot": 0, "item": "scene", "title": "Сцена", "via": "ray" }
1789480230.861	folder	globe	0.11	3	0.0	scene	scene_sky		13956	{ "folder": "scene", "items": 8 }
1789480230.872	active	globe	0.11	3	0.0	scene	scene_sky		13966	{ "key": "27", "slot": 5 }
1789480231.994	active	globe	0.11	3	0.0	scene	scene_sky		15089	{ "key": "18", "slot": -2 }
1789480232.028	active	globe	0.11	3	0.0	scene	scene_sky		15122	{ "key": "17", "slot": 4 }
1789480232.172	active	globe	0.11	3	0.0	scene	scene_sky		15266	{ "key": "20", "slot": -2 }
1789480232.706	active	globe	0.11	3	0.0	scene	scene_sky		15800	{ "key": "18", "slot": -2 }
1789480232.894	active	globe	0.11	3	0.0	scene	scene_sky		15989	{ "key": "54", "slot": -2 }
1789480233.038	active	globe	0.11	3	0.0	scene	scene_sky		16132	{ "key": "52", "slot": -2 }
1789480233.272	active	globe	0.11	3	0.0	scene	scene_sky		16366	{ "key": "54", "slot": -2 }
1789480233.483	active	globe	0.11	3	0.0	scene	scene_sky		16578	{ "key": "18", "slot": -2 }
1789480233.617	active	globe	0.11	3	0.0	scene	scene_sky		16711	{ "key": "20", "slot": -2 }
1789480233.806	active	globe	0.11	3	0.0	scene	scene_sky		16900	{ "key": "19", "slot": -2 }
1789480234.394	active	globe	0.11	3	0.0	scene	scene_sky		17489	{ "key": "10", "slot": -2 }
1789480234.561	active	globe	0.11	3	0.0	scene	scene_sky		17656	{ "key": "1", "slot": -2 }
1789480235.061	active	globe	0.11	3	0.0	scene	scene_sky		18155	{ "key": "5", "slot": -2 }
1789480235.228	active	globe	0.11	3	0.0	scene	scene_sky		18322	{ "key": "8", "slot": -2 }
1789480235.672	active	globe	0.11	3	0.0	scene	scene_sky		18766	{ "key": "5", "slot": -2 }
1789480235.806	active	globe	0.11	3	0.0	scene	scene_sky		18900	{ "key": "4", "slot": -2 }
1789480235.917	active	globe	0.11	3	0.0	scene	scene_sky		19011	{ "key": "0", "slot": -2 }
1789480236.072	active	globe	0.11	3	0.0	scene	scene_sky		19166	{ "key": "16", "slot": 3 }
1789480237.105	active	globe	0.11	3	0.0	scene	scene_sky		20200	{ "key": "19", "slot": -2 }
1789480237.283	active	globe	0.11	3	0.0	scene	scene_sky		20378	{ "key": "16", "slot": 3 }
1789480237.494	active	globe	0.11	3	0.0	scene	scene_sky		20588	{ "key": "0", "slot": -2 }
1789480237.983	active	globe	0.11	3	0.0	scene	scene_sky		21078	{ "key": "4", "slot": -2 }
1789480239.472	select	globe	0.11	3	0.0	scene	scene_sky	да	22566	{ "action": "stay", "slot": 3, "item": "scene_sky", "title": "Небо", "via": "ray" }
1789480240.872	select	globe	0.11	3	0.0	scene				{ "action": "stay", "slot": 3, "item": "scene_sky", "title": "Небо", "via": "ray" }
1789480241.261	select	globe	0.11	3	0.0	scene				{ "action": "stay", "slot": 3, "item": "scene_sky", "title": "Небо", "via": "ray" }
1789480243.627	задание	globe	0.11	3	0.0	scene	logic_debug			
1789480245.583	active	globe	0.11	3	0.0	scene	logic_debug		1956	{ "key": "7", "slot": -2 }
1789480245.728	active	globe	0.11	3	0.0	scene	logic_debug		2100	{ "key": "8", "slot": -2 }
1789480246.017	active	globe	0.11	3	0.0	scene	logic_debug		2389	{ "key": "5", "slot": -2 }
1789480246.217	active	globe	0.11	3	0.0	scene	logic_debug		2589	{ "key": "2", "slot": -2 }
1789480246.505	active	globe	0.11	3	0.0	scene	logic_debug		2878	{ "key": "3", "slot": -2 }
1789480246.605	active	globe	0.11	3	0.0	scene	logic_debug		2978	{ "key": "37", "slot": -2 }
1789480246.761	active	globe	0.11	3	0.0	scene	logic_debug		3133	{ "key": "38", "slot": -2 }
1789480246.905	active	globe	0.11	3	0.0	scene	logic_debug		3277	{ "key": "66", "slot": -2 }
1789480247.094	active	globe	0.11	3	0.0	scene	logic_debug		3467	{ "key": "65", "slot": -2 }
1789480247.272	active	globe	0.11	3	0.0	scene	logic_debug		3644	{ "key": "67", "slot": -2 }
1789480247.383	active	globe	0.11	3	0.0	scene	logic_debug		3756	{ "key": "33", "slot": -2 }
1789480247.505	active	globe	0.11	3	0.0	scene	logic_debug		3878	{ "key": "85", "slot": -2 }
1789480247.628	active	globe	0.11	3	0.0	scene	logic_debug		4000	{ "key": "91", "slot": -2 }
1789480247.861	active	globe	0.11	3	0.0	scene	logic_debug		4234	{ "key": "59", "slot": -2 }
1789480248.028	active	globe	0.11	3	0.0	scene	logic_debug		4400	{ "key": "58", "slot": -2 }
1789480248.250	active	globe	0.11	3	0.0	scene	logic_debug		4622	{ "key": "55", "slot": -2 }
1789480248.461	active	globe	0.11	3	0.0	scene	logic_debug		4834	{ "key": "90", "slot": -2 }
1789480248.661	active	globe	0.11	3	0.0	scene	logic_debug		5034	{ "key": "83", "slot": -2 }
1789480248.761	active	globe	0.11	3	0.0	scene	logic_debug		5133	{ "key": "81", "slot": -2 }
1789480248.950	active	globe	0.11	3	0.0	scene	logic_debug		5323	{ "key": "74", "slot": -2 }
1789480249.094	active	globe	0.11	3	0.0	scene	logic_debug		5467	{ "key": "61", "slot": -2 }
1789480249.116	active	globe	0.11	3	0.0	scene	logic_debug		5488	{ "key": "69", "slot": -2 }
1789480249.383	active	globe	0.11	3	0.0	scene	logic_debug		5756	{ "key": "74", "slot": -2 }
1789480249.550	active	globe	0.11	3	0.0	scene	logic_debug		5923	{ "key": "81", "slot": -2 }
1789480249.717	active	globe	0.11	3	0.0	scene	logic_debug		6089	{ "key": "82", "slot": -2 }
1789480249.883	active	globe	0.11	3	0.0	scene	logic_debug		6256	{ "key": "56", "slot": -2 }
1789480250.050	active	globe	0.11	3	0.0	scene	logic_debug		6422	{ "key": "58", "slot": -2 }
1789480250.205	active	globe	0.11	3	0.0	scene	logic_debug		6577	{ "key": "21", "slot": -2 }
1789480250.361	active	globe	0.11	3	0.0	scene	logic_debug		6734	{ "key": "19", "slot": -2 }
1789480250.461	active	globe	0.11	3	0.0	scene	logic_debug		6833	{ "key": "11", "slot": -2 }
1789480250.483	active	globe	0.11	3	0.0	scene	logic_debug		6855	{ "key": "10", "slot": -2 }
1789480250.661	active	globe	0.11	3	0.0	scene	logic_debug		7034	{ "key": "1", "slot": -2 }
1789480250.783	active	globe	0.11	3	0.0	scene	logic_debug		7156	{ "key": "4", "slot": -2 }
1789480250.972	active	globe	0.11	3	0.0	scene	logic_debug		7345	{ "key": "28", "slot": 6 }
1789480251.117	active	globe	0.11	3	0.0	scene	logic_debug		7489	{ "key": "29", "slot": -2 }
1789480251.228	active	globe	0.11	3	0.0	scene	logic_debug		7600	{ "key": "30", "slot": -2 }
1789480251.406	active	globe	0.11	3	0.0	scene	logic_debug		7778	{ "key": "48", "slot": -2 }
1789480251.628	active	globe	0.11	3	0.0	scene	logic_debug		8000	{ "key": "24", "slot": 7 }
1789480251.828	active	globe	0.11	3	0.0	scene	logic_debug		8200	{ "key": "26", "slot": -1 }
1789480252.716	back	globe	0.11	3	0.0		logic_debug		9089	{ "action": "back" }
1789480252.717	folder	globe	0.11	3	0.0		logic_debug		9089	{ "folder": "", "items": 11 }
1789480252.727	active	globe	0.11	3	0.0		logic_debug		9100	{ "key": "29", "slot": -2 }
1789480253.750	active	globe	0.11	3	0.0		logic_debug		10122	{ "key": "28", "slot": -2 }
1789480253.817	active	globe	0.11	3	0.0		logic_debug		10189	{ "key": "7", "slot": -2 }
1789480254.005	active	globe	0.11	3	0.0		logic_debug		10378	{ "key": "5", "slot": -2 }
1789480254.094	active	globe	0.11	3	0.0		logic_debug		10467	{ "key": "8", "slot": 3 }
1789480254.139	active	globe	0.11	3	0.0		logic_debug		10511	{ "key": "6", "slot": 10 }
1789480254.272	active	globe	0.11	3	0.0		logic_debug		10644	{ "key": "40", "slot": 2 }
1789480254.350	active	globe	0.11	3	0.0		logic_debug		10722	{ "key": "37", "slot": 9 }
1789480254.417	active	globe	0.11	3	0.0		logic_debug		10789	{ "key": "38", "slot": 8 }
1789480261.805	active	globe	0.11	3	0.0		logic_debug		18178	{ "key": "39", "slot": 7 }
1789480261.972	active	globe	0.11	3	0.0		logic_debug		18345	{ "key": "41", "slot": 1 }
1789480262.016	active	globe	0.11	3	0.0		logic_debug		18389	{ "key": "73", "slot": 6 }
1789480262.261	active	globe	0.11	3	0.0		logic_debug		18633	{ "key": "88", "slot": 5 }
1789480263.261	active	globe	0.11	3	0.0		logic_debug		19634	{ "key": "42", "slot": 0 }
1789480263.438	active	globe	0.11	3	0.0		logic_debug		19811	{ "key": "9", "slot": -1 }
1789480264.884	active	globe	0.11	3	0.0		logic_debug		21256	{ "key": "7", "slot": -2 }
1789480265.628	active	globe	0.11	3	0.0		logic_debug		22000	{ "key": "5", "slot": -2 }
1789480265.806	active	globe	0.11	3	0.0		logic_debug		22178	{ "key": "1", "slot": -2 }
1789480266.450	active	globe	0.11	3	0.0		logic_debug		22823	{ "key": "2", "slot": -2 }
1789480266.994	active	globe	0.11	3	0.0		logic_debug		23367	{ "key": "6", "slot": 10 }
1789480267.106	active	globe	0.11	3	0.0		logic_debug		23478	{ "key": "37", "slot": 9 }
1789480267.550	active	globe	0.11	3	0.0		logic_debug		23923	{ "key": "38", "slot": 8 }
1789480268.095	active	globe	0.11	3	0.0		logic_debug		24467	{ "key": "41", "slot": 1 }
1789480268.594	active	globe	0.11	3	0.0		logic_debug		24967	{ "key": "88", "slot": 5 }
1789480269.550	active	globe	0.11	3	0.0		logic_debug		25922	{ "key": "41", "slot": 1 }
1789480270.261	active	globe	0.11	3	0.0		logic_debug		26633	{ "key": "73", "slot": 6 }
1789480270.283	active	globe	0.11	3	0.0		logic_debug		26655	{ "key": "88", "slot": 5 }
1789480270.483	active	globe	0.11	3	0.0		logic_debug		26856	{ "key": "44", "slot": -2 }
1789480270.638	active	globe	0.11	3	0.0		logic_debug		27011	{ "key": "88", "slot": 5 }
1789480270.828	active	globe	0.11	3	0.0		logic_debug		27200	{ "key": "41", "slot": 1 }
1789480271.039	active	globe	0.11	3	0.0		logic_debug		27411	{ "key": "38", "slot": 8 }
1789480271.283	active	globe	0.11	3	0.0		logic_debug		27656	{ "key": "37", "slot": 9 }
1789480271.561	active	globe	0.11	3	0.0		logic_debug		27934	{ "key": "3", "slot": -2 }
1789480271.794	active	globe	0.11	3	0.0		logic_debug		28167	{ "key": "2", "slot": -2 }
1789480272.028	active	globe	0.11	3	0.0		logic_debug		28400	{ "key": "5", "slot": -2 }
1789480272.361	active	globe	0.11	3	0.0		logic_debug		28734	{ "key": "7", "slot": -2 }
1789480273.505	active	globe	0.11	3	0.0		logic_debug		29878	{ "key": "5", "slot": -2 }
1789480274.028	active	globe	0.11	3	0.0		logic_debug		30400	{ "key": "2", "slot": -2 }
1789480274.506	active	globe	0.11	3	0.0		logic_debug		30878	{ "key": "15", "slot": -2 }
1789480274.928	active	globe	0.11	3	0.0		logic_debug		31300	{ "key": "2", "slot": -2 }
1789480275.083	active	globe	0.11	3	0.0		logic_debug		31456	{ "key": "5", "slot": -2 }
1789480275.272	active	globe	0.11	3	0.0		logic_debug		31645	{ "key": "7", "slot": -2 }
1789480275.461	active	globe	0.11	3	0.0		logic_debug		31833	{ "key": "9", "slot": -1 }
1789480276.083	active	globe	0.11	3	0.0		logic_debug		32456	{ "key": "7", "slot": -2 }
1789480276.672	active	globe	0.11	3	0.0		logic_debug		33045	{ "key": "9", "slot": -1 }
1789480276.794	active	globe	0.11	3	0.0		logic_debug		33167	{ "key": "43", "slot": 4 }
1789480277.406	active	globe	0.11	3	0.0		logic_debug		33778	{ "key": "9", "slot": -1 }
1789480277.539	active	globe	0.11	3	0.0		logic_debug		33911	{ "key": "7", "slot": -2 }
1789480277.950	active	globe	0.11	3	0.0		logic_debug		34322	{ "key": "9", "slot": -1 }
1789480278.194	active	globe	0.11	3	0.0		logic_debug		34567	{ "key": "43", "slot": 4 }
1789480278.439	active	globe	0.11	3	0.0		logic_debug		34811	{ "key": "88", "slot": 5 }
1789480278.617	active	globe	0.11	3	0.0		logic_debug		34989	{ "key": "41", "slot": 1 }
1789480278.761	active	globe	0.11	3	0.0		logic_debug		35133	{ "key": "39", "slot": 7 }
1789480278.861	active	globe	0.11	3	0.0		logic_debug		35233	{ "key": "38", "slot": 8 }
1789480278.894	active	globe	0.11	3	0.0		logic_debug		35267	{ "key": "66", "slot": -2 }
1789480279.038	active	globe	0.11	3	0.0		logic_debug		35411	{ "key": "68", "slot": -2 }
1789480279.294	active	globe	0.11	3	0.0		logic_debug		35667	{ "key": "33", "slot": -2 }
1789480279.450	active	globe	0.11	3	0.0		logic_debug		35822	{ "key": "35", "slot": -2 }
1789480279.606	active	globe	0.11	3	0.0		logic_debug		35978	{ "key": "36", "slot": -2 }
1789480279.761	active	globe	0.11	3	0.0		logic_debug		36133	{ "key": "3", "slot": -2 }
1789480279.917	active	globe	0.11	3	0.0		logic_debug		36289	{ "key": "6", "slot": 10 }
1789480280.094	active	globe	0.11	3	0.0		logic_debug		36467	{ "key": "8", "slot": 3 }
1789480280.772	active	globe	0.11	3	0.0		logic_debug		37145	{ "key": "9", "slot": -1 }
1789480280.994	active	globe	0.11	3	0.0		logic_debug		37367	{ "key": "42", "slot": 0 }
1789480281.250	active	globe	0.11	3	0.0		logic_debug		37622	{ "key": "88", "slot": 5 }
1789480282.483	active	globe	0.11	3	0.0		logic_debug		38855	{ "key": "44", "slot": -2 }
1789480283.250	active	globe	0.11	3	0.0		logic_debug		39622	{ "key": "88", "slot": 5 }
1789480283.895	active	globe	0.11	3	0.0		logic_debug		40267	{ "key": "41", "slot": 1 }
1789480283.994	active	globe	0.11	3	0.0		logic_debug		40367	{ "key": "42", "slot": 0 }
1789480284.094	active	globe	0.11	3	0.0		logic_debug		40467	{ "key": "40", "slot": 2 }
1789480284.228	active	globe	0.11	3	0.0		logic_debug		40600	{ "key": "42", "slot": 0 }
1789480284.617	active	globe	0.11	3	0.0		logic_debug		40989	{ "key": "8", "slot": 3 }
1789480284.794	active	globe	0.11	3	0.0		logic_debug		41167	{ "key": "5", "slot": -2 }
1789480285.217	active	globe	0.11	3	0.0		logic_debug		41589	{ "key": "8", "slot": 3 }
1789480285.383	active	globe	0.11	3	0.0		logic_debug		41756	{ "key": "42", "slot": 0 }
1789480285.550	active	globe	0.11	3	0.0		logic_debug		41922	{ "key": "88", "slot": 5 }
1789480285.672	active	globe	0.11	3	0.0		logic_debug		42045	{ "key": "42", "slot": 0 }
1789480285.850	active	globe	0.11	3	0.0		logic_debug		42222	{ "key": "8", "slot": 3 }
1789480286.328	active	globe	0.11	3	0.0		logic_debug		42700	{ "key": "5", "slot": -2 }
1789480286.505	active	globe	0.11	3	0.0		logic_debug		42878	{ "key": "1", "slot": -2 }
1789480286.606	active	globe	0.11	3	0.0		logic_debug		42978	{ "key": "0", "slot": -2 }
1789480286.772	active	globe	0.11	3	0.0		logic_debug		43145	{ "key": "16", "slot": -2 }
1789480287.061	active	globe	0.11	3	0.0		logic_debug		43433	{ "key": "0", "slot": -2 }
1789480287.239	active	globe	0.11	3	0.0		logic_debug		43611	{ "key": "1", "slot": -2 }
1789480287.394	active	globe	0.11	3	0.0		logic_debug		43767	{ "key": "2", "slot": -2 }
1789480287.528	active	globe	0.11	3	0.0		logic_debug		43900	{ "key": "6", "slot": 10 }
1789480287.650	active	globe	0.11	3	0.0		logic_debug		44022	{ "key": "37", "slot": 9 }
1789480287.839	active	globe	0.11	3	0.0		logic_debug		44211	{ "key": "38", "slot": 8 }
1789480287.950	active	globe	0.11	3	0.0		logic_debug		44322	{ "key": "66", "slot": -2 }
1789480288.128	active	globe	0.11	3	0.0		logic_debug		44500	{ "key": "65", "slot": -2 }
1789480288.261	active	globe	0.11	3	0.0		logic_debug		44634	{ "key": "62", "slot": -2 }
1789480288.650	active	globe	0.11	3	0.0		logic_debug		45022	{ "key": "71", "slot": -2 }
1789480289.061	active	globe	0.11	3	0.0		logic_debug		45433	{ "key": "72", "slot": -2 }
1789480289.128	active	globe	0.11	3	0.0		logic_debug		45500	{ "key": "73", "slot": 6 }
1789480289.339	active	globe	0.11	3	0.0		logic_debug		45711	{ "key": "88", "slot": 5 }
1789480289.505	active	globe	0.11	3	0.0		logic_debug		45878	{ "key": "42", "slot": 0 }
1789480290.183	active	globe	0.11	3	0.0		logic_debug		46556	{ "key": "88", "slot": 5 }
1789480290.739	active	globe	0.11	3	0.0		logic_debug		47111	{ "key": "42", "slot": 0 }
1789480291.339	active	globe	0.11	3	0.0		logic_debug		47711	{ "key": "88", "slot": 5 }
1789480292.272	active	globe	0.11	3	0.0		logic_debug		48644	{ "key": "73", "slot": 6 }
1789480292.883	active	globe	0.11	3	0.0		logic_debug		49256	{ "key": "71", "slot": -2 }
1789480293.428	active	globe	0.11	3	0.0		logic_debug		49800	{ "key": "72", "slot": -2 }
1789480293.594	active	globe	0.11	3	0.0		logic_debug		49967	{ "key": "44", "slot": -2 }
1789480293.761	active	globe	0.11	3	0.0		logic_debug		50133	{ "key": "46", "slot": -2 }
1789480294.150	active	globe	0.11	3	0.0		logic_debug		50522	{ "key": "44", "slot": -2 }
1789480294.894	active	globe	0.11	3	0.0		logic_debug		51267	{ "key": "43", "slot": 4 }
1789480295.083	active	globe	0.11	3	0.0		logic_debug		51455	{ "key": "46", "slot": -2 }
1789480296.617	active	globe	0.11	3	0.0		logic_debug		52989	{ "key": "29", "slot": -2 }
1789480297.339	active	globe	0.11	3	0.0		logic_debug		53711	{ "key": "9", "slot": -1 }
1789480298.317	active	globe	0.11	3	0.0		logic_debug		54689	{ "key": "42", "slot": 0 }
1789480298.950	active	globe	0.11	3	0.0		logic_debug		55323	{ "key": "88", "slot": 5 }
1789480299.372	active	globe	0.11	3	0.0		logic_debug		55744	{ "key": "44", "slot": -2 }
1789480299.639	active	globe	0.11	3	0.0		logic_debug		56011	{ "key": "43", "slot": 4 }
1789480304.683	back	globe	0.11	3	0.0		logic_debug		61055	{ "action": "close" }
1789480306.050	folder	globe	0.11	3	0.0		logic_debug		62422	{ "folder": "", "items": 11 }
1789480306.050	toggle	globe	0.11	3	0.0		logic_debug		62422	{ "open": true }
1789480306.060	active	globe	0.11	3	0.0		logic_debug		62433	{ "key": "44", "slot": 0 }
1789480307.950	select	globe	0.11	3	0.0	settings	logic_debug	нет	64322	{ "action": "enter", "slot": 4, "item": "settings", "title": "Настройки", "via": "ray" }
1789480307.950	folder	globe	0.11	3	0.0	settings	logic_debug		64322	{ "folder": "settings", "items": 5 }
1789480307.961	active	globe	0.11	3	0.0	settings	logic_debug		64333	{ "key": "73", "slot": 4 }
1789480312.505	back	globe	0.11	3	0.0		logic_debug		68878	{ "action": "back" }
1789480312.506	folder	globe	0.11	3	0.0		logic_debug		68878	{ "folder": "", "items": 11 }
1789480312.516	active	globe	0.11	3	0.0		logic_debug		68889	{ "key": "47", "slot": 3 }
1789480313.761	active	globe	0.11	3	0.0		logic_debug		70133	{ "key": "46", "slot": -1 }
1789480313.828	active	globe	0.11	3	0.0		logic_debug		70200	{ "key": "44", "slot": 0 }
1789480314.728	select	globe	0.11	3	0.0	tools	logic_debug	нет	71100	{ "action": "enter", "slot": 3, "item": "tools", "title": "Инструменты", "via": "ray" }
1789480314.728	folder	globe	0.11	3	0.0	tools	logic_debug		71100	{ "folder": "tools", "items": 6 }
1789480314.738	active	globe	0.11	3	0.0	tools	logic_debug		71111	{ "key": "42", "slot": 0 }
1789480318.383	back	globe	0.11	3	0.0		logic_debug		74756	{ "action": "back" }
1789480318.384	folder	globe	0.11	3	0.0		logic_debug		74756	{ "folder": "", "items": 11 }
1789480318.394	active	globe	0.11	3	0.0		logic_debug		74767	{ "key": "43", "slot": 2 }
1789480319.783	active	globe	0.11	3	0.0		logic_debug		76156	{ "key": "42", "slot": 6 }
1789480320.194	select	globe	0.11	3	0.0	logic	logic_debug	нет	76567	{ "action": "enter", "slot": 2, "item": "logic", "title": "Логика", "via": "ray" }
1789480320.195	folder	globe	0.11	3	0.0	logic	logic_debug		76567	{ "folder": "logic", "items": 6 }
1789480320.205	active	globe	0.11	3	0.0	logic	logic_debug		76577	{ "key": "16", "slot": 0 }
1789480321.916	select	globe	0.11	3	0.0	logic	logic_debug	да	78289	{ "action": "stay", "slot": 5, "item": "logic_debug", "title": "Отладка", "via": "ray" }
1789480325.194	задание	globe	0.11	3	0.0	logic	tree_birch			
1789480326.539	back	globe	0.11	3	0.0		tree_birch		1344	{ "action": "back" }
1789480326.539	folder	globe	0.11	3	0.0		tree_birch		1345	{ "folder": "", "items": 11 }
1789480326.549	active	globe	0.11	3	0.0		tree_birch		1355	{ "key": "42", "slot": 6 }
1789480328.205	select	globe	0.11	3	0.0	assets	tree_birch	нет	3011	{ "action": "enter", "slot": 1, "item": "assets", "title": "Ассеты", "via": "ray" }
1789480328.206	folder	globe	0.11	3	0.0	assets	tree_birch		3012	{ "folder": "assets", "items": 8 }
1789480328.216	active	globe	0.11	3	0.0	assets	tree_birch		3022	{ "key": "42", "slot": 0 }
1789480330.194	select	globe	0.11	3	0.0	asset_trees	tree_birch	нет	5000	{ "action": "enter", "slot": 0, "item": "asset_trees", "title": "Деревья", "via": "ray" }
1789480330.195	folder	globe	0.11	3	0.0	asset_trees	tree_birch		5000	{ "folder": "asset_trees", "items": 5 }
1789480330.205	active	globe	0.11	3	0.0	asset_trees	tree_birch		5011	{ "key": "42", "slot": 0 }
1789480332.017	select	globe	0.11	3	0.0	asset_trees	tree_birch	да	6822	{ "action": "close", "slot": 2, "item": "tree_birch", "title": "Берёза", "via": "ray" }
1789480333.950	задание	globe	0.11	3	0.0	asset_trees	light_shadows			
1789480335.272	folder	globe	0.11	3	0.0	asset_trees	light_shadows		1322	{ "folder": "asset_trees", "items": 5 }
1789480335.272	toggle	globe	0.11	3	0.0	asset_trees	light_shadows		1322	{ "open": true }
1789480335.283	active	globe	0.11	3	0.0	asset_trees	light_shadows		1333	{ "key": "43", "slot": 0 }
1789480336.394	back	globe	0.11	3	0.0	assets	light_shadows		2444	{ "action": "back" }
1789480336.395	folder	globe	0.11	3	0.0	assets	light_shadows		2444	{ "folder": "assets", "items": 8 }
1789480336.405	active	globe	0.11	3	0.0	assets	light_shadows		2455	{ "key": "9", "slot": 4 }
1789480337.417	active	globe	0.11	3	0.0	assets	light_shadows		3466	{ "key": "42", "slot": 0 }
1789480337.739	active	globe	0.11	3	0.0	assets	light_shadows		3788	{ "key": "41", "slot": 1 }
1789480338.183	active	globe	0.11	3	0.0	assets	light_shadows		4232	{ "key": "73", "slot": 6 }
1789480339.417	active	globe	0.11	3	0.0	assets	light_shadows		5466	{ "key": "72", "slot": -2 }
1789480339.561	active	globe	0.11	3	0.0	assets	light_shadows		5610	{ "key": "44", "slot": -2 }
1789480339.761	active	globe	0.11	3	0.0	assets	light_shadows		5810	{ "key": "46", "slot": -2 }
1789480340.339	active	globe	0.11	3	0.0	assets	light_shadows		6388	{ "key": "29", "slot": -2 }
1789480340.417	active	globe	0.11	3	0.0	assets	light_shadows		6466	{ "key": "30", "slot": -2 }
1789480342.117	active	globe	0.11	3	0.0	assets	light_shadows		8166	{ "key": "24", "slot": -2 }
1789480342.172	active	globe	0.11	3	0.0	assets	light_shadows		8222	{ "key": "48", "slot": -2 }
1789480342.806	active	globe	0.11	3	0.0	assets	light_shadows		8855	{ "key": "49", "slot": -2 }
1789480342.817	active	globe	0.11	3	0.0	assets	light_shadows		8866	{ "key": "52", "slot": -2 }
1789480342.828	active	globe	0.11	3	0.0	assets	light_shadows		8877	{ "key": "54", "slot": -2 }
1789480342.839	active	globe	0.11	3	0.0	assets	light_shadows		8888	{ "key": "90", "slot": -2 }
1789480342.849	active	globe	0.11	3	0.0	assets	light_shadows		8898	{ "key": "82", "slot": -2 }
1789480342.928	active	globe	0.11	3	0.0	assets	light_shadows		8977	{ "key": "54", "slot": -2 }
1789480343.006	active	globe	0.11	3	0.0	assets	light_shadows		9055	{ "key": "52", "slot": -2 }
1789480343.017	active	globe	0.11	3	0.0	assets	light_shadows		9066	{ "key": "49", "slot": -2 }
1789480343.028	active	globe	0.11	3	0.0	assets	light_shadows		9077	{ "key": "47", "slot": -2 }
1789480343.039	active	globe	0.11	3	0.0	assets	light_shadows		9088	{ "key": "45", "slot": -2 }
1789480343.049	active	globe	0.11	3	0.0	assets	light_shadows		9099	{ "key": "70", "slot": -2 }
1789480343.060	active	globe	0.11	3	0.0	assets	light_shadows		9109	{ "key": "69", "slot": -2 }
1789480343.117	active	globe	0.11	3	0.0	assets	light_shadows		9166	{ "key": "71", "slot": -2 }
1789480343.239	active	globe	0.11	3	0.0	assets	light_shadows		9288	{ "key": "72", "slot": -2 }
1789480343.250	active	globe	0.11	3	0.0	assets	light_shadows		9299	{ "key": "44", "slot": -2 }
1789480343.260	active	globe	0.11	3	0.0	assets	light_shadows		9309	{ "key": "46", "slot": -2 }
1789480343.271	active	globe	0.11	3	0.0	assets	light_shadows		9320	{ "key": "30", "slot": -2 }
1789480343.282	active	globe	0.11	3	0.0	assets	light_shadows		9332	{ "key": "23", "slot": -2 }
1789480343.293	active	globe	0.11	3	0.0	assets	light_shadows		9342	{ "key": "25", "slot": -2 }
1789480343.304	active	globe	0.11	3	0.0	assets	light_shadows		9354	{ "key": "17", "slot": -2 }
1789480343.327	active	globe	0.11	3	0.0	assets	light_shadows		9376	{ "key": "18", "slot": -2 }
1789480343.361	active	globe	0.11	3	0.0	assets	light_shadows		9410	{ "key": "17", "slot": -2 }
1789480343.372	active	globe	0.11	3	0.0	assets	light_shadows		9422	{ "key": "25", "slot": -2 }
1789480343.382	active	globe	0.11	3	0.0	assets	light_shadows		9432	{ "key": "23", "slot": -2 }
1789480343.393	active	globe	0.11	3	0.0	assets	light_shadows		9443	{ "key": "30", "slot": -2 }
1789480343.461	active	globe	0.11	3	0.0	assets	light_shadows		9510	{ "key": "48", "slot": -2 }
1789480347.517	active	globe	0.11	3	0.0	assets	light_shadows		13566	{ "key": "49", "slot": -2 }
1789480347.672	active	globe	0.11	3	0.0	assets	light_shadows		13722	{ "key": "26", "slot": -2 }
1789480347.828	active	globe	0.11	3	0.0	assets	light_shadows		13877	{ "key": "25", "slot": -2 }
1789480347.983	active	globe	0.11	3	0.0	assets	light_shadows		14033	{ "key": "16", "slot": -2 }
1789480348.161	active	globe	0.11	3	0.0	assets	light_shadows		14211	{ "key": "19", "slot": -2 }
1789480348.405	active	globe	0.11	3	0.0	assets	light_shadows		14455	{ "key": "21", "slot": -2 }
1789480348.539	active	globe	0.11	3	0.0	assets	light_shadows		14588	{ "key": "58", "slot": -2 }
1789480348.761	active	globe	0.11	3	0.0	assets	light_shadows		14810	{ "key": "59", "slot": -2 }
1789480348.850	active	globe	0.11	3	0.0	assets	light_shadows		14899	{ "key": "57", "slot": -2 }
1789480349.017	active	globe	0.11	3	0.0	assets	light_shadows		15066	{ "key": "80", "slot": -2 }
1789480349.183	active	globe	0.11	3	0.0	assets	light_shadows		15233	{ "key": "79", "slot": -2 }
1789480349.339	active	globe	0.11	3	0.0	assets	light_shadows		15388	{ "key": "64", "slot": -2 }
1789480349.528	active	globe	0.11	3	0.0	assets	light_shadows		15577	{ "key": "62", "slot": -2 }
1789480349.594	active	globe	0.11	3	0.0	assets	light_shadows		15643	{ "key": "65", "slot": -2 }
1789480349.739	active	globe	0.11	3	0.0	assets	light_shadows		15788	{ "key": "63", "slot": -2 }
1789480349.761	active	globe	0.11	3	0.0	assets	light_shadows		15810	{ "key": "66", "slot": -2 }
1789480349.950	active	globe	0.11	3	0.0	assets	light_shadows		15999	{ "key": "38", "slot": -2 }
1789480350.128	active	globe	0.11	3	0.0	assets	light_shadows		16177	{ "key": "37", "slot": -2 }
1789480350.450	active	globe	0.11	3	0.0	assets	light_shadows		16500	{ "key": "87", "slot": -2 }
1789480350.628	active	globe	0.11	3	0.0	assets	light_shadows		16677	{ "key": "68", "slot": -2 }
1789480350.794	active	globe	0.11	3	0.0	assets	light_shadows		16844	{ "key": "67", "slot": -2 }
1789480351.128	active	globe	0.11	3	0.0	assets	light_shadows		17177	{ "key": "33", "slot": -2 }
1789480351.283	active	globe	0.11	3	0.0	assets	light_shadows		17333	{ "key": "32", "slot": -2 }
1789480351.439	active	globe	0.11	3	0.0	assets	light_shadows		17488	{ "key": "34", "slot": -2 }
1789480351.517	active	globe	0.11	3	0.0	assets	light_shadows		17566	{ "key": "31", "slot": -2 }
1789480352.295	active	globe	0.11	3	0.0	assets	light_shadows		18344	{ "key": "91", "slot": -2 }
1789480352.483	active	globe	0.11	3	0.0	assets	light_shadows		18533	{ "key": "86", "slot": -2 }
1789480352.661	active	globe	0.11	3	0.0	assets	light_shadows		18710	{ "key": "57", "slot": -2 }
1789480352.727	active	globe	0.11	3	0.0	assets	light_shadows		18776	{ "key": "82", "slot": -2 }
1789480353.516	active	globe	0.11	3	0.0	assets	light_shadows		19566	{ "key": "56", "slot": -2 }
1789480353.605	active	globe	0.11	3	0.0	assets	light_shadows		19654	{ "key": "90", "slot": -2 }
1789480353.716	active	globe	0.11	3	0.0	assets	light_shadows		19766	{ "key": "55", "slot": -2 }
1789480353.806	active	globe	0.11	3	0.0	assets	light_shadows		19855	{ "key": "54", "slot": -2 }
1789480354.028	active	globe	0.11	3	0.0	assets	light_shadows		20077	{ "key": "27", "slot": -2 }
1789480354.317	active	globe	0.11	3	0.0	assets	light_shadows		20366	{ "key": "25", "slot": -2 }
1789480354.517	active	globe	0.11	3	0.0	assets	light_shadows		20566	{ "key": "16", "slot": -2 }
1789480354.617	active	globe	0.11	3	0.0	assets	light_shadows		20666	{ "key": "0", "slot": -2 }
1789480354.761	active	globe	0.11	3	0.0	assets	light_shadows		20810	{ "key": "1", "slot": -2 }
1789480354.883	active	globe	0.11	3	0.0	assets	light_shadows		20933	{ "key": "13", "slot": -2 }
1789480354.939	active	globe	0.11	3	0.0	assets	light_shadows		20988	{ "key": "2", "slot": -2 }
1789480355.039	active	globe	0.11	3	0.0	assets	light_shadows		21088	{ "key": "15", "slot": -2 }
1789480355.072	active	globe	0.11	3	0.0	assets	light_shadows		21121	{ "key": "3", "slot": -2 }
1789480355.183	active	globe	0.11	3	0.0	assets	light_shadows		21233	{ "key": "36", "slot": -2 }
1789480355.272	active	globe	0.11	3	0.0	assets	light_shadows		21321	{ "key": "37", "slot": -2 }
1789480355.317	active	globe	0.11	3	0.0	assets	light_shadows		21366	{ "key": "87", "slot": -2 }
1789480355.428	active	globe	0.11	3	0.0	assets	light_shadows		21477	{ "key": "38", "slot": -2 }
1789480355.550	active	globe	0.11	3	0.0	assets	light_shadows		21599	{ "key": "39", "slot": 7 }
1789480355.728	active	globe	0.11	3	0.0	assets	light_shadows		21777	{ "key": "73", "slot": 6 }
1789480355.917	active	globe	0.11	3	0.0	assets	light_shadows		21966	{ "key": "72", "slot": -2 }
1789480356.039	active	globe	0.11	3	0.0	assets	light_shadows		22088	{ "key": "44", "slot": -2 }
1789480356.228	active	globe	0.11	3	0.0	assets	light_shadows		22277	{ "key": "88", "slot": 5 }
1789480356.794	back	globe	0.11	3	0.0		light_shadows		22844	{ "action": "back" }
1789480356.795	folder	globe	0.11	3	0.0		light_shadows		22844	{ "folder": "", "items": 11 }
1789480356.805	active	globe	0.11	3	0.0		light_shadows		22855	{ "key": "8", "slot": -2 }
1789480357.783	active	globe	0.11	3	0.0		light_shadows		23833	{ "key": "42", "slot": 6 }
1789480357.894	active	globe	0.11	3	0.0		light_shadows		23944	{ "key": "41", "slot": 8 }
1789480358.161	active	globe	0.11	3	0.0		light_shadows		24210	{ "key": "73", "slot": 7 }
1789480358.361	active	globe	0.11	3	0.0		light_shadows		24411	{ "key": "71", "slot": -2 }
1789480358.550	active	globe	0.11	3	0.0		light_shadows		24599	{ "key": "62", "slot": -2 }
1789480358.661	active	globe	0.11	3	0.0		light_shadows		24710	{ "key": "61", "slot": -2 }
1789480358.805	active	globe	0.11	3	0.0		light_shadows		24855	{ "key": "79", "slot": -2 }
1789480358.994	active	globe	0.11	3	0.0		light_shadows		25043	{ "key": "81", "slot": -2 }
1789480359.061	active	globe	0.11	3	0.0		light_shadows		25110	{ "key": "80", "slot": -2 }
1789480359.194	active	globe	0.11	3	0.0		light_shadows		25243	{ "key": "82", "slot": -2 }
1789480359.594	active	globe	0.11	3	0.0		light_shadows		25644	{ "key": "90", "slot": -2 }
1789480359.761	active	globe	0.11	3	0.0		light_shadows		25810	{ "key": "53", "slot": -2 }
1789480359.983	active	globe	0.11	3	0.0		light_shadows		26033	{ "key": "52", "slot": -2 }
1789480360.183	active	globe	0.11	3	0.0		light_shadows		26233	{ "key": "26", "slot": -2 }
1789480360.361	active	globe	0.11	3	0.0		light_shadows		26410	{ "key": "25", "slot": -2 }
1789480360.594	toggle	globe	0.11	3	0.0		light_shadows		26644	{ "open": false }
1789480360.895	folder	globe	0.11	3	0.0		light_shadows		26944	{ "folder": "", "items": 11 }
1789480360.895	toggle	globe	0.11	3	0.0		light_shadows		26945	{ "open": true }
1789480360.906	active	globe	0.11	3	0.0		light_shadows		26955	{ "key": "25", "slot": 0 }
1789480366.261	select	globe	0.11	3	0.0	scene	light_shadows	нет	32310	{ "action": "enter", "slot": 0, "item": "scene", "title": "Сцена", "via": "ray" }
1789480366.261	folder	globe	0.11	3	0.0	scene	light_shadows		32311	{ "folder": "scene", "items": 8 }
1789480366.272	active	globe	0.11	3	0.0	scene	light_shadows		32321	{ "key": "27", "slot": 5 }
1789480367.672	active	globe	0.11	3	0.0	scene	light_shadows		33721	{ "key": "25", "slot": 0 }
1789480368.394	select	globe	0.11	3	0.0	scene_light	light_shadows	нет	34443	{ "action": "enter", "slot": 2, "item": "scene_light", "title": "Свет", "via": "ray" }
1789480368.394	folder	globe	0.11	3	0.0	scene_light	light_shadows		34444	{ "folder": "scene_light", "items": 5 }
1789480368.405	active	globe	0.11	3	0.0	scene_light	light_shadows		34454	{ "key": "27", "slot": -1 }
1789480371.217	active	globe	0.11	3	0.0	scene_light	light_shadows		37266	{ "key": "18", "slot": -2 }
1789480371.328	active	globe	0.11	3	0.0	scene_light	light_shadows		37377	{ "key": "55", "slot": -2 }
1789480371.672	active	globe	0.11	3	0.0	scene_light	light_shadows		37722	{ "key": "90", "slot": -2 }
1789480371.694	active	globe	0.11	3	0.0	scene_light	light_shadows		37744	{ "key": "54", "slot": -2 }
1789480371.861	active	globe	0.11	3	0.0	scene_light	light_shadows		37910	{ "key": "52", "slot": -2 }
1789480372.039	active	globe	0.11	3	0.0	scene_light	light_shadows		38088	{ "key": "26", "slot": 1 }
1789480372.183	active	globe	0.11	3	0.0	scene_light	light_shadows		38233	{ "key": "24", "slot": -2 }
1789480372.261	active	globe	0.11	3	0.0	scene_light	light_shadows		38310	{ "key": "23", "slot": 2 }
1789480372.450	active	globe	0.11	3	0.0	scene_light	light_shadows		38499	{ "key": "22", "slot": 3 }
1789480372.894	select	globe	0.11	3	0.0	scene_light	light_shadows	да	38944	{ "action": "stay", "slot": 3, "item": "light_shadows", "title": "Тени", "via": "ray" }
1789480375.317	back	globe	0.11	3	0.0	scene				{ "action": "back" }
1789480375.317	folder	globe	0.11	3	0.0	scene				{ "folder": "scene", "items": 8 }
1789480376.039	задание	globe	0.11	3	0.0	scene	file_desert			
1789480377.772	back	globe	0.11	3	0.0		file_desert		1733	{ "action": "back" }
1789480377.772	folder	globe	0.11	3	0.0		file_desert		1733	{ "folder": "", "items": 11 }
1789480377.783	active	globe	0.11	3	0.0		file_desert		1744	{ "key": "25", "slot": 0 }
1789480378.772	select	globe	0.11	3	0.0	scene	file_desert	нет	2733	{ "action": "enter", "slot": 0, "item": "scene", "title": "Сцена", "via": "ray" }
1789480378.772	folder	globe	0.11	3	0.0	scene	file_desert		2734	{ "folder": "scene", "items": 8 }
1789480378.783	active	globe	0.11	3	0.0	scene	file_desert		2744	{ "key": "26", "slot": -1 }
1789480380.116	active	globe	0.11	3	0.0	scene	file_desert		4078	{ "key": "25", "slot": 0 }
1789480380.239	active	globe	0.11	3	0.0	scene	file_desert		4200	{ "key": "17", "slot": 4 }
1789480381.272	active	globe	0.11	3	0.0	scene	file_desert		5233	{ "key": "25", "slot": 0 }
1789480382.628	select	globe	0.11	3	0.0	scene_open	file_desert	нет	6589	{ "action": "enter", "slot": 1, "item": "scene_open", "title": "Открыть сцену", "via": "ray" }
1789480382.628	folder	globe	0.11	3	0.0	scene_open	file_desert		6590	{ "folder": "scene_open", "items": 6 }
1789480382.638	active	globe	0.11	3	0.0	scene_open	file_desert		6600	{ "key": "25", "slot": 0 }
1789480384.205	select	globe	0.11	3	0.0	scene_open	file_desert	да	8167	{ "action": "close", "slot": 4, "item": "file_desert", "title": "Пустыня.scene", "via": "ray" }
1789480387.472	задание	globe	0.11	3	0.0	scene_open	tool_move			
1789480389.028	folder	globe	0.11	3	0.0	scene_open	tool_move		1555	{ "folder": "scene_open", "items": 6 }
1789480389.028	toggle	globe	0.11	3	0.0	scene_open	tool_move		1555	{ "open": true }
1789480389.038	active	globe	0.11	3	0.0	scene_open	tool_move		1565	{ "key": "27", "slot": 0 }
1789480389.994	back	globe	0.11	3	0.0	scene	tool_move		2521	{ "action": "back" }
1789480389.995	folder	globe	0.11	3	0.0	scene	tool_move		2522	{ "folder": "scene", "items": 8 }
1789480390.005	active	globe	0.11	3	0.0	scene	tool_move		2532	{ "key": "25", "slot": 0 }
1789480392.017	back	globe	0.11	3	0.0		tool_move		4544	{ "action": "back" }
1789480392.017	folder	globe	0.11	3	0.0		tool_move		4544	{ "folder": "", "items": 11 }
1789480392.027	active	globe	0.11	3	0.0		tool_move		4555	{ "key": "25", "slot": 0 }
1789480393.617	active	globe	0.11	3	0.0		tool_move		6144	{ "key": "23", "slot": -1 }
1789480394.105	active	globe	0.11	3	0.0		tool_move		6633	{ "key": "25", "slot": 0 }
1789480394.683	select	globe	0.11	3	0.0	tools	tool_move	нет	7211	{ "action": "enter", "slot": 3, "item": "tools", "title": "Инструменты", "via": "ray" }
1789480394.684	folder	globe	0.11	3	0.0	tools	tool_move		7211	{ "folder": "tools", "items": 6 }
1789480394.694	active	globe	0.11	3	0.0	tools	tool_move		7221	{ "key": "40", "slot": 1 }
1789480397.394	select	globe	0.11	3	0.0	tools	tool_move	да	9922	{ "action": "close", "slot": 0, "item": "tool_move", "title": "Двигать", "via": "ray" }
1789480399.172	задание	globe	0.11	3	0.0	tools	tree_pine			
1789480400.028	folder	globe	0.11	3	0.0	tools	tree_pine		856	{ "folder": "tools", "items": 6 }
1789480400.028	toggle	globe	0.11	3	0.0	tools	tree_pine		856	{ "open": true }
1789480400.039	active	globe	0.11	3	0.0	tools	tree_pine		867	{ "key": "40", "slot": 0 }
1789480400.916	back	globe	0.11	3	0.0		tree_pine		1745	{ "action": "back" }
1789480400.917	folder	globe	0.11	3	0.0		tree_pine		1745	{ "folder": "", "items": 11 }
1789480400.927	active	globe	0.11	3	0.0		tree_pine		1756	{ "key": "25", "slot": 0 }
1789480403.916	select	globe	0.11	3	0.0	assets	tree_pine	нет	4745	{ "action": "enter", "slot": 1, "item": "assets", "title": "Ассеты", "via": "ray" }
1789480403.917	folder	globe	0.11	3	0.0	assets	tree_pine		4745	{ "folder": "assets", "items": 8 }
1789480403.927	active	globe	0.11	3	0.0	assets	tree_pine		4756	{ "key": "88", "slot": 5 }
1789480404.983	select	globe	0.11	3	0.0	asset_trees	tree_pine	нет	5812	{ "action": "enter", "slot": 0, "item": "asset_trees", "title": "Деревья", "via": "ray" }
1789480404.984	folder	globe	0.11	3	0.0	asset_trees	tree_pine		5812	{ "folder": "asset_trees", "items": 5 }
1789480404.994	active	globe	0.11	3	0.0	asset_trees	tree_pine		5822	{ "key": "43", "slot": 0 }
1789480405.783	select	globe	0.11	3	0.0	asset_trees	tree_pine	да	6612	{ "action": "close", "slot": 1, "item": "tree_pine", "title": "Сосна", "via": "ray" }
1789480407.228	folder	globe	0.11	3	0.0	asset_trees				{ "folder": "asset_trees", "items": 5 }
1789480407.228	toggle	globe	0.11	3	0.0	asset_trees				{ "open": true }
1789480407.572	задание	globe	0.11	3	0.0	asset_trees	asset_bridge			
1789480409.338	back	globe	0.11	3	0.0	assets	asset_bridge		1766	{ "action": "back" }
1789480409.339	folder	globe	0.11	3	0.0	assets	asset_bridge		1766	{ "folder": "assets", "items": 8 }
1789480409.349	active	globe	0.11	3	0.0	assets	asset_bridge		1777	{ "key": "88", "slot": 5 }
1789480412.128	select	globe	0.11	3	0.0	assets	asset_bridge	да	4555	{ "action": "close", "slot": 3, "item": "asset_bridge", "title": "Мост", "via": "ray" }
1789480413.417	задание	globe	0.11	3	0.0	assets	tool_scale			
1789480414.438	folder	globe	0.11	3	0.0	assets	tool_scale		1022	{ "folder": "assets", "items": 8 }
1789480414.438	toggle	globe	0.11	3	0.0	assets	tool_scale		1022	{ "open": true }
1789480414.449	active	globe	0.11	3	0.0	assets	tool_scale		1033	{ "key": "72", "slot": 0 }
1789480415.405	back	globe	0.11	3	0.0		tool_scale		1989	{ "action": "back" }
1789480415.406	folder	globe	0.11	3	0.0		tool_scale		1989	{ "folder": "", "items": 11 }
1789480415.416	active	globe	0.11	3	0.0		tool_scale		2000	{ "key": "25", "slot": 0 }
1789480416.950	select	globe	0.11	3	0.0	settings	tool_scale	нет	3533	{ "action": "enter", "slot": 4, "item": "settings", "title": "Настройки", "via": "ray" }
1789480416.950	folder	globe	0.11	3	0.0	settings	tool_scale		3533	{ "folder": "settings", "items": 5 }
1789480416.961	active	globe	0.11	3	0.0	settings	tool_scale		3544	{ "key": "41", "slot": -2 }
1789480418.950	active	globe	0.11	3	0.0	settings	tool_scale		5533	{ "key": "39", "slot": -2 }
1789480419.539	active	globe	0.11	3	0.0	settings	tool_scale		6122	{ "key": "63", "slot": -2 }
1789480420.005	active	globe	0.11	3	0.0	settings	tool_scale		6589	{ "key": "71", "slot": 3 }
1789480420.205	active	globe	0.11	3	0.0	settings	tool_scale		6789	{ "key": "70", "slot": 2 }
1789480420.450	active	globe	0.11	3	0.0	settings	tool_scale		7033	{ "key": "45", "slot": 1 }
1789480420.838	back	globe	0.11	3	0.0		tool_scale		7422	{ "action": "back" }
1789480420.839	folder	globe	0.11	3	0.0		tool_scale		7422	{ "folder": "", "items": 11 }
1789480420.849	active	globe	0.11	3	0.0		tool_scale		7433	{ "key": "25", "slot": 0 }
1789480421.783	select	globe	0.11	3	0.0	tools	tool_scale	нет	8366	{ "action": "enter", "slot": 3, "item": "tools", "title": "Инструменты", "via": "ray" }
1789480421.783	folder	globe	0.11	3	0.0	tools	tool_scale		8367	{ "folder": "tools", "items": 6 }
1789480421.794	active	globe	0.11	3	0.0	tools	tool_scale		8377	{ "key": "41", "slot": 1 }
1789480423.205	select	globe	0.11	3	0.0	tools	tool_scale	да	9789	{ "action": "close", "slot": 2, "item": "tool_scale", "title": "Масштаб", "via": "ray" }
1789480424.739	задание	globe	0.11	3	0.0	tools	save			
1789480426.383	folder	globe	0.11	3	0.0	tools	save		1644	{ "folder": "tools", "items": 6 }
1789480426.383	toggle	globe	0.11	3	0.0	tools	save		1644	{ "open": true }
1789480426.394	active	globe	0.11	3	0.0	tools	save		1655	{ "key": "39", "slot": 0 }
1789480427.261	back	globe	0.11	3	0.0		save		2522	{ "action": "back" }
1789480427.261	folder	globe	0.11	3	0.0		save		2523	{ "folder": "", "items": 11 }
1789480427.271	active	globe	0.11	3	0.0		save		2533	{ "key": "27", "slot": 5 }
1789480428.205	select	globe	0.11	3	0.0		save	да	3467	{ "action": "close", "slot": 5, "item": "save", "title": "Сохранить", "via": "ray" }
1789480429.717	задание	globe	0.11	3	0.0		set_language			
1789480430.794	folder	globe	0.11	3	0.0		set_language		1078	{ "folder": "", "items": 11 }
1789480430.794	toggle	globe	0.11	3	0.0		set_language		1078	{ "open": true }
1789480430.805	active	globe	0.11	3	0.0		set_language		1088	{ "key": "27", "slot": 0 }
1789480433.305	select	globe	0.11	3	0.0	settings	set_language	нет	3589	{ "action": "enter", "slot": 4, "item": "settings", "title": "Настройки", "via": "ray" }
1789480433.306	folder	globe	0.11	3	0.0	settings	set_language		3589	{ "folder": "settings", "items": 5 }
1789480433.316	active	globe	0.11	3	0.0	settings	set_language		3600	{ "key": "45", "slot": 1 }
1789480435.283	active	globe	0.11	3	0.0	settings	set_language		5566	{ "key": "78", "slot": -2 }
1789480435.428	active	globe	0.11	3	0.0	settings	set_language		5711	{ "key": "45", "slot": 1 }
1789480435.605	active	globe	0.11	3	0.0	settings	set_language		5889	{ "key": "72", "slot": 0 }
1789480435.783	active	globe	0.11	3	0.0	settings	set_language		6066	{ "key": "71", "slot": 3 }
1789480436.294	select	globe	0.11	3	0.0	settings	set_language	да	6578	{ "action": "stay", "slot": 3, "item": "set_language", "title": "Язык", "via": "ray" }
1789480436.916	select	globe	0.11	3	0.0	settings				{ "action": "stay", "slot": 3, "item": "set_language", "title": "Язык", "via": "ray" }
1789480438.172	задание	globe	0.11	3	0.0	settings	file_castle			
1789480440.116	back	globe	0.11	3	0.0		file_castle		1945	{ "action": "back" }
1789480440.117	folder	globe	0.11	3	0.0		file_castle		1945	{ "folder": "", "items": 11 }
1789480440.127	active	globe	0.11	3	0.0		file_castle		1956	{ "key": "27", "slot": 0 }
1789480441.883	select	globe	0.11	3	0.0	scene	file_castle	нет	3712	{ "action": "enter", "slot": 0, "item": "scene", "title": "Сцена", "via": "ray" }
1789480441.884	folder	globe	0.11	3	0.0	scene	file_castle		3712	{ "folder": "scene", "items": 8 }
1789480441.894	active	globe	0.11	3	0.0	scene	file_castle		3723	{ "key": "16", "slot": 3 }
1789480442.972	active	globe	0.11	3	0.0	scene	file_castle		4801	{ "key": "22", "slot": 2 }
1789480443.217	active	globe	0.11	3	0.0	scene	file_castle		5045	{ "key": "23", "slot": 1 }
1789480443.650	active	globe	0.11	3	0.0	scene	file_castle		5478	{ "key": "26", "slot": -1 }
1789480443.872	active	globe	0.11	3	0.0	scene	file_castle		5700	{ "key": "52", "slot": -2 }
1789480444.517	active	globe	0.11	3	0.0	scene	file_castle		6345	{ "key": "54", "slot": -2 }
1789480444.694	active	globe	0.11	3	0.0	scene	file_castle		6523	{ "key": "18", "slot": -2 }
1789480444.983	active	globe	0.11	3	0.0	scene	file_castle		6811	{ "key": "17", "slot": 4 }
1789480445.094	active	globe	0.11	3	0.0	scene	file_castle		6923	{ "key": "19", "slot": -2 }
1789480445.227	active	globe	0.11	3	0.0	scene	file_castle		7056	{ "key": "10", "slot": -2 }
1789480445.394	active	globe	0.11	3	0.0	scene	file_castle		7223	{ "key": "1", "slot": -2 }
1789480445.561	active	globe	0.11	3	0.0	scene	file_castle		7389	{ "key": "5", "slot": -2 }
1789480445.750	active	globe	0.11	3	0.0	scene	file_castle		7578	{ "key": "8", "slot": -2 }
1789480445.894	active	globe	0.11	3	0.0	scene	file_castle		7722	{ "key": "9", "slot": -2 }
1789480446.250	active	globe	0.11	3	0.0	scene	file_castle		8078	{ "key": "7", "slot": -2 }
1789480446.561	active	globe	0.11	3	0.0	scene	file_castle		8389	{ "key": "28", "slot": 6 }
1789480446.772	active	globe	0.11	3	0.0	scene	file_castle		8600	{ "key": "30", "slot": -2 }
1789480446.928	active	globe	0.11	3	0.0	scene	file_castle		8756	{ "key": "24", "slot": 7 }
1789480447.483	select	globe	0.11	3	0.0	scene_open	file_castle	нет	9312	{ "action": "enter", "slot": 1, "item": "scene_open", "title": "Открыть сцену", "via": "ray" }
1789480447.484	folder	globe	0.11	3	0.0	scene_open	file_castle		9312	{ "folder": "scene_open", "items": 6 }
1789480447.494	active	globe	0.11	3	0.0	scene_open	file_castle		9322	{ "key": "18", "slot": 3 }
1789480449.694	select	globe	0.11	3	0.0	scene_open	file_castle	да	11523	{ "action": "close", "slot": 1, "item": "file_castle", "title": "Замок.scene", "via": "ray" }
1789480451.017	задание	globe	0.11	3	0.0	scene_open	set_left			
1789480452.460	folder	globe	0.11	3	0.0	scene_open	set_left		1444	{ "folder": "scene_open", "items": 6 }
1789480452.460	toggle	globe	0.11	3	0.0	scene_open	set_left		1444	{ "open": true }
1789480452.471	active	globe	0.11	3	0.0	scene_open	set_left		1454	{ "key": "18", "slot": 0 }
1789480453.238	back	globe	0.11	3	0.0	scene	set_left		2222	{ "action": "back" }
1789480453.239	folder	globe	0.11	3	0.0	scene	set_left		2222	{ "folder": "scene", "items": 8 }
1789480453.249	active	globe	0.11	3	0.0	scene	set_left		2233	{ "key": "23", "slot": 1 }
1789480454.161	back	globe	0.11	3	0.0		set_left		3144	{ "action": "back" }
1789480454.161	folder	globe	0.11	3	0.0		set_left		3145	{ "folder": "", "items": 11 }
1789480454.172	active	globe	0.11	3	0.0		set_left		3155	{ "key": "54", "slot": 5 }
1789480455.994	select	globe	0.11	3	0.0	settings	set_left	нет	4978	{ "action": "enter", "slot": 4, "item": "settings", "title": "Настройки", "via": "ray" }
1789480455.995	folder	globe	0.11	3	0.0	settings	set_left		4978	{ "folder": "settings", "items": 5 }
1789480456.005	active	globe	0.11	3	0.0	settings	set_left		4988	{ "key": "71", "slot": 3 }
1789480456.817	select	globe	0.11	3	0.0	settings	set_left	да	5800	{ "action": "stay", "slot": 0, "item": "set_left", "title": "Левша", "via": "ray" }
1789480458.117	задание	globe	0.11	3	0.0	settings	light_torch			
1789480459.428	back	globe	0.11	3	0.0		light_torch		1311	{ "action": "back" }
1789480459.428	folder	globe	0.11	3	0.0		light_torch		1312	{ "folder": "", "items": 11 }
1789480459.438	active	globe	0.11	3	0.0		light_torch		1322	{ "key": "27", "slot": 0 }
1789480460.783	select	globe	0.11	3	0.0	assets	light_torch	нет	2666	{ "action": "enter", "slot": 1, "item": "assets", "title": "Ассеты", "via": "ray" }
1789480460.784	folder	globe	0.11	3	0.0	assets	light_torch		2667	{ "folder": "assets", "items": 8 }
1789480460.794	active	globe	0.11	3	0.0	assets	light_torch		2677	{ "key": "72", "slot": 0 }
1789480462.517	select	globe	0.11	3	0.0	assets	light_torch	нет	4400	{ "action": "close", "slot": 6, "item": "asset_lantern", "title": "Свет", "via": "ray" }
1789480463.516	folder	globe	0.11	3	0.0	assets	light_torch		5400	{ "folder": "assets", "items": 8 }
1789480463.516	toggle	globe	0.11	3	0.0	assets	light_torch		5400	{ "open": true }
1789480463.527	active	globe	0.11	3	0.0	assets	light_torch		5410	{ "key": "72", "slot": 0 }
1789480464.161	select	globe	0.11	3	0.0	assets	light_torch	нет	6044	{ "action": "close", "slot": 6, "item": "asset_lantern", "title": "Свет", "via": "ray" }
1789480464.650	folder	globe	0.11	3	0.0	assets	light_torch		6533	{ "folder": "assets", "items": 8 }
1789480464.650	toggle	globe	0.11	3	0.0	assets	light_torch		6533	{ "open": true }
1789480464.660	active	globe	0.11	3	0.0	assets	light_torch		6544	{ "key": "72", "slot": 0 }
1789480466.494	select	globe	0.11	3	0.0	assets	light_torch	нет	8378	{ "action": "close", "slot": 2, "item": "asset_house", "title": "Дом", "via": "ray" }
1789480467.005	folder	globe	0.11	3	0.0	assets	light_torch		8889	{ "folder": "assets", "items": 8 }
1789480467.005	toggle	globe	0.11	3	0.0	assets	light_torch		8889	{ "open": true }
1789480467.016	active	globe	0.11	3	0.0	assets	light_torch		8899	{ "key": "72", "slot": 0 }
1789480468.572	select	globe	0.11	3	0.0	asset_trees	light_torch	нет	10456	{ "action": "enter", "slot": 0, "item": "asset_trees", "title": "Деревья", "via": "ray" }
1789480468.573	folder	globe	0.11	3	0.0	asset_trees	light_torch		10456	{ "folder": "asset_trees", "items": 5 }
1789480468.583	active	globe	0.11	3	0.0	asset_trees	light_torch		10466	{ "key": "46", "slot": 0 }
1789480469.583	back	globe	0.11	3	0.0	assets	light_torch		11466	{ "action": "back" }
1789480469.583	folder	globe	0.11	3	0.0	assets	light_torch		11467	{ "folder": "assets", "items": 8 }
1789480469.594	active	globe	0.11	3	0.0	assets	light_torch		11477	{ "key": "72", "slot": 0 }
1789480470.650	select	globe	0.11	3	0.0	assets	light_torch	нет	12533	{ "action": "close", "slot": 6, "item": "asset_lantern", "title": "Свет", "via": "ray" }
1789480471.161	folder	globe	0.11	3	0.0	assets	light_torch		13044	{ "folder": "assets", "items": 8 }
1789480471.161	toggle	globe	0.11	3	0.0	assets	light_torch		13044	{ "open": true }
1789480471.171	active	globe	0.11	3	0.0	assets	light_torch		13055	{ "key": "72", "slot": 0 }
1789480474.238	back	globe	0.11	3	0.0		light_torch		16122	{ "action": "back" }
1789480474.239	folder	globe	0.11	3	0.0		light_torch		16123	{ "folder": "", "items": 11 }
1789480474.249	active	globe	0.11	3	0.0		light_torch		16133	{ "key": "27", "slot": 0 }
1789480475.683	toggle	globe	0.11	3	0.0		light_torch		17566	{ "open": false }
1789480476.316	folder	globe	0.11	3	0.0		light_torch		18200	{ "folder": "", "items": 11 }
1789480476.316	toggle	globe	0.11	3	0.0		light_torch		18200	{ "open": true }
1789480476.327	active	globe	0.11	3	0.0		light_torch		18210	{ "key": "27", "slot": 0 }
1789480477.006	param	lens	0.11	0	0.26		light_torch		18889	{ "strategy": "lens", "radius": 0.11, "freq": 0, "alpha": 0.26, "folder": "" }
1789480477.016	active	lens	0.11	0	0.26		light_torch		18900	{ "key": "(33, -13)", "slot": 0 }
1789480478.047	active	lens	0.11	0	0.26		light_torch		19930	{ "key": "(34, -13)", "slot": 3 }
1789480478.258	active	lens	0.11	0	0.26		light_torch		20142	{ "key": "(34, -12)", "slot": 9 }
1789480478.547	active	lens	0.11	0	0.26		light_torch		20430	{ "key": "(34, -13)", "slot": 3 }
1789480478.669	active	lens	0.11	0	0.26		light_torch		20553	{ "key": "(33, -13)", "slot": 0 }
1789480478.880	active	lens	0.11	0	0.26		light_torch		20764	{ "key": "(32, -13)", "slot": -1 }
1789480479.103	active	lens	0.11	0	0.26		light_torch		20986	{ "key": "(31, -12)", "slot": -2 }
1789480479.180	active	lens	0.11	0	0.26		light_torch		21064	{ "key": "(31, -13)", "slot": -2 }
1789480479.314	active	lens	0.11	0	0.26		light_torch		21197	{ "key": "(30, -13)", "slot": -2 }
1789480479.591	active	lens	0.11	0	0.26		light_torch		21475	{ "key": "(30, -12)", "slot": -2 }
1789480479.780	active	lens	0.11	0	0.26		light_torch		21664	{ "key": "(30, -11)", "slot": -2 }
1789480479.892	active	lens	0.11	0	0.26		light_torch		21775	{ "key": "(31, -11)", "slot": 6 }
1789480480.392	active	lens	0.11	0	0.26		light_torch		22276	{ "key": "(32, -11)", "slot": 7 }
1789480480.858	active	lens	0.11	0	0.26		light_torch		22741	{ "key": "(33, -11)", "slot": 8 }
1789480481.325	active	lens	0.11	0	0.26		light_torch		23209	{ "key": "(33, -12)", "slot": 2 }
1789480481.758	active	lens	0.11	0	0.26		light_torch		23641	{ "key": "(32, -12)", "slot": 1 }
1789480482.373	select	lens	0.11	0	0.26	assets	light_torch	нет	24256	{ "action": "enter", "slot": 1, "item": "assets", "title": "Ассеты", "via": "ray" }
1789480482.373	folder	lens	0.11	0	0.26	assets	light_torch		24257	{ "folder": "assets", "items": 8 }
1789480482.380	active	lens	0.11	0	0.26	assets	light_torch		24264	{ "key": "(32, -12)", "slot": 0 }
1789480483.325	active	lens	0.11	0	0.26	assets	light_torch		25208	{ "key": "(31, -11)", "slot": 1 }
1789480485.336	active	lens	0.11	0	0.26	assets	light_torch		27220	{ "key": "(31, -10)", "slot": 7 }
1789480485.838	select	lens	0.11	0	0.26	assets	light_torch	нет	27722	{ "action": "close", "slot": 6, "item": "asset_lantern", "title": "Свет", "via": "ray" }
1789480487.083	задание	lens	0.11	0	0.26	assets	logic_timer			
1789480487.939	folder	lens	0.11	0	0.26	assets	logic_timer		857	{ "folder": "assets", "items": 8 }
1789480487.939	toggle	lens	0.11	0	0.26	assets	logic_timer		857	{ "open": true }
1789480487.950	active	lens	0.11	0	0.26	assets	logic_timer		868	{ "key": "(31, -10)", "slot": 0 }
1789480488.680	active	lens	0.11	0	0.26	assets	logic_timer		1598	{ "key": "(31, -11)", "slot": 5 }
1789480488.791	active	lens	0.11	0	0.26	assets	logic_timer		1709	{ "key": "(30, -11)", "slot": -2 }
1789480489.158	active	lens	0.11	0	0.26	assets	logic_timer		2075	{ "key": "(29, -10)", "slot": -2 }
1789480489.458	active	lens	0.11	0	0.26	assets	logic_timer		2376	{ "key": "(28, -9)", "slot": -2 }
1789480489.814	active	lens	0.11	0	0.26	assets	logic_timer		2731	{ "key": "(29, -9)", "slot": -2 }
1789480491.483	select	lens	0.11	0	0.26	assets	logic_timer	нет	4400	{ "action": "close", "slot": 6, "item": "asset_lantern", "title": "Свет", "via": "ray" }
1789480492.361	folder	lens	0.11	0	0.26	assets	logic_timer		5279	{ "folder": "assets", "items": 8 }
1789480492.362	toggle	lens	0.11	0	0.26	assets	logic_timer		5279	{ "open": true }
1789480492.372	active	lens	0.11	0	0.26	assets	logic_timer		5290	{ "key": "(29, -9)", "slot": 0 }
1789480494.416	select	lens	0.11	0	0.26	assets	logic_timer	нет	7334	{ "action": "close", "slot": 1, "item": "asset_stones", "title": "Камни", "via": "ray" }
1789480494.817	folder	lens	0.11	0	0.26	assets	logic_timer		7734	{ "folder": "assets", "items": 8 }
1789480494.817	toggle	lens	0.11	0	0.26	assets	logic_timer		7734	{ "open": true }
1789480494.828	active	lens	0.11	0	0.26	assets	logic_timer		7745	{ "key": "(29, -9)", "slot": 0 }
1789480496.028	select	lens	0.11	0	0.26	assets	logic_timer	нет	8945	{ "action": "close", "slot": 5, "item": "asset_barrel", "title": "Бочка", "via": "ray" }
1789480496.373	folder	lens	0.11	0	0.26	assets	logic_timer		9290	{ "folder": "assets", "items": 8 }
1789480496.373	toggle	lens	0.11	0	0.26	assets	logic_timer		9290	{ "open": true }
1789480496.383	active	lens	0.11	0	0.26	assets	logic_timer		9301	{ "key": "(29, -9)", "slot": 0 }
1789480496.827	select	lens	0.11	0	0.26	asset_trees	logic_timer	нет	9745	{ "action": "enter", "slot": 0, "item": "asset_trees", "title": "Деревья", "via": "ray" }
1789480496.828	folder	lens	0.11	0	0.26	asset_trees	logic_timer		9745	{ "folder": "asset_trees", "items": 5 }
1789480496.836	active	lens	0.11	0	0.26	asset_trees	logic_timer		9753	{ "key": "(29, -9)", "slot": 0 }
1789480498.050	back	lens	0.11	0	0.26	assets	logic_timer		10967	{ "action": "back" }
1789480498.050	folder	lens	0.11	0	0.26	assets	logic_timer		10967	{ "folder": "assets", "items": 8 }
1789480498.059	active	lens	0.11	0	0.26	assets	logic_timer		10976	{ "key": "(29, -9)", "slot": 0 }
1789480500.438	back	lens	0.11	0	0.26		logic_timer		13356	{ "action": "back" }
1789480500.439	folder	lens	0.11	0	0.26		logic_timer		13356	{ "folder": "", "items": 11 }
1789480500.447	active	lens	0.11	0	0.26		logic_timer		13364	{ "key": "(32, -12)", "slot": 1 }
1789480501.725	active	lens	0.11	0	0.26		logic_timer		14642	{ "key": "(32, -11)", "slot": 7 }
1789480501.858	active	lens	0.11	0	0.26		logic_timer		14775	{ "key": "(31, -10)", "slot": -2 }
1789480502.370	active	lens	0.11	0	0.26		logic_timer		15287	{ "key": "(32, -11)", "slot": 7 }
1789480502.492	active	lens	0.11	0	0.26		logic_timer		15410	{ "key": "(33, -11)", "slot": 8 }
1789480502.681	active	lens	0.11	0	0.26		logic_timer		15598	{ "key": "(34, -12)", "slot": 9 }
1789480502.880	active	lens	0.11	0	0.26		logic_timer		15798	{ "key": "(35, -13)", "slot": 10 }
1789480503.603	active	lens	0.11	0	0.26		logic_timer		16520	{ "key": "(34, -13)", "slot": 3 }
1789480504.528	select	lens	0.11	0	0.26	scene	logic_timer	нет	17445	{ "action": "enter", "slot": 0, "item": "scene", "title": "Сцена", "via": "ray" }
1789480504.528	folder	lens	0.11	0	0.26	scene	logic_timer		17446	{ "folder": "scene", "items": 8 }
1789480504.536	active	lens	0.11	0	0.26	scene	logic_timer		17453	{ "key": "(34, -13)", "slot": 0 }
1789480507.527	back	lens	0.11	0	0.26		logic_timer		20445	{ "action": "back" }
1789480507.528	folder	lens	0.11	0	0.26		logic_timer		20445	{ "folder": "", "items": 11 }
1789480507.536	active	lens	0.11	0	0.26		logic_timer		20453	{ "key": "(34, -13)", "slot": 3 }
1789480508.958	active	lens	0.11	0	0.26		logic_timer		21875	{ "key": "(33, -13)", "slot": 0 }
1789480511.238	select	lens	0.11	0	0.26	tools	logic_timer	нет	24156	{ "action": "enter", "slot": 3, "item": "tools", "title": "Инструменты", "via": "ray" }
1789480511.239	folder	lens	0.11	0	0.26	tools	logic_timer		24156	{ "folder": "tools", "items": 6 }
1789480511.247	active	lens	0.11	0	0.26	tools	logic_timer		24165	{ "key": "(33, -13)", "slot": 0 }
1789480514.228	back	lens	0.11	0	0.26		logic_timer		27145	{ "action": "back" }
1789480514.228	folder	lens	0.11	0	0.26		logic_timer		27145	{ "folder": "", "items": 11 }
1789480514.236	active	lens	0.11	0	0.26		logic_timer		27153	{ "key": "(33, -13)", "slot": 0 }
1789480515.080	active	lens	0.11	0	0.26		logic_timer		27998	{ "key": "(32, -12)", "slot": 1 }
1789480515.961	select	lens	0.11	0	0.26	logic	logic_timer	нет	28878	{ "action": "enter", "slot": 2, "item": "logic", "title": "Логика", "via": "ray" }
1789480515.961	folder	lens	0.11	0	0.26	logic	logic_timer		28878	{ "folder": "logic", "items": 6 }
1789480515.969	active	lens	0.11	0	0.26	logic	logic_timer		28887	{ "key": "(32, -12)", "slot": 0 }
1789480518.228	select	lens	0.11	0	0.26	logic	logic_timer	да	31145	{ "action": "close", "slot": 1, "item": "logic_timer", "title": "Таймер", "via": "ray" }
1789480520.272	задание	lens	0.11	0	0.26	logic	asset_fence			
1789480521.716	folder	lens	0.11	0	0.26	logic	asset_fence		1445	{ "folder": "logic", "items": 6 }
1789480521.716	toggle	lens	0.11	0	0.26	logic	asset_fence		1445	{ "open": true }
1789480521.727	active	lens	0.11	0	0.26	logic	asset_fence		1456	{ "key": "(32, -12)", "slot": 0 }
1789480522.805	back	lens	0.11	0	0.26		asset_fence		2533	{ "action": "back" }
1789480522.805	folder	lens	0.11	0	0.26		asset_fence		2534	{ "folder": "", "items": 11 }
1789480522.814	active	lens	0.11	0	0.26		asset_fence		2542	{ "key": "(32, -12)", "slot": 1 }
1789480524.002	active	lens	0.11	0	0.26		asset_fence		3731	{ "key": "(33, -12)", "slot": 2 }
1789480524.128	select	lens	0.11	0	0.26	assets	asset_fence	нет	3856	{ "action": "enter", "slot": 1, "item": "assets", "title": "Ассеты", "via": "ray" }
1789480524.128	folder	lens	0.11	0	0.26	assets	asset_fence		3856	{ "folder": "assets", "items": 8 }
1789480524.136	active	lens	0.11	0	0.26	assets	asset_fence		3864	{ "key": "(29, -9)", "slot": 0 }
1789480525.528	select	lens	0.11	0	0.26	assets	asset_fence	да	5256	{ "action": "close", "slot": 4, "item": "asset_fence", "title": "Забор", "via": "ray" }
1789480526.372	задание	lens	0.11	0	0.26	assets	tool_paint			
1789480527.306	folder	lens	0.11	0	0.26	assets	tool_paint		933	{ "folder": "assets", "items": 8 }
1789480527.306	toggle	lens	0.11	0	0.26	assets	tool_paint		933	{ "open": true }
1789480527.317	active	lens	0.11	0	0.26	assets	tool_paint		944	{ "key": "(29, -9)", "slot": 0 }
1789480531.150	back	lens	0.11	0	0.26		tool_paint		4777	{ "action": "back" }
1789480531.150	folder	lens	0.11	0	0.26		tool_paint		4778	{ "folder": "", "items": 11 }
1789480531.159	active	lens	0.11	0	0.26		tool_paint		4786	{ "key": "(33, -12)", "slot": 2 }
1789480532.916	select	lens	0.11	0	0.26	tools	tool_paint	нет	6544	{ "action": "enter", "slot": 3, "item": "tools", "title": "Инструменты", "via": "ray" }
1789480532.917	folder	lens	0.11	0	0.26	tools	tool_paint		6544	{ "folder": "tools", "items": 6 }
1789480532.925	active	lens	0.11	0	0.26	tools	tool_paint		6552	{ "key": "(33, -13)", "slot": 0 }
1789480534.327	select	lens	0.11	0	0.26	tools	tool_paint	да	7955	{ "action": "close", "slot": 5, "item": "tool_paint", "title": "Кисть", "via": "ray" }
1789480535.228	задание	lens	0.11	0	0.26	tools	grid			
1789480536.117	folder	lens	0.11	0	0.26	tools	grid		889	{ "folder": "tools", "items": 6 }
1789480536.117	toggle	lens	0.11	0	0.26	tools	grid		890	{ "open": true }
1789480536.128	active	lens	0.11	0	0.26	tools	grid		900	{ "key": "(33, -13)", "slot": 0 }
1789480538.139	back	lens	0.11	0	0.26		grid		2911	{ "action": "back" }
1789480538.139	folder	lens	0.11	0	0.26		grid		2912	{ "folder": "", "items": 11 }
1789480538.147	active	lens	0.11	0	0.26		grid		2919	{ "key": "(33, -12)", "slot": 2 }
1789480539.139	select	lens	0.11	0	0.26	tools	grid	нет	3911	{ "action": "enter", "slot": 3, "item": "tools", "title": "Инструменты", "via": "ray" }
1789480539.139	folder	lens	0.11	0	0.26	tools	grid		3911	{ "folder": "tools", "items": 6 }
1789480539.147	active	lens	0.11	0	0.26	tools	grid		3919	{ "key": "(33, -13)", "slot": 0 }
1789480541.505	back	lens	0.11	0	0.26		grid		6278	{ "action": "back" }
1789480541.506	folder	lens	0.11	0	0.26		grid		6278	{ "folder": "", "items": 11 }
1789480541.514	active	lens	0.11	0	0.26		grid		6286	{ "key": "(33, -12)", "slot": 2 }
1789480545.536	active	lens	0.11	0	0.26		grid		10309	{ "key": "(34, -13)", "slot": 3 }
1789480545.647	active	lens	0.11	0	0.26		grid		10419	{ "key": "(35, -13)", "slot": 10 }
1789480546.102	active	lens	0.11	0	0.26		grid		10875	{ "key": "(34, -13)", "slot": 3 }
1789480546.225	active	lens	0.11	0	0.26		grid		10997	{ "key": "(33, -12)", "slot": 2 }
1789480546.858	active	lens	0.11	0	0.26		grid		11630	{ "key": "(34, -12)", "slot": 9 }
1789480546.980	active	lens	0.11	0	0.26		grid		11753	{ "key": "(35, -13)", "slot": 10 }
1789480547.358	active	lens	0.11	0	0.26		grid		12130	{ "key": "(34, -12)", "slot": 9 }
1789480547.658	active	lens	0.11	0	0.26		grid		12431	{ "key": "(34, -11)", "slot": -2 }
1789480547.880	active	lens	0.11	0	0.26		grid		12653	{ "key": "(35, -12)", "slot": -2 }
1789480548.170	active	lens	0.11	0	0.26		grid		12942	{ "key": "(36, -13)", "slot": -2 }
1789480548.414	active	lens	0.11	0	0.26		grid		13186	{ "key": "(37, -13)", "slot": -2 }
1789480548.469	active	lens	0.11	0	0.26		grid		13241	{ "key": "(37, -14)", "slot": -2 }
1789480548.658	active	lens	0.11	0	0.26		grid		13430	{ "key": "(38, -14)", "slot": -2 }
1789480548.758	active	lens	0.11	0	0.26		grid		13530	{ "key": "(38, -15)", "slot": -2 }
1789480548.902	active	lens	0.11	0	0.26		grid		13675	{ "key": "(39, -15)", "slot": -2 }
1789480548.969	active	lens	0.11	0	0.26		grid		13741	{ "key": "(39, -16)", "slot": -2 }
1789480549.169	active	lens	0.11	0	0.26		grid		13941	{ "key": "(40, -17)", "slot": -2 }
1789480549.391	active	lens	0.11	0	0.26		grid		14164	{ "key": "(40, -18)", "slot": -2 }
1789480549.614	active	lens	0.11	0	0.26		grid		14386	{ "key": "(41, -19)", "slot": -2 }
1789480549.647	active	lens	0.11	0	0.26		grid		14419	{ "key": "(40, -19)", "slot": -2 }
1789480549.836	active	lens	0.11	0	0.26		grid		14608	{ "key": "(40, -20)", "slot": -2 }
1789480550.059	active	lens	0.11	0	0.26		grid		14831	{ "key": "(40, -21)", "slot": -2 }
1789480550.225	active	lens	0.11	0	0.26		grid		14997	{ "key": "(39, -21)", "slot": -2 }
1789480550.447	active	lens	0.11	0	0.26		grid		15219	{ "key": "(38, -21)", "slot": -2 }
1789480550.569	active	lens	0.11	0	0.26		grid		15341	{ "key": "(39, -22)", "slot": -2 }
1789480550.703	active	lens	0.11	0	0.26		grid		15475	{ "key": "(39, -21)", "slot": -2 }
1789480550.869	active	lens	0.11	0	0.26		grid		15642	{ "key": "(40, -21)", "slot": -2 }
1789480551.014	active	lens	0.11	0	0.26		grid		15787	{ "key": "(40, -20)", "slot": -2 }
1789480551.191	active	lens	0.11	0	0.26		grid		15963	{ "key": "(39, -19)", "slot": -2 }
1789480551.236	active	lens	0.11	0	0.26		grid		16008	{ "key": "(40, -19)", "slot": -2 }
1789480551.347	active	lens	0.11	0	0.26		grid		16119	{ "key": "(39, -18)", "slot": -2 }
1789480551.491	active	lens	0.11	0	0.26		grid		16264	{ "key": "(39, -17)", "slot": -2 }
1789480551.680	active	lens	0.11	0	0.26		grid		16453	{ "key": "(39, -16)", "slot": -2 }
1789480551.825	active	lens	0.11	0	0.26		grid		16597	{ "key": "(38, -15)", "slot": -2 }
1789480551.991	active	lens	0.11	0	0.26		grid		16764	{ "key": "(38, -14)", "slot": -2 }
1789480552.136	active	lens	0.11	0	0.26		grid		16908	{ "key": "(37, -13)", "slot": -2 }
1789480552.325	active	lens	0.11	0	0.26		grid		17097	{ "key": "(37, -12)", "slot": -2 }
1789480552.358	active	lens	0.11	0	0.26		grid		17131	{ "key": "(36, -12)", "slot": -2 }
1789480552.502	active	lens	0.11	0	0.26		grid		17275	{ "key": "(36, -11)", "slot": -2 }
1789480552.558	active	lens	0.11	0	0.26		grid		17331	{ "key": "(37, -12)", "slot": -2 }
1789480552.747	active	lens	0.11	0	0.26		grid		17519	{ "key": "(38, -13)", "slot": -2 }
1789480552.969	active	lens	0.11	0	0.26		grid		17741	{ "key": "(37, -12)", "slot": -2 }
1789480553.136	active	lens	0.11	0	0.26		grid		17908	{ "key": "(36, -11)", "slot": -2 }
1789480553.314	active	lens	0.11	0	0.26		grid		18086	{ "key": "(35, -10)", "slot": -2 }
1789480553.492	active	lens	0.11	0	0.26		grid		18264	{ "key": "(34, -9)", "slot": -2 }
1789480553.758	active	lens	0.11	0	0.26		grid		18530	{ "key": "(35, -9)", "slot": -2 }
1789480553.925	active	lens	0.11	0	0.26		grid		18697	{ "key": "(36, -10)", "slot": -2 }
1789480554.291	active	lens	0.11	0	0.26		grid		19064	{ "key": "(35, -9)", "slot": -2 }
1789480554.414	active	lens	0.11	0	0.26		grid		19186	{ "key": "(35, -10)", "slot": -2 }
1789480554.569	active	lens	0.11	0	0.26		grid		19342	{ "key": "(34, -10)", "slot": -2 }
1789480554.725	active	lens	0.11	0	0.26		grid		19497	{ "key": "(34, -11)", "slot": -2 }
1789480554.903	active	lens	0.11	0	0.26		grid		19675	{ "key": "(33, -11)", "slot": 8 }
1789480555.003	active	lens	0.11	0	0.26		grid		19775	{ "key": "(34, -12)", "slot": 9 }
1789480555.036	active	lens	0.11	0	0.26		grid		19808	{ "key": "(33, -12)", "slot": 2 }
1789480555.658	active	lens	0.11	0	0.26		grid		20430	{ "key": "(33, -13)", "slot": 0 }
1789480555.847	active	lens	0.11	0	0.26		grid		20619	{ "key": "(33, -14)", "slot": 5 }
1789480557.414	active	lens	0.11	0	0.26		grid		22186	{ "key": "(34, -14)", "slot": 4 }
1789480557.936	active	lens	0.11	0	0.26		grid		22708	{ "key": "(33, -14)", "slot": 5 }
1789480558.136	active	lens	0.11	0	0.26		grid		22908	{ "key": "(33, -15)", "slot": -2 }
1789480558.313	active	lens	0.11	0	0.26		grid		23086	{ "key": "(32, -14)", "slot": -2 }
1789480558.591	active	lens	0.11	0	0.26		grid		23363	{ "key": "(33, -14)", "slot": 5 }
1789480558.713	active	lens	0.11	0	0.26		grid		23486	{ "key": "(33, -13)", "slot": 0 }
1789480558.880	active	lens	0.11	0	0.26		grid		23652	{ "key": "(34, -13)", "slot": 3 }
1789480559.313	active	lens	0.11	0	0.26		grid		24086	{ "key": "(34, -14)", "slot": 4 }
1789480559.469	active	lens	0.11	0	0.26		grid		24241	{ "key": "(33, -14)", "slot": 5 }
1789480561.105	select	lens	0.11	0	0.26	scene	grid	нет	25878	{ "action": "enter", "slot": 0, "item": "scene", "title": "Сцена", "via": "ray" }
1789480561.106	folder	lens	0.11	0	0.26	scene	grid		25878	{ "folder": "scene", "items": 8 }
1789480561.114	active	lens	0.11	0	0.26	scene	grid		25886	{ "key": "(34, -13)", "slot": 0 }
1789480577.038	back	lens	0.11	0	0.26		grid		41811	{ "action": "back" }
1789480577.039	folder	lens	0.11	0	0.26		grid		41811	{ "folder": "", "items": 11 }
1789480577.047	active	lens	0.11	0	0.26		grid		41820	{ "key": "(33, -14)", "slot": 5 }
1789480580.694	select	lens	0.11	0	0.26	assets	grid	нет	45466	{ "action": "enter", "slot": 1, "item": "assets", "title": "Ассеты", "via": "ray" }
1789480580.695	folder	lens	0.11	0	0.26	assets	grid		45467	{ "folder": "assets", "items": 8 }
1789480580.702	active	lens	0.11	0	0.26	assets	grid		45475	{ "key": "(29, -9)", "slot": 0 }
1789480585.372	back	lens	0.11	0	0.26		grid		50145	{ "action": "back" }
1789480585.373	folder	lens	0.11	0	0.26		grid		50145	{ "folder": "", "items": 11 }
1789480585.380	active	lens	0.11	0	0.26		grid		50153	{ "key": "(33, -14)", "slot": 5 }
1789480586.194	select	lens	0.11	0	0.26	settings	grid	нет	50966	{ "action": "enter", "slot": 4, "item": "settings", "title": "Настройки", "via": "ray" }
1789480586.194	folder	lens	0.11	0	0.26	settings	grid		50967	{ "folder": "settings", "items": 5 }
1789480586.202	active	lens	0.11	0	0.26	settings	grid		50975	{ "key": "(33, -14)", "slot": 0 }
1789480589.283	back	lens	0.11	0	0.26		grid		54055	{ "action": "back" }
1789480589.284	folder	lens	0.11	0	0.26		grid		54056	{ "folder": "", "items": 11 }
1789480589.292	active	lens	0.11	0	0.26		grid		54064	{ "key": "(33, -14)", "slot": 5 }
1789480590.447	active	lens	0.11	0	0.26		grid		55219	{ "key": "(32, -13)", "slot": -1 }
1789480590.602	active	lens	0.11	0	0.26		grid		55375	{ "key": "(33, -13)", "slot": 0 }
1789480590.692	active	lens	0.11	0	0.26		grid		55464	{ "key": "(32, -12)", "slot": 1 }
1789480590.847	active	lens	0.11	0	0.26		grid		55619	{ "key": "(32, -11)", "slot": 7 }
1789480591.936	active	lens	0.11	0	0.26		grid		56708	{ "key": "(32, -12)", "slot": 1 }
1789480592.580	active	lens	0.11	0	0.26		grid		57353	{ "key": "(33, -12)", "slot": 2 }
1789480594.983	select	lens	0.11	0	0.26		grid	да	59755	{ "action": "stay", "slot": 8, "item": "grid", "title": "Сетка", "via": "ray" }
1789480596.839	задание	lens	0.11	0	0.26		logic_trigger			
1789480598.747	active	lens	0.11	0	0.26		logic_trigger		1907	{ "key": "(33, -13)", "slot": 0 }
1789480598.883	select	lens	0.11	0	0.26	logic	logic_trigger	нет	2044	{ "action": "enter", "slot": 2, "item": "logic", "title": "Логика", "via": "ray" }
1789480598.884	folder	lens	0.11	0	0.26	logic	logic_trigger		2044	{ "folder": "logic", "items": 6 }
1789480598.892	active	lens	0.11	0	0.26	logic	logic_trigger		2052	{ "key": "(32, -12)", "slot": 0 }
1789480599.861	select	lens	0.11	0	0.26	logic	logic_trigger	да	3021	{ "action": "close", "slot": 0, "item": "logic_trigger", "title": "Триггер", "via": "ray" }
1789480600.628	задание	lens	0.11	0	0.26	logic	tree_bush			
1789480601.939	folder	lens	0.11	0	0.26	logic	tree_bush		1312	{ "folder": "logic", "items": 6 }
1789480601.939	toggle	lens	0.11	0	0.26	logic	tree_bush		1312	{ "open": true }
1789480601.950	active	lens	0.11	0	0.26	logic	tree_bush		1322	{ "key": "(32, -12)", "slot": 0 }
1789480602.783	back	lens	0.11	0	0.26		tree_bush		2155	{ "action": "back" }
1789480602.783	folder	lens	0.11	0	0.26		tree_bush		2156	{ "folder": "", "items": 11 }
1789480602.791	active	lens	0.11	0	0.26		tree_bush		2164	{ "key": "(33, -13)", "slot": 0 }
1789480603.680	active	lens	0.11	0	0.26		tree_bush		3053	{ "key": "(34, -14)", "slot": 4 }
1789480604.103	active	lens	0.11	0	0.26		tree_bush		3475	{ "key": "(33, -13)", "slot": 0 }
1789480604.303	active	lens	0.11	0	0.26		tree_bush		3675	{ "key": "(32, -12)", "slot": 1 }
1789480604.969	active	lens	0.11	0	0.26		tree_bush		4341	{ "key": "(31, -11)", "slot": 6 }
1789480605.569	active	lens	0.11	0	0.26		tree_bush		4941	{ "key": "(32, -12)", "slot": 1 }
1789480605.736	active	lens	0.11	0	0.26		tree_bush		5108	{ "key": "(33, -12)", "slot": 2 }
1789480607.991	active	lens	0.11	0	0.26		tree_bush		7364	{ "key": "(34, -13)", "slot": 3 }
1789480608.658	active	lens	0.11	0	0.26		tree_bush		8030	{ "key": "(34, -14)", "slot": 4 }
1789480608.925	active	lens	0.11	0	0.26		tree_bush		8297	{ "key": "(34, -15)", "slot": -2 }
1789480609.436	active	lens	0.11	0	0.26		tree_bush		8808	{ "key": "(34, -14)", "slot": 4 }
1789480609.725	active	lens	0.11	0	0.26		tree_bush		9097	{ "key": "(34, -13)", "slot": 3 }
1789480609.936	active	lens	0.11	0	0.26		tree_bush		9308	{ "key": "(33, -12)", "slot": 2 }
1789480615.605	select	lens	0.11	0	0.26	assets	tree_bush	нет	14978	{ "action": "enter", "slot": 1, "item": "assets", "title": "Ассеты", "via": "ray" }
1789480615.606	folder	lens	0.11	0	0.26	assets	tree_bush		14978	{ "folder": "assets", "items": 8 }
1789480615.614	active	lens	0.11	0	0.26	assets	tree_bush		14987	{ "key": "(29, -9)", "slot": 0 }
1789480620.283	select	lens	0.11	0	0.26	asset_trees	tree_bush	нет	19655	{ "action": "enter", "slot": 0, "item": "asset_trees", "title": "Деревья", "via": "ray" }
1789480620.283	folder	lens	0.11	0	0.26	asset_trees	tree_bush		19656	{ "folder": "asset_trees", "items": 5 }
1789480620.291	active	lens	0.11	0	0.26	asset_trees	tree_bush		19664	{ "key": "(29, -9)", "slot": 0 }
1789480621.283	select	lens	0.11	0	0.26	asset_trees	tree_bush	да	20655	{ "action": "close", "slot": 4, "item": "tree_bush", "title": "Куст", "via": "ray" }
1789480623.961	folder	lens	0.11	0	0.26	asset_trees				{ "folder": "asset_trees", "items": 5 }
1789480623.961	toggle	lens	0.11	0	0.26	asset_trees				{ "open": true }
1789480625.228	toggle	lens	0.11	0	0.26	asset_trees				{ "open": false }
1789480625.560	задание	lens	0.11	0	0.26	asset_trees	clear			
1789480627.862	folder	lens	0.11	0	0.26	asset_trees	clear		2301	{ "folder": "asset_trees", "items": 5 }
1789480627.862	toggle	lens	0.11	0	0.26	asset_trees	clear		2301	{ "open": true }
1789480627.872	active	lens	0.11	0	0.26	asset_trees	clear		2312	{ "key": "(27, -8)", "slot": 0 }
1789480628.850	back	lens	0.11	0	0.26	assets	clear		3289	{ "action": "back" }
1789480628.850	folder	lens	0.11	0	0.26	assets	clear		3289	{ "folder": "assets", "items": 8 }
1789480628.858	active	lens	0.11	0	0.26	assets	clear		3298	{ "key": "(29, -9)", "slot": 0 }
1789480631.861	back	lens	0.11	0	0.26		clear		6300	{ "action": "back" }
1789480631.861	folder	lens	0.11	0	0.26		clear		6301	{ "folder": "", "items": 11 }
1789480631.869	active	lens	0.11	0	0.26		clear		6309	{ "key": "(33, -12)", "slot": 2 }
1789480640.172	select	lens	0.11	0	0.26	scene	clear	нет	14612	{ "action": "enter", "slot": 0, "item": "scene", "title": "Сцена", "via": "ray" }
1789480640.173	folder	lens	0.11	0	0.26	scene	clear		14612	{ "folder": "scene", "items": 8 }
1789480640.180	active	lens	0.11	0	0.26	scene	clear		14620	{ "key": "(34, -13)", "slot": 0 }
1789480646.161	back	lens	0.11	0	0.26		clear		20600	{ "action": "back" }
1789480646.161	folder	lens	0.11	0	0.26		clear		20600	{ "folder": "", "items": 11 }
1789480646.169	active	lens	0.11	0	0.26		clear		20609	{ "key": "(33, -12)", "slot": 2 }
1789480649.950	select	lens	0.11	0	0.26	settings	clear	нет	24389	{ "action": "enter", "slot": 4, "item": "settings", "title": "Настройки", "via": "ray" }
1789480649.950	folder	lens	0.11	0	0.26	settings	clear		24390	{ "folder": "settings", "items": 5 }
1789480649.958	active	lens	0.11	0	0.26	settings	clear		24398	{ "key": "(33, -14)", "slot": 0 }
1789480653.339	back	lens	0.11	0	0.26		clear		27778	{ "action": "back" }
1789480653.340	folder	lens	0.11	0	0.26		clear		27779	{ "folder": "", "items": 11 }
1789480653.347	active	lens	0.11	0	0.26		clear		27786	{ "key": "(33, -12)", "slot": 2 }
1789480656.017	select	lens	0.11	0	0.26	scene	clear	нет	30456	{ "action": "enter", "slot": 0, "item": "scene", "title": "Сцена", "via": "ray" }
1789480656.017	folder	lens	0.11	0	0.26	scene	clear		30457	{ "folder": "scene", "items": 8 }
1789480656.025	active	lens	0.11	0	0.26	scene	clear		30464	{ "key": "(34, -13)", "slot": 0 }
1789480657.483	back	lens	0.11	0	0.26		clear		31922	{ "action": "back" }
1789480657.484	folder	lens	0.11	0	0.26		clear		31923	{ "folder": "", "items": 11 }
1789480657.491	active	lens	0.11	0	0.26		clear		31931	{ "key": "(33, -12)", "slot": 2 }
1789480658.728	select	lens	0.11	0	0.26		clear	да	33167	{ "action": "confirm_pending", "slot": 10, "item": "clear", "title": "Очистить сцену", "via": "ray" }
1789480661.328	select	lens	0.11	0	0.26					{ "action": "confirmed", "slot": 10, "item": "clear", "title": "Очистить сцену", "via": "ray" }
1789480662.795	задание	lens	0.11	0	0.26		scene_camera			
1789480663.950	folder	lens	0.11	0	0.26		scene_camera		1156	{ "folder": "", "items": 11 }
1789480663.951	toggle	lens	0.11	0	0.26		scene_camera		1156	{ "open": true }
1789480663.961	active	lens	0.11	0	0.26		scene_camera		1167	{ "key": "(37, -10)", "slot": 0 }
1789480666.227	select	lens	0.11	0	0.26	logic	scene_camera	нет	3432	{ "action": "enter", "slot": 2, "item": "logic", "title": "Логика", "via": "ray" }
1789480666.227	folder	lens	0.11	0	0.26	logic	scene_camera		3433	{ "folder": "logic", "items": 6 }
1789480666.235	active	lens	0.11	0	0.26	logic	scene_camera		3441	{ "key": "(32, -12)", "slot": 0 }
1789480667.839	back	lens	0.11	0	0.26		scene_camera		5044	{ "action": "back" }
1789480667.839	folder	lens	0.11	0	0.26		scene_camera		5045	{ "folder": "", "items": 11 }
1789480667.847	active	lens	0.11	0	0.26		scene_camera		5052	{ "key": "(37, -10)", "slot": 0 }
1789480670.228	select	lens	0.11	0	0.26	scene	scene_camera	нет	7433	{ "action": "enter", "slot": 0, "item": "scene", "title": "Сцена", "via": "ray" }
1789480670.228	folder	lens	0.11	0	0.26	scene	scene_camera		7433	{ "folder": "scene", "items": 8 }
1789480670.236	active	lens	0.11	0	0.26	scene	scene_camera		7441	{ "key": "(34, -13)", "slot": 0 }
1789480672.472	back	lens	0.11	0	0.26		scene_camera		9677	{ "action": "back" }
1789480672.473	folder	lens	0.11	0	0.26		scene_camera		9678	{ "folder": "", "items": 11 }
1789480672.480	active	lens	0.11	0	0.26		scene_camera		9686	{ "key": "(37, -10)", "slot": 0 }
1789480673.294	select	lens	0.11	0	0.26	scene	scene_camera	нет	10500	{ "action": "enter", "slot": 0, "item": "scene", "title": "Сцена", "via": "ray" }
1789480673.295	folder	lens	0.11	0	0.26	scene	scene_camera		10500	{ "folder": "scene", "items": 8 }
1789480673.303	active	lens	0.11	0	0.26	scene	scene_camera		10508	{ "key": "(34, -13)", "slot": 0 }
1789480673.761	select	lens	0.11	0	0.26	scene	scene_camera	да	10967	{ "action": "close", "slot": 5, "item": "scene_camera", "title": "Камера", "via": "ray" }
1789480674.839	задание	lens	0.11	0	0.26	scene	set_sound			
1789480675.684	folder	lens	0.11	0	0.26	scene	set_sound		845	{ "folder": "scene", "items": 8 }
1789480675.684	toggle	lens	0.11	0	0.26	scene	set_sound		845	{ "open": true }
1789480675.695	active	lens	0.11	0	0.26	scene	set_sound		856	{ "key": "(34, -13)", "slot": 0 }
1789480677.772	back	lens	0.11	0	0.26		set_sound		2933	{ "action": "back" }
1789480677.772	folder	lens	0.11	0	0.26		set_sound		2934	{ "folder": "", "items": 11 }
1789480677.781	active	lens	0.11	0	0.26		set_sound		2942	{ "key": "(37, -10)", "slot": 0 }
1789480679.984	select	lens	0.11	0	0.26	settings	set_sound	нет	5145	{ "action": "enter", "slot": 4, "item": "settings", "title": "Настройки", "via": "ray" }
1789480679.985	folder	lens	0.11	0	0.26	settings	set_sound		5146	{ "folder": "settings", "items": 5 }
1789480679.992	active	lens	0.11	0	0.26	settings	set_sound		5153	{ "key": "(33, -14)", "slot": 0 }
1789480680.883	select	lens	0.11	0	0.26	settings	set_sound	да	6044	{ "action": "stay", "slot": 2, "item": "set_sound", "title": "Звук", "via": "ray" }
1789480682.272	задание	lens	0.11	0	0.26	settings	logic_door			
1789480684.517	back	lens	0.11	0	0.26		logic_door		2245	{ "action": "back" }
1789480684.517	folder	lens	0.11	0	0.26		logic_door		2246	{ "folder": "", "items": 11 }
1789480684.525	active	lens	0.11	0	0.26		logic_door		2253	{ "key": "(37, -10)", "slot": 0 }
1789480686.461	select	lens	0.11	0	0.26	assets	logic_door	нет	4189	{ "action": "enter", "slot": 1, "item": "assets", "title": "Ассеты", "via": "ray" }
1789480686.461	folder	lens	0.11	0	0.26	assets	logic_door		4190	{ "folder": "assets", "items": 8 }
1789480686.469	active	lens	0.11	0	0.26	assets	logic_door		4197	{ "key": "(29, -9)", "slot": 0 }
1789480689.383	select	lens	0.11	0	0.26	assets	logic_door	нет	7111	{ "action": "close", "slot": 2, "item": "asset_house", "title": "Дом", "via": "ray" }
1789480690.761	folder	lens	0.11	0	0.26	assets	logic_door		8490	{ "folder": "assets", "items": 8 }
1789480690.761	toggle	lens	0.11	0	0.26	assets	logic_door		8490	{ "open": true }
1789480690.772	active	lens	0.11	0	0.26	assets	logic_door		8500	{ "key": "(29, -9)", "slot": 0 }
1789480693.128	back	lens	0.11	0	0.26		logic_door		10856	{ "action": "back" }
1789480693.129	folder	lens	0.11	0	0.26		logic_door		10857	{ "folder": "", "items": 11 }
1789480693.136	active	lens	0.11	0	0.26		logic_door		10864	{ "key": "(37, -10)", "slot": 0 }
1789480694.050	select	lens	0.11	0	0.26	logic	logic_door	нет	11778	{ "action": "enter", "slot": 2, "item": "logic", "title": "Логика", "via": "ray" }
1789480694.050	folder	lens	0.11	0	0.26	logic	logic_door		11779	{ "folder": "logic", "items": 6 }
1789480694.058	active	lens	0.11	0	0.26	logic	logic_door		11787	{ "key": "(32, -12)", "slot": 0 }
1789480695.861	select	lens	0.11	0	0.26	logic	logic_door	да	13590	{ "action": "close", "slot": 2, "item": "logic_door", "title": "Дверь", "via": "ray" }
1789480696.883	задание	lens	0.11	0	0.26	logic	asset_stones			
1789480697.751	folder	lens	0.11	0	0.26	logic	asset_stones		867	{ "folder": "logic", "items": 6 }
1789480697.751	toggle	lens	0.11	0	0.26	logic	asset_stones		867	{ "open": true }
1789480697.761	active	lens	0.11	0	0.26	logic	asset_stones		878	{ "key": "(32, -12)", "slot": 0 }
1789480698.672	back	lens	0.11	0	0.26		asset_stones		1788	{ "action": "back" }
1789480698.672	folder	lens	0.11	0	0.26		asset_stones		1789	{ "folder": "", "items": 11 }
1789480698.680	active	lens	0.11	0	0.26		asset_stones		1797	{ "key": "(37, -10)", "slot": 0 }
1789480700.394	select	lens	0.11	0	0.26	assets	asset_stones	нет	3510	{ "action": "enter", "slot": 1, "item": "assets", "title": "Ассеты", "via": "ray" }
1789480700.395	folder	lens	0.11	0	0.26	assets	asset_stones		3511	{ "folder": "assets", "items": 8 }
1789480700.403	active	lens	0.11	0	0.26	assets	asset_stones		3519	{ "key": "(29, -9)", "slot": 0 }
1789480702.250	select	lens	0.11	0	0.26	assets	asset_stones	да	5366	{ "action": "close", "slot": 1, "item": "asset_stones", "title": "Камни", "via": "ray" }
1789480702.905	задание	lens	0.11	0	0.26	assets	play			
1789480703.984	folder	lens	0.11	0	0.26	assets	play		1078	{ "folder": "assets", "items": 8 }
1789480703.984	toggle	lens	0.11	0	0.26	assets	play		1078	{ "open": true }
1789480703.995	active	lens	0.11	0	0.26	assets	play		1089	{ "key": "(29, -9)", "slot": 0 }
1789480704.872	back	lens	0.11	0	0.26		play		1967	{ "action": "back" }
1789480704.873	folder	lens	0.11	0	0.26		play		1967	{ "folder": "", "items": 11 }
1789480704.880	active	lens	0.11	0	0.26		play		1975	{ "key": "(37, -10)", "slot": 0 }
1789480705.994	select	lens	0.11	0	0.26	scene	play	нет	3088	{ "action": "enter", "slot": 0, "item": "scene", "title": "Сцена", "via": "ray" }
1789480705.994	folder	lens	0.11	0	0.26	scene	play		3089	{ "folder": "scene", "items": 8 }
1789480706.003	active	lens	0.11	0	0.26	scene	play		3097	{ "key": "(34, -13)", "slot": 0 }
1789480708.672	back	lens	0.11	0	0.26		play		5766	{ "action": "back" }
1789480708.672	folder	lens	0.11	0	0.26		play		5767	{ "folder": "", "items": 11 }
1789480708.680	active	lens	0.11	0	0.26		play		5775	{ "key": "(37, -10)", "slot": 0 }
1789480711.705	select	lens	0.11	0	0.26		play	да	8799	{ "action": "close", "slot": 9, "item": "play", "title": "Запустить", "via": "ray" }
1789480712.461	задание	lens	0.11	0	0.26		tool_measure			
1789480713.406	задание	lens	0.11	0	0.26		scene_fog			
1789480714.172	задание	lens	0.11	0	0.26		file_tower			
1789480714.406	задание	lens	0.11	0	0.26		file_forest			
1789480714.606	задание	lens	0.11	0	0.26		tree_oak			
1789480716.350	folder	lens	0.11	0	0.26		tree_oak		1745	{ "folder": "", "items": 11 }
1789480716.351	toggle	lens	0.11	0	0.26		tree_oak		1745	{ "open": true }
1789480716.361	active	lens	0.11	0	0.26		tree_oak		1756	{ "key": "(37, -10)", "slot": 0 }
1789480718.339	select	lens	0.11	0	0.26	assets	tree_oak	нет	3734	{ "action": "enter", "slot": 1, "item": "assets", "title": "Ассеты", "via": "ray" }
1789480718.340	folder	lens	0.11	0	0.26	assets	tree_oak		3734	{ "folder": "assets", "items": 8 }
1789480718.347	active	lens	0.11	0	0.26	assets	tree_oak		3741	{ "key": "(29, -9)", "slot": 0 }
1789480720.750	select	lens	0.11	0	0.26	asset_trees	tree_oak	нет	6144	{ "action": "enter", "slot": 0, "item": "asset_trees", "title": "Деревья", "via": "ray" }
1789480720.750	folder	lens	0.11	0	0.26	asset_trees	tree_oak		6145	{ "folder": "asset_trees", "items": 5 }
1789480720.758	active	lens	0.11	0	0.26	asset_trees	tree_oak		6152	{ "key": "(27, -8)", "slot": 0 }
1789480721.261	select	lens	0.11	0	0.26	asset_trees	tree_oak	да	6655	{ "action": "close", "slot": 0, "item": "tree_oak", "title": "Дуб", "via": "ray" }
1789480722.217	задание	lens	0.11	0	0.26	asset_trees	logic_dialog			
1789480723.062	folder	lens	0.11	0	0.26	asset_trees	logic_dialog		845	{ "folder": "asset_trees", "items": 5 }
1789480723.062	toggle	lens	0.11	0	0.26	asset_trees	logic_dialog		845	{ "open": true }
1789480723.072	active	lens	0.11	0	0.26	asset_trees	logic_dialog		856	{ "key": "(27, -8)", "slot": 0 }
1789480723.928	back	lens	0.11	0	0.26	assets	logic_dialog		1711	{ "action": "back" }
1789480723.928	folder	lens	0.11	0	0.26	assets	logic_dialog		1711	{ "folder": "assets", "items": 8 }
1789480723.936	active	lens	0.11	0	0.26	assets	logic_dialog		1719	{ "key": "(29, -9)", "slot": 0 }
1789480724.773	back	lens	0.11	0	0.26		logic_dialog		2556	{ "action": "back" }
1789480724.773	folder	lens	0.11	0	0.26		logic_dialog		2556	{ "folder": "", "items": 11 }
1789480724.781	active	lens	0.11	0	0.26		logic_dialog		2564	{ "key": "(37, -10)", "slot": 0 }
1789480725.716	select	lens	0.11	0	0.26	logic	logic_dialog	нет	3500	{ "action": "enter", "slot": 2, "item": "logic", "title": "Логика", "via": "ray" }
1789480725.717	folder	lens	0.11	0	0.26	logic	logic_dialog		3500	{ "folder": "logic", "items": 6 }
1789480725.725	active	lens	0.11	0	0.26	logic	logic_dialog		3508	{ "key": "(32, -12)", "slot": 0 }
1789480727.583	select	lens	0.11	0	0.26	logic	logic_dialog	да	5367	{ "action": "close", "slot": 3, "item": "logic_dialog", "title": "Диалог", "via": "ray" }
1789480728.505	задание	lens	0.11	0	0.26	logic	asset_house			
1789480729.194	folder	lens	0.11	0	0.26	logic	asset_house		689	{ "folder": "logic", "items": 6 }
1789480729.195	toggle	lens	0.11	0	0.26	logic	asset_house		689	{ "open": true }
1789480729.205	active	lens	0.11	0	0.26	logic	asset_house		700	{ "key": "(32, -12)", "slot": 0 }
1789480730.494	back	lens	0.11	0	0.26		asset_house		1989	{ "action": "back" }
1789480730.495	folder	lens	0.11	0	0.26		asset_house		1989	{ "folder": "", "items": 11 }
1789480730.503	active	lens	0.11	0	0.26		asset_house		1997	{ "key": "(37, -10)", "slot": 0 }
1789480731.572	select	lens	0.11	0	0.26	assets	asset_house	нет	3066	{ "action": "enter", "slot": 1, "item": "assets", "title": "Ассеты", "via": "ray" }
1789480731.572	folder	lens	0.11	0	0.26	assets	asset_house		3067	{ "folder": "assets", "items": 8 }
1789480731.580	active	lens	0.11	0	0.26	assets	asset_house		3075	{ "key": "(29, -9)", "slot": 0 }
1789480732.561	select	lens	0.11	0	0.26	assets	asset_house	да	4055	{ "action": "close", "slot": 2, "item": "asset_house", "title": "Дом", "via": "ray" }
1789480733.261	задание	lens	0.11	0	0.26	assets	set_vignette			
1789480733.984	folder	lens	0.11	0	0.26	assets	set_vignette		722	{ "folder": "assets", "items": 8 }
1789480733.984	toggle	lens	0.11	0	0.26	assets	set_vignette		722	{ "open": true }
1789480733.994	active	lens	0.11	0	0.26	assets	set_vignette		733	{ "key": "(29, -9)", "slot": 0 }
1789480734.761	back	lens	0.11	0	0.26		set_vignette		1499	{ "action": "back" }
1789480734.761	folder	lens	0.11	0	0.26		set_vignette		1500	{ "folder": "", "items": 11 }
1789480734.769	active	lens	0.11	0	0.26		set_vignette		1508	{ "key": "(37, -10)", "slot": 0 }
1789480736.394	select	lens	0.11	0	0.26	scene	set_vignette	нет	3132	{ "action": "enter", "slot": 0, "item": "scene", "title": "Сцена", "via": "ray" }
1789480736.394	folder	lens	0.11	0	0.26	scene	set_vignette		3133	{ "folder": "scene", "items": 8 }
1789480736.402	active	lens	0.11	0	0.26	scene	set_vignette		3141	{ "key": "(34, -13)", "slot": 0 }
1789480739.238	back	lens	0.11	0	0.26		set_vignette		5976	{ "action": "back" }
1789480739.239	folder	lens	0.11	0	0.26		set_vignette		5977	{ "folder": "", "items": 11 }
1789480739.247	active	lens	0.11	0	0.26		set_vignette		5985	{ "key": "(37, -10)", "slot": 0 }
1789480741.705	select	lens	0.11	0	0.26	tools	set_vignette	нет	8444	{ "action": "enter", "slot": 3, "item": "tools", "title": "Инструменты", "via": "ray" }
1789480741.706	folder	lens	0.11	0	0.26	tools	set_vignette		8444	{ "folder": "tools", "items": 6 }
1789480741.714	active	lens	0.11	0	0.26	tools	set_vignette		8452	{ "key": "(33, -13)", "slot": 0 }
1789480744.405	back	lens	0.11	0	0.26		set_vignette		11143	{ "action": "back" }
1789480744.405	folder	lens	0.11	0	0.26		set_vignette		11144	{ "folder": "", "items": 11 }
1789480744.414	active	lens	0.11	0	0.26		set_vignette		11152	{ "key": "(37, -10)", "slot": 0 }
1789480745.283	select	lens	0.11	0	0.26	settings	set_vignette	нет	12022	{ "action": "enter", "slot": 4, "item": "settings", "title": "Настройки", "via": "ray" }
1789480745.284	folder	lens	0.11	0	0.26	settings	set_vignette		12022	{ "folder": "settings", "items": 5 }
1789480745.292	active	lens	0.11	0	0.26	settings	set_vignette		12030	{ "key": "(33, -14)", "slot": 0 }
1789480746.828	select	lens	0.11	0	0.26	settings	set_vignette	да	13566	{ "action": "stay", "slot": 1, "item": "set_vignette", "title": "Виньетка", "via": "ray" }
1789480748.017	задание	lens	0.11	0	0.26	settings	tool_snap			
1789480749.350	toggle	lens	0.11	0	0.26	settings	tool_snap		1333	{ "open": false }
1789480749.750	folder	lens	0.11	0	0.26	settings	tool_snap		1733	{ "folder": "settings", "items": 5 }
1789480749.750	toggle	lens	0.11	0	0.26	settings	tool_snap		1733	{ "open": true }
1789480749.760	active	lens	0.11	0	0.26	settings	tool_snap		1744	{ "key": "(33, -14)", "slot": 0 }
1789480751.083	back	lens	0.11	0	0.26		tool_snap		3066	{ "action": "back" }
1789480751.083	folder	lens	0.11	0	0.26		tool_snap		3066	{ "folder": "", "items": 11 }
1789480751.091	active	lens	0.11	0	0.26		tool_snap		3074	{ "key": "(37, -10)", "slot": 0 }
1789480752.728	select	lens	0.11	0	0.26	assets	tool_snap	нет	4711	{ "action": "enter", "slot": 1, "item": "assets", "title": "Ассеты", "via": "ray" }
1789480752.728	folder	lens	0.11	0	0.26	assets	tool_snap		4712	{ "folder": "assets", "items": 8 }
1789480752.736	active	lens	0.11	0	0.26	assets	tool_snap		4719	{ "key": "(29, -9)", "slot": 0 }
1789480753.672	back	lens	0.11	0	0.26		tool_snap		5656	{ "action": "back" }
1789480753.673	folder	lens	0.11	0	0.26		tool_snap		5656	{ "folder": "", "items": 11 }
1789480753.680	active	lens	0.11	0	0.26		tool_snap		5664	{ "key": "(37, -10)", "slot": 0 }
1789480754.816	select	lens	0.11	0	0.26	scene	tool_snap	нет	6800	{ "action": "enter", "slot": 0, "item": "scene", "title": "Сцена", "via": "ray" }
1789480754.817	folder	lens	0.11	0	0.26	scene	tool_snap		6800	{ "folder": "scene", "items": 8 }
1789480754.825	active	lens	0.11	0	0.26	scene	tool_snap		6808	{ "key": "(34, -13)", "slot": 0 }
1789480757.817	back	lens	0.11	0	0.26		tool_snap		9800	{ "action": "back" }
1789480757.817	folder	lens	0.11	0	0.26		tool_snap		9801	{ "folder": "", "items": 11 }
1789480757.825	active	lens	0.11	0	0.26		tool_snap		9808	{ "key": "(37, -10)", "slot": 0 }
1789480758.639	select	lens	0.11	0	0.26	settings	tool_snap	нет	10623	{ "action": "enter", "slot": 4, "item": "settings", "title": "Настройки", "via": "ray" }
1789480758.640	folder	lens	0.11	0	0.26	settings	tool_snap		10623	{ "folder": "settings", "items": 5 }
1789480758.647	active	lens	0.11	0	0.26	settings	tool_snap		10631	{ "key": "(33, -14)", "slot": 0 }
1789480760.461	back	lens	0.11	0	0.26		tool_snap		12445	{ "action": "back" }
1789480760.462	folder	lens	0.11	0	0.26		tool_snap		12445	{ "folder": "", "items": 11 }
1789480760.469	active	lens	0.11	0	0.26		tool_snap		12453	{ "key": "(37, -10)", "slot": 0 }
1789480766.106	select	lens	0.11	0	0.26	tools	tool_snap	нет	18089	{ "action": "enter", "slot": 3, "item": "tools", "title": "Инструменты", "via": "ray" }
1789480766.106	folder	lens	0.11	0	0.26	tools	tool_snap		18090	{ "folder": "tools", "items": 6 }
1789480766.114	active	lens	0.11	0	0.26	tools	tool_snap		18097	{ "key": "(33, -13)", "slot": 0 }
1789480767.705	select	lens	0.11	0	0.26	tools	tool_snap	да	19689	{ "action": "stay", "slot": 3, "item": "tool_snap", "title": "Привязка", "via": "ray" }
1789480768.972	задание	lens	0.11	0	0.26	tools	scene_new			
1789480770.894	back	lens	0.11	0	0.26		scene_new		1923	{ "action": "back" }
1789480770.895	folder	lens	0.11	0	0.26		scene_new		1923	{ "folder": "", "items": 11 }
1789480770.902	active	lens	0.11	0	0.26		scene_new		1931	{ "key": "(37, -10)", "slot": 0 }
1789480771.605	select	lens	0.11	0	0.26	scene	scene_new	нет	2633	{ "action": "enter", "slot": 0, "item": "scene", "title": "Сцена", "via": "ray" }
1789480771.605	folder	lens	0.11	0	0.26	scene	scene_new		2634	{ "folder": "scene", "items": 8 }
1789480771.613	active	lens	0.11	0	0.26	scene	scene_new		2642	{ "key": "(34, -13)", "slot": 0 }
1789480772.328	select	lens	0.11	0	0.26	scene	scene_new	да	3356	{ "action": "close", "slot": 0, "item": "scene_new", "title": "Новая сцена", "via": "ray" }
1789480773.228	задание	lens	0.11	0	0.26	scene	scene_spawn			
1789480774.395	folder	lens	0.11	0	0.26	scene	scene_spawn		1167	{ "folder": "scene", "items": 8 }
1789480774.395	toggle	lens	0.11	0	0.26	scene	scene_spawn		1167	{ "open": true }
1789480774.405	active	lens	0.11	0	0.26	scene	scene_spawn		1178	{ "key": "(34, -13)", "slot": 0 }
1789480778.283	select	lens	0.11	0	0.26	scene	scene_spawn	да	5055	{ "action": "close", "slot": 6, "item": "scene_spawn", "title": "Точка старта", "via": "ray" }
1789480780.406	задание	lens	0.11	0	0.26	scene	redo			
1789480781.539	folder	lens	0.11	0	0.26	scene	redo		1134	{ "folder": "scene", "items": 8 }
1789480781.539	toggle	lens	0.11	0	0.26	scene	redo		1134	{ "open": true }
1789480781.550	active	lens	0.11	0	0.26	scene	redo		1145	{ "key": "(34, -13)", "slot": 0 }
1789480782.861	back	lens	0.11	0	0.26		redo		2455	{ "action": "back" }
1789480782.861	folder	lens	0.11	0	0.26		redo		2456	{ "folder": "", "items": 11 }
1789480782.870	active	lens	0.11	0	0.26		redo		2464	{ "key": "(37, -10)", "slot": 0 }
1789480784.703	active	lens	0.11	0	0.26		redo		4297	{ "key": "(36, -10)", "slot": -1 }
1789480784.903	active	lens	0.11	0	0.26		redo		4497	{ "key": "(35, -10)", "slot": -2 }
1789480785.258	active	lens	0.11	0	0.26		redo		4853	{ "key": "(36, -10)", "slot": -1 }
1789480785.391	active	lens	0.11	0	0.26		redo		4986	{ "key": "(37, -11)", "slot": 5 }
1789480785.592	active	lens	0.11	0	0.26		redo		5186	{ "key": "(38, -12)", "slot": -2 }
1789480785.858	active	lens	0.11	0	0.26		redo		5452	{ "key": "(37, -11)", "slot": 5 }
1789480786.002	active	lens	0.11	0	0.26		redo		5597	{ "key": "(36, -11)", "slot": -2 }
1789480786.180	active	lens	0.11	0	0.26		redo		5775	{ "key": "(35, -10)", "slot": -2 }
1789480786.513	active	lens	0.11	0	0.26		redo		6108	{ "key": "(36, -11)", "slot": -2 }
1789480786.636	active	lens	0.11	0	0.26		redo		6230	{ "key": "(37, -11)", "slot": 5 }
1789480786.880	active	lens	0.11	0	0.26		redo		6475	{ "key": "(38, -12)", "slot": -2 }
1789480786.924	active	lens	0.11	0	0.26		redo		6519	{ "key": "(38, -11)", "slot": 4 }
1789480787.047	active	lens	0.11	0	0.26		redo		6641	{ "key": "(37, -11)", "slot": 5 }
1789480787.258	active	lens	0.11	0	0.26		redo		6852	{ "key": "(36, -11)", "slot": -2 }
1789480787.414	active	lens	0.11	0	0.26		redo		7009	{ "key": "(35, -10)", "slot": -2 }
1789480787.569	active	lens	0.11	0	0.26		redo		7163	{ "key": "(34, -10)", "slot": -2 }
1789480787.814	active	lens	0.11	0	0.26		redo		7408	{ "key": "(33, -10)", "slot": -2 }
1789480787.947	active	lens	0.11	0	0.26		redo		7541	{ "key": "(32, -9)", "slot": -2 }
1789480788.181	active	lens	0.11	0	0.26		redo		7775	{ "key": "(31, -8)", "slot": -2 }
1789480788.425	active	lens	0.11	0	0.26		redo		8019	{ "key": "(30, -7)", "slot": -2 }
1789480788.670	active	lens	0.11	0	0.26		redo		8264	{ "key": "(29, -6)", "slot": -2 }
1789480788.947	active	lens	0.11	0	0.26		redo		8541	{ "key": "(28, -5)", "slot": -2 }
1789480789.036	active	lens	0.11	0	0.26		redo		8630	{ "key": "(29, -5)", "slot": -2 }
1789480789.147	active	lens	0.11	0	0.26		redo		8741	{ "key": "(28, -4)", "slot": -2 }
1789480789.247	active	lens	0.11	0	0.26		redo		8841	{ "key": "(29, -4)", "slot": -2 }
1789480789.336	active	lens	0.11	0	0.26		redo		8930	{ "key": "(30, -5)", "slot": -2 }
1789480789.602	active	lens	0.11	0	0.26		redo		9197	{ "key": "(31, -5)", "slot": -2 }
1789480789.914	active	lens	0.11	0	0.26		redo		9508	{ "key": "(32, -5)", "slot": -2 }
1789480790.214	active	lens	0.11	0	0.26		redo		9809	{ "key": "(33, -5)", "slot": -2 }
1789480790.447	active	lens	0.11	0	0.26		redo		10041	{ "key": "(33, -4)", "slot": -2 }
1789480790.725	active	lens	0.11	0	0.26		redo		10319	{ "key": "(34, -5)", "slot": -2 }
1789480790.869	active	lens	0.11	0	0.26		redo		10464	{ "key": "(35, -5)", "slot": -2 }
1789480791.047	active	lens	0.11	0	0.26		redo		10641	{ "key": "(36, -6)", "slot": -2 }
1789480791.158	active	lens	0.11	0	0.26		redo		10752	{ "key": "(37, -6)", "slot": -2 }
1789480791.336	active	lens	0.11	0	0.26		redo		10930	{ "key": "(38, -7)", "slot": -2 }
1789480791.536	active	lens	0.11	0	0.26		redo		11130	{ "key": "(39, -8)", "slot": -2 }
1789480791.803	active	lens	0.11	0	0.26		redo		11397	{ "key": "(40, -9)", "slot": -2 }
1789480791.880	active	lens	0.11	0	0.26		redo		11474	{ "key": "(39, -9)", "slot": -2 }
1789480791.970	active	lens	0.11	0	0.26		redo		11564	{ "key": "(40, -10)", "slot": -2 }
1789480792.136	active	lens	0.11	0	0.26		redo		11730	{ "key": "(39, -10)", "slot": 10 }
1789480792.302	active	lens	0.11	0	0.26		redo		11897	{ "key": "(39, -11)", "slot": -2 }
1789480792.591	active	lens	0.11	0	0.26		redo		12186	{ "key": "(38, -11)", "slot": 4 }
1789480792.824	active	lens	0.11	0	0.26		redo		12419	{ "key": "(38, -10)", "slot": 3 }
1789480794.381	active	lens	0.11	0	0.26		redo		13975	{ "key": "(37, -10)", "slot": 0 }
1789480794.570	active	lens	0.11	0	0.26		redo		14164	{ "key": "(37, -11)", "slot": 5 }
1789480794.736	active	lens	0.11	0	0.26		redo		14330	{ "key": "(36, -10)", "slot": -1 }
1789480794.869	active	lens	0.11	0	0.26		redo		14463	{ "key": "(37, -10)", "slot": 0 }
1789480795.147	active	lens	0.11	0	0.26		redo		14741	{ "key": "(37, -9)", "slot": 2 }
1789480795.728	select	lens	0.11	0	0.26		redo	да	15322	{ "action": "stay", "slot": 7, "item": "redo", "title": "Повторить", "via": "ray" }
1789480797.061	задание	lens	0.11	0	0.26		undo			
1789480799.350	select	lens	0.11	0	0.26		undo	да	2288	{ "action": "stay", "slot": 6, "item": "undo", "title": "Отменить", "via": "ray" }
1789480801.727	задание	lens	0.11	0	0.26		asset_import			
1789480807.494	select	lens	0.11	0	0.26	scene	asset_import	нет	5767	{ "action": "enter", "slot": 0, "item": "scene", "title": "Сцена", "via": "ray" }
1789480807.495	folder	lens	0.11	0	0.26	scene	asset_import		5767	{ "folder": "scene", "items": 8 }
1789480807.502	active	lens	0.11	0	0.26	scene	asset_import		5775	{ "key": "(34, -13)", "slot": 0 }
1789480809.458	active	lens	0.11	0	0.26	scene	asset_import		7731	{ "key": "(34, -12)", "slot": 2 }
1789480811.025	active	lens	0.11	0	0.26	scene	asset_import		9297	{ "key": "(35, -12)", "slot": -2 }
1789480811.480	active	lens	0.11	0	0.26	scene	asset_import		9753	{ "key": "(35, -13)", "slot": 3 }
1789480811.659	active	lens	0.11	0	0.26	scene	asset_import		9931	{ "key": "(35, -14)", "slot": 4 }
1789480812.291	active	lens	0.11	0	0.26	scene	asset_import		10564	{ "key": "(35, -13)", "slot": 3 }
1789480813.494	back	lens	0.11	0	0.26		asset_import		11767	{ "action": "back" }
1789480813.495	folder	lens	0.11	0	0.26		asset_import		11767	{ "folder": "", "items": 11 }
1789480813.503	active	lens	0.11	0	0.26		asset_import		11775	{ "key": "(37, -9)", "slot": 2 }
1789480816.950	select	lens	0.11	0	0.26	assets	asset_import	нет	15222	{ "action": "enter", "slot": 1, "item": "assets", "title": "Ассеты", "via": "ray" }
1789480816.950	folder	lens	0.11	0	0.26	assets	asset_import		15223	{ "folder": "assets", "items": 8 }
1789480816.958	active	lens	0.11	0	0.26	assets	asset_import		15230	{ "key": "(29, -9)", "slot": 0 }
1789480817.894	select	lens	0.11	0	0.26	assets	asset_import	да	16167	{ "action": "stay", "slot": 7, "item": "asset_import", "title": "Импорт", "via": "ray" }
1789480819.161	задание	lens	0.11	0	0.26	assets	light_night			
1789480821.261	back	lens	0.11	0	0.26		light_night		2100	{ "action": "back" }
1789480821.262	folder	lens	0.11	0	0.26		light_night		2101	{ "folder": "", "items": 11 }
1789480821.269	active	lens	0.11	0	0.26		light_night		2109	{ "key": "(37, -9)", "slot": 2 }
1789480822.894	select	lens	0.11	0	0.26	scene	light_night	нет	3733	{ "action": "enter", "slot": 0, "item": "scene", "title": "Сцена", "via": "ray" }
1789480822.894	folder	lens	0.11	0	0.26	scene	light_night		3734	{ "folder": "scene", "items": 8 }
1789480822.903	active	lens	0.11	0	0.26	scene	light_night		3742	{ "key": "(35, -13)", "slot": 3 }
1789480823.914	active	lens	0.11	0	0.26	scene	light_night		4753	{ "key": "(35, -14)", "slot": 4 }
1789480824.058	active	lens	0.11	0	0.26	scene	light_night		4898	{ "key": "(34, -14)", "slot": 5 }
1789480824.547	active	lens	0.11	0	0.26	scene	light_night		5386	{ "key": "(33, -13)", "slot": -1 }
1789480824.925	active	lens	0.11	0	0.26	scene	light_night		5764	{ "key": "(33, -12)", "slot": 1 }
1789480825.903	active	lens	0.11	0	0.26	scene	light_night		6742	{ "key": "(34, -13)", "slot": 0 }
1789480826.047	active	lens	0.11	0	0.26	scene	light_night		6886	{ "key": "(35, -13)", "slot": 3 }
1789480826.758	active	lens	0.11	0	0.26	scene	light_night		7597	{ "key": "(34, -13)", "slot": 0 }
1789480826.914	active	lens	0.11	0	0.26	scene	light_night		7753	{ "key": "(33, -12)", "slot": 1 }
1789480827.572	back	lens	0.11	0	0.26		light_night		8411	{ "action": "back" }
1789480827.573	folder	lens	0.11	0	0.26		light_night		8412	{ "folder": "", "items": 11 }
1789480827.581	active	lens	0.11	0	0.26		light_night		8420	{ "key": "(37, -9)", "slot": 2 }
1789480830.592	active	lens	0.11	0	0.26		light_night		11431	{ "key": "(38, -9)", "slot": 9 }
1789480831.017	select	lens	0.11	0	0.26	tools	light_night	нет	11856	{ "action": "enter", "slot": 3, "item": "tools", "title": "Инструменты", "via": "ray" }
1789480831.017	folder	lens	0.11	0	0.26	tools	light_night		11857	{ "folder": "tools", "items": 6 }
1789480831.025	active	lens	0.11	0	0.26	tools	light_night		11864	{ "key": "(33, -13)", "slot": 0 }
1789480832.705	back	lens	0.11	0	0.26		light_night		13545	{ "action": "back" }
1789480832.706	folder	lens	0.11	0	0.26		light_night		13545	{ "folder": "", "items": 11 }
1789480832.714	active	lens	0.11	0	0.26		light_night		13553	{ "key": "(38, -9)", "slot": 9 }
1789480833.914	active	lens	0.11	0	0.26		light_night		14753	{ "key": "(39, -10)", "slot": 10 }
1789480834.114	active	lens	0.11	0	0.26		light_night		14953	{ "key": "(39, -11)", "slot": -2 }
1789480834.492	active	lens	0.11	0	0.26		light_night		15331	{ "key": "(38, -11)", "slot": 4 }
1789480834.680	active	lens	0.11	0	0.26		light_night		15520	{ "key": "(37, -11)", "slot": 5 }
1789480835.136	active	lens	0.11	0	0.26		light_night		15975	{ "key": "(36, -10)", "slot": -1 }
1789480835.736	active	lens	0.11	0	0.26		light_night		16575	{ "key": "(37, -10)", "slot": 0 }
1789480836.836	active	lens	0.11	0	0.26		light_night		17675	{ "key": "(36, -9)", "slot": 1 }
1789480837.950	select	lens	0.11	0	0.26	assets	light_night	нет	18789	{ "action": "enter", "slot": 1, "item": "assets", "title": "Ассеты", "via": "ray" }
1789480837.950	folder	lens	0.11	0	0.26	assets	light_night		18790	{ "folder": "assets", "items": 8 }
1789480837.959	active	lens	0.11	0	0.26	assets	light_night		18798	{ "key": "(29, -9)", "slot": 0 }
1789480839.627	back	lens	0.11	0	0.26		light_night		20467	{ "action": "back" }
1789480839.628	folder	lens	0.11	0	0.26		light_night		20467	{ "folder": "", "items": 11 }
1789480839.636	active	lens	0.11	0	0.26		light_night		20475	{ "key": "(36, -9)", "slot": 1 }
1789480840.516	select	lens	0.11	0	0.26	scene	light_night	нет	21356	{ "action": "enter", "slot": 0, "item": "scene", "title": "Сцена", "via": "ray" }
1789480840.517	folder	lens	0.11	0	0.26	scene	light_night		21356	{ "folder": "scene", "items": 8 }
1789480840.525	active	lens	0.11	0	0.26	scene	light_night		21364	{ "key": "(33, -12)", "slot": 1 }
1789480842.247	active	lens	0.11	0	0.26	scene	light_night		23086	{ "key": "(34, -13)", "slot": 0 }
1789480842.425	active	lens	0.11	0	0.26	scene	light_night		23264	{ "key": "(35, -13)", "slot": 3 }
1789480843.228	select	lens	0.11	0	0.26	scene_light	light_night	нет	24067	{ "action": "enter", "slot": 2, "item": "scene_light", "title": "Свет", "via": "ray" }
1789480843.228	folder	lens	0.11	0	0.26	scene_light	light_night		24067	{ "folder": "scene_light", "items": 5 }
1789480843.236	active	lens	0.11	0	0.26	scene_light	light_night		24075	{ "key": "(35, -13)", "slot": 0 }
1789480844.528	select	lens	0.11	0	0.26	scene_light	light_night	да	25367	{ "action": "stay", "slot": 4, "item": "light_night", "title": "Ночь", "via": "ray" }
1789480845.672	задание	lens	0.11	0	0.26	scene_light	asset_lantern			
1789480847.638	back	lens	0.11	0	0.26	scene	asset_lantern		1966	{ "action": "back" }
1789480847.639	folder	lens	0.11	0	0.26	scene	asset_lantern		1966	{ "folder": "scene", "items": 8 }
1789480847.647	active	lens	0.11	0	0.26	scene	asset_lantern		1974	{ "key": "(35, -13)", "slot": 3 }
1789480848.461	select	lens	0.11	0	0.26	scene_light	asset_lantern	нет	2788	{ "action": "enter", "slot": 2, "item": "scene_light", "title": "Свет", "via": "ray" }
1789480848.461	folder	lens	0.11	0	0.26	scene_light	asset_lantern		2789	{ "folder": "scene_light", "items": 5 }
1789480848.469	active	lens	0.11	0	0.26	scene_light	asset_lantern		2797	{ "key": "(35, -13)", "slot": 0 }
1789480849.083	back	lens	0.11	0	0.26	scene	asset_lantern		3411	{ "action": "back" }
1789480849.084	folder	lens	0.11	0	0.26	scene	asset_lantern		3411	{ "folder": "scene", "items": 8 }
1789480849.091	active	lens	0.11	0	0.26	scene	asset_lantern		3419	{ "key": "(35, -13)", "slot": 3 }
1789480850.828	back	lens	0.11	0	0.26		asset_lantern		5155	{ "action": "back" }
1789480850.828	folder	lens	0.11	0	0.26		asset_lantern		5156	{ "folder": "", "items": 11 }
1789480850.836	active	lens	0.11	0	0.26		asset_lantern		5163	{ "key": "(36, -9)", "slot": 1 }
1789480851.761	select	lens	0.11	0	0.26	assets	asset_lantern	нет	6088	{ "action": "enter", "slot": 1, "item": "assets", "title": "Ассеты", "via": "ray" }
1789480851.761	folder	lens	0.11	0	0.26	assets	asset_lantern		6089	{ "folder": "assets", "items": 8 }
1789480851.769	active	lens	0.11	0	0.26	assets	asset_lantern		6097	{ "key": "(29, -9)", "slot": 0 }
1789480852.583	select	lens	0.11	0	0.26	assets	asset_lantern	да	6911	{ "action": "close", "slot": 6, "item": "asset_lantern", "title": "Свет", "via": "ray" }
1789480853.495	задание	lens	0.11	0	0.26	assets	file_cave			
1789480856.039	param	globe	0.11	3	0.0	assets	file_cave		2544	{ "strategy": "globe", "radius": 0.11, "freq": 3, "alpha": 0.0, "folder": "assets" }
1789480856.606	задание	globe	0.11	3	0.0	assets	file_harbor			
1789480856.928	задание	globe	0.11	3	0.0	assets	scene_delete			
1789480857.183	задание	globe	0.11	3	0.0	assets	tool_rotate			
1789480857.361	задание	globe	0.11	3	0.0	assets	asset_barrel			
1789480858.706	folder	globe	0.11	3	0.0	assets	asset_barrel		1345	{ "folder": "assets", "items": 8 }
1789480858.706	toggle	globe	0.11	3	0.0	assets	asset_barrel		1345	{ "open": true }
1789480858.717	active	globe	0.11	3	0.0	assets	asset_barrel		1356	{ "key": "17", "slot": 0 }
1789480859.316	toggle	globe	0.11	3	0.0	assets	asset_barrel		1956	{ "open": false }
1789480859.839	folder	globe	0.11	3	0.0	assets	asset_barrel		2479	{ "folder": "assets", "items": 8 }
1789480859.839	toggle	globe	0.11	3	0.0	assets	asset_barrel		2479	{ "open": true }
1789480859.850	active	globe	0.11	3	0.0	assets	asset_barrel		2489	{ "key": "27", "slot": 0 }
1789480860.594	param	lens	0.11	0	0.26	assets	asset_barrel		3234	{ "strategy": "lens", "radius": 0.11, "freq": 0, "alpha": 0.26, "folder": "assets" }
1789480860.605	active	lens	0.11	0	0.26	assets	asset_barrel		3245	{ "key": "(29, -9)", "slot": 0 }
1789480861.258	active	lens	0.11	0	0.26	assets	asset_barrel		3897	{ "key": "(30, -10)", "slot": 4 }
1789480861.425	active	lens	0.11	0	0.26	assets	asset_barrel		4064	{ "key": "(30, -11)", "slot": -2 }
1789480861.580	active	lens	0.11	0	0.26	assets	asset_barrel		4220	{ "key": "(29, -10)", "slot": 5 }
1789480861.917	param	globe	0.11	3	0.0	assets	asset_barrel		4556	{ "strategy": "globe", "radius": 0.11, "freq": 3, "alpha": 0.0, "folder": "assets" }
1789480861.925	active	globe	0.11	3	0.0	assets	asset_barrel		4564	{ "key": "27", "slot": 0 }
1789480862.783	active	globe	0.11	3	0.0	assets	asset_barrel		5423	{ "key": "26", "slot": 1 }
1789480862.928	active	globe	0.11	3	0.0	assets	asset_barrel		5567	{ "key": "24", "slot": 7 }
1789480863.083	active	globe	0.11	3	0.0	assets	asset_barrel		5723	{ "key": "30", "slot": -2 }
1789480863.394	active	globe	0.11	3	0.0	assets	asset_barrel		6034	{ "key": "24", "slot": 7 }
1789480863.505	active	globe	0.11	3	0.0	assets	asset_barrel		6145	{ "key": "23", "slot": -2 }
1789480863.528	active	globe	0.11	3	0.0	assets	asset_barrel		6167	{ "key": "26", "slot": 1 }
1789480864.072	active	globe	0.11	3	0.0	assets	asset_barrel		6712	{ "key": "27", "slot": 0 }
1789480864.461	active	globe	0.11	3	0.0	assets	asset_barrel		7100	{ "key": "18", "slot": 4 }
1789480864.516	active	globe	0.11	3	0.0	assets	asset_barrel		7156	{ "key": "54", "slot": 5 }
1789480864.638	active	globe	0.11	3	0.0	assets	asset_barrel		7278	{ "key": "90", "slot": -2 }
1789480865.139	param	lens	0.11	0	0.26	assets	asset_barrel		7778	{ "strategy": "lens", "radius": 0.11, "freq": 0, "alpha": 0.26, "folder": "assets" }
1789480865.150	active	lens	0.11	0	0.26	assets	asset_barrel		7789	{ "key": "(29, -10)", "slot": 0 }
1789480865.826	active	lens	0.11	0	0.26	assets	asset_barrel		8465	{ "key": "(30, -11)", "slot": 4 }
1789480866.014	active	lens	0.11	0	0.26	assets	asset_barrel		8653	{ "key": "(31, -12)", "slot": -2 }
1789480866.236	active	lens	0.11	0	0.26	assets	asset_barrel		8875	{ "key": "(32, -13)", "slot": -2 }
1789480866.336	active	lens	0.11	0	0.26	assets	asset_barrel		8975	{ "key": "(32, -12)", "slot": -2 }
1789480866.558	active	lens	0.11	0	0.26	assets	asset_barrel		9197	{ "key": "(33, -12)", "slot": -2 }
1789480866.725	active	lens	0.11	0	0.26	assets	asset_barrel		9364	{ "key": "(32, -11)", "slot": -2 }
1789480866.770	active	lens	0.11	0	0.26	assets	asset_barrel		9409	{ "key": "(33, -11)", "slot": -2 }
1789480866.936	active	lens	0.11	0	0.26	assets	asset_barrel		9575	{ "key": "(33, -10)", "slot": -2 }
1789480867.091	active	lens	0.11	0	0.26	assets	asset_barrel		9731	{ "key": "(32, -9)", "slot": -2 }
1789480867.358	active	lens	0.11	0	0.26	assets	asset_barrel		9998	{ "key": "(32, -10)", "slot": -2 }
1789480867.691	active	lens	0.11	0	0.26	assets	asset_barrel		10331	{ "key": "(31, -10)", "slot": -2 }
1789480867.725	active	lens	0.11	0	0.26	assets	asset_barrel		10364	{ "key": "(32, -11)", "slot": -2 }
1789480868.058	active	lens	0.11	0	0.26	assets	asset_barrel		10698	{ "key": "(32, -12)", "slot": -2 }
1789480868.203	active	lens	0.11	0	0.26	assets	asset_barrel		10842	{ "key": "(31, -12)", "slot": -2 }
1789480868.402	active	lens	0.11	0	0.26	assets	asset_barrel		11042	{ "key": "(31, -13)", "slot": -2 }
1789480868.580	active	lens	0.11	0	0.26	assets	asset_barrel		11220	{ "key": "(30, -13)", "slot": -2 }
1789480868.692	active	lens	0.11	0	0.26	assets	asset_barrel		11331	{ "key": "(30, -14)", "slot": -2 }
1789480868.881	active	lens	0.11	0	0.26	assets	asset_barrel		11520	{ "key": "(29, -14)", "slot": -2 }
1789480869.080	active	lens	0.11	0	0.26	assets	asset_barrel		11720	{ "key": "(28, -14)", "slot": -2 }
1789480869.281	active	lens	0.11	0	0.26	assets	asset_barrel		11920	{ "key": "(27, -13)", "slot": -2 }
1789480869.402	active	lens	0.11	0	0.26	assets	asset_barrel		12042	{ "key": "(26, -13)", "slot": -2 }
1789480869.614	active	lens	0.11	0	0.26	assets	asset_barrel		12253	{ "key": "(25, -12)", "slot": -2 }
1789480869.825	active	lens	0.11	0	0.26	assets	asset_barrel		12464	{ "key": "(24, -11)", "slot": -2 }
1789480870.025	active	lens	0.11	0	0.26	assets	asset_barrel		12665	{ "key": "(23, -10)", "slot": -2 }
1789480870.236	active	lens	0.11	0	0.26	assets	asset_barrel		12876	{ "key": "(22, -9)", "slot": -2 }
1789480870.403	active	lens	0.11	0	0.26	assets	asset_barrel		13043	{ "key": "(22, -8)", "slot": -2 }
1789480870.614	active	lens	0.11	0	0.26	assets	asset_barrel		13253	{ "key": "(22, -7)", "slot": -2 }
1789480870.814	active	lens	0.11	0	0.26	assets	asset_barrel		13453	{ "key": "(21, -6)", "slot": -2 }
1789480870.848	active	lens	0.11	0	0.26	assets	asset_barrel		13487	{ "key": "(22, -6)", "slot": -2 }
1789480871.025	active	lens	0.11	0	0.26	assets	asset_barrel		13664	{ "key": "(22, -5)", "slot": -2 }
1789480871.247	active	lens	0.11	0	0.26	assets	asset_barrel		13887	{ "key": "(23, -5)", "slot": -2 }
1789480871.403	active	lens	0.11	0	0.26	assets	asset_barrel		14042	{ "key": "(23, -4)", "slot": -2 }
1789480871.570	active	lens	0.11	0	0.26	assets	asset_barrel		14209	{ "key": "(24, -4)", "slot": -2 }
1789480871.769	active	lens	0.11	0	0.26	assets	asset_barrel		14409	{ "key": "(25, -5)", "slot": -2 }
1789480871.836	active	lens	0.11	0	0.26	assets	asset_barrel		14475	{ "key": "(25, -4)", "slot": -2 }
1789480871.903	active	lens	0.11	0	0.26	assets	asset_barrel		14542	{ "key": "(26, -5)", "slot": -2 }
1789480872.125	active	lens	0.11	0	0.26	assets	asset_barrel		14764	{ "key": "(27, -5)", "slot": -2 }
1789480872.258	active	lens	0.11	0	0.26	assets	asset_barrel		14897	{ "key": "(28, -6)", "slot": -2 }
1789480872.459	active	lens	0.11	0	0.26	assets	asset_barrel		15098	{ "key": "(29, -7)", "slot": -2 }
1789480872.647	active	lens	0.11	0	0.26	assets	asset_barrel		15286	{ "key": "(29, -8)", "slot": -2 }
1789480872.792	active	lens	0.11	0	0.26	assets	asset_barrel		15431	{ "key": "(30, -9)", "slot": -2 }
1789480873.014	active	lens	0.11	0	0.26	assets	asset_barrel		15653	{ "key": "(30, -10)", "slot": 3 }
1789480873.236	active	lens	0.11	0	0.26	assets	asset_barrel		15875	{ "key": "(30, -11)", "slot": 4 }
1789480873.316	param	globe	0.11	3	0.0	assets	asset_barrel		15956	{ "strategy": "globe", "radius": 0.11, "freq": 3, "alpha": 0.0, "folder": "assets" }
1789480873.325	active	globe	0.11	3	0.0	assets	asset_barrel		15964	{ "key": "90", "slot": 0 }
1789480875.916	back	globe	0.11	3	0.0		asset_barrel		18556	{ "action": "back" }
1789480875.917	folder	globe	0.11	3	0.0		asset_barrel		18557	{ "folder": "", "items": 11 }
1789480875.927	active	globe	0.11	3	0.0		asset_barrel		18567	{ "key": "90", "slot": 0 }
1789480876.917	param	lens	0.11	0	0.26		asset_barrel		19556	{ "strategy": "lens", "radius": 0.11, "freq": 0, "alpha": 0.26, "folder": "" }
1789480876.927	active	lens	0.11	0	0.26		asset_barrel		19567	{ "key": "(30, -11)", "slot": 0 }
1789480877.791	active	lens	0.11	0	0.26		asset_barrel		20431	{ "key": "(29, -10)", "slot": 1 }
1789480877.936	active	lens	0.11	0	0.26		asset_barrel		20575	{ "key": "(29, -9)", "slot": 7 }
1789480878.113	active	lens	0.11	0	0.26		asset_barrel		20753	{ "key": "(29, -8)", "slot": -2 }
1789480878.291	active	lens	0.11	0	0.26		asset_barrel		20930	{ "key": "(30, -8)", "slot": -2 }
1789480878.335	active	lens	0.11	0	0.26		asset_barrel		20975	{ "key": "(29, -7)", "slot": -2 }
1789480878.469	active	lens	0.11	0	0.26		asset_barrel		21108	{ "key": "(30, -7)", "slot": -2 }
1789480878.524	active	lens	0.11	0	0.26		asset_barrel		21164	{ "key": "(29, -6)", "slot": -2 }
1789480878.680	active	lens	0.11	0	0.26		asset_barrel		21319	{ "key": "(29, -5)", "slot": -2 }
1789480878.858	active	lens	0.11	0	0.26		asset_barrel		21497	{ "key": "(29, -4)", "slot": -2 }
1789480878.994	param	globe	0.11	3	0.0		asset_barrel		21633	{ "strategy": "globe", "radius": 0.11, "freq": 3, "alpha": 0.0, "folder": "" }
1789480879.002	active	globe	0.11	3	0.0		asset_barrel		21642	{ "key": "90", "slot": 0 }
1789480879.517	active	globe	0.11	3	0.0		asset_barrel		22156	{ "key": "82", "slot": 3 }
1789480879.683	active	globe	0.11	3	0.0		asset_barrel		22323	{ "key": "80", "slot": -2 }
1789480879.850	active	globe	0.11	3	0.0		asset_barrel		22489	{ "key": "84", "slot": -2 }
1789480880.017	active	globe	0.11	3	0.0		asset_barrel		22656	{ "key": "67", "slot": -2 }
1789480880.172	active	globe	0.11	3	0.0		asset_barrel		22811	{ "key": "33", "slot": -2 }
1789480880.205	active	globe	0.11	3	0.0		asset_barrel		22845	{ "key": "68", "slot": -2 }
1789480880.350	active	globe	0.11	3	0.0		asset_barrel		22989	{ "key": "87", "slot": -2 }
1789480880.517	active	globe	0.11	3	0.0		asset_barrel		23156	{ "key": "37", "slot": -2 }
1789480880.684	active	globe	0.11	3	0.0		asset_barrel		23323	{ "key": "6", "slot": -2 }
1789480880.850	active	globe	0.11	3	0.0		asset_barrel		23489	{ "key": "5", "slot": -2 }
1789480881.028	active	globe	0.11	3	0.0		asset_barrel		23667	{ "key": "4", "slot": -2 }
1789480881.195	active	globe	0.11	3	0.0		asset_barrel		23834	{ "key": "22", "slot": -2 }
1789480881.372	active	globe	0.11	3	0.0		asset_barrel		24012	{ "key": "25", "slot": -2 }
1789480881.539	active	globe	0.11	3	0.0		asset_barrel		24178	{ "key": "27", "slot": -2 }
1789480881.706	active	globe	0.11	3	0.0		asset_barrel		24345	{ "key": "54", "slot": 5 }
1789480881.883	active	globe	0.11	3	0.0		asset_barrel		24523	{ "key": "90", "slot": 0 }
1789480882.105	active	globe	0.11	3	0.0		asset_barrel		24745	{ "key": "54", "slot": 5 }
1789480882.261	active	globe	0.11	3	0.0		asset_barrel		24901	{ "key": "52", "slot": -2 }
1789480882.339	active	globe	0.11	3	0.0		asset_barrel		24978	{ "key": "27", "slot": -2 }
1789480882.383	active	globe	0.11	3	0.0		asset_barrel		25023	{ "key": "26", "slot": -2 }
1789480882.583	active	globe	0.11	3	0.0		asset_barrel		25223	{ "key": "52", "slot": -2 }
1789480882.706	active	globe	0.11	3	0.0		asset_barrel		25345	{ "key": "54", "slot": 5 }
1789480882.850	active	globe	0.11	3	0.0		asset_barrel		25489	{ "key": "90", "slot": 0 }
1789480883.028	active	globe	0.11	3	0.0		asset_barrel		25667	{ "key": "82", "slot": 3 }
1789480883.139	active	globe	0.11	3	0.0		asset_barrel		25778	{ "key": "57", "slot": 10 }
1789480883.384	active	globe	0.11	3	0.0		asset_barrel		26023	{ "key": "56", "slot": 2 }
1789480883.550	active	globe	0.11	3	0.0		asset_barrel		26189	{ "key": "55", "slot": 1 }
1789480883.928	param	lens	0.11	0	0.26		asset_barrel		26567	{ "strategy": "lens", "radius": 0.11, "freq": 0, "alpha": 0.26, "folder": "" }
1789480883.939	active	lens	0.11	0	0.26		asset_barrel		26578	{ "key": "(29, -4)", "slot": 0 }
1789480884.425	active	lens	0.11	0	0.26		asset_barrel		27064	{ "key": "(29, -5)", "slot": 5 }
1789480884.780	active	lens	0.11	0	0.26		asset_barrel		27420	{ "key": "(28, -4)", "slot": -1 }
1789480884.858	active	lens	0.11	0	0.26		asset_barrel		27498	{ "key": "(29, -4)", "slot": 0 }
1789480884.925	active	lens	0.11	0	0.26		asset_barrel		27564	{ "key": "(28, -3)", "slot": 1 }
1789480885.036	active	lens	0.11	0	0.26		asset_barrel		27675	{ "key": "(29, -3)", "slot": 2 }
1789480885.180	active	lens	0.11	0	0.26		asset_barrel		27820	{ "key": "(29, -2)", "slot": 8 }
1789480885.414	active	lens	0.11	0	0.26		asset_barrel		28054	{ "key": "(30, -2)", "slot": -2 }
1789480885.547	active	lens	0.11	0	0.26		asset_barrel		28186	{ "key": "(30, -1)", "slot": -2 }
1789480885.714	active	lens	0.11	0	0.26		asset_barrel		28353	{ "key": "(31, -2)", "slot": -2 }
1789480885.958	active	lens	0.11	0	0.26		asset_barrel		28597	{ "key": "(32, -3)", "slot": -2 }
1789480886.169	active	lens	0.11	0	0.26		asset_barrel		28809	{ "key": "(33, -4)", "slot": -2 }
1789480886.314	active	lens	0.11	0	0.26		asset_barrel		28953	{ "key": "(33, -5)", "slot": -2 }
1789480886.458	active	lens	0.11	0	0.26		asset_barrel		29097	{ "key": "(34, -6)", "slot": -2 }
1789480886.625	active	lens	0.11	0	0.26		asset_barrel		29264	{ "key": "(34, -7)", "slot": -2 }
1789480886.791	active	lens	0.11	0	0.26		asset_barrel		29431	{ "key": "(33, -6)", "slot": -2 }
1789480887.003	active	lens	0.11	0	0.26		asset_barrel		29642	{ "key": "(33, -5)", "slot": -2 }
1789480887.192	active	lens	0.11	0	0.26		asset_barrel		29831	{ "key": "(33, -4)", "slot": -2 }
1789480887.380	active	lens	0.11	0	0.26		asset_barrel		30020	{ "key": "(33, -3)", "slot": -2 }
1789480887.570	active	lens	0.11	0	0.26		asset_barrel		30209	{ "key": "(33, -2)", "slot": -2 }
1789480887.737	active	lens	0.11	0	0.26		asset_barrel		30376	{ "key": "(34, -2)", "slot": -2 }
1789480887.869	active	lens	0.11	0	0.26		asset_barrel		30509	{ "key": "(34, -1)", "slot": -2 }
1789480888.047	active	lens	0.11	0	0.26		asset_barrel		30686	{ "key": "(34, 0)", "slot": -2 }
1789480888.147	active	lens	0.11	0	0.26		asset_barrel		30786	{ "key": "(35, 0)", "slot": -2 }
1789480888.314	active	lens	0.11	0	0.26		asset_barrel		30953	{ "key": "(35, 1)", "slot": -2 }
1789480888.436	active	lens	0.11	0	0.26		asset_barrel		31075	{ "key": "(36, 1)", "slot": -2 }
1789480888.647	active	lens	0.11	0	0.26		asset_barrel		31286	{ "key": "(36, 2)", "slot": -2 }
1789480888.758	active	lens	0.11	0	0.26		asset_barrel		31398	{ "key": "(37, 2)", "slot": -2 }
1789480888.969	active	lens	0.11	0	0.26		asset_barrel		31609	{ "key": "(37, 3)", "slot": -2 }
1789480889.136	active	lens	0.11	0	0.26		asset_barrel		31775	{ "key": "(38, 3)", "slot": -2 }
1789480889.203	active	lens	0.11	0	0.26		asset_barrel		31842	{ "key": "(37, 4)", "slot": -2 }
1789480889.292	active	lens	0.11	0	0.26		asset_barrel		31931	{ "key": "(38, 4)", "slot": -2 }
1789480889.414	active	lens	0.11	0	0.26		asset_barrel		32053	{ "key": "(37, 5)", "slot": -2 }
1789480889.469	active	lens	0.11	0	0.26		asset_barrel		32109	{ "key": "(38, 5)", "slot": -2 }
1789480889.603	active	lens	0.11	0	0.26		asset_barrel		32242	{ "key": "(37, 6)", "slot": -2 }
1789480889.647	active	lens	0.11	0	0.26		asset_barrel		32286	{ "key": "(38, 6)", "slot": -2 }
1789480889.781	active	lens	0.11	0	0.26		asset_barrel		32420	{ "key": "(37, 7)", "slot": -2 }
1789480889.836	active	lens	0.11	0	0.26		asset_barrel		32475	{ "key": "(38, 7)", "slot": -2 }
1789480889.947	active	lens	0.11	0	0.26		asset_barrel		32587	{ "key": "(37, 8)", "slot": -2 }
1789480890.036	active	lens	0.11	0	0.26		asset_barrel		32675	{ "key": "(38, 8)", "slot": -2 }
1789480890.103	active	lens	0.11	0	0.26		asset_barrel		32742	{ "key": "(37, 9)", "slot": -2 }
1789480890.247	active	lens	0.11	0	0.26		asset_barrel		32886	{ "key": "(37, 10)", "slot": -2 }
1789480890.425	active	lens	0.11	0	0.26		asset_barrel		33064	{ "key": "(37, 11)", "slot": -2 }
1789480890.614	active	lens	0.11	0	0.26		asset_barrel		33253	{ "key": "(37, 12)", "slot": -2 }
1789480890.792	active	lens	0.11	0	0.26		asset_barrel		33431	{ "key": "(37, 13)", "slot": -2 }
1789480890.969	active	lens	0.11	0	0.26		asset_barrel		33609	{ "key": "(37, 14)", "slot": -2 }
1789480891.147	active	lens	0.11	0	0.26		asset_barrel		33786	{ "key": "(37, 15)", "slot": -2 }
1789480891.772	toggle	lens	0.11	0	0.26		asset_barrel		34411	{ "open": false }
1789480892.006	folder	lens	0.11	0	0.26		asset_barrel		34645	{ "folder": "", "items": 11 }
1789480892.006	toggle	lens	0.11	0	0.26		asset_barrel		34646	{ "open": true }
1789480892.017	active	lens	0.11	0	0.26		asset_barrel		34656	{ "key": "(37, 15)", "slot": 0 }
1789480893.414	active	lens	0.11	0	0.26		asset_barrel		36054	{ "key": "(37, 14)", "slot": 5 }
1789480893.591	active	lens	0.11	0	0.26		asset_barrel		36231	{ "key": "(37, 13)", "slot": -2 }
1789480893.758	active	lens	0.11	0	0.26		asset_barrel		36398	{ "key": "(36, 13)", "slot": -2 }
1789480893.814	active	lens	0.11	0	0.26		asset_barrel		36454	{ "key": "(37, 12)", "slot": -2 }
1789480894.036	active	lens	0.11	0	0.26		asset_barrel		36675	{ "key": "(37, 13)", "slot": -2 }
1789480894.203	active	lens	0.11	0	0.26		asset_barrel		36842	{ "key": "(37, 14)", "slot": 5 }
1789480894.405	back	lens	0.11	0	0.26		asset_barrel		37045	{ "action": "close" }
1789480895.516	folder	lens	0.11	0	0.26		asset_barrel		38156	{ "folder": "", "items": 11 }
1789480895.516	toggle	lens	0.11	0	0.26		asset_barrel		38156	{ "open": true }
1789480895.527	active	lens	0.11	0	0.26		asset_barrel		38166	{ "key": "(37, 14)", "slot": 0 }
1789480896.292	active	lens	0.11	0	0.26		asset_barrel		38931	{ "key": "(37, 15)", "slot": 2 }
1789480896.828	toggle	lens	0.11	0	0.26		asset_barrel		39467	{ "open": false }
1789480897.494	folder	lens	0.11	0	0.26		asset_barrel		40133	{ "folder": "", "items": 11 }
1789480897.494	toggle	lens	0.11	0	0.26		asset_barrel		40134	{ "open": true }
1789480897.505	active	lens	0.11	0	0.26		asset_barrel		40144	{ "key": "(37, 15)", "slot": 0 }
1789480897.928	back	lens	0.11	0	0.26		asset_barrel		40567	{ "action": "close" }
1789480898.628	folder	lens	0.11	0	0.26		asset_barrel		41267	{ "folder": "", "items": 11 }
1789480898.628	toggle	lens	0.11	0	0.26		asset_barrel		41267	{ "open": true }
1789480898.638	active	lens	0.11	0	0.26		asset_barrel		41278	{ "key": "(37, 15)", "slot": 0 }
1789480899.447	active	lens	0.11	0	0.26		asset_barrel		42086	{ "key": "(38, 15)", "slot": 3 }
1789480899.680	active	lens	0.11	0	0.26		asset_barrel		42319	{ "key": "(37, 16)", "slot": 2 }
1789480899.727	back	lens	0.11	0	0.26		asset_barrel		42367	{ "action": "close" }
1789480900.260	folder	lens	0.11	0	0.26		asset_barrel		42900	{ "folder": "", "items": 11 }
1789480900.260	toggle	lens	0.11	0	0.26		asset_barrel		42900	{ "open": true }
1789480900.271	active	lens	0.11	0	0.26		asset_barrel		42910	{ "key": "(38, 15)", "slot": 0 }
1789480902.080	active	lens	0.11	0	0.26		asset_barrel		44720	{ "key": "(39, 15)", "slot": 3 }
1789480902.469	active	lens	0.11	0	0.26		asset_barrel		45108	{ "key": "(38, 15)", "slot": 0 }
1789480902.658	active	lens	0.11	0	0.26		asset_barrel		45297	{ "key": "(37, 16)", "slot": 1 }
# сессия 2026-09-15T19:51:37
1789483898.212	folder		0.00	8						{ "folder": "", "view": "browse", "items": 5 }
1789483898.212	toggle		0.00	8						{ "open": true }
1789483898.580	intent		0.00	8						{ "do": "none", "view": "browse", "folder": "" }
1789483911.987	toggle		0.00	8						{ "open": false }
1789483911.987	самопроверка		0.00	8				FAIL		{ "глобус m=8, 642 ячеек, вращение": { "gpu95": 2.75600004196167, "cpu95": 0.23999999463558, "proc95": 5.328, "over": 0 }, "линза α=0.044, 700 ячеек, вращение": { "gpu95": 3.34299993515015, "cpu95": 0.15999999642372, "proc95": 45.76, "over": 0 } }
1789483912.009	folder		0.00	6						{ "folder": "", "view": "browse", "items": 5 }
1789483912.009	toggle		0.00	6						{ "open": true }
1789483912.009	мастер_старт		0.00	6						
1789483925.844	мастер_значение		0.00	6						surface=globe
1789483926.289	мастер_значение		0.00	6						surface=lens
1789483926.619	мастер_значение		0.00	6						surface=globe
1789483926.893	мастер_значение		0.00	6						surface=lens
1789483927.512	мастер_значение		0.00	6						surface=lens
1789483928.023	мастер_значение		0.00	6						surface=globe
1789483928.567	мастер_значение		0.00	6						surface=lens
1789483929.167	мастер_значение		0.00	6						surface=globe
1789483929.833	мастер_значение		0.00	6						surface=globe
1789483930.333	мастер_значение		0.00	6						surface=lens
1789483930.889	мастер_значение		0.00	6						surface=lens
1789483931.324	мастер_значение		0.00	6						surface=globe
1789483932.444	мастер_значение		0.00	6						surface=lens
1789483933.514	мастер_значение		0.00	6						surface=globe
1789483934.333	мастер_значение		0.00	6						surface=lens
1789483935.302	мастер_значение		0.00	6						surface=globe
1789483936.944	мастер_значение		0.00	6						surface=lens
1789483938.369	мастер_значение		0.00	6						surface=globe
1789483951.724	мастер_значение		0.00	6						surface=lens
1789483952.813	мастер_значение		0.00	6						surface=lens
1789483953.370	мастер_значение		0.00	6						surface=globe
1789483953.890	мастер_значение		0.00	6						surface=lens
1789483954.413	мастер_значение		0.00	6						surface=globe
1789483955.145	мастер_значение		0.00	6						surface=lens
1789483955.759	мастер_значение		0.00	6						surface=globe
1789483966.404	мастер_значение		0.00	6						surface=globe
1789483966.858	мастер_значение		0.00	6						surface=lens
1789483968.370	мастер_умолчание		0.00	6						surface
1789483972.410	мастер_значение		0.00	7						radius_cm=13
1789483977.482	мастер_умолчание		0.00	6						radius_cm
1789483984.643	мастер_значение		0.00	5						cell_cm=3.0
1789483985.860	мастер_значение		0.00	4						cell_cm=3.6
1789483986.202	мастер_значение		0.00	4						cell_cm=4.2
1789483990.272	мастер_назад		0.00	4						radius_cm
1789483991.394	мастер_назад		0.00	4						surface
1789483995.395	мастер_значение		0.00	4						surface=globe
1789483996.005	мастер_значение		0.00	4						surface=lens
1789484000.984	мастер_подтверждено		0.00	4						surface
1789484004.945	мастер_значение		0.00	3						radius_cm=9
1789484005.561	мастер_значение		0.00	4						radius_cm=11
1789484006.094	мастер_значение		0.00	4						radius_cm=13
1789484008.039	мастер_значение		0.00	5						radius_cm=15
1789484008.308	мастер_значение		0.00	6						radius_cm=18
1789484008.492	мастер_значение		0.00	6						radius_cm=18
1789484009.328	мастер_значение		0.00	5						radius_cm=15
1789484009.579	мастер_значение		0.00	4						radius_cm=13
1789484011.095	мастер_значение		0.00	5						radius_cm=15
1789484011.769	мастер_значение		0.00	4						radius_cm=13
1789484017.296	мастер_подтверждено		0.00	4						radius_cm
1789484020.575	мастер_значение		0.00	4						cell_cm=4.2
1789484020.864	мастер_значение		0.00	4						cell_cm=4.2
1789484021.174	мастер_значение		0.00	5						cell_cm=3.6
1789484021.643	мастер_значение		0.00	6						cell_cm=3.0
1789484022.093	мастер_значение		0.00	7						cell_cm=2.5
1789484022.450	мастер_значение		0.00	6						cell_cm=3.0
1789484023.061	мастер_значение		0.00	5						cell_cm=3.6
1789484023.257	мастер_значение		0.00	4						cell_cm=4.2
1789484023.428	мастер_значение		0.00	4						cell_cm=4.2
1789484023.596	мастер_значение		0.00	4						cell_cm=4.2
1789484023.774	мастер_значение		0.00	4						cell_cm=4.2
1789484023.996	мастер_значение		0.00	4						cell_cm=4.2
1789484024.163	мастер_значение		0.00	4						cell_cm=4.2
1789484025.362	мастер_значение		0.00	5						cell_cm=3.6
1789484026.026	мастер_значение		0.00	4						cell_cm=4.2
1789484026.241	мастер_значение		0.00	4						cell_cm=4.2
1789484026.397	мастер_значение		0.00	4						cell_cm=4.2
1789484026.597	мастер_значение		0.00	4						cell_cm=4.2
1789484026.786	мастер_значение		0.00	4						cell_cm=4.2
1789484026.987	мастер_значение		0.00	4						cell_cm=4.2
1789484027.551	мастер_значение		0.00	5						cell_cm=3.6
1789484027.798	мастер_значение		0.00	6						cell_cm=3.0
1789484028.036	мастер_значение		0.00	7						cell_cm=2.5
1789484028.280	мастер_значение		0.00	8						cell_cm=2.0
1789484028.504	мастер_значение		0.00	8						cell_cm=1.6
1789484028.700	мастер_значение		0.00	8						cell_cm=1.6
1789484028.865	мастер_значение		0.00	8						cell_cm=1.6
1789484029.374	мастер_значение		0.00	8						cell_cm=2.0
1789484030.665	мастер_значение		0.00	7						cell_cm=2.5
1789484030.878	мастер_значение		0.00	6						cell_cm=3.0
1789484031.045	мастер_значение		0.00	5						cell_cm=3.6
1789484031.196	мастер_значение		0.00	4						cell_cm=4.2
1789484031.461	мастер_значение		0.00	4						cell_cm=4.2
1789484031.652	мастер_значение		0.00	4						cell_cm=4.2
1789484031.730	мастер_значение		0.00	4						cell_cm=4.2
1789484031.907	мастер_значение		0.00	4						cell_cm=4.2
1789484032.130	мастер_значение		0.00	4						cell_cm=4.2
1789484032.352	мастер_значение		0.00	4						cell_cm=4.2
1789484032.830	мастер_значение		0.00	4						cell_cm=4.2
1789484033.086	мастер_значение		0.00	4						cell_cm=4.2
1789484033.308	мастер_значение		0.00	4						cell_cm=4.2
1789484033.375	мастер_значение		0.00	5						cell_cm=3.6
1789484033.569	мастер_значение		0.00	4						cell_cm=4.2
1789484034.010	мастер_значение		0.00	4						cell_cm=4.2
1789484034.164	мастер_значение		0.00	4						cell_cm=4.2
1789484034.375	мастер_значение		0.00	4						cell_cm=4.2
1789484034.576	мастер_значение		0.00	4						cell_cm=4.2
1789484034.853	мастер_значение		0.00	4						cell_cm=4.2
1789484035.099	мастер_значение		0.00	4						cell_cm=4.2
1789484035.297	мастер_значение		0.00	4						cell_cm=4.2
1789484035.453	мастер_значение		0.00	4						cell_cm=4.2
1789484036.599	мастер_подтверждено		0.00	4						cell_cm
1789484038.554	мастер_значение		0.00	4						stick_speed=1.6
1789484043.965	мастер_подтверждено		0.00	4						stick_speed
1789484049.023	мастер_значение		0.00	4						grab_friction=7.0
1789484049.699	мастер_значение		0.00	4						grab_friction=4.0
1789484051.621	мастер_значение		0.00	4						grab_friction=2.5
1789484051.977	мастер_значение		0.00	4						grab_friction=1.5
1789484052.488	мастер_значение		0.00	4						grab_friction=1.5
1789484054.311	мастер_значение		0.00	4						grab_friction=1.5
1789484054.565	мастер_значение		0.00	4						grab_friction=1.5
1789484054.744	мастер_значение		0.00	4						grab_friction=1.5
1789484054.821	мастер_значение		0.00	4						grab_friction=2.5
1789484056.154	мастер_значение		0.00	4						grab_friction=4.0
1789484056.400	мастер_значение		0.00	4						grab_friction=7.0
1789484056.600	мастер_значение		0.00	4						grab_friction=12.0
1789484056.832	мастер_значение		0.00	4						grab_friction=12.0
1789484056.999	мастер_значение		0.00	4						grab_friction=12.0
1789484057.355	мастер_значение		0.00	4						grab_friction=12.0
1789484057.689	мастер_значение		0.00	4						grab_friction=12.0
1789484058.277	мастер_значение		0.00	4						grab_friction=7.0
1789484061.955	мастер_значение		0.00	4						grab_friction=4.0
1789484062.967	мастер_значение		0.00	4						grab_friction=7.0
1789484066.066	мастер_значение		0.00	4						grab_friction=4.0
1789484066.266	мастер_значение		0.00	4						grab_friction=2.5
1789484066.489	мастер_значение		0.00	4						grab_friction=1.5
1789484069.778	мастер_значение		0.00	4						grab_friction=2.5
1789484070.435	мастер_значение		0.00	4						grab_friction=1.5
1789484071.789	мастер_значение		0.00	4						grab_friction=2.5
1789484075.979	мастер_значение		0.00	4						grab_friction=4.0
1789484079.746	мастер_значение		0.00	4						grab_friction=7.0
1789484081.802	мастер_значение		0.00	4						grab_friction=4.0
1789484087.779	мастер_значение		0.00	4						grab_friction=2.5
1789484090.635	мастер_значение		0.00	4						grab_friction=1.5
1789484093.701	мастер_значение		0.00	4						grab_friction=1.5
1789484099.635	мастер_подтверждено		0.00	4						grab_friction
1789484102.670	мастер_значение		0.00	4						detent=20.0
1789484103.236	мастер_значение		0.00	4						detent=14.0
1789484105.937	мастер_значение		0.00	4						detent=20.0
1789484106.848	мастер_значение		0.00	4						detent=20.0
1789484113.771	мастер_значение		0.00	4						detent=20.0
1789484122.605	мастер_значение		0.00	4						detent=20.0
1789484129.750	мастер_значение		0.00	4						detent=14.0
1789484136.362	мастер_значение		0.00	4						detent=20.0
1789484137.139	мастер_значение		0.00	4						detent=14.0
1789484138.306	мастер_значение		0.00	4						detent=20.0
1789484138.584	мастер_значение		0.00	4						detent=14.0
1789484139.506	мастер_значение		0.00	4						detent=20.0
1789484140.673	мастер_значение		0.00	4						detent=20.0
1789484146.684	мастер_значение		0.00	4						detent=14.0
1789484149.685	мастер_значение		0.00	4						detent=10.0
1789484150.485	мастер_подтверждено		0.00	4						detent
1789484155.162	мастер_значение		0.00	4						hysteresis=0.25
1789484155.785	мастер_значение		0.00	4						hysteresis=0.35
1789484164.130	мастер_значение		0.00	4						hysteresis=0.25
1789484172.609	мастер_подтверждено		0.00	4						hysteresis
1789484175.998	мастер_подтверждено		0.00	4						hold_ms
1789484179.020	мастер_подтверждено		0.00	4						panel_side
1789484186.387	мастер_подтверждено		0.00	4						haptics
1789484192.077	мастер_сохранено		0.00	4						summary
1789484192.200	intent		0.00	4						{ "do": "none", "view": "browse", "folder": "" }
1789484200.090	folder		0.00	4		assets				{ "folder": "assets", "view": "browse", "items": 7 }
1789484200.090	intent		0.00	4		assets				{ "do": "reload", "view": "browse", "folder": "assets" }
1789484202.035	folder		0.00	4		assets				{ "folder": "assets", "view": "actions", "items": 7 }
1789484202.035	intent		0.00	4		assets				{ "do": "reload", "view": "actions", "folder": "assets" }
1789484204.945	folder		0.00	4		assets				{ "folder": "assets", "view": "browse", "items": 7 }
1789484204.946	intent		0.00	4		assets				{ "do": "reload", "view": "browse", "folder": "assets" }
1789484211.890	folder		0.00	4		assets				{ "folder": "assets", "view": "actions", "items": 7 }
1789484211.890	intent		0.00	4		assets				{ "do": "reload", "view": "actions", "folder": "assets" }
1789484214.702	select		0.00	4		assets				{ "do": "default", "view": "browse", "folder": "assets", "item": "asset_bridge", "title": "Мост" }
1789484214.702	toggle		0.00	4		assets				{ "open": false }
1789484218.602	folder		0.00	4		assets				{ "folder": "assets", "view": "browse", "items": 7 }
1789484218.602	toggle		0.00	4		assets				{ "open": true }
1789484220.679	folder		0.00	4						{ "folder": "", "view": "browse", "items": 5 }
1789484220.680	intent		0.00	4						{ "do": "reload", "view": "browse", "folder": "" }
1789484222.736	folder		0.00	4		images				{ "folder": "images", "view": "browse", "items": 7 }
1789484222.736	intent		0.00	4		images				{ "do": "reload", "view": "browse", "folder": "images" }
1789484225.179	select		0.00	4		images				{ "do": "default", "view": "browse", "folder": "images", "item": "img_map", "title": "Карта" }
1789484226.080	folder		0.00	4		images				{ "folder": "images", "view": "actions", "items": 7 }
1789484226.080	intent		0.00	4		images				{ "do": "reload", "view": "actions", "folder": "images" }
1789484228.357	select		0.00	4		images				{ "do": "default", "view": "browse", "folder": "images", "item": "img_map", "title": "Карта" }
1789484228.924	folder		0.00	4		images				{ "folder": "images", "view": "actions", "items": 7 }
1789484228.924	intent		0.00	4		images				{ "do": "reload", "view": "actions", "folder": "images" }
1789484230.358	select		0.00	4		images				{ "do": "default", "view": "browse", "folder": "images", "item": "img_sunset", "title": "Закат" }
1789484233.247	folder		0.00	4		images				{ "folder": "images", "view": "actions", "items": 7 }
1789484233.247	intent		0.00	4		images				{ "do": "reload", "view": "actions", "folder": "images" }
1789484234.614	intent		0.00	4		images				{ "do": "none", "view": "actions", "folder": "images" }
1789484235.880	select		0.00	4		images				{ "do": "default", "view": "browse", "folder": "images", "item": "img_sunset", "title": "Закат" }
1789484238.094	folder		0.00	4		images				{ "folder": "images", "view": "actions", "items": 8 }
1789484238.094	intent		0.00	4		images				{ "do": "reload", "view": "actions", "folder": "images" }
1789484241.981	intent		0.00	4		images				{ "do": "none", "view": "actions", "folder": "images" }
1789484242.603	intent		0.00	4		images				{ "do": "none", "view": "actions", "folder": "images" }
1789484243.069	intent		0.00	4		images				{ "do": "none", "view": "actions", "folder": "images" }
1789484243.269	intent		0.00	4		images				{ "do": "none", "view": "actions", "folder": "images" }
1789484243.914	intent		0.00	4		images				{ "do": "none", "view": "actions", "folder": "images" }
1789484244.658	intent		0.00	4		images				{ "do": "none", "view": "actions", "folder": "images" }
1789484245.759	intent		0.00	4		images				{ "do": "none", "view": "actions", "folder": "images" }
1789484247.570	intent		0.00	4		images				{ "do": "none", "view": "actions", "folder": "images" }
1789484252.337	intent		0.00	4		images				{ "do": "none", "view": "actions", "folder": "images" }
1789484252.982	folder		0.00	4		images				{ "folder": "images", "view": "browse", "items": 7 }
1789484252.982	intent		0.00	4		images				{ "do": "reload", "view": "browse", "folder": "images" }
1789484258.859	select		0.00	4		images				{ "do": "default", "view": "browse", "folder": "images", "item": "img_sunset", "title": "Закат" }
1789484259.471	select		0.00	4		images				{ "do": "default", "view": "browse", "folder": "images", "item": "img_sunset", "title": "Закат" }
1789484262.760	folder		0.00	4		images				{ "folder": "images", "view": "actions", "items": 7 }
1789484262.760	intent		0.00	4		images				{ "do": "reload", "view": "actions", "folder": "images" }
1789484272.531	folder		0.00	4		images				{ "folder": "images", "view": "browse", "items": 8 }
1789484272.531	intent		0.00	4		images				{ "do": "reload", "view": "browse", "folder": "images" }
1789484279.150	select		0.00	4		images				{ "do": "default", "view": "browse", "folder": "images", "item": "img_mountains", "title": "Горы" }
1789484279.973	folder		0.00	4		images				{ "folder": "images", "view": "actions", "items": 7 }
1789484279.973	intent		0.00	4		images				{ "do": "reload", "view": "actions", "folder": "images" }
1789484281.874	folder		0.00	4		images				{ "folder": "images", "view": "browse", "items": 9 }
1789484281.874	intent		0.00	4		images				{ "do": "reload", "view": "browse", "folder": "images" }
1789484286.973	select		0.00	4		images				{ "do": "default", "view": "browse", "folder": "images", "item": "img_sunset", "title": "Закат" }
1789484287.629	select		0.00	4		images				{ "do": "default", "view": "browse", "folder": "images", "item": "img_sunset", "title": "Закат" }
1789484287.961	select		0.00	4		images				{ "do": "default", "view": "browse", "folder": "images", "item": "img_sunset", "title": "Закат" }
1789484289.317	select		0.00	4		images				{ "do": "default", "view": "browse", "folder": "images", "item": "img_sunset", "title": "Закат" }
1789484291.073	select		0.00	4		images				{ "do": "default", "view": "browse", "folder": "images", "item": "img_sky", "title": "Небо" }
1789484296.807	folder		0.00	4						{ "folder": "", "view": "browse", "items": 5 }
1789484296.807	intent		0.00	4						{ "do": "reload", "view": "browse", "folder": "" }
1789484298.120	folder		0.00	4		settings				{ "folder": "settings", "view": "browse", "items": 4 }
1789484298.120	intent		0.00	4		settings				{ "do": "reload", "view": "browse", "folder": "settings" }
1789484299.563	intent		0.00	4		settings				{ "do": "redraw", "view": "browse", "folder": "settings" }
1789484304.896	intent		0.00	4		settings				{ "do": "redraw", "view": "browse", "folder": "settings" }
1789484305.665	folder		0.00	4		settings				{ "folder": "settings", "view": "actions", "items": 5 }
1789484305.665	intent		0.00	4		settings				{ "do": "reload", "view": "actions", "folder": "settings" }
1789484307.508	intent		0.00	4		settings				{ "do": "none", "view": "actions", "folder": "settings" }
1789484308.308	intent		0.00	4		settings				{ "do": "none", "view": "actions", "folder": "settings" }
1789484308.776	intent		0.00	4		settings				{ "do": "none", "view": "actions", "folder": "settings" }
1789484310.342	intent		0.00	4		settings				{ "do": "none", "view": "actions", "folder": "settings" }
1789484311.064	folder		0.00	4		settings				{ "folder": "settings", "view": "browse", "items": 4 }
1789484311.064	intent		0.00	4		settings				{ "do": "reload", "view": "browse", "folder": "settings" }
1789484315.175	intent		0.00	4		settings				{ "do": "redraw", "view": "browse", "folder": "settings" }
1789484316.099	folder		0.00	4		settings				{ "folder": "settings", "view": "actions", "items": 3 }
1789484316.099	intent		0.00	4		settings				{ "do": "reload", "view": "actions", "folder": "settings" }
1789484317.642	folder		0.00	4		settings				{ "folder": "settings", "view": "browse", "items": 4 }
1789484317.642	intent		0.00	4		settings				{ "do": "reload", "view": "browse", "folder": "settings" }
1789484319.565	folder		0.00	4		settings				{ "folder": "settings", "view": "actions", "items": 5 }
1789484319.565	intent		0.00	4		settings				{ "do": "reload", "view": "actions", "folder": "settings" }
1789484323.309	folder		0.00	4		settings				{ "folder": "settings", "view": "browse", "items": 4 }
1789484323.310	intent		0.00	4		settings				{ "do": "reload", "view": "browse", "folder": "settings" }
1789484324.210	folder		0.00	4						{ "folder": "", "view": "browse", "items": 5 }
1789484324.210	intent		0.00	4						{ "do": "reload", "view": "browse", "folder": "" }
1789484326.266	folder		0.00	4		settings				{ "folder": "settings", "view": "browse", "items": 4 }
1789484326.266	intent		0.00	4		settings				{ "do": "reload", "view": "browse", "folder": "settings" }
1789484326.889	folder		0.00	4		settings_sphere				{ "folder": "settings_sphere", "view": "browse", "items": 12 }
1789484326.889	intent		0.00	4		settings_sphere				{ "do": "reload", "view": "browse", "folder": "settings_sphere" }
1789484356.557	folder		0.00	4		settings				{ "folder": "settings", "view": "browse", "items": 4 }
1789484356.557	intent		0.00	4		settings				{ "do": "reload", "view": "browse", "folder": "settings" }
1789484358.924	folder		0.00	4						{ "folder": "", "view": "browse", "items": 5 }
1789484358.924	intent		0.00	4						{ "do": "reload", "view": "browse", "folder": "" }
1789484380.547	toggle		0.00	4						{ "open": false }
1789484384.292	folder		0.00	4						{ "folder": "", "view": "browse", "items": 5 }
1789484384.292	toggle		0.00	4						{ "open": true }
1789484387.159	folder		0.00	4		assets				{ "folder": "assets", "view": "browse", "items": 7 }
1789484387.159	intent		0.00	4		assets				{ "do": "reload", "view": "browse", "folder": "assets" }
1789484389.673	folder		0.00	4		assets				{ "folder": "assets", "view": "browse", "items": 7 }
1789484389.673	intent		0.00	4		assets				{ "do": "reload", "view": "browse", "folder": "assets" }
1789484391.062	folder		0.00	4		assets				{ "folder": "assets", "view": "browse", "items": 7 }
1789484391.062	intent		0.00	4		assets				{ "do": "reload", "view": "browse", "folder": "assets" }
1789484394.860	toggle		0.00	4		assets				{ "open": false }
1789484395.360	folder		0.00	4		assets				{ "folder": "assets", "view": "browse", "items": 7 }
1789484395.360	toggle		0.00	4		assets				{ "open": true }
1789484396.171	folder		0.00	4						{ "folder": "", "view": "browse", "items": 5 }
1789484396.171	intent		0.00	4						{ "do": "reload", "view": "browse", "folder": "" }
1789484397.226	folder		0.00	4		assets				{ "folder": "assets", "view": "browse", "items": 7 }
1789484397.226	intent		0.00	4		assets				{ "do": "reload", "view": "browse", "folder": "assets" }
1789484398.026	select		0.00	4		assets				{ "do": "default", "view": "browse", "folder": "assets", "item": "asset_bridge", "title": "Мост" }
1789484398.026	toggle		0.00	4		assets				{ "open": false }
1789484399.349	folder		0.00	4		assets				{ "folder": "assets", "view": "browse", "items": 7 }
1789484399.349	toggle		0.00	4		assets				{ "open": true }
1789484400.193	folder		0.00	4						{ "folder": "", "view": "browse", "items": 5 }
1789484400.193	intent		0.00	4						{ "do": "reload", "view": "browse", "folder": "" }
1789484403.972	folder		0.00	4		logic				{ "folder": "logic", "view": "browse", "items": 5 }
1789484403.972	intent		0.00	4		logic				{ "do": "reload", "view": "browse", "folder": "logic" }
1789484408.504	select		0.00	4		logic				{ "do": "default", "view": "browse", "folder": "logic", "item": "logic_quest", "title": "Квест" }
1789484408.505	toggle		0.00	4		logic				{ "open": false }
1789484410.294	folder		0.00	4		logic				{ "folder": "logic", "view": "browse", "items": 5 }
1789484410.295	toggle		0.00	4		logic				{ "open": true }
1789484413.072	folder		0.00	4						{ "folder": "", "view": "browse", "items": 5 }
1789484413.072	intent		0.00	4						{ "do": "reload", "view": "browse", "folder": "" }
1789484420.195	folder		0.00	4		scenes				{ "folder": "scenes", "view": "browse", "items": 7 }
1789484420.195	intent		0.00	4		scenes				{ "do": "reload", "view": "browse", "folder": "scenes" }
1789484426.829	folder		0.00	4		scenes				{ "folder": "scenes", "view": "actions", "items": 7 }
1789484426.829	intent		0.00	4		scenes				{ "do": "reload", "view": "actions", "folder": "scenes" }
1789484430.130	folder		0.00	4		scenes				{ "folder": "scenes", "view": "browse", "items": 8 }
1789484430.130	intent		0.00	4		scenes				{ "do": "reload", "view": "browse", "folder": "scenes" }
1789484435.996	folder		0.00	4		drafts				{ "folder": "drafts", "view": "browse", "items": 2 }
1789484435.996	intent		0.00	4		drafts				{ "do": "reload", "view": "browse", "folder": "drafts" }
1789484438.297	select		0.00	4		drafts				{ "do": "default", "view": "browse", "folder": "drafts", "item": "scene_draft2", "title": "Проба света" }
1789484438.297	toggle		0.00	4		drafts				{ "open": false }
1789484441.352	folder		0.00	4		drafts				{ "folder": "drafts", "view": "browse", "items": 2 }
1789484441.352	toggle		0.00	4		drafts				{ "open": true }
1789484447.585	intent		0.00	4		drafts				{ "do": "none", "view": "browse", "folder": "drafts" }
1789484448.264	folder		0.00	4		scenes				{ "folder": "scenes", "view": "browse", "items": 8 }
1789484448.264	intent		0.00	4		scenes				{ "do": "reload", "view": "browse", "folder": "scenes" }
1789484451.453	folder		0.00	4						{ "folder": "", "view": "browse", "items": 5 }
1789484451.453	intent		0.00	4						{ "do": "reload", "view": "browse", "folder": "" }
1789484464.609	folder		0.00	4		images				{ "folder": "images", "view": "browse", "items": 7 }
1789484464.610	intent		0.00	4		images				{ "do": "reload", "view": "browse", "folder": "images" }
1789484465.598	select		0.00	4		images				{ "do": "default", "view": "browse", "folder": "images", "item": "img_mountains", "title": "Горы" }
1789484468.265	folder		0.00	4						{ "folder": "", "view": "browse", "items": 5 }
1789484468.265	intent		0.00	4						{ "do": "reload", "view": "browse", "folder": "" }
# unix_время	событие	поверхность	радиус_см	ячейка_см	ячейка_факт_см	уровень_глобуса	вращение_рукой	папка	задание	попадание	мс_от_задания	подробности
# сессия 2026-09-15T23:51:33
1789498293.781	folder	globe	20.0	1.5	3.5	8	ball					{ "folder": "", "view": "browse", "items": 5 }
1789498293.781	toggle	globe	20.0	1.5	3.5	8	ball					{ "open": true }
1789498297.642	intent	globe	20.0	1.5	3.5	8	ball					{ "do": "none", "view": "browse", "folder": "" }
1789498307.337	настройка_значение	lens	8.0	1.5	1.5	7	ball					radius_cm=8.0
1789498312.177	toggle	globe	20.0	1.5	3.5	8	ball					{ "open": false }
1789498312.177	самопроверка	globe	20.0	1.5	3.5	8	ball			FAIL		{ "глобус уровень 8, 642 ячеек, вращение": { "gpu95": 2.91199994087219, "cpu95": 0.19099999964237, "proc95": 2.534, "over": 0 }, "глобус крупный: уровень 1, 32 ячеек, радиус 20.0 см, вращение": { "gpu95": 1.89999997615814, "cpu95": 0.18400000035763, "proc95": 2.813, "over": 0 }, "линза α=0.037, 700 ячеек, вращение": { "gpu95": 3.60999989509583, "cpu95": 0.15899999439716, "proc95": 62.493, "over": 0 } }
1789498312.179	folder	globe	11.0	2.5	2.6	6	ball					{ "folder": "", "view": "browse", "items": 5 }
1789498312.179	toggle	globe	11.0	2.5	2.6	6	ball					{ "open": true }
1789498312.179	мастер_старт	globe	11.0	2.5	2.6	6	ball					
1789498326.146	мастер_значение	lens	11.0	2.5	2.5	6	ball					surface=lens
1789498340.347	мастер_значение	globe	11.0	2.5	2.6	6	ball					surface=globe
1789498349.003	мастер_значение	lens	11.0	2.5	2.5	6	ball					surface=lens
1789498353.492	мастер_значение	globe	11.0	2.5	2.6	6	ball					surface=globe
1789498355.647	панель_кнопка	globe	11.0	2.5	2.6	6	ball					next
1789498355.647	мастер_подтверждено	globe	11.0	2.5	2.6	6	ball					surface
1789498365.303	мастер_значение	globe	11.0	2.5	2.6	6	stand					hand_rotation=stand
1789498372.037	мастер_значение	globe	11.0	2.5	2.6	6	face					hand_rotation=face
1789498377.970	мастер_значение	globe	11.0	2.5	2.6	6	ball					hand_rotation=ball
1789498379.204	мастер_значение	globe	11.0	2.5	2.6	6	face					hand_rotation=face
1789498380.671	мастер_значение	globe	11.0	2.5	2.6	6	ball					hand_rotation=ball
1789498381.993	панель_кнопка	globe	11.0	2.5	2.6	6	ball					next
1789498381.993	мастер_подтверждено	globe	11.0	2.5	2.6	6	ball					hand_rotation
1789498387.351	мастер_значение	globe	10.5	2.5	2.48	6	ball					radius_cm=10.5
1789498387.428	мастер_значение	globe	10.0	2.5	2.37	6	ball					radius_cm=10.0
1789498387.444	мастер_значение	globe	10.5	2.5	2.48	6	ball					radius_cm=10.5
1789498387.503	мастер_значение	globe	10.0	2.5	2.37	6	ball					radius_cm=10.0
1789498387.532	мастер_значение	globe	9.5	2.5	2.62	5	ball					radius_cm=9.5
1789498387.556	мастер_значение	globe	9.0	2.5	2.48	5	ball					radius_cm=9.0
1789498387.578	мастер_значение	globe	8.5	2.5	2.34	5	ball					radius_cm=8.5
1789498387.600	мастер_значение	globe	8.0	2.5	2.79	4	ball					radius_cm=8.0
1789498387.612	мастер_значение	globe	7.5	2.5	2.61	4	ball					radius_cm=7.5
1789498387.631	мастер_значение	globe	7.0	2.5	2.44	4	ball					radius_cm=7.0
1789498387.690	мастер_значение	globe	6.5	2.5	2.27	4	ball					radius_cm=6.5
1789498387.704	мастер_значение	globe	7.0	2.5	2.44	4	ball					radius_cm=7.0
1789498387.802	мастер_значение	globe	7.5	2.5	2.61	4	ball					radius_cm=7.5
1789498387.870	мастер_значение	globe	7.0	2.5	2.44	4	ball					radius_cm=7.0
1789498387.937	мастер_значение	globe	7.5	2.5	2.61	4	ball					radius_cm=7.5
1789498387.951	мастер_значение	globe	7.0	2.5	2.44	4	ball					radius_cm=7.0
1789498387.961	мастер_значение	globe	7.5	2.5	2.61	4	ball					radius_cm=7.5
1789498387.970	мастер_значение	globe	7.0	2.5	2.44	4	ball					radius_cm=7.0
1789498387.981	мастер_значение	globe	7.5	2.5	2.61	4	ball					radius_cm=7.5
1789498387.992	мастер_значение	globe	7.0	2.5	2.44	4	ball					radius_cm=7.0
1789498388.048	мастер_значение	globe	7.5	2.5	2.61	4	ball					radius_cm=7.5
1789498388.062	мастер_значение	globe	7.0	2.5	2.44	4	ball					radius_cm=7.0
1789498388.072	мастер_значение	globe	7.5	2.5	2.61	4	ball					radius_cm=7.5
1789498388.114	мастер_значение	globe	8.0	2.5	2.79	4	ball					radius_cm=8.0
1789498388.159	мастер_значение	globe	8.5	2.5	2.34	5	ball					radius_cm=8.5
1789498388.226	мастер_значение	globe	9.0	2.5	2.48	5	ball					radius_cm=9.0
1789498388.270	мастер_значение	globe	9.5	2.5	2.62	5	ball					radius_cm=9.5
1789498388.292	мастер_значение	globe	10.0	2.5	2.37	6	ball					radius_cm=10.0
1789498388.314	мастер_значение	globe	10.5	2.5	2.48	6	ball					radius_cm=10.5
1789498388.330	мастер_значение	globe	10.0	2.5	2.37	6	ball					radius_cm=10.0
1789498388.341	мастер_значение	globe	10.5	2.5	2.48	6	ball					radius_cm=10.5
1789498388.361	мастер_значение	globe	11.0	2.5	2.6	6	ball					radius_cm=11.0
1789498388.377	мастер_значение	globe	10.5	2.5	2.48	6	ball					radius_cm=10.5
1789498388.393	мастер_значение	globe	11.0	2.5	2.6	6	ball					radius_cm=11.0
1789498388.408	мастер_значение	globe	11.5	2.5	2.31	7	ball					radius_cm=11.5
1789498388.432	мастер_значение	globe	12.0	2.5	2.41	7	ball					radius_cm=12.0
1789498388.478	мастер_значение	globe	12.5	2.5	2.51	7	ball					radius_cm=12.5
1789498388.541	мастер_значение	globe	13.0	2.5	2.61	7	ball					radius_cm=13.0
1789498388.560	мастер_значение	globe	12.5	2.5	2.51	7	ball					radius_cm=12.5
1789498388.571	мастер_значение	globe	13.0	2.5	2.61	7	ball					radius_cm=13.0
1789498388.630	мастер_значение	globe	13.5	2.5	2.36	8	ball					radius_cm=13.5
1789498388.687	мастер_значение	globe	14.0	2.5	2.45	8	ball					radius_cm=14.0
1789498388.710	мастер_значение	globe	14.5	2.5	2.54	8	ball					radius_cm=14.5
1789498388.721	мастер_значение	globe	14.0	2.5	2.45	8	ball					radius_cm=14.0
1789498388.733	мастер_значение	globe	14.5	2.5	2.54	8	ball					radius_cm=14.5
1789498388.772	мастер_значение	globe	15.0	2.5	2.62	8	ball					radius_cm=15.0
1789498388.792	мастер_значение	globe	15.5	2.5	2.71	8	ball					radius_cm=15.5
1789498388.807	мастер_значение	globe	16.0	2.5	2.8	8	ball					radius_cm=16.0
1789498388.836	мастер_значение	globe	16.5	2.5	2.89	8	ball					radius_cm=16.5
1789498388.853	мастер_значение	globe	16.0	2.5	2.8	8	ball					radius_cm=16.0
1789498388.866	мастер_значение	globe	16.5	2.5	2.89	8	ball					radius_cm=16.5
1789498388.877	мастер_значение	globe	16.0	2.5	2.8	8	ball					radius_cm=16.0
1789498388.888	мастер_значение	globe	16.5	2.5	2.89	8	ball					radius_cm=16.5
1789498389.030	мастер_значение	globe	16.0	2.5	2.8	8	ball					radius_cm=16.0
1789498389.084	мастер_значение	globe	15.5	2.5	2.71	8	ball					radius_cm=15.5
1789498389.103	мастер_значение	globe	16.0	2.5	2.8	8	ball					radius_cm=16.0
1789498389.118	мастер_значение	globe	15.5	2.5	2.71	8	ball					radius_cm=15.5
1789498389.242	мастер_значение	globe	15.0	2.5	2.62	8	ball					radius_cm=15.0
1789498389.353	мастер_значение	globe	14.5	2.5	2.54	8	ball					radius_cm=14.5
1789498389.396	мастер_значение	globe	14.0	2.5	2.45	8	ball					radius_cm=14.0
1789498389.420	мастер_значение	globe	13.5	2.5	2.36	8	ball					radius_cm=13.5
1789498389.432	мастер_значение	globe	14.0	2.5	2.45	8	ball					radius_cm=14.0
1789498389.443	мастер_значение	globe	13.5	2.5	2.36	8	ball					radius_cm=13.5
1789498389.456	мастер_значение	globe	14.0	2.5	2.45	8	ball					radius_cm=14.0
1789498389.518	мастер_значение	globe	14.5	2.5	2.54	8	ball					radius_cm=14.5
1789498389.620	мастер_значение	globe	15.0	2.5	2.62	8	ball					radius_cm=15.0
1789498389.640	мастер_значение	globe	14.5	2.5	2.54	8	ball					radius_cm=14.5
1789498389.655	мастер_значение	globe	15.0	2.5	2.62	8	ball					radius_cm=15.0
1789498389.900	мастер_значение	globe	14.5	2.5	2.54	8	ball					radius_cm=14.5
1789498389.924	мастер_значение	globe	14.0	2.5	2.45	8	ball					radius_cm=14.0
1789498389.939	мастер_значение	globe	13.5	2.5	2.36	8	ball					radius_cm=13.5
1789498390.102	мастер_значение	globe	13.0	2.5	2.61	7	ball					radius_cm=13.0
1789498390.129	мастер_значение	globe	12.5	2.5	2.51	7	ball					radius_cm=12.5
1789498390.154	мастер_значение	globe	12.0	2.5	2.41	7	ball					radius_cm=12.0
1789498390.174	мастер_значение	globe	11.5	2.5	2.31	7	ball					radius_cm=11.5
1789498390.189	мастер_значение	globe	11.0	2.5	2.6	6	ball					radius_cm=11.0
1789498390.205	мастер_значение	globe	10.5	2.5	2.48	6	ball					radius_cm=10.5
1789498390.231	мастер_значение	globe	10.0	2.5	2.37	6	ball					radius_cm=10.0
1789498390.253	мастер_значение	globe	10.5	2.5	2.48	6	ball					radius_cm=10.5
1789498390.267	мастер_значение	globe	10.0	2.5	2.37	6	ball					radius_cm=10.0
1789498390.378	мастер_значение	globe	10.5	2.5	2.48	6	ball					radius_cm=10.5
1789498390.444	мастер_значение	globe	11.0	2.5	2.6	6	ball					radius_cm=11.0
1789498390.489	мастер_значение	globe	11.5	2.5	2.31	7	ball					radius_cm=11.5
1789498390.512	мастер_значение	globe	12.0	2.5	2.41	7	ball					radius_cm=12.0
1789498390.532	мастер_значение	globe	12.5	2.5	2.51	7	ball					radius_cm=12.5
1789498390.551	мастер_значение	globe	13.0	2.5	2.61	7	ball					radius_cm=13.0
1789498390.575	мастер_значение	globe	13.5	2.5	2.36	8	ball					radius_cm=13.5
1789498390.592	мастер_значение	globe	13.0	2.5	2.61	7	ball					radius_cm=13.0
1789498390.602	мастер_значение	globe	13.5	2.5	2.36	8	ball					radius_cm=13.5
1789498390.756	мастер_значение	globe	13.0	2.5	2.61	7	ball					radius_cm=13.0
1789498390.811	мастер_значение	globe	12.5	2.5	2.51	7	ball					radius_cm=12.5
1789498390.849	мастер_значение	globe	12.0	2.5	2.41	7	ball					radius_cm=12.0
1789498390.930	мастер_значение	globe	11.5	2.5	2.31	7	ball					radius_cm=11.5
1789498390.950	мастер_значение	globe	12.0	2.5	2.41	7	ball					radius_cm=12.0
1789498390.962	мастер_значение	globe	11.5	2.5	2.31	7	ball					radius_cm=11.5
1789498391.018	мастер_значение	globe	12.0	2.5	2.41	7	ball					radius_cm=12.0
1789498393.362	мастер_значение	globe	12.5	2.5	2.51	7	ball					radius_cm=12.5
1789498393.818	мастер_значение	globe	13.0	2.5	2.61	7	ball					radius_cm=13.0
1789498394.263	мастер_значение	globe	13.5	2.5	2.36	8	ball					radius_cm=13.5
1789498394.663	мастер_значение	globe	14.0	2.5	2.45	8	ball					radius_cm=14.0
1789498395.408	мастер_значение	globe	14.5	2.5	2.54	8	ball					radius_cm=14.5
1789498396.152	мастер_значение	globe	15.0	2.5	2.62	8	ball					radius_cm=15.0
1789498401.530	мастер_значение	globe	14.5	2.5	2.54	8	ball					radius_cm=14.5
1789498401.752	мастер_значение	globe	14.0	2.5	2.45	8	ball					radius_cm=14.0
1789498402.007	мастер_значение	globe	13.5	2.5	2.36	8	ball					radius_cm=13.5
1789498402.184	мастер_значение	globe	13.0	2.5	2.61	7	ball					radius_cm=13.0
1789498402.373	мастер_значение	globe	12.5	2.5	2.51	7	ball					radius_cm=12.5
1789498402.674	мастер_значение	globe	12.0	2.5	2.41	7	ball					radius_cm=12.0
1789498403.074	мастер_значение	globe	11.5	2.5	2.31	7	ball					radius_cm=11.5
1789498403.496	мастер_значение	globe	11.0	2.5	2.6	6	ball					radius_cm=11.0
1789498403.852	мастер_значение	globe	10.5	2.5	2.48	6	ball					radius_cm=10.5
1789498404.419	мастер_значение	globe	10.0	2.5	2.37	6	ball					radius_cm=10.0
1789498409.108	мастер_значение	globe	10.5	2.5	2.48	6	ball					radius_cm=10.5
1789498409.975	мастер_значение	globe	11.0	2.5	2.6	6	ball					radius_cm=11.0
1789498410.464	мастер_значение	globe	11.5	2.5	2.31	7	ball					radius_cm=11.5
1789498415.040	панель_кнопка	globe	11.5	2.5	2.31	7	ball					next
1789498415.040	мастер_подтверждено	globe	11.5	2.5	2.31	7	ball					radius_cm
1789498417.776	мастер_значение	globe	11.5	2.3	2.31	7	ball					cell_cm=2.3
1789498417.798	мастер_значение	globe	11.5	2.2	2.31	7	ball					cell_cm=2.2
1789498417.813	мастер_значение	globe	11.5	2.1	2.01	8	ball					cell_cm=2.1
1789498417.837	мастер_значение	globe	11.5	1.9	2.01	8	ball					cell_cm=1.9
1789498417.853	мастер_значение	globe	11.5	1.8	2.01	8	ball					cell_cm=1.8
1789498417.868	мастер_значение	globe	11.5	1.7	2.01	8	ball					cell_cm=1.7
1789498417.883	мастер_значение	globe	11.5	1.6	2.01	8	ball					cell_cm=1.6
1789498417.922	мастер_значение	globe	11.5	1.5	2.01	8	ball					cell_cm=1.5
1789498418.309	мастер_значение	globe	11.5	1.6	2.01	8	ball					cell_cm=1.6
1789498422.432	мастер_значение	globe	11.5	2.4	2.31	7	ball					cell_cm=2.4
1789498422.450	мастер_значение	globe	11.5	2.5	2.31	7	ball					cell_cm=2.5
1789498422.496	мастер_значение	globe	11.5	2.6	2.72	6	ball					cell_cm=2.6
1789498422.516	мастер_значение	globe	11.5	2.7	2.72	6	ball					cell_cm=2.7
1789498422.537	мастер_значение	globe	11.5	2.9	2.72	6	ball					cell_cm=2.9
1789498422.551	мастер_значение	globe	11.5	3.1	3.17	5	ball					cell_cm=3.1
1789498422.563	мастер_значение	globe	11.5	3.5	3.17	5	ball					cell_cm=3.5
1789498422.573	мастер_значение	globe	11.5	3.8	4.01	4	ball					cell_cm=3.8
1789498422.580	мастер_значение	globe	11.5	3.9	4.01	4	ball					cell_cm=3.9
1789498422.591	мастер_значение	globe	11.5	4.1	4.01	4	ball					cell_cm=4.1
1789498422.605	мастер_значение	globe	11.5	4.3	4.01	4	ball					cell_cm=4.3
1789498422.615	мастер_значение	globe	11.5	4.5	4.01	4	ball					cell_cm=4.5
1789498422.625	мастер_значение	globe	11.5	4.8	5.44	3	ball					cell_cm=4.8
1789498422.635	мастер_значение	globe	11.5	5.3	5.44	3	ball					cell_cm=5.3
1789498422.647	мастер_значение	globe	11.5	5.8	5.44	3	ball					cell_cm=5.8
1789498422.659	мастер_значение	globe	11.5	6.1	5.44	3	ball					cell_cm=6.1
1789498422.670	мастер_значение	globe	11.5	6.4	5.44	3	ball					cell_cm=6.4
1789498422.682	мастер_значение	globe	11.5	6.6	5.44	3	ball					cell_cm=6.6
1789498422.693	мастер_значение	globe	11.5	6.8	8.34	2	ball					cell_cm=6.8
1789498422.702	мастер_значение	globe	11.5	6.9	8.34	2	ball					cell_cm=6.9
1789498422.713	мастер_значение	globe	11.5	7.1	8.34	2	ball					cell_cm=7.1
1789498422.726	мастер_значение	globe	11.5	7.5	8.34	2	ball					cell_cm=7.5
1789498422.737	мастер_значение	globe	11.5	7.9	8.34	2	ball					cell_cm=7.9
1789498422.748	мастер_значение	globe	11.5	8.4	8.34	2	ball					cell_cm=8.4
1789498422.760	мастер_значение	globe	11.5	8.9	8.66	1	ball					cell_cm=8.9
1789498422.770	мастер_значение	globe	11.5	9.4	8.66	1	ball					cell_cm=9.4
1789498422.780	мастер_значение	globe	11.5	9.8	8.66	1	ball					cell_cm=9.8
1789498422.792	мастер_значение	globe	11.5	10.1	8.66	1	ball					cell_cm=10.1
1789498422.804	мастер_значение	globe	11.5	10.3	8.66	1	ball					cell_cm=10.3
1789498422.815	мастер_значение	globe	11.5	10.4	8.66	1	ball					cell_cm=10.4
1789498422.827	мастер_значение	globe	11.5	10.5	8.66	1	ball					cell_cm=10.5
1789498422.839	мастер_значение	globe	11.5	10.8	8.66	1	ball					cell_cm=10.8
1789498422.850	мастер_значение	globe	11.5	11.1	8.66	1	ball					cell_cm=11.1
1789498422.862	мастер_значение	globe	11.5	11.5	14.7	0	ball					cell_cm=11.5
1789498422.873	мастер_значение	globe	11.5	11.9	14.7	0	ball					cell_cm=11.9
1789498422.884	мастер_значение	globe	11.5	12.2	14.7	0	ball					cell_cm=12.2
1789498422.895	мастер_значение	globe	11.5	12.5	14.7	0	ball					cell_cm=12.5
1789498422.906	мастер_значение	globe	11.5	12.8	14.7	0	ball					cell_cm=12.8
1789498422.917	мастер_значение	globe	11.5	12.9	14.7	0	ball					cell_cm=12.9
1789498422.928	мастер_значение	globe	11.5	13.1	14.7	0	ball					cell_cm=13.1
1789498422.940	мастер_значение	globe	11.5	13.4	14.7	0	ball					cell_cm=13.4
1789498422.951	мастер_значение	globe	11.5	13.7	14.7	0	ball					cell_cm=13.7
1789498422.962	мастер_значение	globe	11.5	14.0	14.7	0	ball					cell_cm=14.0
1789498422.973	мастер_значение	globe	11.5	14.3	14.7	0	ball					cell_cm=14.3
1789498422.984	мастер_значение	globe	11.5	14.6	14.7	0	ball					cell_cm=14.6
1789498422.996	мастер_значение	globe	11.5	14.9	14.7	0	ball					cell_cm=14.9
1789498423.007	мастер_значение	globe	11.5	15.0	14.7	0	ball					cell_cm=15.0
1789498429.864	мастер_значение	globe	11.5	10.8	8.66	1	ball					cell_cm=10.8
1789498429.887	мастер_значение	globe	11.5	10.7	8.66	1	ball					cell_cm=10.7
1789498429.919	мастер_значение	globe	11.5	10.6	8.66	1	ball					cell_cm=10.6
1789498430.031	мастер_значение	globe	11.5	10.7	8.66	1	ball					cell_cm=10.7
1789498430.042	мастер_значение	globe	11.5	10.8	8.66	1	ball					cell_cm=10.8
1789498434.120	мастер_значение	globe	11.5	8.3	8.34	2	ball					cell_cm=8.3
1789498434.132	мастер_значение	globe	11.5	8.2	8.34	2	ball					cell_cm=8.2
1789498434.152	мастер_значение	globe	11.5	8.1	8.34	2	ball					cell_cm=8.1
1789498434.175	мастер_значение	globe	11.5	8.2	8.34	2	ball					cell_cm=8.2
1789498434.264	мастер_значение	globe	11.5	8.3	8.34	2	ball					cell_cm=8.3
1789498448.132	мастер_значение	globe	11.5	9.0	8.66	1	ball					cell_cm=9.0
1789498451.543	мастер_значение	globe	11.5	9.7	8.66	1	ball					cell_cm=9.7
1789498453.933	мастер_значение	globe	11.5	10.4	8.66	1	ball					cell_cm=10.4
1789498456.744	мастер_значение	globe	11.5	11.3	14.7	0	ball					cell_cm=11.3
1789498456.755	мастер_значение	globe	11.5	11.4	14.7	0	ball					cell_cm=11.4
1789498456.767	мастер_значение	globe	11.5	11.5	14.7	0	ball					cell_cm=11.5
1789498456.810	мастер_значение	globe	11.5	11.6	14.7	0	ball					cell_cm=11.6
1789498456.855	мастер_значение	globe	11.5	11.7	14.7	0	ball					cell_cm=11.7
1789498456.866	мастер_значение	globe	11.5	11.8	14.7	0	ball					cell_cm=11.8
1789498456.887	мастер_значение	globe	11.5	11.9	14.7	0	ball					cell_cm=11.9
1789498456.899	мастер_значение	globe	11.5	12.1	14.7	0	ball					cell_cm=12.1
1789498456.910	мастер_значение	globe	11.5	12.2	14.7	0	ball					cell_cm=12.2
1789498456.921	мастер_значение	globe	11.5	12.3	14.7	0	ball					cell_cm=12.3
1789498456.943	мастер_значение	globe	11.5	12.4	14.7	0	ball					cell_cm=12.4
1789498456.976	мастер_значение	globe	11.5	12.5	14.7	0	ball					cell_cm=12.5
1789498456.999	мастер_значение	globe	11.5	12.6	14.7	0	ball					cell_cm=12.6
1789498457.021	мастер_значение	globe	11.5	12.7	14.7	0	ball					cell_cm=12.7
1789498457.043	мастер_значение	globe	11.5	12.8	14.7	0	ball					cell_cm=12.8
1789498457.065	мастер_значение	globe	11.5	12.7	14.7	0	ball					cell_cm=12.7
1789498457.099	мастер_значение	globe	11.5	12.6	14.7	0	ball					cell_cm=12.6
1789498457.143	мастер_значение	globe	11.5	12.5	14.7	0	ball					cell_cm=12.5
1789498457.165	мастер_значение	globe	11.5	12.4	14.7	0	ball					cell_cm=12.4
1789498457.177	мастер_значение	globe	11.5	12.3	14.7	0	ball					cell_cm=12.3
1789498457.188	мастер_значение	globe	11.5	12.2	14.7	0	ball					cell_cm=12.2
1789498457.199	мастер_значение	globe	11.5	12.1	14.7	0	ball					cell_cm=12.1
1789498457.221	мастер_значение	globe	11.5	12.0	14.7	0	ball					cell_cm=12.0
1789498457.232	мастер_значение	globe	11.5	11.9	14.7	0	ball					cell_cm=11.9
1789498457.254	мастер_значение	globe	11.5	11.8	14.7	0	ball					cell_cm=11.8
1789498457.276	мастер_значение	globe	11.5	11.7	14.7	0	ball					cell_cm=11.7
1789498457.288	мастер_значение	globe	11.5	11.6	14.7	0	ball					cell_cm=11.6
1789498457.309	мастер_значение	globe	11.5	11.4	14.7	0	ball					cell_cm=11.4
1789498457.321	мастер_значение	globe	11.5	11.3	14.7	0	ball					cell_cm=11.3
1789498457.332	мастер_значение	globe	11.5	11.1	8.66	1	ball					cell_cm=11.1
1789498457.344	мастер_значение	globe	11.5	11.0	8.66	1	ball					cell_cm=11.0
1789498457.355	мастер_значение	globe	11.5	10.9	8.66	1	ball					cell_cm=10.9
1789498457.365	мастер_значение	globe	11.5	10.8	8.66	1	ball					cell_cm=10.8
1789498457.386	мастер_значение	globe	11.5	10.7	8.66	1	ball					cell_cm=10.7
1789498457.410	мастер_значение	globe	11.5	10.6	8.66	1	ball					cell_cm=10.6
1789498457.431	мастер_значение	globe	11.5	10.5	8.66	1	ball					cell_cm=10.5
1789498457.454	мастер_значение	globe	11.5	10.4	8.66	1	ball					cell_cm=10.4
1789498457.476	мастер_значение	globe	11.5	10.3	8.66	1	ball					cell_cm=10.3
1789498457.499	мастер_значение	globe	11.5	10.2	8.66	1	ball					cell_cm=10.2
1789498457.599	мастер_значение	globe	11.5	10.3	8.66	1	ball					cell_cm=10.3
1789498457.611	мастер_значение	globe	11.5	10.2	8.66	1	ball					cell_cm=10.2
1789498457.655	мастер_значение	globe	11.5	10.3	8.66	1	ball					cell_cm=10.3
1789498457.677	мастер_значение	globe	11.5	10.4	8.66	1	ball					cell_cm=10.4
1789498457.766	мастер_значение	globe	11.5	10.5	8.66	1	ball					cell_cm=10.5
1789498457.778	мастер_значение	globe	11.5	10.6	8.66	1	ball					cell_cm=10.6
1789498457.788	мастер_значение	globe	11.5	10.7	8.66	1	ball					cell_cm=10.7
1789498457.799	мастер_значение	globe	11.5	10.8	8.66	1	ball					cell_cm=10.8
1789498457.866	мастер_значение	globe	11.5	10.7	8.66	1	ball					cell_cm=10.7
1789498457.922	мастер_значение	globe	11.5	10.8	8.66	1	ball					cell_cm=10.8
1789498457.943	мастер_значение	globe	11.5	10.9	8.66	1	ball					cell_cm=10.9
1789498457.977	мастер_значение	globe	11.5	11.0	8.66	1	ball					cell_cm=11.0
1789498458.022	мастер_значение	globe	11.5	11.1	8.66	1	ball					cell_cm=11.1
1789498458.066	мастер_значение	globe	11.5	11.2	8.66	1	ball					cell_cm=11.2
1789498458.088	мастер_значение	globe	11.5	11.3	14.7	0	ball					cell_cm=11.3
1789498458.121	мастер_значение	globe	11.5	11.4	14.7	0	ball					cell_cm=11.4
1789498458.177	мастер_значение	globe	11.5	11.3	14.7	0	ball					cell_cm=11.3
1789498458.199	мастер_значение	globe	11.5	11.2	8.66	1	ball					cell_cm=11.2
1789498458.221	мастер_значение	globe	11.5	11.1	8.66	1	ball					cell_cm=11.1
1789498458.243	мастер_значение	globe	11.5	11.0	8.66	1	ball					cell_cm=11.0
1789498458.255	мастер_значение	globe	11.5	10.9	8.66	1	ball					cell_cm=10.9
1789498458.276	мастер_значение	globe	11.5	10.8	8.66	1	ball					cell_cm=10.8
1789498458.333	мастер_значение	globe	11.5	10.9	8.66	1	ball					cell_cm=10.9
1789498458.354	мастер_значение	globe	11.5	10.8	8.66	1	ball					cell_cm=10.8
1789498458.377	мастер_значение	globe	11.5	10.7	8.66	1	ball					cell_cm=10.7
1789498458.388	мастер_значение	globe	11.5	10.6	8.66	1	ball					cell_cm=10.6
1789498458.399	мастер_значение	globe	11.5	10.5	8.66	1	ball					cell_cm=10.5
1789498458.410	мастер_значение	globe	11.5	10.4	8.66	1	ball					cell_cm=10.4
1789498458.431	мастер_значение	globe	11.5	10.3	8.66	1	ball					cell_cm=10.3
1789498458.444	мастер_значение	globe	11.5	10.2	8.66	1	ball					cell_cm=10.2
1789498458.477	мастер_значение	globe	11.5	10.1	8.66	1	ball					cell_cm=10.1
1789498458.521	мастер_значение	globe	11.5	10.0	8.66	1	ball					cell_cm=10.0
1789498458.534	мастер_значение	globe	11.5	9.9	8.66	1	ball					cell_cm=9.9
1789498458.554	мастер_значение	globe	11.5	9.8	8.66	1	ball					cell_cm=9.8
1789498458.566	мастер_значение	globe	11.5	9.7	8.66	1	ball					cell_cm=9.7
1789498458.587	мастер_значение	globe	11.5	9.6	8.66	1	ball					cell_cm=9.6
1789498458.599	мастер_значение	globe	11.5	9.5	8.66	1	ball					cell_cm=9.5
1789498458.621	мастер_значение	globe	11.5	9.4	8.66	1	ball					cell_cm=9.4
1789498458.643	мастер_значение	globe	11.5	9.3	8.66	1	ball					cell_cm=9.3
1789498458.665	мастер_значение	globe	11.5	9.2	8.66	1	ball					cell_cm=9.2
1789498458.699	мастер_значение	globe	11.5	9.1	8.66	1	ball					cell_cm=9.1
1789498458.711	мастер_значение	globe	11.5	9.0	8.66	1	ball					cell_cm=9.0
1789498458.754	мастер_значение	globe	11.5	8.9	8.66	1	ball					cell_cm=8.9
1789498458.766	мастер_значение	globe	11.5	8.8	8.66	1	ball					cell_cm=8.8
1789498458.777	мастер_значение	globe	11.5	8.7	8.66	1	ball					cell_cm=8.7
1789498458.788	мастер_значение	globe	11.5	8.6	8.66	1	ball					cell_cm=8.6
1789498458.810	мастер_значение	globe	11.5	8.5	8.34	2	ball					cell_cm=8.5
1789498458.822	мастер_значение	globe	11.5	8.4	8.34	2	ball					cell_cm=8.4
1789498458.842	мастер_значение	globe	11.5	8.3	8.34	2	ball					cell_cm=8.3
1789498458.855	мастер_значение	globe	11.5	8.2	8.34	2	ball					cell_cm=8.2
1789498458.876	мастер_значение	globe	11.5	8.0	8.34	2	ball					cell_cm=8.0
1789498458.888	мастер_значение	globe	11.5	7.9	8.34	2	ball					cell_cm=7.9
1789498458.899	мастер_значение	globe	11.5	7.7	8.34	2	ball					cell_cm=7.7
1789498458.910	мастер_значение	globe	11.5	7.5	8.34	2	ball					cell_cm=7.5
1789498458.921	мастер_значение	globe	11.5	7.4	8.34	2	ball					cell_cm=7.4
1789498458.932	мастер_значение	globe	11.5	7.2	8.34	2	ball					cell_cm=7.2
1789498458.943	мастер_значение	globe	11.5	7.1	8.34	2	ball					cell_cm=7.1
1789498458.954	мастер_значение	globe	11.5	7.0	8.34	2	ball					cell_cm=7.0
1789498458.988	мастер_значение	globe	11.5	6.9	8.34	2	ball					cell_cm=6.9
1789498459.010	мастер_значение	globe	11.5	7.0	8.34	2	ball					cell_cm=7.0
1789498459.022	мастер_значение	globe	11.5	7.1	8.34	2	ball					cell_cm=7.1
1789498459.042	мастер_значение	globe	11.5	7.2	8.34	2	ball					cell_cm=7.2
1789498459.065	мастер_значение	globe	11.5	7.3	8.34	2	ball					cell_cm=7.3
1789498459.078	мастер_значение	globe	11.5	7.4	8.34	2	ball					cell_cm=7.4
1789498459.098	мастер_значение	globe	11.5	7.5	8.34	2	ball					cell_cm=7.5
1789498459.111	мастер_значение	globe	11.5	7.6	8.34	2	ball					cell_cm=7.6
1789498459.131	мастер_значение	globe	11.5	7.7	8.34	2	ball					cell_cm=7.7
1789498459.176	мастер_значение	globe	11.5	7.8	8.34	2	ball					cell_cm=7.8
1789498459.188	мастер_значение	globe	11.5	7.7	8.34	2	ball					cell_cm=7.7
1789498459.300	мастер_значение	globe	11.5	7.6	8.34	2	ball					cell_cm=7.6
1789498459.332	мастер_значение	globe	11.5	7.5	8.34	2	ball					cell_cm=7.5
1789498459.444	мастер_значение	globe	11.5	7.4	8.34	2	ball					cell_cm=7.4
1789498459.466	мастер_значение	globe	11.5	7.3	8.34	2	ball					cell_cm=7.3
1789498459.544	мастер_значение	globe	11.5	7.2	8.34	2	ball					cell_cm=7.2
1789498459.566	мастер_значение	globe	11.5	7.1	8.34	2	ball					cell_cm=7.1
1789498459.578	мастер_значение	globe	11.5	7.0	8.34	2	ball					cell_cm=7.0
1789498459.589	мастер_значение	globe	11.5	6.9	8.34	2	ball					cell_cm=6.9
1789498459.600	мастер_значение	globe	11.5	6.7	5.44	3	ball					cell_cm=6.7
1789498459.620	мастер_значение	globe	11.5	6.6	5.44	3	ball					cell_cm=6.6
1789498459.633	мастер_значение	globe	11.5	6.5	5.44	3	ball					cell_cm=6.5
1789498459.644	мастер_значение	globe	11.5	6.4	5.44	3	ball					cell_cm=6.4
1789498459.665	мастер_значение	globe	11.5	6.3	5.44	3	ball					cell_cm=6.3
1789498459.711	мастер_значение	globe	11.5	6.4	5.44	3	ball					cell_cm=6.4
1789498459.723	мастер_значение	globe	11.5	6.3	5.44	3	ball					cell_cm=6.3
1789498459.734	мастер_значение	globe	11.5	6.4	5.44	3	ball					cell_cm=6.4
1789498459.811	мастер_значение	globe	11.5	6.5	5.44	3	ball					cell_cm=6.5
1789498459.824	мастер_значение	globe	11.5	6.6	5.44	3	ball					cell_cm=6.6
1789498459.922	мастер_значение	globe	11.5	6.7	5.44	3	ball					cell_cm=6.7
1789498459.978	мастер_значение	globe	11.5	6.6	5.44	3	ball					cell_cm=6.6
1789498459.990	мастер_значение	globe	11.5	6.5	5.44	3	ball					cell_cm=6.5
1789498460.001	мастер_значение	globe	11.5	6.4	5.44	3	ball					cell_cm=6.4
1789498460.022	мастер_значение	globe	11.5	6.3	5.44	3	ball					cell_cm=6.3
1789498460.122	мастер_значение	globe	11.5	6.4	5.44	3	ball					cell_cm=6.4
1789498460.211	мастер_значение	globe	11.5	6.5	5.44	3	ball					cell_cm=6.5
1789498460.266	мастер_значение	globe	11.5	6.6	5.44	3	ball					cell_cm=6.6
1789498460.422	мастер_значение	globe	11.5	6.7	5.44	3	ball					cell_cm=6.7
1789498460.444	мастер_значение	globe	11.5	6.8	8.34	2	ball					cell_cm=6.8
1789498460.466	мастер_значение	globe	11.5	6.9	8.34	2	ball					cell_cm=6.9
1789498460.488	мастер_значение	globe	11.5	7.0	8.34	2	ball					cell_cm=7.0
1789498460.533	мастер_значение	globe	11.5	6.9	8.34	2	ball					cell_cm=6.9
1789498460.633	мастер_значение	globe	11.5	7.0	8.34	2	ball					cell_cm=7.0
1789498460.666	мастер_значение	globe	11.5	7.1	8.34	2	ball					cell_cm=7.1
1789498460.822	мастер_значение	globe	11.5	7.0	8.34	2	ball					cell_cm=7.0
1789498460.855	мастер_значение	globe	11.5	6.9	8.34	2	ball					cell_cm=6.9
1789498460.877	мастер_значение	globe	11.5	6.8	8.34	2	ball					cell_cm=6.8
1789498460.899	мастер_значение	globe	11.5	6.7	5.44	3	ball					cell_cm=6.7
1789498460.922	мастер_значение	globe	11.5	6.6	5.44	3	ball					cell_cm=6.6
1789498460.934	мастер_значение	globe	11.5	6.5	5.44	3	ball					cell_cm=6.5
1789498460.954	мастер_значение	globe	11.5	6.4	5.44	3	ball					cell_cm=6.4
1789498460.987	мастер_значение	globe	11.5	6.5	5.44	3	ball					cell_cm=6.5
1789498461.001	мастер_значение	globe	11.5	6.6	5.44	3	ball					cell_cm=6.6
1789498461.032	мастер_значение	globe	11.5	6.7	5.44	3	ball					cell_cm=6.7
1789498461.089	мастер_значение	globe	11.5	6.6	5.44	3	ball					cell_cm=6.6
1789498461.133	мастер_значение	globe	11.5	6.7	5.44	3	ball					cell_cm=6.7
1789498461.155	мастер_значение	globe	11.5	6.8	8.34	2	ball					cell_cm=6.8
1789498461.355	мастер_значение	globe	11.5	6.9	8.34	2	ball					cell_cm=6.9
1789498461.411	мастер_значение	globe	11.5	6.8	8.34	2	ball					cell_cm=6.8
1789498461.432	мастер_значение	globe	11.5	6.9	8.34	2	ball					cell_cm=6.9
1789498461.522	мастер_значение	globe	11.5	7.0	8.34	2	ball					cell_cm=7.0
1789498461.555	мастер_значение	globe	11.5	7.1	8.34	2	ball					cell_cm=7.1
1789498461.622	мастер_значение	globe	11.5	7.0	8.34	2	ball					cell_cm=7.0
1789498461.644	мастер_значение	globe	11.5	6.9	8.34	2	ball					cell_cm=6.9
1789498461.666	мастер_значение	globe	11.5	7.0	8.34	2	ball					cell_cm=7.0
1789498461.699	мастер_значение	globe	11.5	7.1	8.34	2	ball					cell_cm=7.1
1789498464.834	мастер_значение	globe	11.5	6.4	5.44	3	ball					cell_cm=6.4
1789498468.212	мастер_значение	globe	11.5	6.5	5.44	3	ball					cell_cm=6.5
1789498468.224	мастер_значение	globe	11.5	6.4	5.44	3	ball					cell_cm=6.4
1789498468.236	мастер_значение	globe	11.5	6.1	5.44	3	ball					cell_cm=6.1
1789498468.245	мастер_значение	globe	11.5	5.9	5.44	3	ball					cell_cm=5.9
1789498468.257	мастер_значение	globe	11.5	5.7	5.44	3	ball					cell_cm=5.7
1789498468.266	мастер_значение	globe	11.5	5.5	5.44	3	ball					cell_cm=5.5
1789498468.277	мастер_значение	globe	11.5	5.2	5.44	3	ball					cell_cm=5.2
1789498468.288	мастер_значение	globe	11.5	5.1	5.44	3	ball					cell_cm=5.1
1789498468.299	мастер_значение	globe	11.5	4.9	5.44	3	ball					cell_cm=4.9
1789498468.311	мастер_значение	globe	11.5	4.6	4.01	4	ball					cell_cm=4.6
1789498468.323	мастер_значение	globe	11.5	4.4	4.01	4	ball					cell_cm=4.4
1789498468.334	мастер_значение	globe	11.5	4.2	4.01	4	ball					cell_cm=4.2
1789498468.345	мастер_значение	globe	11.5	4.0	4.01	4	ball					cell_cm=4.0
1789498468.356	мастер_значение	globe	11.5	3.8	4.01	4	ball					cell_cm=3.8
1789498468.366	мастер_значение	globe	11.5	3.4	3.17	5	ball					cell_cm=3.4
1789498468.378	мастер_значение	globe	11.5	2.8	2.72	6	ball					cell_cm=2.8
1789498468.392	мастер_значение	globe	11.5	2.3	2.31	7	ball					cell_cm=2.3
1789498468.405	мастер_значение	globe	11.5	1.8	2.01	8	ball					cell_cm=1.8
1789498468.425	мастер_значение	globe	11.5	1.5	2.01	8	ball					cell_cm=1.5
1789498471.625	мастер_значение	globe	11.5	2.2	2.31	7	ball					cell_cm=2.2
1789498476.980	мастер_значение	globe	11.5	3.0	3.17	5	ball					cell_cm=3.0
1789498480.947	мастер_значение	globe	11.5	3.7	4.01	4	ball					cell_cm=3.7
1789498482.935	мастер_значение	globe	11.5	4.4	4.01	4	ball					cell_cm=4.4
1789498483.657	мастер_значение	globe	11.5	5.1	5.44	3	ball					cell_cm=5.1
1789498485.791	мастер_значение	globe	11.5	5.8	5.44	3	ball					cell_cm=5.8
1789498486.513	мастер_значение	globe	11.5	6.5	5.44	3	ball					cell_cm=6.5
1789498496.869	мастер_значение	globe	11.5	7.2	8.34	2	ball					cell_cm=7.2
1789498512.515	мастер_значение	globe	11.5	7.0	8.34	2	ball					cell_cm=7.0
1789498523.227	мастер_значение	globe	11.5	6.0	5.44	3	ball					cell_cm=6.0
1789498534.206	мастер_значение	globe	11.5	8.0	8.34	2	ball					cell_cm=8.0
1789498542.451	мастер_значение	globe	11.5	7.3	8.34	2	ball					cell_cm=7.3
1789498543.262	мастер_значение	globe	11.5	6.6	5.44	3	ball					cell_cm=6.6
1789498546.329	мастер_значение	globe	11.5	7.3	8.34	2	ball					cell_cm=7.3
1789498553.718	панель_кнопка	globe	11.5	7.3	8.34	2	ball					next
1789498553.718	мастер_подтверждено	globe	11.5	7.3	8.34	2	ball					cell_cm
1789498563.496	мастер_значение	globe	11.5	7.3	8.34	2	ball					stick_speed=2.7
1789498563.518	мастер_значение	globe	11.5	7.3	8.34	2	ball					stick_speed=2.6
1789498563.540	мастер_значение	globe	11.5	7.3	8.34	2	ball					stick_speed=2.5
1789498563.563	мастер_значение	globe	11.5	7.3	8.34	2	ball					stick_speed=2.4
1789498563.574	мастер_значение	globe	11.5	7.3	8.34	2	ball					stick_speed=2.3
1789498563.584	мастер_значение	globe	11.5	7.3	8.34	2	ball					stick_speed=2.2
1789498563.595	мастер_значение	globe	11.5	7.3	8.34	2	ball					stick_speed=2.1
1789498563.607	мастер_значение	globe	11.5	7.3	8.34	2	ball					stick_speed=1.9
1789498563.618	мастер_значение	globe	11.5	7.3	8.34	2	ball					stick_speed=1.7
1789498563.629	мастер_значение	globe	11.5	7.3	8.34	2	ball					stick_speed=1.5
1789498563.640	мастер_значение	globe	11.5	7.3	8.34	2	ball					stick_speed=1.4
1789498563.651	мастер_значение	globe	11.5	7.3	8.34	2	ball					stick_speed=1.2
1789498563.662	мастер_значение	globe	11.5	7.3	8.34	2	ball					stick_speed=1.1
1789498563.673	мастер_значение	globe	11.5	7.3	8.34	2	ball					stick_speed=0.9
1789498563.685	мастер_значение	globe	11.5	7.3	8.34	2	ball					stick_speed=0.7
1789498563.695	мастер_значение	globe	11.5	7.3	8.34	2	ball					stick_speed=0.5
1789498569.975	мастер_значение	globe	11.5	7.3	8.34	2	ball					stick_speed=0.6
1789498569.997	мастер_значение	globe	11.5	7.3	8.34	2	ball					stick_speed=0.7
1789498570.041	мастер_значение	globe	11.5	7.3	8.34	2	ball					stick_speed=0.8
1789498570.063	мастер_значение	globe	11.5	7.3	8.34	2	ball					stick_speed=0.9
1789498570.075	мастер_значение	globe	11.5	7.3	8.34	2	ball					stick_speed=1.0
1789498570.085	мастер_значение	globe	11.5	7.3	8.34	2	ball					stick_speed=1.2
1789498570.096	мастер_значение	globe	11.5	7.3	8.34	2	ball					stick_speed=1.4
1789498570.107	мастер_значение	globe	11.5	7.3	8.34	2	ball					stick_speed=1.6
1789498570.118	мастер_значение	globe	11.5	7.3	8.34	2	ball					stick_speed=1.8
1789498570.129	мастер_значение	globe	11.5	7.3	8.34	2	ball					stick_speed=2.0
1789498570.141	мастер_значение	globe	11.5	7.3	8.34	2	ball					stick_speed=2.2
1789498570.152	мастер_значение	globe	11.5	7.3	8.34	2	ball					stick_speed=2.4
1789498570.163	мастер_значение	globe	11.5	7.3	8.34	2	ball					stick_speed=2.6
1789498570.174	мастер_значение	globe	11.5	7.3	8.34	2	ball					stick_speed=2.8
1789498570.185	мастер_значение	globe	11.5	7.3	8.34	2	ball					stick_speed=3.1
1789498570.196	мастер_значение	globe	11.5	7.3	8.34	2	ball					stick_speed=3.3
1789498570.208	мастер_значение	globe	11.5	7.3	8.34	2	ball					stick_speed=3.6
1789498570.218	мастер_значение	globe	11.5	7.3	8.34	2	ball					stick_speed=3.9
1789498570.230	мастер_значение	globe	11.5	7.3	8.34	2	ball					stick_speed=4.1
1789498570.241	мастер_значение	globe	11.5	7.3	8.34	2	ball					stick_speed=4.3
1789498570.252	мастер_значение	globe	11.5	7.3	8.34	2	ball					stick_speed=4.5
1789498570.263	мастер_значение	globe	11.5	7.3	8.34	2	ball					stick_speed=4.6
1789498570.274	мастер_значение	globe	11.5	7.3	8.34	2	ball					stick_speed=4.7
1789498570.296	мастер_значение	globe	11.5	7.3	8.34	2	ball					stick_speed=4.8
1789498570.318	мастер_значение	globe	11.5	7.3	8.34	2	ball					stick_speed=4.9
1789498570.330	мастер_значение	globe	11.5	7.3	8.34	2	ball					stick_speed=5.0
1789498570.341	мастер_значение	globe	11.5	7.3	8.34	2	ball					stick_speed=5.1
1789498570.363	мастер_значение	globe	11.5	7.3	8.34	2	ball					stick_speed=5.2
1789498575.542	мастер_значение	globe	11.5	7.3	8.34	2	ball					stick_speed=2.2
1789498575.564	мастер_значение	globe	11.5	7.3	8.34	2	ball					stick_speed=2.3
1789498575.619	мастер_значение	globe	11.5	7.3	8.34	2	ball					stick_speed=2.4
1789498575.664	мастер_значение	globe	11.5	7.3	8.34	2	ball					stick_speed=2.5
1789498575.764	мастер_значение	globe	11.5	7.3	8.34	2	ball					stick_speed=2.6
1789498581.098	мастер_значение	globe	11.5	7.3	8.34	2	ball					stick_speed=2.3
1789498592.776	панель_кнопка	globe	11.5	7.3	8.34	2	ball					next
1789498592.777	мастер_подтверждено	globe	11.5	7.3	8.34	2	ball					stick_speed
1789498598.344	мастер_значение	globe	11.5	7.3	8.34	2	ball					detent=13.0
1789498598.366	мастер_значение	globe	11.5	7.3	8.34	2	ball					detent=12.0
1789498598.410	мастер_значение	globe	11.5	7.3	8.34	2	ball					detent=11.0
1789498598.444	мастер_значение	globe	11.5	7.3	8.34	2	ball					detent=10.0
1789498598.465	мастер_значение	globe	11.5	7.3	8.34	2	ball					detent=9.0
1789498598.488	мастер_значение	globe	11.5	7.3	8.34	2	ball					detent=8.0
1789498598.510	мастер_значение	globe	11.5	7.3	8.34	2	ball					detent=7.0
1789498598.521	мастер_значение	globe	11.5	7.3	8.34	2	ball					detent=6.0
1789498598.532	мастер_значение	globe	11.5	7.3	8.34	2	ball					detent=5.0
1789498598.554	мастер_значение	globe	11.5	7.3	8.34	2	ball					detent=4.0
1789498598.565	мастер_значение	globe	11.5	7.3	8.34	2	ball					detent=3.0
1789498598.587	мастер_значение	globe	11.5	7.3	8.34	2	ball					detent=2.0
1789498598.621	мастер_значение	globe	11.5	7.3	8.34	2	ball					detent=1.0
1789498598.654	мастер_значение	globe	11.5	7.3	8.34	2	ball					detent=0.0
1789498601.288	мастер_значение	globe	11.5	7.3	8.34	2	ball					detent=2.0
1789498601.344	мастер_значение	globe	11.5	7.3	8.34	2	ball					detent=3.0
1789498601.355	мастер_значение	globe	11.5	7.3	8.34	2	ball					detent=4.0
1789498601.366	мастер_значение	globe	11.5	7.3	8.34	2	ball					detent=5.0
1789498601.377	мастер_значение	globe	11.5	7.3	8.34	2	ball					detent=6.0
1789498601.388	мастер_значение	globe	11.5	7.3	8.34	2	ball					detent=7.0
1789498601.399	мастер_значение	globe	11.5	7.3	8.34	2	ball					detent=8.0
1789498601.410	мастер_значение	globe	11.5	7.3	8.34	2	ball					detent=9.0
1789498601.421	мастер_значение	globe	11.5	7.3	8.34	2	ball					detent=10.0
1789498601.443	мастер_значение	globe	11.5	7.3	8.34	2	ball					detent=12.0
1789498601.454	мастер_значение	globe	11.5	7.3	8.34	2	ball					detent=13.0
1789498601.465	мастер_значение	globe	11.5	7.3	8.34	2	ball					detent=15.0
1789498601.477	мастер_значение	globe	11.5	7.3	8.34	2	ball					detent=17.0
1789498601.488	мастер_значение	globe	11.5	7.3	8.34	2	ball					detent=19.0
1789498601.499	мастер_значение	globe	11.5	7.3	8.34	2	ball					detent=22.0
1789498601.510	мастер_значение	globe	11.5	7.3	8.34	2	ball					detent=25.0
1789498601.733	intent	globe	11.5	7.3	8.34	2	ball					{ "do": "none", "view": "browse", "folder": "" }
1789498605.822	мастер_значение	globe	11.5	7.3	8.34	2	ball					detent=24.0
1789498605.878	мастер_значение	globe	11.5	7.3	8.34	2	ball					detent=23.0
1789498605.933	мастер_значение	globe	11.5	7.3	8.34	2	ball					detent=22.0
1789498605.955	мастер_значение	globe	11.5	7.3	8.34	2	ball					detent=21.0
1789498605.977	мастер_значение	globe	11.5	7.3	8.34	2	ball					detent=20.0
1789498605.999	мастер_значение	globe	11.5	7.3	8.34	2	ball					detent=19.0
1789498606.022	мастер_значение	globe	11.5	7.3	8.34	2	ball					detent=18.0
1789498606.088	мастер_значение	globe	11.5	7.3	8.34	2	ball					detent=17.0
1789498606.200	мастер_значение	globe	11.5	7.3	8.34	2	ball					detent=18.0
1789498606.344	мастер_значение	globe	11.5	7.3	8.34	2	ball					detent=17.0
1789498611.122	мастер_значение	globe	11.5	7.3	8.34	2	ball					detent=10.0
1789498611.300	мастер_значение	globe	11.5	7.3	8.34	2	ball					detent=11.0
1789498613.034	мастер_значение	globe	11.5	7.3	8.34	2	ball					detent=10.0
1789498616.945	мастер_значение	globe	11.5	7.3	8.34	2	ball					detent=11.0
1789498631.158	мастер_значение	globe	11.5	7.3	8.34	2	ball					detent=12.0
1789498635.291	мастер_значение	globe	11.5	7.3	8.34	2	ball					detent=13.0
1789498640.514	мастер_значение	globe	11.5	7.3	8.34	2	ball					detent=14.0
1789498653.403	панель_кнопка	globe	11.5	7.3	8.34	2	ball					next
1789498653.403	мастер_подтверждено	globe	11.5	7.3	8.34	2	ball					detent
1789498661.040	folder	globe	11.5	7.3	8.34	2	ball					{ "folder": "", "view": "actions", "items": 7 }
1789498661.040	intent	globe	11.5	7.3	8.34	2	ball					{ "do": "reload", "view": "actions", "folder": "" }
1789498667.849	folder	globe	11.5	7.3	8.34	2	ball					{ "folder": "", "view": "browse", "items": 5 }
1789498667.850	intent	globe	11.5	7.3	8.34	2	ball					{ "do": "reload", "view": "browse", "folder": "" }
1789498670.960	мастер_значение	globe	11.5	7.3	8.34	2	ball					hold_ms=440.0
1789498670.971	мастер_значение	globe	11.5	7.3	8.34	2	ball					hold_ms=430.0
1789498670.982	мастер_значение	globe	11.5	7.3	8.34	2	ball					hold_ms=420.0
1789498670.994	мастер_значение	globe	11.5	7.3	8.34	2	ball					hold_ms=410.0
1789498671.004	мастер_значение	globe	11.5	7.3	8.34	2	ball					hold_ms=400.0
1789498671.015	мастер_значение	globe	11.5	7.3	8.34	2	ball					hold_ms=390.0
1789498671.026	мастер_значение	globe	11.5	7.3	8.34	2	ball					hold_ms=380.0
1789498671.038	мастер_значение	globe	11.5	7.3	8.34	2	ball					hold_ms=370.0
1789498671.048	мастер_значение	globe	11.5	7.3	8.34	2	ball					hold_ms=360.0
1789498671.071	мастер_значение	globe	11.5	7.3	8.34	2	ball					hold_ms=340.0
1789498671.082	мастер_значение	globe	11.5	7.3	8.34	2	ball					hold_ms=320.0
1789498671.093	мастер_значение	globe	11.5	7.3	8.34	2	ball					hold_ms=290.0
1789498671.104	мастер_значение	globe	11.5	7.3	8.34	2	ball					hold_ms=260.0
1789498671.115	мастер_значение	globe	11.5	7.3	8.34	2	ball					hold_ms=230.0
1789498671.126	мастер_значение	globe	11.5	7.3	8.34	2	ball					hold_ms=200.0
1789498672.450	folder	globe	11.5	7.3	8.34	2	ball					{ "folder": "", "view": "actions", "items": 7 }
1789498672.450	intent	globe	11.5	7.3	8.34	2	ball					{ "do": "reload", "view": "actions", "folder": "" }
1789498675.672	folder	globe	11.5	7.3	8.34	2	ball					{ "folder": "", "view": "browse", "items": 5 }
1789498675.673	intent	globe	11.5	7.3	8.34	2	ball					{ "do": "reload", "view": "browse", "folder": "" }
1789498676.994	мастер_значение	globe	11.5	7.3	8.34	2	ball					hold_ms=250.0
1789498677.461	мастер_значение	globe	11.5	7.3	8.34	2	ball					hold_ms=300.0
1789498679.584	folder	globe	11.5	7.3	8.34	2	ball					{ "folder": "", "view": "actions", "items": 7 }
1789498679.584	intent	globe	11.5	7.3	8.34	2	ball					{ "do": "reload", "view": "actions", "folder": "" }
1789498682.140	folder	globe	11.5	7.3	8.34	2	ball					{ "folder": "", "view": "browse", "items": 5 }
1789498682.140	intent	globe	11.5	7.3	8.34	2	ball					{ "do": "reload", "view": "browse", "folder": "" }
1789498685.830	folder	globe	11.5	7.3	8.34	2	ball	assets				{ "folder": "assets", "view": "browse", "items": 7 }
1789498685.830	intent	globe	11.5	7.3	8.34	2	ball	assets				{ "do": "reload", "view": "browse", "folder": "assets" }
1789498688.962	select	globe	11.5	7.3	8.34	2	ball	assets				{ "do": "default", "view": "browse", "folder": "assets", "item": "asset_barrel", "title": "Бочка" }
1789498688.962	toggle	globe	11.5	7.3	8.34	2	ball	assets				{ "open": false }
1789498691.341	folder	globe	11.5	7.3	8.34	2	ball	assets				{ "folder": "assets", "view": "browse", "items": 7 }
1789498691.341	toggle	globe	11.5	7.3	8.34	2	ball	assets				{ "open": true }
1789498694.696	folder	globe	11.5	7.3	8.34	2	ball					{ "folder": "", "view": "browse", "items": 5 }
1789498694.696	intent	globe	11.5	7.3	8.34	2	ball					{ "do": "reload", "view": "browse", "folder": "" }
1789498696.675	folder	globe	11.5	7.3	8.34	2	ball					{ "folder": "", "view": "actions", "items": 7 }
1789498696.675	intent	globe	11.5	7.3	8.34	2	ball					{ "do": "reload", "view": "actions", "folder": "" }
1789498699.030	folder	globe	11.5	7.3	8.34	2	ball					{ "folder": "", "view": "browse", "items": 5 }
1789498699.030	intent	globe	11.5	7.3	8.34	2	ball					{ "do": "reload", "view": "browse", "folder": "" }
1789498700.830	intent	globe	11.5	7.3	8.34	2	ball					{ "do": "close", "view": "browse", "folder": "" }
1789498715.841	панель_кнопка	globe	11.5	7.3	8.34	2	ball					back
1789498715.842	мастер_назад	globe	11.5	7.3	8.34	2	ball					detent
1789498718.031	folder	globe	11.5	7.3	8.34	2	ball					{ "folder": "", "view": "browse", "items": 5 }
1789498718.031	toggle	globe	11.5	7.3	8.34	2	ball					{ "open": true }
1789498721.119	панель_кнопка	globe	11.5	7.3	8.34	2	ball					next
1789498721.120	мастер_подтверждено	globe	11.5	7.3	8.34	2	ball					detent
1789498725.299	folder	globe	11.5	7.3	8.34	2	ball	assets				{ "folder": "assets", "view": "browse", "items": 7 }
1789498725.299	intent	globe	11.5	7.3	8.34	2	ball	assets				{ "do": "reload", "view": "browse", "folder": "assets" }
1789498727.254	folder	globe	11.5	7.3	8.34	2	ball					{ "folder": "", "view": "browse", "items": 5 }
1789498727.254	intent	globe	11.5	7.3	8.34	2	ball					{ "do": "reload", "view": "browse", "folder": "" }
1789498728.255	folder	globe	11.5	7.3	8.34	2	ball					{ "folder": "", "view": "actions", "items": 7 }
1789498728.255	intent	globe	11.5	7.3	8.34	2	ball					{ "do": "reload", "view": "actions", "folder": "" }
1789498731.554	folder	globe	11.5	7.3	8.34	2	ball					{ "folder": "", "view": "browse", "items": 5 }
1789498731.554	intent	globe	11.5	7.3	8.34	2	ball					{ "do": "reload", "view": "browse", "folder": "" }
1789498733.243	панель_кнопка	globe	11.5	7.3	8.34	2	ball					next
1789498733.243	мастер_подтверждено	globe	11.5	7.3	8.34	2	ball					hold_ms
1789498736.810	мастер_значение	globe	11.5	7.3	8.34	2	ball					panel_side=right
1789498739.621	мастер_значение	globe	11.5	7.3	8.34	2	ball					panel_side=left_top
1789498741.788	мастер_значение	globe	11.5	7.3	8.34	2	ball					panel_side=top
1789498744.377	панель_кнопка	globe	11.5	7.3	8.34	2	ball					next
1789498744.377	мастер_подтверждено	globe	11.5	7.3	8.34	2	ball					panel_side
1789498748.633	мастер_значение	globe	11.5	7.3	8.34	2	ball					haptics=false
1789498751.022	мастер_значение	globe	11.5	7.3	8.34	2	ball					haptics=true
1789498753.678	панель_кнопка	globe	11.5	7.3	8.34	2	ball					next
1789498753.678	мастер_подтверждено	globe	11.5	7.3	8.34	2	ball					haptics
1789498756.189	панель_кнопка	globe	11.5	7.3	8.34	2	ball					save
1789498756.190	мастер_сохранено	globe	11.5	7.3	8.34	2	ball					summary
1789498759.723	toggle	globe	11.5	7.3	8.34	2	ball					{ "open": false }
1789498765.313	folder	globe	11.5	7.3	8.34	2	ball					{ "folder": "", "view": "browse", "items": 5 }
1789498765.313	toggle	globe	11.5	7.3	8.34	2	ball					{ "open": true }
1789498767.213	intent	globe	11.5	7.3	8.34	2	ball					{ "do": "close", "view": "browse", "folder": "" }
1789498768.991	folder	globe	11.5	7.3	8.34	2	ball					{ "folder": "", "view": "browse", "items": 5 }
1789498768.991	toggle	globe	11.5	7.3	8.34	2	ball					{ "open": true }
1789498770.124	intent	globe	11.5	7.3	8.34	2	ball					{ "do": "close", "view": "browse", "folder": "" }
1789498771.235	folder	globe	11.5	7.3	8.34	2	ball					{ "folder": "", "view": "browse", "items": 5 }
1789498771.236	toggle	globe	11.5	7.3	8.34	2	ball					{ "open": true }
1789498774.491	intent	globe	11.5	7.3	8.34	2	ball					{ "do": "close", "view": "browse", "folder": "" }
1789498775.991	folder	globe	11.5	7.3	8.34	2	ball					{ "folder": "", "view": "browse", "items": 5 }
1789498775.992	toggle	globe	11.5	7.3	8.34	2	ball					{ "open": true }
1789498776.847	toggle	globe	11.5	7.3	8.34	2	ball					{ "open": false }
1789498777.303	folder	globe	11.5	7.3	8.34	2	ball					{ "folder": "", "view": "browse", "items": 5 }
1789498777.303	toggle	globe	11.5	7.3	8.34	2	ball					{ "open": true }
1789498793.137	intent	globe	11.5	7.3	8.34	2	ball					{ "do": "none", "view": "browse", "folder": "" }
1789498797.382	folder	globe	11.5	7.3	8.34	2	ball					{ "folder": "", "view": "actions", "items": 7 }
1789498797.382	intent	globe	11.5	7.3	8.34	2	ball					{ "do": "reload", "view": "actions", "folder": "" }
1789498797.915	intent	globe	11.5	7.3	8.34	2	ball					{ "do": "none", "view": "actions", "folder": "" }
1789498799.160	folder	globe	11.5	7.3	8.34	2	ball					{ "folder": "", "view": "browse", "items": 5 }
1789498799.160	intent	globe	11.5	7.3	8.34	2	ball					{ "do": "reload", "view": "browse", "folder": "" }
1789498807.194	folder	globe	11.5	7.3	8.34	2	ball					{ "folder": "", "view": "actions", "items": 7 }
1789498807.194	intent	globe	11.5	7.3	8.34	2	ball					{ "do": "reload", "view": "actions", "folder": "" }
1789498811.483	intent	globe	11.5	7.3	8.34	2	ball					{ "do": "none", "view": "actions", "folder": "" }
1789498812.494	folder	globe	11.5	7.3	8.34	2	ball					{ "folder": "", "view": "browse", "items": 5 }
1789498812.494	intent	globe	11.5	7.3	8.34	2	ball					{ "do": "reload", "view": "browse", "folder": "" }
1789498824.684	folder	globe	11.5	7.3	8.34	2	ball	assets				{ "folder": "assets", "view": "browse", "items": 7 }
1789498824.684	intent	globe	11.5	7.3	8.34	2	ball	assets				{ "do": "reload", "view": "browse", "folder": "assets" }
1789498826.040	folder	globe	11.5	7.3	8.34	2	ball	assets				{ "folder": "assets", "view": "actions", "items": 7 }
1789498826.040	intent	globe	11.5	7.3	8.34	2	ball	assets				{ "do": "reload", "view": "actions", "folder": "assets" }
1789498828.296	folder	globe	11.5	7.3	8.34	2	ball	assets				{ "folder": "assets", "view": "browse", "items": 7 }
1789498828.296	intent	globe	11.5	7.3	8.34	2	ball	assets				{ "do": "reload", "view": "browse", "folder": "assets" }
1789498829.529	folder	globe	11.5	7.3	8.34	2	ball					{ "folder": "", "view": "browse", "items": 5 }
1789498829.529	intent	globe	11.5	7.3	8.34	2	ball					{ "do": "reload", "view": "browse", "folder": "" }
1789498831.973	intent	globe	11.5	7.3	8.34	2	ball					{ "do": "close", "view": "browse", "folder": "" }
1789498834.174	folder	globe	11.5	7.3	8.34	2	ball					{ "folder": "", "view": "browse", "items": 5 }
1789498834.174	toggle	globe	11.5	7.3	8.34	2	ball					{ "open": true }
1789498835.596	toggle	globe	11.5	7.3	8.34	2	ball					{ "open": false }
1789498835.907	folder	globe	11.5	7.3	8.34	2	ball					{ "folder": "", "view": "browse", "items": 5 }
1789498835.908	toggle	globe	11.5	7.3	8.34	2	ball					{ "open": true }
1789498837.596	intent	globe	11.5	7.3	8.34	2	ball					{ "do": "close", "view": "browse", "folder": "" }
1789498839.385	folder	globe	11.5	7.3	8.34	2	ball					{ "folder": "", "view": "browse", "items": 5 }
1789498839.385	toggle	globe	11.5	7.3	8.34	2	ball					{ "open": true }
1789498843.114	folder	globe	11.5	7.3	8.34	2	ball	settings				{ "folder": "settings", "view": "browse", "items": 4 }
1789498843.114	intent	globe	11.5	7.3	8.34	2	ball	settings				{ "do": "reload", "view": "browse", "folder": "settings" }
1789498848.155	folder	globe	11.5	7.3	8.34	2	ball	settings_sphere				{ "folder": "settings_sphere", "view": "browse", "items": 12 }
1789498848.155	intent	globe	11.5	7.3	8.34	2	ball	settings_sphere				{ "do": "reload", "view": "browse", "folder": "settings_sphere" }
1789498855.431	folder	globe	11.5	7.3	8.34	2	ball	settings				{ "folder": "settings", "view": "browse", "items": 4 }
1789498855.431	intent	globe	11.5	7.3	8.34	2	ball	settings				{ "do": "reload", "view": "browse", "folder": "settings" }
1789498863.421	folder	globe	11.5	7.3	8.34	2	ball	settings_sphere				{ "folder": "settings_sphere", "view": "browse", "items": 12 }
1789498863.421	intent	globe	11.5	7.3	8.34	2	ball	settings_sphere				{ "do": "reload", "view": "browse", "folder": "settings_sphere" }
1789498864.565	intent	globe	11.5	7.3	8.34	2	ball	settings_sphere				{ "do": "tasks", "view": "browse", "folder": "settings_sphere" }
1789498867.131	задание	globe	11.5	7.3	8.34	2	ball	settings_sphere	asset_house			
1789498868.620	active	globe	11.5	7.3	8.34	2	ball	settings_sphere	asset_house		1489	{ "key": "0", "slot": 0 }
1789498869.277	folder	globe	11.5	7.3	8.34	2	ball	settings	asset_house		2145	{ "folder": "settings", "view": "browse", "items": 4 }
1789498869.277	intent	globe	11.5	7.3	8.34	2	ball	settings	asset_house		2145	{ "do": "reload", "view": "browse", "folder": "settings" }
1789498869.287	active	globe	11.5	7.3	8.34	2	ball	settings	asset_house		2156	{ "key": "6", "slot": 3 }
1789498869.821	active	globe	11.5	7.3	8.34	2	ball	settings	asset_house		2689	{ "key": "0", "slot": 0 }
1789498871.132	folder	globe	11.5	7.3	8.34	2	ball		asset_house		4001	{ "folder": "", "view": "browse", "items": 5 }
1789498871.133	intent	globe	11.5	7.3	8.34	2	ball		asset_house		4001	{ "do": "reload", "view": "browse", "folder": "" }
1789498871.143	active	globe	11.5	7.3	8.34	2	ball		asset_house		4011	{ "key": "0", "slot": 0 }
1789498873.844	folder	globe	11.5	7.3	8.34	2	ball	assets	asset_house		6712	{ "folder": "assets", "view": "browse", "items": 7 }
1789498873.844	intent	globe	11.5	7.3	8.34	2	ball	assets	asset_house		6712	{ "do": "reload", "view": "browse", "folder": "assets" }
1789498873.854	active	globe	11.5	7.3	8.34	2	ball	assets	asset_house		6723	{ "key": "8", "slot": 0 }
1789498875.710	active	globe	11.5	7.3	8.34	2	ball	assets	asset_house		8578	{ "key": "6", "slot": 2 }
1789498876.388	select	globe	11.5	7.3	8.34	2	ball	assets	asset_house	да	9256	{ "do": "default", "view": "browse", "folder": "assets", "item": "asset_house", "title": "Дом" }
1789498876.388	toggle	globe	11.5	7.3	8.34	2	ball	assets				{ "open": false }
1789498878.155	задание	globe	11.5	7.3	8.34	2	ball	assets	scene_tower			
1789498879.355	folder	globe	11.5	7.3	8.34	2	ball	assets	scene_tower		1201	{ "folder": "assets", "view": "browse", "items": 7 }
1789498879.355	toggle	globe	11.5	7.3	8.34	2	ball	assets	scene_tower		1201	{ "open": true }
1789498879.366	active	globe	11.5	7.3	8.34	2	ball	assets	scene_tower		1212	{ "key": "8", "slot": -2 }
1789498879.577	active	globe	11.5	7.3	8.34	2	ball	assets	scene_tower		1422	{ "key": "6", "slot": 4 }
1789498880.021	active	globe	11.5	7.3	8.34	2	ball	assets	scene_tower		1867	{ "key": "0", "slot": 0 }
1789498882.199	active	globe	11.5	7.3	8.34	2	ball	assets	scene_tower		4045	{ "key": "6", "slot": 4 }
1789498883.544	active	globe	11.5	7.3	8.34	2	ball	assets	scene_tower		5389	{ "key": "9", "slot": -1 }
1789498883.822	active	globe	11.5	7.3	8.34	2	ball	assets	scene_tower		5667	{ "key": "12", "slot": 1 }
1789498886.044	active	globe	11.5	7.3	8.34	2	ball	assets	scene_tower		7889	{ "key": "0", "slot": 0 }
1789498886.511	active	globe	11.5	7.3	8.34	2	ball	assets	scene_tower		8356	{ "key": "9", "slot": -1 }
1789498888.067	folder	globe	11.5	7.3	8.34	2	ball		scene_tower		9913	{ "folder": "", "view": "browse", "items": 5 }
1789498888.067	intent	globe	11.5	7.3	8.34	2	ball		scene_tower		9913	{ "do": "reload", "view": "browse", "folder": "" }
1789498888.077	active	globe	11.5	7.3	8.34	2	ball		scene_tower		9923	{ "key": "0", "slot": 0 }
1789498891.044	active	globe	11.5	7.3	8.34	2	ball		scene_tower		12890	{ "key": "12", "slot": 1 }
1789498892.335	folder	globe	11.5	7.3	8.34	2	ball	images	scene_tower		14180	{ "folder": "images", "view": "browse", "items": 7 }
1789498892.335	intent	globe	11.5	7.3	8.34	2	ball	images	scene_tower		14180	{ "do": "reload", "view": "browse", "folder": "images" }
1789498892.344	active	globe	11.5	7.3	8.34	2	ball	images	scene_tower		14190	{ "key": "12", "slot": 0 }
1789498894.034	active	globe	11.5	7.3	8.34	2	ball	images	scene_tower		15879	{ "key": "13", "slot": 1 }
1789498895.156	active	globe	11.5	7.3	8.34	2	ball	images	scene_tower		17001	{ "key": "12", "slot": 0 }
1789498896.611	active	globe	11.5	7.3	8.34	2	ball	images	scene_tower		18457	{ "key": "9", "slot": -1 }
1789498897.345	folder	globe	11.5	7.3	8.34	2	ball		scene_tower		19191	{ "folder": "", "view": "browse", "items": 5 }
1789498897.345	intent	globe	11.5	7.3	8.34	2	ball		scene_tower		19191	{ "do": "reload", "view": "browse", "folder": "" }
1789498897.356	active	globe	11.5	7.3	8.34	2	ball		scene_tower		19201	{ "key": "0", "slot": 0 }
1789498898.756	active	globe	11.5	7.3	8.34	2	ball		scene_tower		20602	{ "key": "6", "slot": -1 }
1789498899.723	active	globe	11.5	7.3	8.34	2	ball		scene_tower		21568	{ "key": "0", "slot": 0 }
1789498900.401	active	globe	11.5	7.3	8.34	2	ball		scene_tower		22246	{ "key": "9", "slot": 4 }
1789498900.936	folder	globe	11.5	7.3	8.34	2	ball	scenes	scene_tower		22781	{ "folder": "scenes", "view": "browse", "items": 7 }
1789498900.936	intent	globe	11.5	7.3	8.34	2	ball	scenes	scene_tower		22782	{ "do": "reload", "view": "browse", "folder": "scenes" }
1789498900.945	active	globe	11.5	7.3	8.34	2	ball	scenes	scene_tower		22791	{ "key": "9", "slot": 0 }
1789498903.178	active	globe	11.5	7.3	8.34	2	ball	scenes	scene_tower		25024	{ "key": "14", "slot": 2 }
1789498903.512	active	globe	11.5	7.3	8.34	2	ball	scenes	scene_tower		25357	{ "key": "10", "slot": 1 }
1789498904.090	select	globe	11.5	7.3	8.34	2	ball	scenes	scene_tower	да	25935	{ "do": "default", "view": "browse", "folder": "scenes", "item": "scene_tower", "title": "Башня" }
1789498904.090	toggle	globe	11.5	7.3	8.34	2	ball	scenes				{ "open": false }
1789498906.268	задание	globe	11.5	7.3	8.34	2	ball	scenes	img_sunset			
1789498907.280	folder	globe	11.5	7.3	8.34	2	ball	scenes	img_sunset		1011	{ "folder": "scenes", "view": "browse", "items": 7 }
1789498907.280	toggle	globe	11.5	7.3	8.34	2	ball	scenes	img_sunset		1011	{ "open": true }
1789498907.291	active	globe	11.5	7.3	8.34	2	ball	scenes	img_sunset		1022	{ "key": "10", "slot": 1 }
1789498907.790	active	globe	11.5	7.3	8.34	2	ball	scenes	img_sunset		1521	{ "key": "28", "slot": -1 }
1789498908.045	active	globe	11.5	7.3	8.34	2	ball	scenes	img_sunset		1777	{ "key": "27", "slot": 0 }
1789498909.690	active	globe	11.5	7.3	8.34	2	ball	scenes	img_sunset		3422	{ "key": "10", "slot": 1 }
1789498910.246	active	globe	11.5	7.3	8.34	2	ball	scenes	img_sunset		3977	{ "key": "27", "slot": 0 }
1789498910.324	active	globe	11.5	7.3	8.34	2	ball	scenes	img_sunset		4055	{ "key": "28", "slot": -1 }
1789498910.957	folder	globe	11.5	7.3	8.34	2	ball		img_sunset		4689	{ "folder": "", "view": "browse", "items": 5 }
1789498910.958	intent	globe	11.5	7.3	8.34	2	ball		img_sunset		4689	{ "do": "reload", "view": "browse", "folder": "" }
1789498910.968	active	globe	11.5	7.3	8.34	2	ball		img_sunset		4699	{ "key": "11", "slot": -2 }
1789498911.646	active	globe	11.5	7.3	8.34	2	ball		img_sunset		5377	{ "key": "9", "slot": 4 }
1789498912.090	active	globe	11.5	7.3	8.34	2	ball		img_sunset		5822	{ "key": "0", "slot": 0 }
1789498913.824	active	globe	11.5	7.3	8.34	2	ball		img_sunset		7555	{ "key": "9", "slot": 4 }
1789498914.168	active	globe	11.5	7.3	8.34	2	ball		img_sunset		7900	{ "key": "0", "slot": 0 }
1789498914.368	active	globe	11.5	7.3	8.34	2	ball		img_sunset		8100	{ "key": "3", "slot": 2 }
1789498914.735	active	globe	11.5	7.3	8.34	2	ball		img_sunset		8467	{ "key": "0", "slot": 0 }
1789498915.213	active	globe	11.5	7.3	8.34	2	ball		img_sunset		8944	{ "key": "3", "slot": 2 }
1789498915.637	folder	globe	11.5	7.3	8.34	2	ball	logic	img_sunset		9368	{ "folder": "logic", "view": "browse", "items": 5 }
1789498915.637	intent	globe	11.5	7.3	8.34	2	ball	logic	img_sunset		9368	{ "do": "reload", "view": "browse", "folder": "logic" }
1789498915.646	active	globe	11.5	7.3	8.34	2	ball	logic	img_sunset		9378	{ "key": "3", "slot": 0 }
1789498918.947	active	globe	11.5	7.3	8.34	2	ball	logic	img_sunset		12678	{ "key": "12", "slot": -1 }
1789498919.469	folder	globe	11.5	7.3	8.34	2	ball		img_sunset		13201	{ "folder": "", "view": "browse", "items": 5 }
1789498919.469	intent	globe	11.5	7.3	8.34	2	ball		img_sunset		13201	{ "do": "reload", "view": "browse", "folder": "" }
1789498919.480	active	globe	11.5	7.3	8.34	2	ball		img_sunset		13212	{ "key": "10", "slot": -2 }
1789498919.747	active	globe	11.5	7.3	8.34	2	ball		img_sunset		13478	{ "key": "9", "slot": 4 }
1789498920.436	active	globe	11.5	7.3	8.34	2	ball		img_sunset		14167	{ "key": "12", "slot": 1 }
1789498920.547	active	globe	11.5	7.3	8.34	2	ball		img_sunset		14278	{ "key": "0", "slot": 0 }
1789498920.936	active	globe	11.5	7.3	8.34	2	ball		img_sunset		14667	{ "key": "12", "slot": 1 }
1789498921.369	folder	globe	11.5	7.3	8.34	2	ball	images	img_sunset		15101	{ "folder": "images", "view": "browse", "items": 7 }
1789498921.370	intent	globe	11.5	7.3	8.34	2	ball	images	img_sunset		15101	{ "do": "reload", "view": "browse", "folder": "images" }
1789498921.380	active	globe	11.5	7.3	8.34	2	ball	images	img_sunset		15112	{ "key": "13", "slot": 1 }
1789498921.624	active	globe	11.5	7.3	8.34	2	ball	images	img_sunset		15355	{ "key": "15", "slot": 2 }
1789498921.802	active	globe	11.5	7.3	8.34	2	ball	images	img_sunset		15533	{ "key": "12", "slot": 0 }
1789498922.891	active	globe	11.5	7.3	8.34	2	ball	images	img_sunset		16623	{ "key": "14", "slot": 5 }
1789498922.980	active	globe	11.5	7.3	8.34	2	ball	images	img_sunset		16712	{ "key": "13", "slot": 1 }
1789498924.313	select	globe	11.5	7.3	8.34	2	ball	images	img_sunset	да	18045	{ "do": "default", "view": "browse", "folder": "images", "item": "img_sunset", "title": "Закат" }
1789498926.358	задание	globe	11.5	7.3	8.34	2	ball	images	tree_oak			
1789498927.503	active	globe	11.5	7.3	8.34	2	ball	images	tree_oak		1144	{ "key": "12", "slot": 0 }
1789498927.958	active	globe	11.5	7.3	8.34	2	ball	images	tree_oak		1600	{ "key": "9", "slot": -1 }
1789498928.459	folder	globe	11.5	7.3	8.34	2	ball		tree_oak		2100	{ "folder": "", "view": "browse", "items": 5 }
1789498928.459	intent	globe	11.5	7.3	8.34	2	ball		tree_oak		2100	{ "do": "reload", "view": "browse", "folder": "" }
1789498928.470	active	globe	11.5	7.3	8.34	2	ball		tree_oak		2111	{ "key": "7", "slot": -2 }
1789498928.981	active	globe	11.5	7.3	8.34	2	ball		tree_oak		2622	{ "key": "6", "slot": -1 }
1789498929.403	active	globe	11.5	7.3	8.34	2	ball		tree_oak		3044	{ "key": "0", "slot": 0 }
1789498929.859	folder	globe	11.5	7.3	8.34	2	ball	assets	tree_oak		3501	{ "folder": "assets", "view": "browse", "items": 7 }
1789498929.859	intent	globe	11.5	7.3	8.34	2	ball	assets	tree_oak		3501	{ "do": "reload", "view": "browse", "folder": "assets" }
1789498929.870	active	globe	11.5	7.3	8.34	2	ball	assets	tree_oak		3511	{ "key": "6", "slot": 4 }
1789498930.381	active	globe	11.5	7.3	8.34	2	ball	assets	tree_oak		4022	{ "key": "0", "slot": 0 }
1789498930.825	active	globe	11.5	7.3	8.34	2	ball	assets	tree_oak		4467	{ "key": "12", "slot": 1 }
1789498931.681	active	globe	11.5	7.3	8.34	2	ball	assets	tree_oak		5322	{ "key": "3", "slot": 2 }
1789498932.115	folder	globe	11.5	7.3	8.34	2	ball	trees	tree_oak		5756	{ "folder": "trees", "view": "browse", "items": 5 }
1789498932.115	intent	globe	11.5	7.3	8.34	2	ball	trees	tree_oak		5756	{ "do": "reload", "view": "browse", "folder": "trees" }
1789498932.126	active	globe	11.5	7.3	8.34	2	ball	trees	tree_oak		5767	{ "key": "3", "slot": 0 }
1789498933.248	active	globe	11.5	7.3	8.34	2	ball	trees	tree_oak		6889	{ "key": "4", "slot": 1 }
1789498933.803	intent	globe	11.5	7.3	8.34	2	ball	trees	tree_oak		7445	{ "do": "none", "view": "browse", "folder": "trees" }
1789498933.903	select	globe	11.5	7.3	8.34	2	ball	trees	tree_oak	да	7545	{ "do": "default", "view": "browse", "folder": "trees", "item": "tree_oak", "title": "Дуб" }
1789498933.903	toggle	globe	11.5	7.3	8.34	2	ball	trees				{ "open": false }
1789498935.137	задание	globe	11.5	7.3	8.34	2	ball	trees	logic_timer			
1789498936.215	folder	globe	11.5	7.3	8.34	2	ball	trees	logic_timer		1078	{ "folder": "trees", "view": "browse", "items": 5 }
1789498936.216	toggle	globe	11.5	7.3	8.34	2	ball	trees	logic_timer		1078	{ "open": true }
1789498936.226	active	globe	11.5	7.3	8.34	2	ball	trees	logic_timer		1089	{ "key": "0", "slot": -2 }
1789498936.793	active	globe	11.5	7.3	8.34	2	ball	trees	logic_timer		1655	{ "key": "3", "slot": -2 }
1789498936.993	active	globe	11.5	7.3	8.34	2	ball	trees	logic_timer		1855	{ "key": "4", "slot": 4 }
1789498937.270	active	globe	11.5	7.3	8.34	2	ball	trees	logic_timer		2133	{ "key": "21", "slot": 0 }
1789498937.693	active	globe	11.5	7.3	8.34	2	ball	trees	logic_timer		2555	{ "key": "5", "slot": -2 }
1789498937.759	active	globe	11.5	7.3	8.34	2	ball	trees	logic_timer		2622	{ "key": "3", "slot": -2 }
1789498937.870	active	globe	11.5	7.3	8.34	2	ball	trees	logic_timer		2733	{ "key": "0", "slot": -2 }
1789498938.526	toggle	globe	11.5	7.3	8.34	2	ball	trees	logic_timer		3389	{ "open": false }
1789498938.893	folder	globe	11.5	7.3	8.34	2	ball	trees	logic_timer		3756	{ "folder": "trees", "view": "browse", "items": 5 }
1789498938.893	toggle	globe	11.5	7.3	8.34	2	ball	trees	logic_timer		3756	{ "open": true }
1789498938.904	active	globe	11.5	7.3	8.34	2	ball	trees	logic_timer		3767	{ "key": "0", "slot": 0 }
1789498939.648	active	globe	11.5	7.3	8.34	2	ball	trees	logic_timer		4510	{ "key": "12", "slot": -1 }
1789498940.227	folder	globe	11.5	7.3	8.34	2	ball	assets	logic_timer		5089	{ "folder": "assets", "view": "browse", "items": 7 }
1789498940.227	intent	globe	11.5	7.3	8.34	2	ball	assets	logic_timer		5089	{ "do": "reload", "view": "browse", "folder": "assets" }
1789498940.237	active	globe	11.5	7.3	8.34	2	ball	assets	logic_timer		5100	{ "key": "12", "slot": 1 }
1789498940.782	active	globe	11.5	7.3	8.34	2	ball	assets	logic_timer		5644	{ "key": "9", "slot": -1 }
1789498941.160	folder	globe	11.5	7.3	8.34	2	ball		logic_timer		6022	{ "folder": "", "view": "browse", "items": 5 }
1789498941.160	intent	globe	11.5	7.3	8.34	2	ball		logic_timer		6023	{ "do": "reload", "view": "browse", "folder": "" }
1789498941.171	active	globe	11.5	7.3	8.34	2	ball		logic_timer		6033	{ "key": "6", "slot": -1 }
1789498941.571	active	globe	11.5	7.3	8.34	2	ball		logic_timer		6433	{ "key": "9", "slot": 4 }
1789498941.993	active	globe	11.5	7.3	8.34	2	ball		logic_timer		6856	{ "key": "0", "slot": 0 }
1789498942.771	active	globe	11.5	7.3	8.34	2	ball		logic_timer		7633	{ "key": "1", "slot": 3 }
1789498942.815	active	globe	11.5	7.3	8.34	2	ball		logic_timer		7678	{ "key": "0", "slot": 0 }
1789498943.015	active	globe	11.5	7.3	8.34	2	ball		logic_timer		7877	{ "key": "12", "slot": 1 }
1789498943.771	active	globe	11.5	7.3	8.34	2	ball		logic_timer		8633	{ "key": "0", "slot": 0 }
1789498944.282	active	globe	11.5	7.3	8.34	2	ball		logic_timer		9144	{ "key": "3", "slot": 2 }
1789498944.727	folder	globe	11.5	7.3	8.34	2	ball	logic	logic_timer		9589	{ "folder": "logic", "view": "browse", "items": 5 }
1789498944.727	intent	globe	11.5	7.3	8.34	2	ball	logic	logic_timer		9589	{ "do": "reload", "view": "browse", "folder": "logic" }
1789498944.737	active	globe	11.5	7.3	8.34	2	ball	logic	logic_timer		9600	{ "key": "5", "slot": -2 }
1789498945.315	active	globe	11.5	7.3	8.34	2	ball	logic	logic_timer		10178	{ "key": "3", "slot": 0 }
1789498945.782	active	globe	11.5	7.3	8.34	2	ball	logic	logic_timer		10644	{ "key": "0", "slot": 3 }
1789498946.760	select	globe	11.5	7.3	8.34	2	ball	logic	logic_timer	да	11622	{ "do": "default", "view": "browse", "folder": "logic", "item": "logic_timer", "title": "Таймер" }
1789498946.760	toggle	globe	11.5	7.3	8.34	2	ball	logic				{ "open": false }
1789498947.782	задание	globe	11.5	7.3	8.34	2	ball	logic	tree_palm			
1789498948.860	задание	globe	11.5	7.3	8.34	2	ball	logic	scene_draft2			
1789498949.816	folder	globe	11.5	7.3	8.34	2	ball	logic	scene_draft2		956	{ "folder": "logic", "view": "browse", "items": 5 }
1789498949.816	toggle	globe	11.5	7.3	8.34	2	ball	logic	scene_draft2		956	{ "open": true }
1789498949.827	active	globe	11.5	7.3	8.34	2	ball	logic	scene_draft2		967	{ "key": "0", "slot": 3 }
1789498950.471	active	globe	11.5	7.3	8.34	2	ball	logic	scene_draft2		1611	{ "key": "1", "slot": 0 }
1789498950.638	active	globe	11.5	7.3	8.34	2	ball	logic	scene_draft2		1777	{ "key": "3", "slot": -1 }
1789498951.183	folder	globe	11.5	7.3	8.34	2	ball		scene_draft2		2322	{ "folder": "", "view": "browse", "items": 5 }
1789498951.183	intent	globe	11.5	7.3	8.34	2	ball		scene_draft2		2322	{ "do": "reload", "view": "browse", "folder": "" }
1789498951.194	active	globe	11.5	7.3	8.34	2	ball		scene_draft2		2333	{ "key": "0", "slot": 0 }
1789498951.982	active	globe	11.5	7.3	8.34	2	ball		scene_draft2		3122	{ "key": "12", "slot": 1 }
1789498952.383	active	globe	11.5	7.3	8.34	2	ball		scene_draft2		3522	{ "key": "9", "slot": 4 }
1789498953.116	folder	globe	11.5	7.3	8.34	2	ball	scenes	scene_draft2		4256	{ "folder": "scenes", "view": "browse", "items": 7 }
1789498953.117	intent	globe	11.5	7.3	8.34	2	ball	scenes	scene_draft2		4256	{ "do": "reload", "view": "browse", "folder": "scenes" }
1789498953.127	active	globe	11.5	7.3	8.34	2	ball	scenes	scene_draft2		4267	{ "key": "27", "slot": 0 }
1789498954.305	active	globe	11.5	7.3	8.34	2	ball	scenes	scene_draft2		5444	{ "key": "10", "slot": 1 }
1789498955.361	folder	globe	11.5	7.3	8.34	2	ball	drafts	scene_draft2		6500	{ "folder": "drafts", "view": "browse", "items": 2 }
1789498955.361	intent	globe	11.5	7.3	8.34	2	ball	drafts	scene_draft2		6501	{ "do": "reload", "view": "browse", "folder": "drafts" }
1789498955.372	active	globe	11.5	7.3	8.34	2	ball	drafts	scene_draft2		6511	{ "key": "10", "slot": 0 }
1789498956.205	active	globe	11.5	7.3	8.34	2	ball	drafts	scene_draft2		7345	{ "key": "27", "slot": 1 }
1789498956.794	active	globe	11.5	7.3	8.34	2	ball	drafts	scene_draft2		7934	{ "key": "28", "slot": -1 }
1789498957.227	active	globe	11.5	7.3	8.34	2	ball	drafts	scene_draft2		8367	{ "key": "27", "slot": 1 }
1789498957.672	select	globe	11.5	7.3	8.34	2	ball	drafts	scene_draft2	да	8811	{ "do": "default", "view": "browse", "folder": "drafts", "item": "scene_draft2", "title": "Проба света" }
1789498957.672	toggle	globe	11.5	7.3	8.34	2	ball	drafts				{ "open": false }
1789498959.828	задание	globe	11.5	7.3	8.34	2	ball	drafts	tree_birch			
1789498961.206	folder	globe	11.5	7.3	8.34	2	ball	drafts	tree_birch		1379	{ "folder": "drafts", "view": "browse", "items": 2 }
1789498961.206	toggle	globe	11.5	7.3	8.34	2	ball	drafts	tree_birch		1379	{ "open": true }
1789498961.217	active	globe	11.5	7.3	8.34	2	ball	drafts	tree_birch		1390	{ "key": "10", "slot": 1 }
1789498961.805	active	globe	11.5	7.3	8.34	2	ball	drafts	tree_birch		1978	{ "key": "27", "slot": 0 }
1789498962.139	active	globe	11.5	7.3	8.34	2	ball	drafts	tree_birch		2311	{ "key": "40", "slot": -1 }
1789498962.562	folder	globe	11.5	7.3	8.34	2	ball	scenes	tree_birch		2734	{ "folder": "scenes", "view": "browse", "items": 7 }
1789498962.562	intent	globe	11.5	7.3	8.34	2	ball	scenes	tree_birch		2734	{ "do": "reload", "view": "browse", "folder": "scenes" }
1789498962.572	active	globe	11.5	7.3	8.34	2	ball	scenes	tree_birch		2745	{ "key": "40", "slot": 2 }
1789498963.050	active	globe	11.5	7.3	8.34	2	ball	scenes	tree_birch		3223	{ "key": "27", "slot": 0 }
1789498963.317	active	globe	11.5	7.3	8.34	2	ball	scenes	tree_birch		3489	{ "key": "10", "slot": 1 }
1789498963.739	active	globe	11.5	7.3	8.34	2	ball	scenes	tree_birch		3911	{ "key": "28", "slot": -1 }
1789498964.150	folder	globe	11.5	7.3	8.34	2	ball		tree_birch		4323	{ "folder": "", "view": "browse", "items": 5 }
1789498964.150	intent	globe	11.5	7.3	8.34	2	ball		tree_birch		4323	{ "do": "reload", "view": "browse", "folder": "" }
1789498964.161	active	globe	11.5	7.3	8.34	2	ball		tree_birch		4334	{ "key": "11", "slot": -2 }
1789498964.350	active	globe	11.5	7.3	8.34	2	ball		tree_birch		4522	{ "key": "9", "slot": 4 }
1789498964.750	active	globe	11.5	7.3	8.34	2	ball		tree_birch		4923	{ "key": "0", "slot": 0 }
1789498965.173	folder	globe	11.5	7.3	8.34	2	ball	assets	tree_birch		5345	{ "folder": "assets", "view": "browse", "items": 7 }
1789498965.173	intent	globe	11.5	7.3	8.34	2	ball	assets	tree_birch		5346	{ "do": "reload", "view": "browse", "folder": "assets" }
1789498965.183	active	globe	11.5	7.3	8.34	2	ball	assets	tree_birch		5356	{ "key": "0", "slot": 0 }
1789498965.706	active	globe	11.5	7.3	8.34	2	ball	assets	tree_birch		5878	{ "key": "3", "slot": 2 }
1789498966.573	folder	globe	11.5	7.3	8.34	2	ball	trees	tree_birch		6745	{ "folder": "trees", "view": "browse", "items": 5 }
1789498966.573	intent	globe	11.5	7.3	8.34	2	ball	trees	tree_birch		6745	{ "do": "reload", "view": "browse", "folder": "trees" }
1789498966.583	active	globe	11.5	7.3	8.34	2	ball	trees	tree_birch		6756	{ "key": "3", "slot": 1 }
1789498967.039	active	globe	11.5	7.3	8.34	2	ball	trees	tree_birch		7211	{ "key": "0", "slot": 0 }
1789498968.706	active	globe	11.5	7.3	8.34	2	ball	trees	tree_birch		8878	{ "key": "3", "slot": 1 }
1789498969.417	select	globe	11.5	7.3	8.34	2	ball	trees	tree_birch	да	9590	{ "do": "default", "view": "browse", "folder": "trees", "item": "tree_birch", "title": "Берёза" }
1789498969.418	toggle	globe	11.5	7.3	8.34	2	ball	trees				{ "open": false }
1789498970.762	задание	globe	11.5	7.3	8.34	2	ball	trees	scene_draft1			
1789498971.818	folder	globe	11.5	7.3	8.34	2	ball	trees	scene_draft1		1056	{ "folder": "trees", "view": "browse", "items": 5 }
1789498971.818	toggle	globe	11.5	7.3	8.34	2	ball	trees	scene_draft1		1057	{ "open": true }
1789498971.829	active	globe	11.5	7.3	8.34	2	ball	trees	scene_draft1		1067	{ "key": "0", "slot": 3 }
1789498972.362	active	globe	11.5	7.3	8.34	2	ball	trees	scene_draft1		1600	{ "key": "3", "slot": 0 }
1789498972.818	active	globe	11.5	7.3	8.34	2	ball	trees	scene_draft1		2056	{ "key": "12", "slot": -1 }
1789498973.185	folder	globe	11.5	7.3	8.34	2	ball	assets	scene_draft1		2423	{ "folder": "assets", "view": "browse", "items": 7 }
1789498973.185	intent	globe	11.5	7.3	8.34	2	ball	assets	scene_draft1		2423	{ "do": "reload", "view": "browse", "folder": "assets" }
1789498973.195	active	globe	11.5	7.3	8.34	2	ball	assets	scene_draft1		2434	{ "key": "12", "slot": 1 }
1789498974.106	active	globe	11.5	7.3	8.34	2	ball	assets	scene_draft1		3345	{ "key": "0", "slot": 0 }
1789498974.429	active	globe	11.5	7.3	8.34	2	ball	assets	scene_draft1		3667	{ "key": "9", "slot": -1 }
1789498974.851	folder	globe	11.5	7.3	8.34	2	ball		scene_draft1		4090	{ "folder": "", "view": "browse", "items": 5 }
1789498974.852	intent	globe	11.5	7.3	8.34	2	ball		scene_draft1		4090	{ "do": "reload", "view": "browse", "folder": "" }
1789498974.862	active	globe	11.5	7.3	8.34	2	ball		scene_draft1		4101	{ "key": "6", "slot": -1 }
1789498975.162	active	globe	11.5	7.3	8.34	2	ball		scene_draft1		4401	{ "key": "9", "slot": 4 }
1789498975.473	active	globe	11.5	7.3	8.34	2	ball		scene_draft1		4712	{ "key": "0", "slot": 0 }
1789498975.818	active	globe	11.5	7.3	8.34	2	ball		scene_draft1		5056	{ "key": "12", "slot": 1 }
1789498976.307	folder	globe	11.5	7.3	8.34	2	ball	images	scene_draft1		5546	{ "folder": "images", "view": "browse", "items": 7 }
1789498976.307	intent	globe	11.5	7.3	8.34	2	ball	images	scene_draft1		5546	{ "do": "reload", "view": "browse", "folder": "images" }
1789498976.318	active	globe	11.5	7.3	8.34	2	ball	images	scene_draft1		5556	{ "key": "24", "slot": 6 }
1789498976.650	active	globe	11.5	7.3	8.34	2	ball	images	scene_draft1		5889	{ "key": "13", "slot": 1 }
1789498976.962	active	globe	11.5	7.3	8.34	2	ball	images	scene_draft1		6200	{ "key": "12", "slot": 0 }
1789498977.740	active	globe	11.5	7.3	8.34	2	ball	images	scene_draft1		6978	{ "key": "14", "slot": 5 }
1789498978.051	active	globe	11.5	7.3	8.34	2	ball	images	scene_draft1		7289	{ "key": "12", "slot": 0 }
1789498978.751	active	globe	11.5	7.3	8.34	2	ball	images	scene_draft1		7989	{ "key": "15", "slot": 2 }
1789498979.140	active	globe	11.5	7.3	8.34	2	ball	images	scene_draft1		8379	{ "key": "13", "slot": 1 }
1789498979.451	active	globe	11.5	7.3	8.34	2	ball	images	scene_draft1		8690	{ "key": "15", "slot": 2 }
1789498979.518	active	globe	11.5	7.3	8.34	2	ball	images	scene_draft1		8756	{ "key": "12", "slot": 0 }
1789498980.285	active	globe	11.5	7.3	8.34	2	ball	images	scene_draft1		9523	{ "key": "13", "slot": 1 }
1789498980.718	active	globe	11.5	7.3	8.34	2	ball	images	scene_draft1		9956	{ "key": "24", "slot": 6 }
1789498982.141	active	globe	11.5	7.3	8.34	2	ball	images	scene_draft1		11379	{ "key": "13", "slot": 1 }
1789498982.341	active	globe	11.5	7.3	8.34	2	ball	images	scene_draft1		11579	{ "key": "12", "slot": 0 }
1789498982.996	active	globe	11.5	7.3	8.34	2	ball	images	scene_draft1		12235	{ "key": "9", "slot": -1 }
1789498983.530	folder	globe	11.5	7.3	8.34	2	ball		scene_draft1		12768	{ "folder": "", "view": "browse", "items": 5 }
1789498983.530	intent	globe	11.5	7.3	8.34	2	ball		scene_draft1		12769	{ "do": "reload", "view": "browse", "folder": "" }
1789498983.540	active	globe	11.5	7.3	8.34	2	ball		scene_draft1		12779	{ "key": "7", "slot": -2 }
1789498983.952	active	globe	11.5	7.3	8.34	2	ball		scene_draft1		13190	{ "key": "6", "slot": -1 }
1789498984.251	active	globe	11.5	7.3	8.34	2	ball		scene_draft1		13490	{ "key": "0", "slot": 0 }
1789498984.785	active	globe	11.5	7.3	8.34	2	ball		scene_draft1		14023	{ "key": "12", "slot": 1 }
1789498985.174	active	globe	11.5	7.3	8.34	2	ball		scene_draft1		14412	{ "key": "9", "slot": 4 }
1789498985.686	folder	globe	11.5	7.3	8.34	2	ball	scenes	scene_draft1		14924	{ "folder": "scenes", "view": "browse", "items": 7 }
1789498985.686	intent	globe	11.5	7.3	8.34	2	ball	scenes	scene_draft1		14924	{ "do": "reload", "view": "browse", "folder": "scenes" }
1789498985.696	active	globe	11.5	7.3	8.34	2	ball	scenes	scene_draft1		14935	{ "key": "28", "slot": -1 }
1789498986.408	active	globe	11.5	7.3	8.34	2	ball	scenes	scene_draft1		15646	{ "key": "10", "slot": 1 }
1789498986.718	active	globe	11.5	7.3	8.34	2	ball	scenes	scene_draft1		15957	{ "key": "27", "slot": 0 }
1789498987.718	active	globe	11.5	7.3	8.34	2	ball	scenes	scene_draft1		16957	{ "key": "14", "slot": 5 }
1789498987.785	active	globe	11.5	7.3	8.34	2	ball	scenes	scene_draft1		17024	{ "key": "10", "slot": 1 }
1789498989.208	folder	globe	11.5	7.3	8.34	2	ball	drafts	scene_draft1		18447	{ "folder": "drafts", "view": "browse", "items": 2 }
1789498989.208	intent	globe	11.5	7.3	8.34	2	ball	drafts	scene_draft1		18447	{ "do": "reload", "view": "browse", "folder": "drafts" }
1789498989.219	active	globe	11.5	7.3	8.34	2	ball	drafts	scene_draft1		18457	{ "key": "9", "slot": -2 }
1789498989.852	active	globe	11.5	7.3	8.34	2	ball	drafts	scene_draft1		19091	{ "key": "10", "slot": 1 }
1789498993.430	select	globe	11.5	7.3	8.34	2	ball	drafts	scene_draft1	да	22669	{ "do": "default", "view": "browse", "folder": "drafts", "item": "scene_draft1", "title": "Набросок моста" }
1789498993.431	toggle	globe	11.5	7.3	8.34	2	ball	drafts				{ "open": false }
1789498995.064	задание	globe	11.5	7.3	8.34	2	ball	drafts	asset_bridge			
1789498995.987	folder	globe	11.5	7.3	8.34	2	ball	drafts	asset_bridge		923	{ "folder": "drafts", "view": "browse", "items": 2 }
1789498995.987	toggle	globe	11.5	7.3	8.34	2	ball	drafts	asset_bridge		923	{ "open": true }
1789498995.998	active	globe	11.5	7.3	8.34	2	ball	drafts	asset_bridge		934	{ "key": "9", "slot": 0 }
1789498996.564	active	globe	11.5	7.3	8.34	2	ball	drafts	asset_bridge		1500	{ "key": "11", "slot": -1 }
1789498997.042	folder	globe	11.5	7.3	8.34	2	ball	scenes	asset_bridge		1978	{ "folder": "scenes", "view": "browse", "items": 7 }
1789498997.042	intent	globe	11.5	7.3	8.34	2	ball	scenes	asset_bridge		1979	{ "do": "reload", "view": "browse", "folder": "scenes" }
1789498997.053	active	globe	11.5	7.3	8.34	2	ball	scenes	asset_bridge		1989	{ "key": "29", "slot": -2 }
1789498997.408	active	globe	11.5	7.3	8.34	2	ball	scenes	asset_bridge		2345	{ "key": "28", "slot": -1 }
1789498997.731	active	globe	11.5	7.3	8.34	2	ball	scenes	asset_bridge		2667	{ "key": "27", "slot": 0 }
1789498999.253	active	globe	11.5	7.3	8.34	2	ball	scenes	asset_bridge		4189	{ "key": "10", "slot": 1 }
1789499000.153	active	globe	11.5	7.3	8.34	2	ball	scenes	asset_bridge		5089	{ "key": "28", "slot": -1 }
1789499000.609	folder	globe	11.5	7.3	8.34	2	ball		asset_bridge		5545	{ "folder": "", "view": "browse", "items": 5 }
1789499000.609	intent	globe	11.5	7.3	8.34	2	ball		asset_bridge		5546	{ "do": "reload", "view": "browse", "folder": "" }
1789499000.619	active	globe	11.5	7.3	8.34	2	ball		asset_bridge		5556	{ "key": "9", "slot": 4 }
1789499001.242	active	globe	11.5	7.3	8.34	2	ball		asset_bridge		6178	{ "key": "0", "slot": 0 }
1789499002.065	folder	globe	11.5	7.3	8.34	2	ball	assets	asset_bridge		7001	{ "folder": "assets", "view": "browse", "items": 7 }
1789499002.065	intent	globe	11.5	7.3	8.34	2	ball	assets	asset_bridge		7002	{ "do": "reload", "view": "browse", "folder": "assets" }
1789499002.075	active	globe	11.5	7.3	8.34	2	ball	assets	asset_bridge		7012	{ "key": "6", "slot": 4 }
1789499002.709	active	globe	11.5	7.3	8.34	2	ball	assets	asset_bridge		7645	{ "key": "0", "slot": 0 }
1789499003.364	active	globe	11.5	7.3	8.34	2	ball	assets	asset_bridge		8301	{ "key": "3", "slot": 2 }
1789499003.465	active	globe	11.5	7.3	8.34	2	ball	assets	asset_bridge		8401	{ "key": "12", "slot": 1 }
1789499003.998	active	globe	11.5	7.3	8.34	2	ball	assets	asset_bridge		8934	{ "key": "15", "slot": 6 }
1789499004.442	active	globe	11.5	7.3	8.34	2	ball	assets	asset_bridge		9378	{ "key": "12", "slot": 1 }
1789499005.453	active	globe	11.5	7.3	8.34	2	ball	assets	asset_bridge		10390	{ "key": "0", "slot": 0 }
1789499005.753	active	globe	11.5	7.3	8.34	2	ball	assets	asset_bridge		10690	{ "key": "6", "slot": 4 }
1789499005.898	active	globe	11.5	7.3	8.34	2	ball	assets	asset_bridge		10834	{ "key": "0", "slot": 0 }
1789499005.976	active	globe	11.5	7.3	8.34	2	ball	assets	asset_bridge		10912	{ "key": "6", "slot": 4 }
1789499006.642	active	globe	11.5	7.3	8.34	2	ball	assets	asset_bridge		11579	{ "key": "0", "slot": 0 }
1789499006.831	active	globe	11.5	7.3	8.34	2	ball	assets	asset_bridge		11768	{ "key": "12", "slot": 1 }
1789499007.353	active	globe	11.5	7.3	8.34	2	ball	assets	asset_bridge		12290	{ "key": "13", "slot": 5 }
1789499007.965	select	globe	11.5	7.3	8.34	2	ball	assets	asset_bridge	да	12901	{ "do": "default", "view": "browse", "folder": "assets", "item": "asset_bridge", "title": "Мост" }
1789499007.965	toggle	globe	11.5	7.3	8.34	2	ball	assets				{ "open": false }
1789499009.476	задание	globe	11.5	7.3	8.34	2	ball	assets	scene_forest			
1789499010.288	folder	globe	11.5	7.3	8.34	2	ball	assets	scene_forest		812	{ "folder": "assets", "view": "browse", "items": 7 }
1789499010.288	toggle	globe	11.5	7.3	8.34	2	ball	assets	scene_forest		812	{ "open": true }
1789499010.298	active	globe	11.5	7.3	8.34	2	ball	assets	scene_forest		823	{ "key": "12", "slot": -2 }
1789499010.698	active	globe	11.5	7.3	8.34	2	ball	assets	scene_forest		1222	{ "key": "13", "slot": 2 }
1789499011.076	active	globe	11.5	7.3	8.34	2	ball	assets	scene_forest		1600	{ "key": "24", "slot": 0 }
1789499011.654	active	globe	11.5	7.3	8.34	2	ball	assets	scene_forest		2178	{ "key": "25", "slot": -1 }
1789499012.154	folder	globe	11.5	7.3	8.34	2	ball		scene_forest		2679	{ "folder": "", "view": "browse", "items": 5 }
1789499012.154	intent	globe	11.5	7.3	8.34	2	ball		scene_forest		2679	{ "do": "reload", "view": "browse", "folder": "" }
1789499012.165	active	globe	11.5	7.3	8.34	2	ball		scene_forest		2689	{ "key": "11", "slot": -2 }
1789499013.265	active	globe	11.5	7.3	8.34	2	ball		scene_forest		3789	{ "key": "9", "slot": 4 }
1789499013.843	folder	globe	11.5	7.3	8.34	2	ball	scenes	scene_forest		4368	{ "folder": "scenes", "view": "browse", "items": 7 }
1789499013.843	intent	globe	11.5	7.3	8.34	2	ball	scenes	scene_forest		4368	{ "do": "reload", "view": "browse", "folder": "scenes" }
1789499013.854	active	globe	11.5	7.3	8.34	2	ball	scenes	scene_forest		4378	{ "key": "28", "slot": -1 }
1789499014.610	active	globe	11.5	7.3	8.34	2	ball	scenes	scene_forest		5134	{ "key": "10", "slot": 1 }
1789499015.287	active	globe	11.5	7.3	8.34	2	ball	scenes	scene_forest		5812	{ "key": "27", "slot": 0 }
1789499015.554	active	globe	11.5	7.3	8.34	2	ball	scenes	scene_forest		6078	{ "key": "26", "slot": 3 }
1789499015.754	active	globe	11.5	7.3	8.34	2	ball	scenes	scene_forest		6278	{ "key": "25", "slot": 4 }
1789499016.299	select	globe	11.5	7.3	8.34	2	ball	scenes	scene_forest	да	6823	{ "do": "default", "view": "browse", "folder": "scenes", "item": "scene_forest", "title": "Лес" }
1789499016.299	toggle	globe	11.5	7.3	8.34	2	ball	scenes				{ "open": false }
1789499017.410	задание	globe	11.5	7.3	8.34	2	ball	scenes	img_ocean			
1789499018.411	folder	globe	11.5	7.3	8.34	2	ball	scenes	img_ocean		1000	{ "folder": "scenes", "view": "browse", "items": 7 }
1789499018.411	toggle	globe	11.5	7.3	8.34	2	ball	scenes	img_ocean		1000	{ "open": true }
1789499018.421	active	globe	11.5	7.3	8.34	2	ball	scenes	img_ocean		1011	{ "key": "28", "slot": -2 }
1789499018.988	active	globe	11.5	7.3	8.34	2	ball	scenes	img_ocean		1577	{ "key": "10", "slot": 4 }
1789499019.532	active	globe	11.5	7.3	8.34	2	ball	scenes	img_ocean		2122	{ "key": "14", "slot": 0 }
1789499019.910	active	globe	11.5	7.3	8.34	2	ball	scenes	img_ocean		2499	{ "key": "25", "slot": 5 }
1789499020.532	active	globe	11.5	7.3	8.34	2	ball	scenes	img_ocean		3122	{ "key": "13", "slot": 1 }
1789499020.943	active	globe	11.5	7.3	8.34	2	ball	scenes	img_ocean		3533	{ "key": "14", "slot": 0 }
1789499021.066	active	globe	11.5	7.3	8.34	2	ball	scenes	img_ocean		3655	{ "key": "9", "slot": 3 }
1789499021.532	active	globe	11.5	7.3	8.34	2	ball	scenes	img_ocean		4122	{ "key": "14", "slot": 0 }
1789499022.488	active	globe	11.5	7.3	8.34	2	ball	scenes	img_ocean		5077	{ "key": "12", "slot": 2 }
1789499022.721	active	globe	11.5	7.3	8.34	2	ball	scenes	img_ocean		5311	{ "key": "14", "slot": 0 }
1789499023.010	active	globe	11.5	7.3	8.34	2	ball	scenes	img_ocean		5600	{ "key": "27", "slot": -1 }
1789499023.822	folder	globe	11.5	7.3	8.34	2	ball		img_ocean		6411	{ "folder": "", "view": "browse", "items": 5 }
1789499023.822	intent	globe	11.5	7.3	8.34	2	ball		img_ocean		6411	{ "do": "reload", "view": "browse", "folder": "" }
1789499023.832	active	globe	11.5	7.3	8.34	2	ball		img_ocean		6422	{ "key": "12", "slot": 1 }
1789499024.366	active	globe	11.5	7.3	8.34	2	ball		img_ocean		6955	{ "key": "0", "slot": 0 }
1789499024.988	active	globe	11.5	7.3	8.34	2	ball		img_ocean		7578	{ "key": "12", "slot": 1 }
1789499025.466	folder	globe	11.5	7.3	8.34	2	ball	images	img_ocean		8056	{ "folder": "images", "view": "browse", "items": 7 }
1789499025.467	intent	globe	11.5	7.3	8.34	2	ball	images	img_ocean		8056	{ "do": "reload", "view": "browse", "folder": "images" }
1789499025.477	active	globe	11.5	7.3	8.34	2	ball	images	img_ocean		8067	{ "key": "38", "slot": -2 }
1789499025.844	active	globe	11.5	7.3	8.34	2	ball	images	img_ocean		8433	{ "key": "24", "slot": 6 }
1789499026.077	active	globe	11.5	7.3	8.34	2	ball	images	img_ocean		8667	{ "key": "13", "slot": 1 }
1789499026.477	active	globe	11.5	7.3	8.34	2	ball	images	img_ocean		9067	{ "key": "12", "slot": 0 }
1789499027.600	active	globe	11.5	7.3	8.34	2	ball	images	img_ocean		10189	{ "key": "0", "slot": 4 }
1789499028.311	select	globe	11.5	7.3	8.34	2	ball	images	img_ocean	да	10900	{ "do": "default", "view": "browse", "folder": "images", "item": "img_ocean", "title": "Океан" }
1789499030.011	задание	globe	11.5	7.3	8.34	2	ball	images	img_sketch			
1789499030.744	active	globe	11.5	7.3	8.34	2	ball	images	img_sketch		733	{ "key": "12", "slot": 0 }
1789499031.433	active	globe	11.5	7.3	8.34	2	ball	images	img_sketch		1423	{ "key": "13", "slot": 1 }
1789499031.989	active	globe	11.5	7.3	8.34	2	ball	images	img_sketch		1978	{ "key": "14", "slot": 5 }
1789499032.155	active	globe	11.5	7.3	8.34	2	ball	images	img_sketch		2145	{ "key": "12", "slot": 0 }
1789499032.200	active	globe	11.5	7.3	8.34	2	ball	images	img_sketch		2189	{ "key": "9", "slot": -1 }
1789499032.800	active	globe	11.5	7.3	8.34	2	ball	images	img_sketch		2789	{ "key": "12", "slot": 0 }
1789499033.855	active	globe	11.5	7.3	8.34	2	ball	images	img_sketch		3845	{ "key": "13", "slot": 1 }
1789499033.944	active	globe	11.5	7.3	8.34	2	ball	images	img_sketch		3934	{ "key": "15", "slot": 2 }
1789499034.711	active	globe	11.5	7.3	8.34	2	ball	images	img_sketch		4700	{ "key": "12", "slot": 0 }
1789499035.211	active	globe	11.5	7.3	8.34	2	ball	images	img_sketch		5201	{ "key": "9", "slot": -1 }
1789499035.378	active	globe	11.5	7.3	8.34	2	ball	images	img_sketch		5367	{ "key": "14", "slot": 5 }
1789499035.456	active	globe	11.5	7.3	8.34	2	ball	images	img_sketch		5445	{ "key": "13", "slot": 1 }
1789499035.722	active	globe	11.5	7.3	8.34	2	ball	images	img_sketch		5712	{ "key": "24", "slot": 6 }
1789499036.667	select	globe	11.5	7.3	8.34	2	ball	images	img_sketch	да	6656	{ "do": "default", "view": "browse", "folder": "images", "item": "img_sketch", "title": "Эскиз замка" }
1789499037.589	задание	globe	11.5	7.3	8.34	2	ball	images	img_stone			
1789499038.412	active	globe	11.5	7.3	8.34	2	ball	images	img_stone		822	{ "key": "12", "slot": 0 }
1789499039.078	active	globe	11.5	7.3	8.34	2	ball	images	img_stone		1489	{ "key": "14", "slot": 5 }
1789499039.912	select	globe	11.5	7.3	8.34	2	ball	images	img_stone	да	2322	{ "do": "default", "view": "browse", "folder": "images", "item": "img_stone", "title": "Текстура камня" }
1789499040.956	задание	globe	11.5	7.3	8.34	2	ball	images	logic_quest			
1789499042.301	active	globe	11.5	7.3	8.34	2	ball	images	logic_quest		1345	{ "key": "9", "slot": -1 }
1789499042.823	folder	globe	11.5	7.3	8.34	2	ball		logic_quest		1868	{ "folder": "", "view": "browse", "items": 5 }
1789499042.824	intent	globe	11.5	7.3	8.34	2	ball		logic_quest		1868	{ "do": "reload", "view": "browse", "folder": "" }
1789499042.834	active	globe	11.5	7.3	8.34	2	ball		logic_quest		1878	{ "key": "7", "slot": -2 }
1789499043.278	active	globe	11.5	7.3	8.34	2	ball		logic_quest		2323	{ "key": "8", "slot": -2 }
1789499043.345	active	globe	11.5	7.3	8.34	2	ball		logic_quest		2390	{ "key": "6", "slot": -1 }
1789499043.567	active	globe	11.5	7.3	8.34	2	ball		logic_quest		2612	{ "key": "0", "slot": 0 }
1789499044.268	active	globe	11.5	7.3	8.34	2	ball		logic_quest		3312	{ "key": "3", "slot": 2 }
1789499044.668	folder	globe	11.5	7.3	8.34	2	ball	logic	logic_quest		3712	{ "folder": "logic", "view": "browse", "items": 5 }
1789499044.668	intent	globe	11.5	7.3	8.34	2	ball	logic	logic_quest		3713	{ "do": "reload", "view": "browse", "folder": "logic" }
1789499044.678	active	globe	11.5	7.3	8.34	2	ball	logic	logic_quest		3723	{ "key": "3", "slot": -1 }
1789499045.190	active	globe	11.5	7.3	8.34	2	ball	logic	logic_quest		4234	{ "key": "1", "slot": 0 }
1789499045.812	active	globe	11.5	7.3	8.34	2	ball	logic	logic_quest		4857	{ "key": "6", "slot": 2 }
1789499046.468	active	globe	11.5	7.3	8.34	2	ball	logic	logic_quest		5512	{ "key": "0", "slot": 3 }
1789499046.990	select	globe	11.5	7.3	8.34	2	ball	logic	logic_quest	да	6035	{ "do": "default", "view": "browse", "folder": "logic", "item": "logic_quest", "title": "Квест" }
1789499046.990	toggle	globe	11.5	7.3	8.34	2	ball	logic				{ "open": false }
1789499048.012	задание	globe	11.5	7.3	8.34	2	ball	logic	img_map			
1789499049.724	folder	globe	11.5	7.3	8.34	2	ball	logic	img_map		1712	{ "folder": "logic", "view": "browse", "items": 5 }
1789499049.724	toggle	globe	11.5	7.3	8.34	2	ball	logic	img_map		1712	{ "open": true }
1789499049.735	active	globe	11.5	7.3	8.34	2	ball	logic	img_map		1723	{ "key": "0", "slot": 3 }
1789499050.168	active	globe	11.5	7.3	8.34	2	ball	logic	img_map		2155	{ "key": "1", "slot": 0 }
1789499050.435	active	globe	11.5	7.3	8.34	2	ball	logic	img_map		2422	{ "key": "8", "slot": 1 }
1789499050.790	active	globe	11.5	7.3	8.34	2	ball	logic	img_map		2778	{ "key": "1", "slot": 0 }
1789499051.046	active	globe	11.5	7.3	8.34	2	ball	logic	img_map		3033	{ "key": "0", "slot": 3 }
1789499051.123	toggle	globe	11.5	7.3	8.34	2	ball	logic	img_map		3111	{ "open": false }
1789499051.824	folder	globe	11.5	7.3	8.34	2	ball	logic	img_map		3811	{ "folder": "logic", "view": "browse", "items": 5 }
1789499051.824	toggle	globe	11.5	7.3	8.34	2	ball	logic	img_map		3812	{ "open": true }
1789499051.835	active	globe	11.5	7.3	8.34	2	ball	logic	img_map		3822	{ "key": "1", "slot": 3 }
1789499052.790	active	globe	11.5	7.3	8.34	2	ball	logic	img_map		4778	{ "key": "0", "slot": 0 }
1789499053.746	active	globe	11.5	7.3	8.34	2	ball	logic	img_map		5733	{ "key": "9", "slot": -1 }
1789499054.135	active	globe	11.5	7.3	8.34	2	ball	logic	img_map		6122	{ "key": "0", "slot": 0 }
1789499054.668	active	globe	11.5	7.3	8.34	2	ball	logic	img_map		6656	{ "key": "9", "slot": -1 }
1789499055.024	folder	globe	11.5	7.3	8.34	2	ball		img_map		7012	{ "folder": "", "view": "browse", "items": 5 }
1789499055.024	intent	globe	11.5	7.3	8.34	2	ball		img_map		7012	{ "do": "reload", "view": "browse", "folder": "" }
1789499055.035	active	globe	11.5	7.3	8.34	2	ball		img_map		7022	{ "key": "9", "slot": 4 }
1789499055.402	active	globe	11.5	7.3	8.34	2	ball		img_map		7389	{ "key": "0", "slot": 0 }
1789499056.302	active	globe	11.5	7.3	8.34	2	ball		img_map		8289	{ "key": "12", "slot": 1 }
1789499056.758	folder	globe	11.5	7.3	8.34	2	ball	images	img_map		8745	{ "folder": "images", "view": "browse", "items": 7 }
1789499056.758	intent	globe	11.5	7.3	8.34	2	ball	images	img_map		8745	{ "do": "reload", "view": "browse", "folder": "images" }
1789499056.769	active	globe	11.5	7.3	8.34	2	ball	images	img_map		8756	{ "key": "25", "slot": -2 }
1789499056.957	active	globe	11.5	7.3	8.34	2	ball	images	img_map		8945	{ "key": "24", "slot": 6 }
1789499057.179	active	globe	11.5	7.3	8.34	2	ball	images	img_map		9167	{ "key": "13", "slot": 1 }
1789499057.435	active	globe	11.5	7.3	8.34	2	ball	images	img_map		9422	{ "key": "12", "slot": 0 }
1789499057.857	active	globe	11.5	7.3	8.34	2	ball	images	img_map		9845	{ "key": "3", "slot": 3 }
1789499058.246	active	globe	11.5	7.3	8.34	2	ball	images	img_map		10234	{ "key": "0", "slot": 4 }
1789499058.435	active	globe	11.5	7.3	8.34	2	ball	images	img_map		10423	{ "key": "12", "slot": 0 }
1789499058.658	active	globe	11.5	7.3	8.34	2	ball	images	img_map		10645	{ "key": "13", "slot": 1 }
1789499059.291	active	globe	11.5	7.3	8.34	2	ball	images	img_map		11278	{ "key": "14", "slot": 5 }
1789499059.857	select	globe	11.5	7.3	8.34	2	ball	images	img_map	да	11845	{ "do": "default", "view": "browse", "folder": "images", "item": "img_map", "title": "Карта" }
1789499063.192	folder	globe	11.5	7.3	8.34	2	ball					{ "folder": "", "view": "browse", "items": 5 }
1789499063.192	intent	globe	11.5	7.3	8.34	2	ball					{ "do": "reload", "view": "browse", "folder": "" }
1789499066.069	intent	globe	11.5	7.3	8.34	2	ball					{ "do": "close", "view": "browse", "folder": "" }
1789499067.636	folder	globe	11.5	7.3	8.34	2	ball					{ "folder": "", "view": "browse", "items": 5 }
1789499067.637	toggle	globe	11.5	7.3	8.34	2	ball					{ "open": true }
# unix_время	событие	поверхность	радиус_см	ячейка_см	ячейка_факт_см	уровень_глобуса	вращение_рукой	папка	задание	попадание	мс_от_задания	подробности
# сессия 2026-09-16T07:01:11
1789524072.040	folder	globe	20.0	1.5	3.52	13	ball					{ "folder": "", "view": "browse", "items": 6 }
1789524072.040	toggle	globe	20.0	1.5	3.52	13	ball					{ "open": true }
1789524103.927	настройка_значение	fib	8.0	1.5	1.49	26	ball					radius_cm=8.0
1789524103.954	настройка_значение	fib	17.5	1.5	3.04	27	ball					radius_cm=17.5
1789524108.810	toggle	globe	20.0	1.5	3.52	13	ball					{ "open": false }
1789524108.811	самопроверка	globe	20.0	1.5	3.52	13	ball			FAIL		{ "глобус уровень 13, 632 ячеек, вращение": { "gpu95": 2.84699988365173, "cpu95": 0.19300000369549, "proc95": 2.601, "over": 0 }, "глобус крупный: уровень 1, 32 ячеек, радиус 20.0 см, вращение": { "gpu95": 2.20799994468689, "cpu95": 0.24500000476837, "proc95": 2.231, "over": 0 }, "линза α=0.037, 700 ячеек, вращение": { "gpu95": 3.42700004577637, "cpu95": 0.16699999570847, "proc95": 68.104, "over": 0 } }
1789524118.713	folder	globe	11.5	7.3	8.66	1	ball					{ "folder": "", "view": "browse", "items": 6 }
1789524118.713	toggle	globe	11.5	7.3	8.66	1	ball					{ "open": true }
1789524123.429	folder	globe	11.5	7.3	8.66	1	ball	settings				{ "folder": "settings", "view": "browse", "items": 4 }
1789524123.430	intent	globe	11.5	7.3	8.66	1	ball	settings				{ "do": "reload", "view": "browse", "folder": "settings" }
1789524125.258	folder	globe	11.5	7.3	8.66	1	ball	settings_sphere				{ "folder": "settings_sphere", "view": "browse", "items": 11 }
1789524125.260	intent	globe	11.5	7.3	8.66	1	ball	settings_sphere				{ "do": "reload", "view": "browse", "folder": "settings_sphere" }
1789524128.724	toggle	globe	11.5	7.3	8.66	1	ball	settings_sphere				{ "open": false }
1789524128.725	folder	globe	11.5	7.3	8.66	1	ball	settings_sphere				{ "folder": "settings_sphere", "view": "browse", "items": 11 }
1789524128.725	toggle	globe	11.5	7.3	8.66	1	ball	settings_sphere				{ "open": true }
1789524128.725	мастер_старт	globe	11.5	7.3	8.66	1	ball	settings_sphere				
1789524128.734	intent	globe	11.5	7.3	8.66	1	ball	settings_sphere				{ "do": "wizard", "view": "browse", "folder": "settings_sphere" }
1789524131.502	мастер_значение	lens	11.5	7.3	7.3	1	ball	settings_sphere				surface=lens
1789524135.291	мастер_значение	globe_hex	11.5	7.3	8.66	1	ball	settings_sphere				surface=globe_hex
1789524143.504	мастер_значение	octa	11.5	7.3	7.31	5	ball	settings_sphere				surface=octa
1789524147.348	мастер_значение	rings	11.5	7.3	7.24	5	ball	settings_sphere				surface=rings
1789524153.370	мастер_значение	lens	11.5	7.3	7.3	1	ball	settings_sphere				surface=lens
1789524161.493	мастер_значение	fib	11.5	7.3	7.33	8	ball	settings_sphere				surface=fib
1789524161.581	intent	fib	11.5	7.3	7.33	8	ball	settings_sphere				{ "do": "edit", "view": "browse", "folder": "settings_sphere", "setting": "haptics" }
1789524184.707	мастер_значение	lens	11.5	7.3	7.3	1	ball	settings_sphere				surface=lens
1789524193.607	панель_кнопка	lens	11.5	7.3	7.3	1	ball	settings_sphere				next
1789524193.607	мастер_подтверждено	lens	11.5	7.3	7.3	1	ball	settings_sphere				surface
1789524196.296	мастер_значение	lens	11.5	7.3	7.3	1	stand	settings_sphere				hand_rotation=stand
1789524215.320	toggle	lens	11.5	7.3	7.3	1	stand	settings_sphere				{ "open": false }
1789524215.631	folder	lens	11.5	7.3	7.3	1	stand	settings_sphere				{ "folder": "settings_sphere", "view": "browse", "items": 11 }
1789524215.632	toggle	lens	11.5	7.3	7.3	1	stand	settings_sphere				{ "open": true }
1789524224.153	мастер_значение	lens	11.5	7.3	7.3	1	face	settings_sphere				hand_rotation=face
1789524233.009	мастер_значение	lens	11.5	7.3	7.3	1	ball	settings_sphere				hand_rotation=ball
1789524246.266	панель_кнопка	lens	11.5	7.3	7.3	1	ball	settings_sphere				next
1789524246.266	мастер_подтверждено	lens	11.5	7.3	7.3	1	ball	settings_sphere				hand_rotation
1789524249.467	мастер_значение	lens	12.0	7.3	7.3	2	ball	settings_sphere				radius_cm=12.0
1789524252.555	панель_кнопка	lens	12.0	7.3	7.3	2	ball	settings_sphere				next
1789524252.555	мастер_подтверждено	lens	12.0	7.3	7.3	2	ball	settings_sphere				radius_cm
1789524256.744	мастер_значение	lens	12.0	6.2	6.2	2	ball	settings_sphere				cell_cm=6.2
1789524256.767	мастер_значение	lens	12.0	6.1	6.1	2	ball	settings_sphere				cell_cm=6.1
1789524256.823	мастер_значение	lens	12.0	6.0	6.0	2	ball	settings_sphere				cell_cm=6.0
1789524256.856	мастер_значение	lens	12.0	5.9	5.9	3	ball	settings_sphere				cell_cm=5.9
1789524256.878	мастер_значение	lens	12.0	5.7	5.7	3	ball	settings_sphere				cell_cm=5.7
1789524256.889	мастер_значение	lens	12.0	5.6	5.6	3	ball	settings_sphere				cell_cm=5.6
1789524256.900	мастер_значение	lens	12.0	5.5	5.5	3	ball	settings_sphere				cell_cm=5.5
1789524256.911	мастер_значение	lens	12.0	5.4	5.4	3	ball	settings_sphere				cell_cm=5.4
1789524256.922	мастер_значение	lens	12.0	5.3	5.3	3	ball	settings_sphere				cell_cm=5.3
1789524256.943	мастер_значение	lens	12.0	5.2	5.2	4	ball	settings_sphere				cell_cm=5.2
1789524256.989	мастер_значение	lens	12.0	5.1	5.1	4	ball	settings_sphere				cell_cm=5.1
1789524257.067	мастер_значение	lens	12.0	5.2	5.2	4	ball	settings_sphere				cell_cm=5.2
1789524257.078	мастер_значение	lens	12.0	5.3	5.3	3	ball	settings_sphere				cell_cm=5.3
1789524257.088	мастер_значение	lens	12.0	5.6	5.6	3	ball	settings_sphere				cell_cm=5.6
1789524280.279	панель_кнопка	lens	12.0	5.6	5.6	3	ball	settings_sphere				next
1789524280.279	мастер_подтверждено	lens	12.0	5.6	5.6	3	ball	settings_sphere				cell_cm
1789524284.136	панель_кнопка	lens	12.0	5.6	5.6	3	ball	settings_sphere				next
1789524284.136	мастер_подтверждено	lens	12.0	5.6	5.6	3	ball	settings_sphere				stick_speed
1789524285.803	панель_кнопка	lens	12.0	5.6	5.6	3	ball	settings_sphere				next
1789524285.803	мастер_подтверждено	lens	12.0	5.6	5.6	3	ball	settings_sphere				detent
1789524287.292	панель_кнопка	lens	12.0	5.6	5.6	3	ball	settings_sphere				next
1789524287.292	мастер_подтверждено	lens	12.0	5.6	5.6	3	ball	settings_sphere				hold_ms
1789524290.103	панель_кнопка	lens	12.0	5.6	5.6	3	ball	settings_sphere				next
1789524290.104	мастер_подтверждено	lens	12.0	5.6	5.6	3	ball	settings_sphere				panel_side
1789524292.747	панель_кнопка	lens	12.0	5.6	5.6	3	ball	settings_sphere				next
1789524292.747	мастер_подтверждено	lens	12.0	5.6	5.6	3	ball	settings_sphere				haptics
1789524293.670	панель_кнопка	lens	12.0	5.6	5.6	3	ball	settings_sphere				save
1789524293.672	мастер_сохранено	lens	12.0	5.6	5.6	3	ball	settings_sphere				summary
1789524316.020	настройка_открыта	lens	12.0	5.6	5.6	3	ball	settings_sphere				hand_rotation
1789524316.020	intent	lens	12.0	5.6	5.6	3	ball	settings_sphere				{ "do": "edit", "view": "browse", "folder": "settings_sphere", "setting": "hand_rotation" }
1789524318.450	настройка_значение	lens	12.0	5.6	5.6	3	face	settings_sphere				hand_rotation=face
1789524319.294	панель_кнопка	lens	12.0	5.6	5.6	3	face	settings_sphere				done
1789524319.294	настройка_сохранена	lens	12.0	5.6	5.6	3	face	settings_sphere				hand_rotation=face
1789524326.561	folder	lens	12.0	5.6	5.6	3	face	settings				{ "folder": "settings", "view": "browse", "items": 4 }
1789524326.561	intent	lens	12.0	5.6	5.6	3	face	settings				{ "do": "reload", "view": "browse", "folder": "settings" }
1789524329.062	folder	lens	12.0	5.6	5.6	3	face					{ "folder": "", "view": "browse", "items": 6 }
1789524329.063	intent	lens	12.0	5.6	5.6	3	face					{ "do": "reload", "view": "browse", "folder": "" }
1789524335.218	folder	lens	12.0	5.6	5.6	3	face					{ "folder": "", "view": "search", "items": 1 }
1789524335.220	поиск_открыт	lens	12.0	5.6	5.6	3	face					
1789524335.220	intent	lens	12.0	5.6	5.6	3	face					{ "do": "search", "view": "search", "folder": "" }
1789524338.242	folder	lens	12.0	5.6	5.6	3	face					{ "folder": "", "view": "search", "items": 10 }
1789524338.242	intent	lens	12.0	5.6	5.6	3	face					{ "do": "reload", "view": "search", "folder": "" }
1789524338.242	поиск_запрос	lens	12.0	5.6	5.6	3	face					д → 9
1789524341.774	folder	lens	12.0	5.6	5.6	3	face					{ "folder": "", "view": "search", "items": 4 }
1789524341.774	intent	lens	12.0	5.6	5.6	3	face					{ "do": "reload", "view": "search", "folder": "" }
1789524341.774	поиск_запрос	lens	12.0	5.6	5.6	3	face					до → 3
1789524342.985	folder	lens	12.0	5.6	5.6	3	face					{ "folder": "", "view": "search", "items": 2 }
1789524342.985	intent	lens	12.0	5.6	5.6	3	face					{ "do": "reload", "view": "search", "folder": "" }
1789524342.986	поиск_запрос	lens	12.0	5.6	5.6	3	face					дом → 1
1789524346.197	folder	lens	12.0	5.6	5.6	3	face					{ "folder": "", "view": "browse", "items": 6 }
1789524346.197	intent	lens	12.0	5.6	5.6	3	face					{ "do": "reload", "view": "browse", "folder": "" }
1789524349.354	folder	lens	12.0	5.6	5.6	3	face					{ "folder": "", "view": "actions", "items": 3 }
1789524349.355	intent	lens	12.0	5.6	5.6	3	face					{ "do": "reload", "view": "actions", "folder": "" }
1789524354.241	folder	lens	12.0	5.6	5.6	3	face					{ "folder": "", "view": "browse", "items": 6 }
1789524354.242	intent	lens	12.0	5.6	5.6	3	face					{ "do": "reload", "view": "browse", "folder": "" }
1789524355.153	folder	lens	12.0	5.6	5.6	3	face	files				{ "folder": "files", "view": "browse", "items": 4 }
1789524355.153	intent	lens	12.0	5.6	5.6	3	face	files				{ "do": "reload", "view": "browse", "folder": "files" }
1789524357.442	folder	lens	12.0	5.6	5.6	3	face	logic				{ "folder": "logic", "view": "browse", "items": 5 }
1789524357.442	intent	lens	12.0	5.6	5.6	3	face	logic				{ "do": "reload", "view": "browse", "folder": "logic" }
1789524360.587	folder	lens	12.0	5.6	5.6	3	face					{ "folder": "", "view": "browse", "items": 7 }
1789524360.588	intent	lens	12.0	5.6	5.6	3	face					{ "do": "reload", "view": "browse", "folder": "" }
1789524365.180	folder	lens	12.0	5.6	5.6	3	face					{ "folder": "", "view": "actions", "items": 8 }
1789524365.180	intent	lens	12.0	5.6	5.6	3	face					{ "do": "reload", "view": "actions", "folder": "" }
1789524369.278	folder	lens	12.0	5.6	5.6	3	face					{ "folder": "", "view": "browse", "items": 6 }
1789524369.278	intent	lens	12.0	5.6	5.6	3	face					{ "do": "reload", "view": "browse", "folder": "" }
1789524373.433	folder	lens	12.0	5.6	5.6	3	face	files				{ "folder": "files", "view": "browse", "items": 4 }
1789524373.433	intent	lens	12.0	5.6	5.6	3	face	files				{ "do": "reload", "view": "browse", "folder": "files" }
1789524380.943	folder	lens	12.0	5.6	5.6	3	face					{ "folder": "", "view": "browse", "items": 6 }
1789524380.943	intent	lens	12.0	5.6	5.6	3	face					{ "do": "reload", "view": "browse", "folder": "" }
1789524382.655	intent	lens	12.0	5.6	5.6	3	face					{ "do": "tasks", "view": "browse", "folder": "" }
1789524385.666	задание	lens	12.0	5.6	5.6	3	face		scene_desert			
1789524387.567	folder	lens	12.0	5.6	5.6	3	face	files	scene_desert		1901	{ "folder": "files", "view": "browse", "items": 4 }
1789524387.567	intent	lens	12.0	5.6	5.6	3	face	files	scene_desert		1902	{ "do": "reload", "view": "browse", "folder": "files" }
1789524387.574	active	lens	12.0	5.6	5.6	3	face	files	scene_desert		1908	{ "key": "(-3, 3)", "slot": -1 }
1789524389.795	active	lens	12.0	5.6	5.6	3	face	files	scene_desert		4129	{ "key": "(-2, 3)", "slot": 0 }
1789524391.123	folder	lens	12.0	5.6	5.6	3	face	scenes	scene_desert		5458	{ "folder": "scenes", "view": "browse", "items": 7 }
1789524391.123	intent	lens	12.0	5.6	5.6	3	face	scenes	scene_desert		5458	{ "do": "reload", "view": "browse", "folder": "scenes" }
1789524391.129	active	lens	12.0	5.6	5.6	3	face	scenes	scene_desert		5463	{ "key": "(-2, 3)", "slot": 0 }
1789524394.473	active	lens	12.0	5.6	5.6	3	face	scenes	scene_desert		8807	{ "key": "(-3, 4)", "slot": 1 }
1789524395.782	select	lens	12.0	5.6	5.6	3	face	scenes	scene_desert	да	10116	{ "do": "default", "view": "browse", "folder": "scenes", "item": "scene_desert", "title": "Пустыня" }
1789524395.782	toggle	lens	12.0	5.6	5.6	3	face	scenes				{ "open": false }
1789524397.022	задание	lens	12.0	5.6	5.6	3	face	scenes	asset_bridge			
1789524399.112	folder	lens	12.0	5.6	5.6	3	face	scenes	asset_bridge		2090	{ "folder": "scenes", "view": "browse", "items": 7 }
1789524399.112	toggle	lens	12.0	5.6	5.6	3	face	scenes	asset_bridge		2090	{ "open": true }
1789524399.123	active	lens	12.0	5.6	5.6	3	face	scenes	asset_bridge		2101	{ "key": "(-3, 4)", "slot": -1 }
1789524401.290	folder	lens	12.0	5.6	5.6	3	face	files	asset_bridge		4267	{ "folder": "files", "view": "browse", "items": 4 }
1789524401.290	intent	lens	12.0	5.6	5.6	3	face	files	asset_bridge		4267	{ "do": "reload", "view": "browse", "folder": "files" }
1789524401.298	active	lens	12.0	5.6	5.6	3	face	files	asset_bridge		4275	{ "key": "(-2, 3)", "slot": 0 }
1789524402.440	active	lens	12.0	5.6	5.6	3	face	files	asset_bridge		5417	{ "key": "(-3, 4)", "slot": 1 }
1789524403.073	active	lens	12.0	5.6	5.6	3	face	files	asset_bridge		6050	{ "key": "(-2, 4)", "slot": 2 }
1789524404.618	active	lens	12.0	5.6	5.6	3	face	files	asset_bridge		7595	{ "key": "(-1, 3)", "slot": 3 }
1789524405.085	active	lens	12.0	5.6	5.6	3	face	files	asset_bridge		8062	{ "key": "(-1, 2)", "slot": -2 }
1789524405.185	active	lens	12.0	5.6	5.6	3	face	files	asset_bridge		8162	{ "key": "(-2, 2)", "slot": -2 }
1789524405.751	active	lens	12.0	5.6	5.6	3	face	files	asset_bridge		8728	{ "key": "(-2, 3)", "slot": 0 }
1789524406.345	folder	lens	12.0	5.6	5.6	3	face	assets	asset_bridge		9323	{ "folder": "assets", "view": "browse", "items": 7 }
1789524406.346	intent	lens	12.0	5.6	5.6	3	face	assets	asset_bridge		9323	{ "do": "reload", "view": "browse", "folder": "assets" }
1789524406.351	active	lens	12.0	5.6	5.6	3	face	assets	asset_bridge		9329	{ "key": "(-2, 3)", "slot": 0 }
1789524408.363	active	lens	12.0	5.6	5.6	3	face	assets	asset_bridge		11340	{ "key": "(-2, 2)", "slot": 5 }
1789524408.901	select	lens	12.0	5.6	5.6	3	face	assets	asset_bridge	да	11879	{ "do": "default", "view": "browse", "folder": "assets", "item": "asset_bridge", "title": "Мост" }
1789524408.902	toggle	lens	12.0	5.6	5.6	3	face	assets				{ "open": false }
1789524409.857	задание	lens	12.0	5.6	5.6	3	face	assets	logic_quest			
1789524411.469	folder	lens	12.0	5.6	5.6	3	face	assets	logic_quest		1612	{ "folder": "assets", "view": "browse", "items": 7 }
1789524411.469	toggle	lens	12.0	5.6	5.6	3	face	assets	logic_quest		1612	{ "open": true }
1789524411.480	active	lens	12.0	5.6	5.6	3	face	assets	logic_quest		1623	{ "key": "(-2, 2)", "slot": -2 }
1789524412.275	active	lens	12.0	5.6	5.6	3	face	assets	logic_quest		2419	{ "key": "(-3, 2)", "slot": 4 }
1789524412.642	active	lens	12.0	5.6	5.6	3	face	assets	logic_quest		2785	{ "key": "(-4, 3)", "slot": 0 }
1789524413.175	active	lens	12.0	5.6	5.6	3	face	assets	logic_quest		3319	{ "key": "(-5, 3)", "slot": -1 }
1789524413.679	folder	lens	12.0	5.6	5.6	3	face	files	logic_quest		3823	{ "folder": "files", "view": "browse", "items": 4 }
1789524413.680	intent	lens	12.0	5.6	5.6	3	face	files	logic_quest		3823	{ "do": "reload", "view": "browse", "folder": "files" }
1789524413.685	active	lens	12.0	5.6	5.6	3	face	files	logic_quest		3829	{ "key": "(-2, 3)", "slot": 0 }
1789524414.764	active	lens	12.0	5.6	5.6	3	face	files	logic_quest		4907	{ "key": "(-2, 4)", "slot": 2 }
1789524415.424	folder	lens	12.0	5.6	5.6	3	face	logic	logic_quest		5568	{ "folder": "logic", "view": "browse", "items": 5 }
1789524415.424	intent	lens	12.0	5.6	5.6	3	face	logic	logic_quest		5568	{ "do": "reload", "view": "browse", "folder": "logic" }
1789524415.430	active	lens	12.0	5.6	5.6	3	face	logic	logic_quest		5573	{ "key": "(-1, 4)", "slot": 3 }
1789524416.475	active	lens	12.0	5.6	5.6	3	face	logic	logic_quest		6618	{ "key": "(-2, 4)", "slot": 0 }
1789524417.187	active	lens	12.0	5.6	5.6	3	face	logic	logic_quest		7330	{ "key": "(-2, 5)", "slot": 2 }
1789524417.680	select	lens	12.0	5.6	5.6	3	face	logic	logic_quest	да	7823	{ "do": "default", "view": "browse", "folder": "logic", "item": "logic_quest", "title": "Квест" }
1789524417.680	toggle	lens	12.0	5.6	5.6	3	face	logic				{ "open": false }
1789524419.736	задание	lens	12.0	5.6	5.6	3	face	logic	scene_castle			
1789524420.447	задание	lens	12.0	5.6	5.6	3	face	logic	logic_trigger			
1789524422.147	folder	lens	12.0	5.6	5.6	3	face	logic	logic_trigger		1701	{ "folder": "logic", "view": "browse", "items": 5 }
1789524422.148	toggle	lens	12.0	5.6	5.6	3	face	logic	logic_trigger		1701	{ "open": true }
1789524422.158	active	lens	12.0	5.6	5.6	3	face	logic	logic_trigger		1712	{ "key": "(-2, 5)", "slot": 0 }
1789524423.063	active	lens	12.0	5.6	5.6	3	face	logic	logic_trigger		2617	{ "key": "(-3, 5)", "slot": -1 }
1789524423.580	folder	lens	12.0	5.6	5.6	3	face	files	logic_trigger		3133	{ "folder": "files", "view": "browse", "items": 4 }
1789524423.580	intent	lens	12.0	5.6	5.6	3	face	files	logic_trigger		3133	{ "do": "reload", "view": "browse", "folder": "files" }
1789524423.585	active	lens	12.0	5.6	5.6	3	face	files	logic_trigger		3139	{ "key": "(-2, 4)", "slot": 2 }
1789524424.553	active	lens	12.0	5.6	5.6	3	face	files	logic_trigger		4106	{ "key": "(-2, 3)", "slot": 0 }
1789524424.897	active	lens	12.0	5.6	5.6	3	face	files	logic_trigger		4451	{ "key": "(-2, 2)", "slot": -2 }
1789524425.031	active	lens	12.0	5.6	5.6	3	face	files	logic_trigger		4584	{ "key": "(-3, 3)", "slot": -1 }
1789524425.725	folder	lens	12.0	5.6	5.6	3	face		logic_trigger		5278	{ "folder": "", "view": "browse", "items": 6 }
1789524425.725	intent	lens	12.0	5.6	5.6	3	face		logic_trigger		5278	{ "do": "reload", "view": "browse", "folder": "" }
1789524425.731	active	lens	12.0	5.6	5.6	3	face		logic_trigger		5284	{ "key": "(0, 4)", "slot": 0 }
1789524427.142	active	lens	12.0	5.6	5.6	3	face		logic_trigger		6695	{ "key": "(0, 3)", "slot": 5 }
1789524433.492	intent	lens	12.0	5.6	5.6	3	face		logic_trigger		13046	{ "do": "exit", "view": "browse", "folder": "" }
1789524433.495	выход	lens	12.0	5.6	5.6	3	face					выгрузка в /storage/emulated/0/Download/VRGE/2026-09-16_07-07-13
# unix_время	событие	поверхность	радиус_см	ячейка_см	ячейка_факт_см	уровень_глобуса	вращение_рукой	папка	задание	попадание	мс_от_задания	подробности
# сессия 2026-09-16T19:16:51
1789568211.600	folder	globe	20.0	1.5	3.52	13	face					{ "folder": "", "view": "browse", "items": 6 }
1789568211.600	toggle	globe	20.0	1.5	3.52	13	face					{ "open": true }
1789568243.461	настройка_значение	fib	8.0	1.5	1.49	26	face					radius_cm=8.0
1789568243.481	настройка_значение	fib	17.5	1.5	3.04	27	face					radius_cm=17.5
1789568248.352	toggle	globe	20.0	1.5	3.52	13	face					{ "open": false }
1789568248.352	самопроверка	globe	20.0	1.5	3.52	13	face			FAIL		{ "глобус уровень 13, 632 ячеек, вращение": { "gpu95": 2.70600008964539, "cpu95": 0.17499999701977, "proc95": 1.975, "over": 0 }, "глобус крупный: уровень 1, 32 ячеек, радиус 20.0 см, вращение": { "gpu95": 1.9099999666214, "cpu95": 0.17000000178814, "proc95": 3.015, "over": 0 }, "линза α=0.037, 700 ячеек, вращение": { "gpu95": 2.78999996185303, "cpu95": 0.20800000429153, "proc95": 67.391, "over": 0 } }
1789568252.641	folder	lens	12.0	5.6	5.6	3	face					{ "folder": "", "view": "browse", "items": 6 }
1789568252.641	toggle	lens	12.0	5.6	5.6	3	face					{ "open": true }
1789568254.342	folder	lens	12.0	5.6	5.6	3	face	files				{ "folder": "files", "view": "browse", "items": 4 }
1789568254.342	intent	lens	12.0	5.6	5.6	3	face	files				{ "do": "reload", "view": "browse", "folder": "files" }
1789568255.465	folder	lens	12.0	5.6	5.6	3	face	assets				{ "folder": "assets", "view": "browse", "items": 7 }
1789568255.465	intent	lens	12.0	5.6	5.6	3	face	assets				{ "do": "reload", "view": "browse", "folder": "assets" }
1789568271.176	shake	lens	12.0	5.6	5.6	3	face					{ "folder": "" }
1789568271.176	folder	lens	12.0	5.6	5.6	3	face					{ "folder": "", "view": "browse", "items": 6 }
1789568271.177	intent	lens	12.0	5.6	5.6	3	face					{ "do": "reload", "view": "browse", "folder": "" }
1789568277.865	folder	lens	12.0	5.6	5.6	3	face	files				{ "folder": "files", "view": "browse", "items": 4 }
1789568277.866	intent	lens	12.0	5.6	5.6	3	face	files				{ "do": "reload", "view": "browse", "folder": "files" }
1789568278.755	folder	lens	12.0	5.6	5.6	3	face	assets				{ "folder": "assets", "view": "browse", "items": 7 }
1789568278.755	intent	lens	12.0	5.6	5.6	3	face	assets				{ "do": "reload", "view": "browse", "folder": "assets" }
1789568279.855	shake	lens	12.0	5.6	5.6	3	face					{ "folder": "" }
1789568279.855	folder	lens	12.0	5.6	5.6	3	face					{ "folder": "", "view": "browse", "items": 6 }
1789568279.855	intent	lens	12.0	5.6	5.6	3	face					{ "do": "reload", "view": "browse", "folder": "" }
1789568281.722	folder	lens	12.0	5.6	5.6	3	face	files				{ "folder": "files", "view": "browse", "items": 4 }
1789568281.722	intent	lens	12.0	5.6	5.6	3	face	files				{ "do": "reload", "view": "browse", "folder": "files" }
1789568282.367	folder	lens	12.0	5.6	5.6	3	face	assets				{ "folder": "assets", "view": "browse", "items": 7 }
1789568282.367	intent	lens	12.0	5.6	5.6	3	face	assets				{ "do": "reload", "view": "browse", "folder": "assets" }
1789568288.066	shake	lens	12.0	5.6	5.6	3	face					{ "folder": "" }
1789568288.067	folder	lens	12.0	5.6	5.6	3	face					{ "folder": "", "view": "browse", "items": 6 }
1789568288.067	intent	lens	12.0	5.6	5.6	3	face					{ "do": "reload", "view": "browse", "folder": "" }
1789568297.202	folder	lens	12.0	5.6	5.6	3	face	settings				{ "folder": "settings", "view": "browse", "items": 4 }
1789568297.202	intent	lens	12.0	5.6	5.6	3	face	settings				{ "do": "reload", "view": "browse", "folder": "settings" }
1789568299.357	folder	lens	12.0	5.6	5.6	3	face	settings_sphere				{ "folder": "settings_sphere", "view": "browse", "items": 11 }
1789568299.357	intent	lens	12.0	5.6	5.6	3	face	settings_sphere				{ "do": "reload", "view": "browse", "folder": "settings_sphere" }
1789568313.375	настройка_открыта	lens	12.0	5.6	5.6	3	face	settings_sphere				surface
1789568313.375	intent	lens	12.0	5.6	5.6	3	face	settings_sphere				{ "do": "edit", "view": "browse", "folder": "settings_sphere", "setting": "surface" }
1789568324.292	настройка_значение	globe	12.0	5.6	5.67	3	face	settings_sphere				surface=globe
1789568328.814	настройка_значение	globe_hex	12.0	5.6	5.67	3	face	settings_sphere				surface=globe_hex
1789568331.693	настройка_значение	octa	12.0	5.6	5.21	8	face	settings_sphere				surface=octa
1789568334.960	настройка_значение	rings	12.0	5.6	5.69	7	face	settings_sphere				surface=rings
1789568343.194	настройка_значение	fib	12.0	5.6	5.47	13	face	settings_sphere				surface=fib
1789568348.093	настройка_значение	lens	12.0	5.6	5.6	3	face	settings_sphere				surface=lens
1789568352.816	панель_кнопка	lens	12.0	5.6	5.6	3	face	settings_sphere				done
1789568352.819	настройка_сохранена	lens	12.0	5.6	5.6	3	face	settings_sphere				surface=lens
1789568355.308	настройка_открыта	lens	12.0	5.6	5.6	3	face	settings_sphere				radius_cm
1789568355.308	intent	lens	12.0	5.6	5.6	3	face	settings_sphere				{ "do": "edit", "view": "browse", "folder": "settings_sphere", "setting": "radius_cm" }
1789568358.437	панель_кнопка	lens	12.0	5.6	5.6	3	face	settings_sphere				done
1789568358.440	настройка_сохранена	lens	12.0	5.6	5.6	3	face	settings_sphere				radius_cm=12.0
1789568360.186	настройка_открыта	lens	12.0	5.6	5.6	3	face	settings_sphere				radius_cm
1789568360.186	intent	lens	12.0	5.6	5.6	3	face	settings_sphere				{ "do": "edit", "view": "browse", "folder": "settings_sphere", "setting": "radius_cm" }
1789568361.516	настройка_значение	lens	12.5	5.6	5.6	3	face	settings_sphere				radius_cm=12.5
1789568361.561	настройка_значение	lens	13.0	5.6	5.6	4	face	settings_sphere				radius_cm=13.0
1789568361.574	настройка_значение	lens	13.5	5.6	5.6	4	face	settings_sphere				radius_cm=13.5
1789568361.584	настройка_значение	lens	14.0	5.6	5.6	4	face	settings_sphere				radius_cm=14.0
1789568361.602	настройка_значение	lens	14.5	5.6	5.6	4	face	settings_sphere				radius_cm=14.5
1789568361.615	настройка_значение	lens	15.0	5.6	5.6	5	face	settings_sphere				radius_cm=15.0
1789568361.649	настройка_значение	lens	15.5	5.6	5.6	5	face	settings_sphere				radius_cm=15.5
1789568361.705	настройка_значение	lens	16.0	5.6	5.6	5	face	settings_sphere				radius_cm=16.0
1789568361.728	настройка_значение	lens	16.5	5.6	5.6	5	face	settings_sphere				radius_cm=16.5
1789568361.749	настройка_значение	lens	17.0	5.6	5.6	6	face	settings_sphere				radius_cm=17.0
1789568361.816	настройка_значение	lens	17.5	5.6	5.6	6	face	settings_sphere				radius_cm=17.5
1789568361.849	настройка_значение	lens	18.0	5.6	5.6	6	face	settings_sphere				radius_cm=18.0
1789568361.949	настройка_значение	lens	18.5	5.6	5.6	6	face	settings_sphere				radius_cm=18.5
1789568362.016	настройка_значение	lens	19.0	5.6	5.6	7	face	settings_sphere				radius_cm=19.0
1789568362.382	настройка_значение	lens	19.5	5.6	5.6	7	face	settings_sphere				radius_cm=19.5
1789568362.394	настройка_значение	lens	19.0	5.6	5.6	7	face	settings_sphere				radius_cm=19.0
1789568362.405	настройка_значение	lens	19.5	5.6	5.6	7	face	settings_sphere				radius_cm=19.5
1789568363.782	панель_кнопка	lens	19.5	5.6	5.6	7	face	settings_sphere				done
1789568363.783	настройка_сохранена	lens	19.5	5.6	5.6	7	face	settings_sphere				radius_cm=19.5
1789568368.461	shake	lens	19.5	5.6	5.6	7	face					{ "folder": "" }
1789568368.462	folder	lens	19.5	5.6	5.6	7	face					{ "folder": "", "view": "browse", "items": 6 }
1789568368.462	intent	lens	19.5	5.6	5.6	7	face					{ "do": "reload", "view": "browse", "folder": "" }
1789568371.429	folder	lens	19.5	5.6	5.6	7	face	files				{ "folder": "files", "view": "browse", "items": 4 }
1789568371.429	intent	lens	19.5	5.6	5.6	7	face	files				{ "do": "reload", "view": "browse", "folder": "files" }
1789568372.441	folder	lens	19.5	5.6	5.6	7	face	scenes				{ "folder": "scenes", "view": "browse", "items": 7 }
1789568372.441	intent	lens	19.5	5.6	5.6	7	face	scenes				{ "do": "reload", "view": "browse", "folder": "scenes" }
1789568373.540	select	lens	19.5	5.6	5.6	7	face	scenes				{ "do": "default", "view": "browse", "folder": "scenes", "item": "scene_forest", "title": "Лес" }
1789568373.540	toggle	lens	19.5	5.6	5.6	7	face	scenes				{ "open": false }
1789568374.774	folder	lens	19.5	5.6	5.6	7	face	scenes				{ "folder": "scenes", "view": "browse", "items": 7 }
1789568374.774	toggle	lens	19.5	5.6	5.6	7	face	scenes				{ "open": true }
1789568376.028	folder	lens	19.5	5.6	5.6	7	face	files				{ "folder": "files", "view": "browse", "items": 4 }
1789568376.029	intent	lens	19.5	5.6	5.6	7	face	files				{ "do": "reload", "view": "browse", "folder": "files" }
1789568376.506	folder	lens	19.5	5.6	5.6	7	face					{ "folder": "", "view": "browse", "items": 6 }
1789568376.507	intent	lens	19.5	5.6	5.6	7	face					{ "do": "reload", "view": "browse", "folder": "" }
1789568377.851	folder	lens	19.5	5.6	5.6	7	face	settings				{ "folder": "settings", "view": "browse", "items": 4 }
1789568377.851	intent	lens	19.5	5.6	5.6	7	face	settings				{ "do": "reload", "view": "browse", "folder": "settings" }
1789568379.095	folder	lens	19.5	5.6	5.6	7	face	settings_sphere				{ "folder": "settings_sphere", "view": "browse", "items": 11 }
1789568379.096	intent	lens	19.5	5.6	5.6	7	face	settings_sphere				{ "do": "reload", "view": "browse", "folder": "settings_sphere" }
1789568380.230	настройка_открыта	lens	19.5	5.6	5.6	7	face	settings_sphere				cell_cm
1789568380.230	intent	lens	19.5	5.6	5.6	7	face	settings_sphere				{ "do": "edit", "view": "browse", "folder": "settings_sphere", "setting": "cell_cm" }
1789568381.152	настройка_открыта	lens	19.5	5.6	5.6	7	face	settings_sphere				radius_cm
1789568381.153	intent	lens	19.5	5.6	5.6	7	face	settings_sphere				{ "do": "edit", "view": "browse", "folder": "settings_sphere", "setting": "radius_cm" }
1789568382.185	настройка_значение	lens	10.0	5.6	5.6	2	face	settings_sphere				radius_cm=10.0
1789568382.191	настройка_значение	lens	11.5	5.6	5.6	3	face	settings_sphere				radius_cm=11.5
1789568382.202	настройка_значение	lens	11.0	5.6	5.6	2	face	settings_sphere				radius_cm=11.0
1789568382.249	настройка_значение	lens	11.5	5.6	5.6	3	face	settings_sphere				radius_cm=11.5
1789568382.262	настройка_значение	lens	11.0	5.6	5.6	2	face	settings_sphere				radius_cm=11.0
1789568382.273	настройка_значение	lens	11.5	5.6	5.6	3	face	settings_sphere				radius_cm=11.5
1789568382.318	настройка_значение	lens	12.0	5.6	5.6	3	face	settings_sphere				radius_cm=12.0
1789568382.339	настройка_значение	lens	12.5	5.6	5.6	3	face	settings_sphere				radius_cm=12.5
1789568382.419	настройка_значение	lens	12.0	5.6	5.6	3	face	settings_sphere				radius_cm=12.0
1789568384.885	настройка_значение	lens	10.0	5.6	5.6	2	face	settings_sphere				radius_cm=10.0
1789568384.895	настройка_значение	lens	10.5	5.6	5.6	2	face	settings_sphere				radius_cm=10.5
1789568384.906	настройка_значение	lens	10.0	5.6	5.6	2	face	settings_sphere				radius_cm=10.0
1789568384.951	настройка_значение	lens	9.5	5.6	5.6	2	face	settings_sphere				radius_cm=9.5
1789568387.518	панель_кнопка	lens	9.5	5.6	5.6	2	face	settings_sphere				done
1789568387.518	настройка_сохранена	lens	9.5	5.6	5.6	2	face	settings_sphere				radius_cm=9.5
1789568391.086	folder	lens	9.5	5.6	5.6	2	face	settings_sphere_adv				{ "folder": "settings_sphere_adv", "view": "browse", "items": 4 }
1789568391.086	intent	lens	9.5	5.6	5.6	2	face	settings_sphere_adv				{ "do": "reload", "view": "browse", "folder": "settings_sphere_adv" }
1789568396.631	folder	lens	9.5	5.6	5.6	2	face	settings_sphere				{ "folder": "settings_sphere", "view": "browse", "items": 11 }
1789568396.631	intent	lens	9.5	5.6	5.6	2	face	settings_sphere				{ "do": "reload", "view": "browse", "folder": "settings_sphere" }
1789568399.356	настройка_открыта	lens	9.5	5.6	5.6	2	face	settings_sphere				cell_cm
1789568399.356	intent	lens	9.5	5.6	5.6	2	face	settings_sphere				{ "do": "edit", "view": "browse", "folder": "settings_sphere", "setting": "cell_cm" }
1789568400.541	настройка_значение	lens	9.5	5.7	5.7	2	face	settings_sphere				cell_cm=5.7
1789568400.609	настройка_значение	lens	9.5	5.8	5.8	2	face	settings_sphere				cell_cm=5.8
1789568400.619	настройка_значение	lens	9.5	6.0	6.0	1	face	settings_sphere				cell_cm=6.0
1789568400.631	настройка_значение	lens	9.5	6.3	6.3	1	face	settings_sphere				cell_cm=6.3
1789568400.641	настройка_значение	lens	9.5	6.6	6.6	1	face	settings_sphere				cell_cm=6.6
1789568400.650	настройка_значение	lens	9.5	6.9	6.9	1	face	settings_sphere				cell_cm=6.9
1789568400.661	настройка_значение	lens	9.5	7.2	7.2	1	face	settings_sphere				cell_cm=7.2
1789568400.673	настройка_значение	lens	9.5	7.4	7.4	1	face	settings_sphere				cell_cm=7.4
1789568400.684	настройка_значение	lens	9.5	7.7	7.7	1	face	settings_sphere				cell_cm=7.7
1789568400.696	настройка_значение	lens	9.5	7.8	7.8	1	face	settings_sphere				cell_cm=7.8
1789568400.709	настройка_значение	lens	9.5	7.9	7.9	1	face	settings_sphere				cell_cm=7.9
1789568400.719	настройка_значение	lens	9.5	8.0	8.0	1	face	settings_sphere				cell_cm=8.0
1789568400.730	настройка_значение	lens	9.5	8.1	8.1	1	face	settings_sphere				cell_cm=8.1
1789568400.739	настройка_значение	lens	9.5	8.2	8.2	1	face	settings_sphere				cell_cm=8.2
1789568400.750	настройка_значение	lens	9.5	8.3	8.3	1	face	settings_sphere				cell_cm=8.3
1789568400.762	настройка_значение	lens	9.5	8.5	8.5	1	face	settings_sphere				cell_cm=8.5
1789568400.773	настройка_значение	lens	9.5	8.7	8.7	1	face	settings_sphere				cell_cm=8.7
1789568400.783	настройка_значение	lens	9.5	8.9	8.9	1	face	settings_sphere				cell_cm=8.9
1789568400.796	настройка_значение	lens	9.5	9.2	9.2	1	face	settings_sphere				cell_cm=9.2
1789568400.807	настройка_значение	lens	9.5	9.4	9.4	0	face	settings_sphere				cell_cm=9.4
1789568400.818	настройка_значение	lens	9.5	9.6	9.5	0	face	settings_sphere				cell_cm=9.6
1789568400.829	настройка_значение	lens	9.5	9.7	9.5	0	face	settings_sphere				cell_cm=9.7
1789568400.841	настройка_значение	lens	9.5	9.9	9.5	0	face	settings_sphere				cell_cm=9.9
1789568400.851	настройка_значение	lens	9.5	10.0	9.5	0	face	settings_sphere				cell_cm=10.0
1789568400.861	настройка_значение	lens	9.5	10.1	9.5	0	face	settings_sphere				cell_cm=10.1
1789568400.884	настройка_значение	lens	9.5	10.2	9.5	0	face	settings_sphere				cell_cm=10.2
1789568400.896	настройка_значение	lens	9.5	10.3	9.5	0	face	settings_sphere				cell_cm=10.3
1789568400.907	настройка_значение	lens	9.5	10.4	9.5	0	face	settings_sphere				cell_cm=10.4
1789568400.927	настройка_значение	lens	9.5	10.5	9.5	0	face	settings_sphere				cell_cm=10.5
1789568400.938	настройка_значение	lens	9.5	10.6	9.5	0	face	settings_sphere				cell_cm=10.6
1789568400.951	настройка_значение	lens	9.5	10.7	9.5	0	face	settings_sphere				cell_cm=10.7
1789568400.963	настройка_значение	lens	9.5	10.8	9.5	0	face	settings_sphere				cell_cm=10.8
1789568400.983	настройка_значение	lens	9.5	10.9	9.5	0	face	settings_sphere				cell_cm=10.9
1789568401.005	настройка_значение	lens	9.5	11.0	9.5	0	face	settings_sphere				cell_cm=11.0
1789568401.019	настройка_значение	lens	9.5	11.1	9.5	0	face	settings_sphere				cell_cm=11.1
1789568401.029	настройка_значение	lens	9.5	11.2	9.5	0	face	settings_sphere				cell_cm=11.2
1789568401.038	настройка_значение	lens	9.5	11.4	9.5	0	face	settings_sphere				cell_cm=11.4
1789568401.050	настройка_значение	lens	9.5	11.6	9.5	0	face	settings_sphere				cell_cm=11.6
1789568401.061	настройка_значение	lens	9.5	11.8	9.5	0	face	settings_sphere				cell_cm=11.8
1789568401.073	настройка_значение	lens	9.5	11.9	9.5	0	face	settings_sphere				cell_cm=11.9
1789568401.083	настройка_значение	lens	9.5	12.0	9.5	0	face	settings_sphere				cell_cm=12.0
1789568401.096	настройка_значение	lens	9.5	12.1	9.5	0	face	settings_sphere				cell_cm=12.1
1789568401.128	настройка_значение	lens	9.5	12.2	9.5	0	face	settings_sphere				cell_cm=12.2
1789568401.140	настройка_значение	lens	9.5	12.3	9.5	0	face	settings_sphere				cell_cm=12.3
1789568401.174	настройка_значение	lens	9.5	12.4	9.5	0	face	settings_sphere				cell_cm=12.4
1789568401.207	настройка_значение	lens	9.5	12.5	9.5	0	face	settings_sphere				cell_cm=12.5
1789568401.229	настройка_значение	lens	9.5	12.6	9.5	0	face	settings_sphere				cell_cm=12.6
1789568401.242	настройка_значение	lens	9.5	12.7	9.5	0	face	settings_sphere				cell_cm=12.7
1789568401.261	настройка_значение	lens	9.5	12.8	9.5	0	face	settings_sphere				cell_cm=12.8
1789568401.274	настройка_значение	lens	9.5	12.9	9.5	0	face	settings_sphere				cell_cm=12.9
1789568401.318	настройка_значение	lens	9.5	12.8	9.5	0	face	settings_sphere				cell_cm=12.8
1789568401.330	настройка_значение	lens	9.5	12.7	9.5	0	face	settings_sphere				cell_cm=12.7
1789568401.341	настройка_значение	lens	9.5	12.8	9.5	0	face	settings_sphere				cell_cm=12.8
1789568401.350	настройка_значение	lens	9.5	12.9	9.5	0	face	settings_sphere				cell_cm=12.9
1789568401.361	настройка_значение	lens	9.5	13.0	9.5	0	face	settings_sphere				cell_cm=13.0
1789568401.374	настройка_значение	lens	9.5	13.4	9.5	0	face	settings_sphere				cell_cm=13.4
1789568401.383	настройка_значение	lens	9.5	13.3	9.5	0	face	settings_sphere				cell_cm=13.3
1789568403.719	панель_кнопка	lens	9.5	13.3	9.5	0	face	settings_sphere				done
1789568403.720	настройка_сохранена	lens	9.5	13.3	9.5	0	face	settings_sphere				cell_cm=13.3
1789568407.010	folder	lens	9.5	13.3	9.5	0	face	settings				{ "folder": "settings", "view": "browse", "items": 4 }
1789568407.010	intent	lens	9.5	13.3	9.5	0	face	settings				{ "do": "reload", "view": "browse", "folder": "settings" }
1789568408.431	folder	lens	9.5	13.3	9.5	0	face					{ "folder": "", "view": "browse", "items": 6 }
1789568408.432	intent	lens	9.5	13.3	9.5	0	face					{ "do": "reload", "view": "browse", "folder": "" }
1789568409.398	folder	lens	9.5	13.3	9.5	0	face	files				{ "folder": "files", "view": "browse", "items": 4 }
1789568409.399	intent	lens	9.5	13.3	9.5	0	face	files				{ "do": "reload", "view": "browse", "folder": "files" }
1789568411.989	folder	lens	9.5	13.3	9.5	0	face	images				{ "folder": "images", "view": "browse", "items": 7 }
1789568411.989	intent	lens	9.5	13.3	9.5	0	face	images				{ "do": "reload", "view": "browse", "folder": "images" }
1789568418.477	folder	lens	9.5	13.3	9.5	0	face	files				{ "folder": "files", "view": "browse", "items": 4 }
1789568418.477	intent	lens	9.5	13.3	9.5	0	face	files				{ "do": "reload", "view": "browse", "folder": "files" }
1789568420.655	folder	lens	9.5	13.3	9.5	0	face	scenes				{ "folder": "scenes", "view": "browse", "items": 7 }
1789568420.655	intent	lens	9.5	13.3	9.5	0	face	scenes				{ "do": "reload", "view": "browse", "folder": "scenes" }
1789568423.243	folder	lens	9.5	13.3	9.5	0	face	drafts				{ "folder": "drafts", "view": "browse", "items": 2 }
1789568423.243	intent	lens	9.5	13.3	9.5	0	face	drafts				{ "do": "reload", "view": "browse", "folder": "drafts" }
1789568425.434	folder	lens	9.5	13.3	9.5	0	face	scenes				{ "folder": "scenes", "view": "browse", "items": 7 }
1789568425.434	intent	lens	9.5	13.3	9.5	0	face	scenes				{ "do": "reload", "view": "browse", "folder": "scenes" }
1789568426.655	folder	lens	9.5	13.3	9.5	0	face	files				{ "folder": "files", "view": "browse", "items": 4 }
1789568426.655	intent	lens	9.5	13.3	9.5	0	face	files				{ "do": "reload", "view": "browse", "folder": "files" }
1789568428.966	folder	lens	9.5	13.3	9.5	0	face					{ "folder": "", "view": "browse", "items": 6 }
1789568428.967	intent	lens	9.5	13.3	9.5	0	face					{ "do": "reload", "view": "browse", "folder": "" }
1789568432.245	folder	lens	9.5	13.3	9.5	0	face					{ "folder": "", "view": "search", "items": 1 }
1789568432.247	поиск_открыт	lens	9.5	13.3	9.5	0	face					
1789568432.247	intent	lens	9.5	13.3	9.5	0	face					{ "do": "search", "view": "search", "folder": "" }
1789568435.811	folder	lens	9.5	13.3	9.5	0	face					{ "folder": "", "view": "search", "items": 9 }
1789568435.811	intent	lens	9.5	13.3	9.5	0	face					{ "do": "reload", "view": "search", "folder": "" }
1789568435.811	поиск_запрос	lens	9.5	13.3	9.5	0	face					п → 8
1789568436.766	folder	lens	9.5	13.3	9.5	0	face					{ "folder": "", "view": "search", "items": 2 }
1789568436.767	intent	lens	9.5	13.3	9.5	0	face					{ "do": "reload", "view": "search", "folder": "" }
1789568436.767	поиск_запрос	lens	9.5	13.3	9.5	0	face					пе → 1
1789568437.611	folder	lens	9.5	13.3	9.5	0	face					{ "folder": "", "view": "search", "items": 1 }
1789568437.611	intent	lens	9.5	13.3	9.5	0	face					{ "do": "reload", "view": "search", "folder": "" }
1789568437.611	поиск_запрос	lens	9.5	13.3	9.5	0	face					пес → 0
1789568444.700	folder	lens	9.5	13.3	9.5	0	face					{ "folder": "", "view": "search", "items": 1 }
1789568444.701	intent	lens	9.5	13.3	9.5	0	face					{ "do": "reload", "view": "search", "folder": "" }
1789568444.701	поиск_запрос	lens	9.5	13.3	9.5	0	face					песо → 0
1789568446.167	folder	lens	9.5	13.3	9.5	0	face					{ "folder": "", "view": "search", "items": 1 }
1789568446.167	intent	lens	9.5	13.3	9.5	0	face					{ "do": "reload", "view": "search", "folder": "" }
1789568446.169	поиск_запрос	lens	9.5	13.3	9.5	0	face					песок → 0
1789568448.079	intent	lens	9.5	13.3	9.5	0	face					{ "do": "none", "view": "search", "folder": "" }
1789568448.734	intent	lens	9.5	13.3	9.5	0	face					{ "do": "none", "view": "search", "folder": "" }
1789568451.368	folder	lens	9.5	13.3	9.5	0	face					{ "folder": "", "view": "search", "items": 1 }
1789568451.368	intent	lens	9.5	13.3	9.5	0	face					{ "do": "reload", "view": "search", "folder": "" }
1789568451.368	поиск_запрос	lens	9.5	13.3	9.5	0	face					песо → 0
1789568451.634	folder	lens	9.5	13.3	9.5	0	face					{ "folder": "", "view": "search", "items": 1 }
1789568451.634	intent	lens	9.5	13.3	9.5	0	face					{ "do": "reload", "view": "search", "folder": "" }
1789568451.634	поиск_запрос	lens	9.5	13.3	9.5	0	face					пес → 0
1789568451.812	folder	lens	9.5	13.3	9.5	0	face					{ "folder": "", "view": "search", "items": 2 }
1789568451.812	intent	lens	9.5	13.3	9.5	0	face					{ "do": "reload", "view": "search", "folder": "" }
1789568451.813	поиск_запрос	lens	9.5	13.3	9.5	0	face					пе → 1
1789568452.013	folder	lens	9.5	13.3	9.5	0	face					{ "folder": "", "view": "search", "items": 9 }
1789568452.013	intent	lens	9.5	13.3	9.5	0	face					{ "do": "reload", "view": "search", "folder": "" }
1789568452.013	поиск_запрос	lens	9.5	13.3	9.5	0	face					п → 8
1789568452.212	folder	lens	9.5	13.3	9.5	0	face					{ "folder": "", "view": "search", "items": 1 }
1789568452.213	intent	lens	9.5	13.3	9.5	0	face					{ "do": "reload", "view": "search", "folder": "" }
1789568452.213	поиск_запрос	lens	9.5	13.3	9.5	0	face					 → 0
1789568452.456	folder	lens	9.5	13.3	9.5	0	face					{ "folder": "", "view": "search", "items": 1 }
1789568452.456	intent	lens	9.5	13.3	9.5	0	face					{ "do": "reload", "view": "search", "folder": "" }
1789568452.456	поиск_запрос	lens	9.5	13.3	9.5	0	face					 → 0
1789568456.170	folder	lens	9.5	13.3	9.5	0	face					{ "folder": "", "view": "search", "items": 21 }
1789568456.170	intent	lens	9.5	13.3	9.5	0	face					{ "do": "reload", "view": "search", "folder": "" }
1789568456.170	поиск_запрос	lens	9.5	13.3	9.5	0	face					с → 20
1789568458.257	folder	lens	9.5	13.3	9.5	0	face					{ "folder": "", "view": "search", "items": 3 }
1789568458.257	intent	lens	9.5	13.3	9.5	0	face					{ "do": "reload", "view": "search", "folder": "" }
1789568458.257	поиск_запрос	lens	9.5	13.3	9.5	0	face					со → 2
1789568458.857	folder	lens	9.5	13.3	9.5	0	face					{ "folder": "", "view": "search", "items": 1 }
1789568458.857	intent	lens	9.5	13.3	9.5	0	face					{ "do": "reload", "view": "search", "folder": "" }
1789568458.857	поиск_запрос	lens	9.5	13.3	9.5	0	face					сол → 0
1789568460.646	folder	lens	9.5	13.3	9.5	0	face					{ "folder": "", "view": "search", "items": 3 }
1789568460.646	intent	lens	9.5	13.3	9.5	0	face					{ "do": "reload", "view": "search", "folder": "" }
1789568460.647	поиск_запрос	lens	9.5	13.3	9.5	0	face					со → 2
1789568463.236	folder	lens	9.5	13.3	9.5	0	face					{ "folder": "", "view": "search", "items": 21 }
1789568463.237	intent	lens	9.5	13.3	9.5	0	face					{ "do": "reload", "view": "search", "folder": "" }
1789568463.237	поиск_запрос	lens	9.5	13.3	9.5	0	face					с → 20
1789568463.689	folder	lens	9.5	13.3	9.5	0	face					{ "folder": "", "view": "search", "items": 1 }
1789568463.690	intent	lens	9.5	13.3	9.5	0	face					{ "do": "reload", "view": "search", "folder": "" }
1789568463.690	поиск_запрос	lens	9.5	13.3	9.5	0	face					 → 0
1789568464.858	folder	lens	9.5	13.3	9.5	0	face					{ "folder": "", "view": "search", "items": 21 }
1789568464.858	intent	lens	9.5	13.3	9.5	0	face					{ "do": "reload", "view": "search", "folder": "" }
1789568464.858	поиск_запрос	lens	9.5	13.3	9.5	0	face					с → 20
1789568466.369	folder	lens	9.5	13.3	9.5	0	face					{ "folder": "", "view": "search", "items": 3 }
1789568466.369	intent	lens	9.5	13.3	9.5	0	face					{ "do": "reload", "view": "search", "folder": "" }
1789568466.369	поиск_запрос	lens	9.5	13.3	9.5	0	face					со → 2
1789568466.902	folder	lens	9.5	13.3	9.5	0	face					{ "folder": "", "view": "search", "items": 2 }
1789568466.902	intent	lens	9.5	13.3	9.5	0	face					{ "do": "reload", "view": "search", "folder": "" }
1789568466.902	поиск_запрос	lens	9.5	13.3	9.5	0	face					сос → 1
1789568471.303	folder	lens	9.5	13.3	9.5	0	face					{ "folder": "", "view": "search", "items": 2 }
1789568471.303	intent	lens	9.5	13.3	9.5	0	face					{ "do": "reload", "view": "search", "folder": "" }
1789568471.303	поиск_запрос	lens	9.5	13.3	9.5	0	face					сосн → 1
1789568471.925	folder	lens	9.5	13.3	9.5	0	face					{ "folder": "", "view": "search", "items": 2 }
1789568471.925	intent	lens	9.5	13.3	9.5	0	face					{ "do": "reload", "view": "search", "folder": "" }
1789568471.925	поиск_запрос	lens	9.5	13.3	9.5	0	face					сосна → 1
1789568473.447	folder	lens	9.5	13.3	9.5	0	face	trees				{ "folder": "trees", "view": "browse", "items": 5 }
1789568473.448	select	lens	9.5	13.3	9.5	0	face	trees				{ "do": "default", "view": "browse", "folder": "trees", "item": "tree_pine", "title": "Сосна" }
1789568473.448	toggle	lens	9.5	13.3	9.5	0	face	trees				{ "open": false }
1789568474.726	folder	lens	9.5	13.3	9.5	0	face	trees				{ "folder": "trees", "view": "browse", "items": 5 }
1789568474.726	toggle	lens	9.5	13.3	9.5	0	face	trees				{ "open": true }
1789568479.904	intent	lens	9.5	13.3	9.5	0	face	trees				{ "do": "none", "view": "browse", "folder": "trees" }
1789568480.315	folder	lens	9.5	13.3	9.5	0	face	assets				{ "folder": "assets", "view": "browse", "items": 7 }
1789568480.315	intent	lens	9.5	13.3	9.5	0	face	assets				{ "do": "reload", "view": "browse", "folder": "assets" }
1789568481.215	folder	lens	9.5	13.3	9.5	0	face	files				{ "folder": "files", "view": "browse", "items": 4 }
1789568481.215	intent	lens	9.5	13.3	9.5	0	face	files				{ "do": "reload", "view": "browse", "folder": "files" }
1789568484.726	folder	lens	9.5	13.3	9.5	0	face					{ "folder": "", "view": "browse", "items": 6 }
1789568484.727	intent	lens	9.5	13.3	9.5	0	face					{ "do": "reload", "view": "browse", "folder": "" }
1789568486.771	folder	lens	9.5	13.3	9.5	0	face	settings				{ "folder": "settings", "view": "browse", "items": 4 }
1789568486.771	intent	lens	9.5	13.3	9.5	0	face	settings				{ "do": "reload", "view": "browse", "folder": "settings" }
1789568487.983	folder	lens	9.5	13.3	9.5	0	face	settings_sphere				{ "folder": "settings_sphere", "view": "browse", "items": 11 }
1789568487.983	intent	lens	9.5	13.3	9.5	0	face	settings_sphere				{ "do": "reload", "view": "browse", "folder": "settings_sphere" }
1789568491.652	настройка_открыта	lens	9.5	13.3	9.5	0	face	settings_sphere				radius_cm
1789568491.652	intent	lens	9.5	13.3	9.5	0	face	settings_sphere				{ "do": "edit", "view": "browse", "folder": "settings_sphere", "setting": "radius_cm" }
1789568492.960	настройка_значение	lens	10.0	13.3	10.0	0	face	settings_sphere				radius_cm=10.0
1789568493.048	настройка_значение	lens	10.5	13.3	10.5	0	face	settings_sphere				radius_cm=10.5
1789568493.082	настройка_значение	lens	11.0	13.3	11.0	0	face	settings_sphere				radius_cm=11.0
1789568493.094	настройка_значение	lens	11.5	13.3	11.5	0	face	settings_sphere				radius_cm=11.5
1789568493.115	настройка_значение	lens	12.0	13.3	12.0	0	face	settings_sphere				radius_cm=12.0
1789568493.137	настройка_значение	lens	12.5	13.3	12.5	0	face	settings_sphere				radius_cm=12.5
1789568493.159	настройка_значение	lens	13.0	13.3	13.0	0	face	settings_sphere				radius_cm=13.0
1789568493.227	настройка_значение	lens	13.5	13.3	13.3	0	face	settings_sphere				radius_cm=13.5
1789568493.282	настройка_значение	lens	14.0	13.3	13.3	1	face	settings_sphere				radius_cm=14.0
1789568493.295	настройка_значение	lens	13.5	13.3	13.3	0	face	settings_sphere				radius_cm=13.5
1789568493.304	настройка_значение	lens	14.0	13.3	13.3	1	face	settings_sphere				radius_cm=14.0
1789568493.337	настройка_значение	lens	14.5	13.3	13.3	1	face	settings_sphere				radius_cm=14.5
1789568493.404	настройка_значение	lens	15.0	13.3	13.3	1	face	settings_sphere				radius_cm=15.0
1789568493.560	настройка_значение	lens	15.5	13.3	13.3	1	face	settings_sphere				radius_cm=15.5
1789568493.615	настройка_значение	lens	16.0	13.3	13.3	1	face	settings_sphere				radius_cm=16.0
1789568493.726	настройка_значение	lens	16.5	13.3	13.3	1	face	settings_sphere				radius_cm=16.5
1789568493.738	настройка_значение	lens	16.0	13.3	13.3	1	face	settings_sphere				radius_cm=16.0
1789568493.827	настройка_значение	lens	15.5	13.3	13.3	1	face	settings_sphere				radius_cm=15.5
1789568493.839	настройка_значение	lens	16.0	13.3	13.3	1	face	settings_sphere				radius_cm=16.0
1789568493.849	настройка_значение	lens	15.5	13.3	13.3	1	face	settings_sphere				radius_cm=15.5
1789568493.861	настройка_значение	lens	16.0	13.3	13.3	1	face	settings_sphere				radius_cm=16.0
1789568495.226	панель_кнопка	lens	16.0	13.3	13.3	1	face	settings_sphere				done
1789568495.227	настройка_сохранена	lens	16.0	13.3	13.3	1	face	settings_sphere				radius_cm=16.0
1789568498.074	настройка_открыта	lens	16.0	13.3	13.3	1	face	settings_sphere				cell_cm
1789568498.074	intent	lens	16.0	13.3	13.3	1	face	settings_sphere				{ "do": "edit", "view": "browse", "folder": "settings_sphere", "setting": "cell_cm" }
1789568499.439	настройка_значение	lens	16.0	6.8	6.8	4	face	settings_sphere				cell_cm=6.8
1789568499.464	настройка_значение	lens	16.0	6.7	6.7	4	face	settings_sphere				cell_cm=6.7
1789568499.504	настройка_значение	lens	16.0	6.6	6.6	4	face	settings_sphere				cell_cm=6.6
1789568499.537	настройка_значение	lens	16.0	6.5	6.5	4	face	settings_sphere				cell_cm=6.5
1789568499.605	настройка_значение	lens	16.0	6.6	6.6	4	face	settings_sphere				cell_cm=6.6
1789568499.637	настройка_значение	lens	16.0	6.5	6.5	4	face	settings_sphere				cell_cm=6.5
1789568499.682	настройка_значение	lens	16.0	6.4	6.4	4	face	settings_sphere				cell_cm=6.4
1789568501.694	панель_кнопка	lens	16.0	6.4	6.4	4	face	settings_sphere				done
1789568501.695	настройка_сохранена	lens	16.0	6.4	6.4	4	face	settings_sphere				cell_cm=6.4
1789568505.116	folder	lens	16.0	6.4	6.4	4	face	settings				{ "folder": "settings", "view": "browse", "items": 4 }
1789568505.116	intent	lens	16.0	6.4	6.4	4	face	settings				{ "do": "reload", "view": "browse", "folder": "settings" }
1789568505.717	folder	lens	16.0	6.4	6.4	4	face					{ "folder": "", "view": "browse", "items": 6 }
1789568505.717	intent	lens	16.0	6.4	6.4	4	face					{ "do": "reload", "view": "browse", "folder": "" }
1789568507.971	intent	lens	16.0	6.4	6.4	4	face					{ "do": "tasks", "view": "browse", "folder": "" }
1789568508.674	folder	lens	16.0	6.4	6.4	4	face					{ "folder": "", "view": "actions", "items": 3 }
1789568508.674	intent	lens	16.0	6.4	6.4	4	face					{ "do": "reload", "view": "actions", "folder": "" }
1789568510.695	intent	lens	16.0	6.4	6.4	4	face					{ "do": "tasks", "view": "browse", "folder": "" }
1789568513.708	folder	lens	16.0	6.4	6.4	4	face	settings				{ "folder": "settings", "view": "browse", "items": 4 }
1789568513.709	intent	lens	16.0	6.4	6.4	4	face	settings				{ "do": "reload", "view": "browse", "folder": "settings" }
1789568516.540	folder	lens	16.0	6.4	6.4	4	face					{ "folder": "", "view": "browse", "items": 6 }
1789568516.540	intent	lens	16.0	6.4	6.4	4	face					{ "do": "reload", "view": "browse", "folder": "" }
1789568517.396	toggle	lens	16.0	6.4	6.4	4	face					{ "open": false }
1789568517.396	intent	lens	16.0	6.4	6.4	4	face					{ "do": "close", "view": "browse", "folder": "" }
1789568518.595	folder	lens	16.0	6.4	6.4	4	face					{ "folder": "", "view": "browse", "items": 6 }
1789568518.595	toggle	lens	16.0	6.4	6.4	4	face					{ "open": true }
1789568519.261	intent	lens	16.0	6.4	6.4	4	face					{ "do": "none", "view": "browse", "folder": "" }
1789568521.118	intent	lens	16.0	6.4	6.4	4	face					{ "do": "tasks", "view": "browse", "folder": "" }
1789568522.173	intent	lens	16.0	6.4	6.4	4	face					{ "do": "tasks", "view": "browse", "folder": "" }
1789568522.763	intent	lens	16.0	6.4	6.4	4	face					{ "do": "tasks", "view": "browse", "folder": "" }
1789568523.441	задание	lens	16.0	6.4	6.4	4	face		scene_draft1			
1789568525.385	folder	lens	16.0	6.4	6.4	4	face	settings	scene_draft1		1944	{ "folder": "settings", "view": "browse", "items": 4 }
1789568525.385	intent	lens	16.0	6.4	6.4	4	face	settings	scene_draft1		1945	{ "do": "reload", "view": "browse", "folder": "settings" }
1789568525.392	active	lens	16.0	6.4	6.4	4	face	settings	scene_draft1		1952	{ "key": "(0, 0)", "slot": 0 }
1789568526.175	folder	lens	16.0	6.4	6.4	4	face		scene_draft1		2734	{ "folder": "", "view": "browse", "items": 6 }
1789568526.175	intent	lens	16.0	6.4	6.4	4	face		scene_draft1		2734	{ "do": "reload", "view": "browse", "folder": "" }
1789568526.180	active	lens	16.0	6.4	6.4	4	face		scene_draft1		2739	{ "key": "(1, 0)", "slot": 0 }
1789568526.618	intent	lens	16.0	6.4	6.4	4	face		scene_draft1		3178	{ "do": "none", "view": "browse", "folder": "" }
1789568527.241	folder	lens	16.0	6.4	6.4	4	face	files	scene_draft1		3801	{ "folder": "files", "view": "browse", "items": 4 }
1789568527.241	intent	lens	16.0	6.4	6.4	4	face	files	scene_draft1		3801	{ "do": "reload", "view": "browse", "folder": "files" }
1789568527.246	active	lens	16.0	6.4	6.4	4	face	files	scene_draft1		3806	{ "key": "(1, 0)", "slot": 0 }
1789568528.563	folder	lens	16.0	6.4	6.4	4	face	images	scene_draft1		5123	{ "folder": "images", "view": "browse", "items": 7 }
1789568528.564	intent	lens	16.0	6.4	6.4	4	face	images	scene_draft1		5123	{ "do": "reload", "view": "browse", "folder": "images" }
1789568528.568	active	lens	16.0	6.4	6.4	4	face	images	scene_draft1		5128	{ "key": "(1, 0)", "slot": 0 }
1789568530.648	active	lens	16.0	6.4	6.4	4	face	images	scene_draft1		7207	{ "key": "(0, 1)", "slot": 1 }
1789568531.892	active	lens	16.0	6.4	6.4	4	face	images	scene_draft1		8452	{ "key": "(1, 0)", "slot": 0 }
1789568532.013	active	lens	16.0	6.4	6.4	4	face	images	scene_draft1		8573	{ "key": "(1, -1)", "slot": 5 }
1789568534.541	folder	lens	16.0	6.4	6.4	4	face	files	scene_draft1		11101	{ "folder": "files", "view": "browse", "items": 4 }
1789568534.541	intent	lens	16.0	6.4	6.4	4	face	files	scene_draft1		11101	{ "do": "reload", "view": "browse", "folder": "files" }
1789568534.547	active	lens	16.0	6.4	6.4	4	face	files	scene_draft1		11106	{ "key": "(1, 0)", "slot": 0 }
1789568536.475	folder	lens	16.0	6.4	6.4	4	face	scenes	scene_draft1		13035	{ "folder": "scenes", "view": "browse", "items": 7 }
1789568536.475	intent	lens	16.0	6.4	6.4	4	face	scenes	scene_draft1		13035	{ "do": "reload", "view": "browse", "folder": "scenes" }
1789568536.480	active	lens	16.0	6.4	6.4	4	face	scenes	scene_draft1		13040	{ "key": "(1, 0)", "slot": 0 }
1789568537.919	folder	lens	16.0	6.4	6.4	4	face	drafts	scene_draft1		14478	{ "folder": "drafts", "view": "browse", "items": 2 }
1789568537.919	intent	lens	16.0	6.4	6.4	4	face	drafts	scene_draft1		14478	{ "do": "reload", "view": "browse", "folder": "drafts" }
1789568537.924	active	lens	16.0	6.4	6.4	4	face	drafts	scene_draft1		14484	{ "key": "(1, 0)", "slot": 0 }
1789568539.219	select	lens	16.0	6.4	6.4	4	face	drafts	scene_draft1	да	15778	{ "do": "default", "view": "browse", "folder": "drafts", "item": "scene_draft1", "title": "Набросок моста" }
1789568539.219	toggle	lens	16.0	6.4	6.4	4	face	drafts				{ "open": false }
1789568540.953	задание	lens	16.0	6.4	6.4	4	face	drafts	img_sunset			
1789568542.375	folder	lens	16.0	6.4	6.4	4	face	drafts	img_sunset		1423	{ "folder": "drafts", "view": "browse", "items": 2 }
1789568542.376	toggle	lens	16.0	6.4	6.4	4	face	drafts	img_sunset		1423	{ "open": true }
1789568542.387	active	lens	16.0	6.4	6.4	4	face	drafts	img_sunset		1434	{ "key": "(1, 0)", "slot": -2 }
1789568543.204	active	lens	16.0	6.4	6.4	4	face	drafts	img_sunset		2252	{ "key": "(0, 1)", "slot": -2 }
1789568543.294	active	lens	16.0	6.4	6.4	4	face	drafts	img_sunset		2341	{ "key": "(-1, 1)", "slot": 0 }
1789568543.436	active	lens	16.0	6.4	6.4	4	face	drafts	img_sunset		2484	{ "key": "(-2, 1)", "slot": -1 }
1789568543.592	active	lens	16.0	6.4	6.4	4	face	drafts	img_sunset		2639	{ "key": "(-3, 1)", "slot": -2 }
1789568544.852	shake	lens	16.0	6.4	6.4	4	face		img_sunset		3900	{ "folder": "" }
1789568544.853	folder	lens	16.0	6.4	6.4	4	face		img_sunset		3900	{ "folder": "", "view": "browse", "items": 6 }
1789568544.853	intent	lens	16.0	6.4	6.4	4	face		img_sunset		3901	{ "do": "reload", "view": "browse", "folder": "" }
1789568544.858	active	lens	16.0	6.4	6.4	4	face		img_sunset		3906	{ "key": "(-3, 1)", "slot": 0 }
1789568546.486	folder	lens	16.0	6.4	6.4	4	face	files	img_sunset		5534	{ "folder": "files", "view": "browse", "items": 4 }
1789568546.487	intent	lens	16.0	6.4	6.4	4	face	files	img_sunset		5534	{ "do": "reload", "view": "browse", "folder": "files" }
1789568546.493	active	lens	16.0	6.4	6.4	4	face	files	img_sunset		5540	{ "key": "(1, 0)", "slot": 0 }
1789568550.043	folder	lens	16.0	6.4	6.4	4	face	images	img_sunset		9090	{ "folder": "images", "view": "browse", "items": 7 }
1789568550.043	intent	lens	16.0	6.4	6.4	4	face	images	img_sunset		9090	{ "do": "reload", "view": "browse", "folder": "images" }
1789568550.048	active	lens	16.0	6.4	6.4	4	face	images	img_sunset		9095	{ "key": "(1, -1)", "slot": 5 }
1789568551.181	active	lens	16.0	6.4	6.4	4	face	images	img_sunset		10228	{ "key": "(1, 0)", "slot": 0 }
1789568552.376	select	lens	16.0	6.4	6.4	4	face	images	img_sunset	да	11423	{ "do": "default", "view": "browse", "folder": "images", "item": "img_sunset", "title": "Закат" }
1789568553.820	задание	lens	16.0	6.4	6.4	4	face	images	scene_tower			
1789568556.465	folder	lens	16.0	6.4	6.4	4	face	files	scene_tower		2645	{ "folder": "files", "view": "browse", "items": 4 }
1789568556.465	intent	lens	16.0	6.4	6.4	4	face	files	scene_tower		2645	{ "do": "reload", "view": "browse", "folder": "files" }
1789568556.471	active	lens	16.0	6.4	6.4	4	face	files	scene_tower		2650	{ "key": "(1, 0)", "slot": 0 }
1789568560.143	folder	lens	16.0	6.4	6.4	4	face	scenes	scene_tower		6323	{ "folder": "scenes", "view": "browse", "items": 7 }
1789568560.144	intent	lens	16.0	6.4	6.4	4	face	scenes	scene_tower		6323	{ "do": "reload", "view": "browse", "folder": "scenes" }
1789568560.149	active	lens	16.0	6.4	6.4	4	face	scenes	scene_tower		6328	{ "key": "(1, 0)", "slot": 0 }
1789568561.488	select	lens	16.0	6.4	6.4	4	face	scenes	scene_tower	да	7667	{ "do": "default", "view": "browse", "folder": "scenes", "item": "scene_tower", "title": "Башня" }
1789568561.488	toggle	lens	16.0	6.4	6.4	4	face	scenes				{ "open": false }
1789568563.944	folder	lens	16.0	6.4	6.4	4	face	scenes				{ "folder": "scenes", "view": "browse", "items": 7 }
1789568563.944	toggle	lens	16.0	6.4	6.4	4	face	scenes				{ "open": true }
1789568564.899	folder	lens	16.0	6.4	6.4	4	face	files				{ "folder": "files", "view": "browse", "items": 4 }
1789568564.900	intent	lens	16.0	6.4	6.4	4	face	files				{ "do": "reload", "view": "browse", "folder": "files" }
1789568565.444	folder	lens	16.0	6.4	6.4	4	face					{ "folder": "", "view": "browse", "items": 6 }
1789568565.444	intent	lens	16.0	6.4	6.4	4	face					{ "do": "reload", "view": "browse", "folder": "" }
1789568568.665	intent	lens	16.0	6.4	6.4	4	face					{ "do": "exit", "view": "browse", "folder": "" }
1789568568.667	выход	lens	16.0	6.4	6.4	4	face					выгрузка в /storage/emulated/0/Download/VRGE/2026-09-16_19-22-48
# unix_время	событие	поверхность	радиус_см	ячейка_см	ячейка_факт_см	уровень_глобуса	вращение_рукой	папка	задание	попадание	мс_от_задания	подробности
# сессия 2026-09-16T20:14:32
1789571672.767	folder	globe	20.0	1.5	3.52	13	face					{ "folder": "", "view": "browse", "items": 6 }
1789571672.767	toggle	globe	20.0	1.5	3.52	13	face					{ "open": true }
1789571704.677	настройка_значение	fib	8.0	1.5	1.49	26	face					radius_cm=8.0
1789571704.702	настройка_значение	fib	18.0	1.5	3.12	27	face					radius_cm=18.0
1789571704.782	panel_scroll	fib	20.0	1.5	3.47	27	face					{ "how": "", "mode": "edit" }
1789571709.594	toggle	globe	20.0	1.5	3.52	13	face					{ "open": false }
1789571709.594	самопроверка	globe	20.0	1.5	3.52	13	face			FAIL		{ "глобус уровень 13, 632 ячеек, вращение": { "gpu95": 2.76200008392334, "cpu95": 0.18000000715256, "proc95": 1.959, "over": 0 }, "глобус крупный: уровень 1, 32 ячеек, радиус 20.0 см, вращение": { "gpu95": 1.82099997997284, "cpu95": 0.1879999935627, "proc95": 3.194, "over": 0 }, "линза α=0.037, 700 ячеек, вращение": { "gpu95": 2.67000007629395, "cpu95": 0.16799999773502, "proc95": 66.636, "over": 0 } }
1789571712.373	folder	lens	16.0	6.4	6.4	4	face					{ "folder": "", "view": "browse", "items": 6 }
1789571712.373	toggle	lens	16.0	6.4	6.4	4	face					{ "open": true }
1789571715.695	folder	lens	16.0	6.4	6.4	4	face	files				{ "folder": "files", "view": "browse", "items": 4 }
1789571715.695	intent	lens	16.0	6.4	6.4	4	face	files				{ "do": "reload", "view": "browse", "folder": "files" }
1789571716.641	folder	lens	16.0	6.4	6.4	4	face					{ "folder": "", "view": "browse", "items": 6 }
1789571716.641	intent	lens	16.0	6.4	6.4	4	face					{ "do": "reload", "view": "browse", "folder": "" }
1789571718.254	folder	lens	16.0	6.4	6.4	4	face	settings				{ "folder": "settings", "view": "browse", "items": 4 }
1789571718.254	intent	lens	16.0	6.4	6.4	4	face	settings				{ "do": "reload", "view": "browse", "folder": "settings" }
1789571720.485	folder	lens	16.0	6.4	6.4	4	face	settings_sphere				{ "folder": "settings_sphere", "view": "browse", "items": 11 }
1789571720.485	intent	lens	16.0	6.4	6.4	4	face	settings_sphere				{ "do": "reload", "view": "browse", "folder": "settings_sphere" }
1789571733.814	настройка_открыта	lens	16.0	6.4	6.4	4	face	settings_sphere				surface
1789571733.815	intent	lens	16.0	6.4	6.4	4	face	settings_sphere				{ "do": "edit", "view": "browse", "folder": "settings_sphere", "setting": "surface" }
1789571735.596	panel_scroll	lens	16.0	6.4	6.4	4	face	settings_sphere				{ "how": "stick", "mode": "edit" }
1789571738.542	настройка_значение	globe	16.0	6.4	6.4	4	face	settings_sphere				surface=globe
1789571745.820	настройка_значение	globe_hex	16.0	6.4	6.4	4	face	settings_sphere				surface=globe_hex
1789571748.430	panel_scroll	globe_hex	16.0	6.4	6.4	4	face	settings_sphere				{ "how": "stick", "mode": "edit" }
1789571749.521	настройка_значение	octa	16.0	6.4	6.5	9	face	settings_sphere				surface=octa
1789571753.164	panel_scroll	octa	16.0	6.4	6.5	9	face	settings_sphere				{ "how": "stick", "mode": "edit" }
1789571754.277	настройка_значение	rings	16.0	6.4	6.06	9	face	settings_sphere				surface=rings
1789571761.898	panel_scroll	rings	16.0	6.4	6.06	9	face	settings_sphere				{ "how": "stick", "mode": "edit" }
1789571763.478	настройка_значение	fib	16.0	6.4	6.31	15	face	settings_sphere				surface=fib
1789571769.755	настройка_значение	lens	16.0	6.4	6.4	4	face	settings_sphere				surface=lens
1789571775.500	настройка_значение	globe	16.0	6.4	6.4	4	face	settings_sphere				surface=globe
1789571778.955	folder	globe	16.0	6.4	6.4	4	face	settings				{ "folder": "settings", "view": "browse", "items": 4 }
1789571778.956	intent	globe	16.0	6.4	6.4	4	face	settings				{ "do": "reload", "view": "browse", "folder": "settings" }
1789571780.456	folder	globe	16.0	6.4	6.4	4	face	settings_sphere				{ "folder": "settings_sphere", "view": "browse", "items": 11 }
1789571780.456	intent	globe	16.0	6.4	6.4	4	face	settings_sphere				{ "do": "reload", "view": "browse", "folder": "settings_sphere" }
1789571782.414	настройка_открыта	globe	16.0	6.4	6.4	4	face	settings_sphere				cell_cm
1789571782.414	intent	globe	16.0	6.4	6.4	4	face	settings_sphere				{ "do": "edit", "view": "browse", "folder": "settings_sphere", "setting": "cell_cm" }
1789571783.999	panel_scroll	globe	16.0	6.4	6.4	4	face	settings_sphere				{ "how": "stick", "mode": "edit" }
1789571786.301	настройка_значение	globe	16.0	5.7	5.58	5	face	settings_sphere				cell_cm=5.7
1789571786.313	panel_scroll	globe	16.0	5.7	5.58	5	face	settings_sphere				{ "how": "stick", "mode": "edit" }
1789571786.315	настройка_значение	globe	16.0	5.8	5.58	5	face	settings_sphere				cell_cm=5.8
1789571786.325	настройка_значение	globe	16.0	5.7	5.58	5	face	settings_sphere				cell_cm=5.7
1789571786.334	настройка_значение	globe	16.0	5.5	5.58	5	face	settings_sphere				cell_cm=5.5
1789571786.344	настройка_значение	globe	16.0	5.7	5.58	5	face	settings_sphere				cell_cm=5.7
1789571786.353	настройка_значение	globe	16.0	5.8	5.58	5	face	settings_sphere				cell_cm=5.8
1789571786.364	настройка_значение	globe	16.0	5.9	5.58	5	face	settings_sphere				cell_cm=5.9
1789571786.375	настройка_значение	globe	16.0	6.0	6.4	4	face	settings_sphere				cell_cm=6.0
1789571786.385	настройка_значение	globe	16.0	6.2	6.4	4	face	settings_sphere				cell_cm=6.2
1789571786.396	настройка_значение	globe	16.0	6.3	6.4	4	face	settings_sphere				cell_cm=6.3
1789571786.407	настройка_значение	globe	16.0	6.4	6.4	4	face	settings_sphere				cell_cm=6.4
1789571786.487	настройка_значение	globe	16.0	6.5	6.4	4	face	settings_sphere				cell_cm=6.5
1789571786.501	настройка_значение	globe	16.0	6.7	6.4	4	face	settings_sphere				cell_cm=6.7
1789571786.511	настройка_значение	globe	16.0	6.9	6.4	4	face	settings_sphere				cell_cm=6.9
1789571786.520	настройка_значение	globe	16.0	7.0	7.56	3	face	settings_sphere				cell_cm=7.0
1789571786.529	настройка_значение	globe	16.0	7.1	7.56	3	face	settings_sphere				cell_cm=7.1
1789571786.549	настройка_значение	globe	16.0	7.2	7.56	3	face	settings_sphere				cell_cm=7.2
1789571786.564	настройка_значение	globe	16.0	7.3	7.56	3	face	settings_sphere				cell_cm=7.3
1789571786.582	настройка_значение	globe	16.0	7.4	7.56	3	face	settings_sphere				cell_cm=7.4
1789571786.597	настройка_значение	globe	16.0	7.5	7.56	3	face	settings_sphere				cell_cm=7.5
1789571786.608	настройка_значение	globe	16.0	7.6	7.56	3	face	settings_sphere				cell_cm=7.6
1789571786.640	настройка_значение	globe	16.0	7.7	7.56	3	face	settings_sphere				cell_cm=7.7
1789571786.661	настройка_значение	globe	16.0	7.8	7.56	3	face	settings_sphere				cell_cm=7.8
1789571786.674	настройка_значение	globe	16.0	7.9	7.56	3	face	settings_sphere				cell_cm=7.9
1789571786.686	настройка_значение	globe	16.0	8.0	8.35	2	face	settings_sphere				cell_cm=8.0
1789571786.697	настройка_значение	globe	16.0	8.1	8.35	2	face	settings_sphere				cell_cm=8.1
1789571786.716	настройка_значение	globe	16.0	8.3	8.35	2	face	settings_sphere				cell_cm=8.3
1789571786.731	настройка_значение	globe	16.0	8.5	8.35	2	face	settings_sphere				cell_cm=8.5
1789571786.742	настройка_значение	globe	16.0	8.7	8.35	2	face	settings_sphere				cell_cm=8.7
1789571786.752	настройка_значение	globe	16.0	8.8	8.35	2	face	settings_sphere				cell_cm=8.8
1789571786.764	настройка_значение	globe	16.0	8.9	8.35	2	face	settings_sphere				cell_cm=8.9
1789571786.775	настройка_значение	globe	16.0	9.0	8.35	2	face	settings_sphere				cell_cm=9.0
1789571786.785	настройка_значение	globe	16.0	9.1	8.35	2	face	settings_sphere				cell_cm=9.1
1789571786.796	настройка_значение	globe	16.0	9.2	8.35	2	face	settings_sphere				cell_cm=9.2
1789571786.807	настройка_значение	globe	16.0	9.3	8.35	2	face	settings_sphere				cell_cm=9.3
1789571786.864	настройка_значение	globe	16.0	9.4	8.35	2	face	settings_sphere				cell_cm=9.4
1789571786.877	настройка_значение	globe	16.0	9.5	8.35	2	face	settings_sphere				cell_cm=9.5
1789571786.897	настройка_значение	globe	16.0	9.6	8.35	2	face	settings_sphere				cell_cm=9.6
1789571786.910	настройка_значение	globe	16.0	9.7	8.35	2	face	settings_sphere				cell_cm=9.7
1789571786.921	настройка_значение	globe	16.0	9.8	8.35	2	face	settings_sphere				cell_cm=9.8
1789571786.932	настройка_значение	globe	16.0	9.9	8.35	2	face	settings_sphere				cell_cm=9.9
1789571786.942	настройка_значение	globe	16.0	10.1	12.05	1	face	settings_sphere				cell_cm=10.1
1789571786.952	настройка_значение	globe	16.0	10.2	12.05	1	face	settings_sphere				cell_cm=10.2
1789571786.974	настройка_значение	globe	16.0	10.3	12.05	1	face	settings_sphere				cell_cm=10.3
1789571786.997	настройка_значение	globe	16.0	10.2	12.05	1	face	settings_sphere				cell_cm=10.2
1789571787.031	настройка_значение	globe	16.0	10.1	12.05	1	face	settings_sphere				cell_cm=10.1
1789571787.044	настройка_значение	globe	16.0	10.2	12.05	1	face	settings_sphere				cell_cm=10.2
1789571787.076	настройка_значение	globe	16.0	10.3	12.05	1	face	settings_sphere				cell_cm=10.3
1789571787.088	настройка_значение	globe	16.0	10.4	12.05	1	face	settings_sphere				cell_cm=10.4
1789571787.099	настройка_значение	globe	16.0	10.5	12.05	1	face	settings_sphere				cell_cm=10.5
1789571787.119	настройка_значение	globe	16.0	10.6	12.05	1	face	settings_sphere				cell_cm=10.6
1789571787.199	настройка_значение	globe	16.0	10.5	12.05	1	face	settings_sphere				cell_cm=10.5
1789571787.211	настройка_значение	globe	16.0	10.4	12.05	1	face	settings_sphere				cell_cm=10.4
1789571787.221	настройка_значение	globe	16.0	10.3	12.05	1	face	settings_sphere				cell_cm=10.3
1789571787.232	настройка_значение	globe	16.0	10.2	12.05	1	face	settings_sphere				cell_cm=10.2
1789571787.252	настройка_значение	globe	16.0	10.1	12.05	1	face	settings_sphere				cell_cm=10.1
1789571787.265	настройка_значение	globe	16.0	10.0	8.35	2	face	settings_sphere				cell_cm=10.0
1789571787.285	настройка_значение	globe	16.0	9.9	8.35	2	face	settings_sphere				cell_cm=9.9
1789571787.300	настройка_значение	globe	16.0	9.7	8.35	2	face	settings_sphere				cell_cm=9.7
1789571787.310	настройка_значение	globe	16.0	9.6	8.35	2	face	settings_sphere				cell_cm=9.6
1789571787.321	настройка_значение	globe	16.0	9.4	8.35	2	face	settings_sphere				cell_cm=9.4
1789571787.333	настройка_значение	globe	16.0	9.2	8.35	2	face	settings_sphere				cell_cm=9.2
1789571787.343	настройка_значение	globe	16.0	9.1	8.35	2	face	settings_sphere				cell_cm=9.1
1789571787.353	настройка_значение	globe	16.0	8.9	8.35	2	face	settings_sphere				cell_cm=8.9
1789571787.365	настройка_значение	globe	16.0	8.8	8.35	2	face	settings_sphere				cell_cm=8.8
1789571787.376	настройка_значение	globe	16.0	8.7	8.35	2	face	settings_sphere				cell_cm=8.7
1789571787.387	настройка_значение	globe	16.0	8.6	8.35	2	face	settings_sphere				cell_cm=8.6
1789571787.398	настройка_значение	globe	16.0	8.5	8.35	2	face	settings_sphere				cell_cm=8.5
1789571787.409	настройка_значение	globe	16.0	8.4	8.35	2	face	settings_sphere				cell_cm=8.4
1789571787.421	настройка_значение	globe	16.0	8.3	8.35	2	face	settings_sphere				cell_cm=8.3
1789571787.440	настройка_значение	globe	16.0	8.2	8.35	2	face	settings_sphere				cell_cm=8.2
1789571787.464	настройка_значение	globe	16.0	8.1	8.35	2	face	settings_sphere				cell_cm=8.1
1789571787.477	настройка_значение	globe	16.0	8.0	8.35	2	face	settings_sphere				cell_cm=8.0
1789571787.544	настройка_значение	globe	16.0	7.9	7.56	3	face	settings_sphere				cell_cm=7.9
1789571787.564	настройка_значение	globe	16.0	7.8	7.56	3	face	settings_sphere				cell_cm=7.8
1789571787.587	настройка_значение	globe	16.0	7.7	7.56	3	face	settings_sphere				cell_cm=7.7
1789571787.631	настройка_значение	globe	16.0	7.6	7.56	3	face	settings_sphere				cell_cm=7.6
1789571787.654	настройка_значение	globe	16.0	7.5	7.56	3	face	settings_sphere				cell_cm=7.5
1789571787.676	настройка_значение	globe	16.0	7.4	7.56	3	face	settings_sphere				cell_cm=7.4
1789571787.698	настройка_значение	globe	16.0	7.3	7.56	3	face	settings_sphere				cell_cm=7.3
1789571787.720	настройка_значение	globe	16.0	7.2	7.56	3	face	settings_sphere				cell_cm=7.2
1789571787.743	настройка_значение	globe	16.0	7.1	7.56	3	face	settings_sphere				cell_cm=7.1
1789571787.765	настройка_значение	globe	16.0	7.0	7.56	3	face	settings_sphere				cell_cm=7.0
1789571787.787	настройка_значение	globe	16.0	6.9	6.4	4	face	settings_sphere				cell_cm=6.9
1789571787.844	настройка_значение	globe	16.0	6.8	6.4	4	face	settings_sphere				cell_cm=6.8
1789571787.888	настройка_значение	globe	16.0	6.7	6.4	4	face	settings_sphere				cell_cm=6.7
1789571787.967	настройка_значение	globe	16.0	6.6	6.4	4	face	settings_sphere				cell_cm=6.6
1789571788.011	настройка_значение	globe	16.0	6.5	6.4	4	face	settings_sphere				cell_cm=6.5
1789571788.032	настройка_значение	globe	16.0	6.4	6.4	4	face	settings_sphere				cell_cm=6.4
1789571788.077	настройка_значение	globe	16.0	6.5	6.4	4	face	settings_sphere				cell_cm=6.5
1789571788.144	настройка_значение	globe	16.0	6.4	6.4	4	face	settings_sphere				cell_cm=6.4
1789571788.311	настройка_значение	globe	16.0	6.3	6.4	4	face	settings_sphere				cell_cm=6.3
1789571788.332	настройка_значение	globe	16.0	6.2	6.4	4	face	settings_sphere				cell_cm=6.2
1789571788.400	настройка_значение	globe	16.0	6.1	6.4	4	face	settings_sphere				cell_cm=6.1
1789571788.444	настройка_значение	globe	16.0	6.0	6.4	4	face	settings_sphere				cell_cm=6.0
1789571788.489	настройка_значение	globe	16.0	5.9	5.58	5	face	settings_sphere				cell_cm=5.9
1789571788.600	настройка_значение	globe	16.0	5.8	5.58	5	face	settings_sphere				cell_cm=5.8
1789571788.621	настройка_значение	globe	16.0	5.7	5.58	5	face	settings_sphere				cell_cm=5.7
1789571788.655	настройка_значение	globe	16.0	5.8	5.58	5	face	settings_sphere				cell_cm=5.8
1789571788.767	настройка_значение	globe	16.0	5.7	5.58	5	face	settings_sphere				cell_cm=5.7
1789571788.788	настройка_значение	globe	16.0	5.8	5.58	5	face	settings_sphere				cell_cm=5.8
1789571788.878	настройка_значение	globe	16.0	5.7	5.58	5	face	settings_sphere				cell_cm=5.7
1789571788.899	настройка_значение	globe	16.0	5.6	5.58	5	face	settings_sphere				cell_cm=5.6
1789571788.944	настройка_значение	globe	16.0	5.7	5.58	5	face	settings_sphere				cell_cm=5.7
1789571788.976	настройка_значение	globe	16.0	5.8	5.58	5	face	settings_sphere				cell_cm=5.8
1789571788.999	настройка_значение	globe	16.0	5.9	5.58	5	face	settings_sphere				cell_cm=5.9
1789571789.021	настройка_значение	globe	16.0	5.8	5.58	5	face	settings_sphere				cell_cm=5.8
1789571789.042	настройка_значение	globe	16.0	5.7	5.58	5	face	settings_sphere				cell_cm=5.7
1789571789.178	настройка_значение	globe	16.0	5.6	5.58	5	face	settings_sphere				cell_cm=5.6
1789571789.256	настройка_значение	globe	16.0	5.5	5.58	5	face	settings_sphere				cell_cm=5.5
1789571789.269	настройка_значение	globe	16.0	5.4	5.58	5	face	settings_sphere				cell_cm=5.4
1789571789.288	настройка_значение	globe	16.0	5.3	5.1	6	face	settings_sphere				cell_cm=5.3
1789571789.301	настройка_значение	globe	16.0	5.2	5.1	6	face	settings_sphere				cell_cm=5.2
1789571789.311	настройка_значение	globe	16.0	5.1	5.1	6	face	settings_sphere				cell_cm=5.1
1789571789.330	настройка_значение	globe	16.0	5.0	5.1	6	face	settings_sphere				cell_cm=5.0
1789571789.344	настройка_значение	globe	16.0	4.9	5.1	6	face	settings_sphere				cell_cm=4.9
1789571789.374	настройка_значение	globe	16.0	4.8	5.1	6	face	settings_sphere				cell_cm=4.8
1789571789.421	настройка_значение	globe	16.0	4.7	4.4	7	face	settings_sphere				cell_cm=4.7
1789571789.442	настройка_значение	globe	16.0	4.6	4.4	7	face	settings_sphere				cell_cm=4.6
1789571789.463	настройка_значение	globe	16.0	4.4	4.4	7	face	settings_sphere				cell_cm=4.4
1789571789.477	настройка_значение	globe	16.0	4.3	4.4	7	face	settings_sphere				cell_cm=4.3
1789571789.491	настройка_значение	globe	16.0	4.2	4.03	8	face	settings_sphere				cell_cm=4.2
1789571789.503	настройка_значение	globe	16.0	4.1	4.03	8	face	settings_sphere				cell_cm=4.1
1789571789.515	настройка_значение	globe	16.0	4.0	4.03	8	face	settings_sphere				cell_cm=4.0
1789571789.538	настройка_значение	globe	16.0	3.9	3.79	9	face	settings_sphere				cell_cm=3.9
1789571789.586	настройка_значение	globe	16.0	3.8	3.79	9	face	settings_sphere				cell_cm=3.8
1789571789.605	настройка_значение	globe	16.0	3.7	3.79	9	face	settings_sphere				cell_cm=3.7
1789571789.623	настройка_значение	globe	16.0	3.6	3.6	10	face	settings_sphere				cell_cm=3.6
1789571789.635	настройка_значение	globe	16.0	3.5	3.6	10	face	settings_sphere				cell_cm=3.5
1789571789.645	настройка_значение	globe	16.0	3.4	3.23	11	face	settings_sphere				cell_cm=3.4
1789571789.667	настройка_значение	globe	16.0	3.3	3.23	11	face	settings_sphere				cell_cm=3.3
1789571789.792	настройка_значение	globe	16.0	3.4	3.23	11	face	settings_sphere				cell_cm=3.4
1789571789.820	настройка_значение	globe	16.0	3.3	3.23	11	face	settings_sphere				cell_cm=3.3
1789571789.844	настройка_значение	globe	16.0	3.2	3.23	11	face	settings_sphere				cell_cm=3.2
1789571789.856	настройка_значение	globe	16.0	3.1	2.98	12	face	settings_sphere				cell_cm=3.1
1789571789.868	настройка_значение	globe	16.0	2.9	2.98	12	face	settings_sphere				cell_cm=2.9
1789571789.879	настройка_значение	globe	16.0	2.8	2.81	13	face	settings_sphere				cell_cm=2.8
1789571789.890	настройка_значение	globe	16.0	2.7	2.81	13	face	settings_sphere				cell_cm=2.7
1789571789.900	настройка_значение	globe	16.0	2.6	2.81	13	face	settings_sphere				cell_cm=2.6
1789571789.912	настройка_значение	globe	16.0	2.5	2.81	13	face	settings_sphere				cell_cm=2.5
1789571789.924	настройка_значение	globe	16.0	2.4	2.81	13	face	settings_sphere				cell_cm=2.4
1789571789.935	настройка_значение	globe	16.0	2.3	2.81	13	face	settings_sphere				cell_cm=2.3
1789571789.945	настройка_значение	globe	16.0	2.2	2.81	13	face	settings_sphere				cell_cm=2.2
1789571789.958	настройка_значение	globe	16.0	2.1	2.81	13	face	settings_sphere				cell_cm=2.1
1789571789.987	настройка_значение	globe	16.0	2.0	2.81	13	face	settings_sphere				cell_cm=2.0
1789571790.035	настройка_значение	globe	16.0	2.1	2.81	13	face	settings_sphere				cell_cm=2.1
1789571790.114	настройка_значение	globe	16.0	2.2	2.81	13	face	settings_sphere				cell_cm=2.2
1789571790.134	настройка_значение	globe	16.0	2.3	2.81	13	face	settings_sphere				cell_cm=2.3
1789571790.156	настройка_значение	globe	16.0	2.2	2.81	13	face	settings_sphere				cell_cm=2.2
1789571790.178	настройка_значение	globe	16.0	2.1	2.81	13	face	settings_sphere				cell_cm=2.1
1789571790.191	настройка_значение	globe	16.0	2.0	2.81	13	face	settings_sphere				cell_cm=2.0
1789571790.202	настройка_значение	globe	16.0	1.9	2.81	13	face	settings_sphere				cell_cm=1.9
1789571790.215	настройка_значение	globe	16.0	1.8	2.81	13	face	settings_sphere				cell_cm=1.8
1789571790.291	настройка_значение	globe	16.0	1.7	2.81	13	face	settings_sphere				cell_cm=1.7
1789571790.335	настройка_значение	globe	16.0	1.6	2.81	13	face	settings_sphere				cell_cm=1.6
1789571790.354	настройка_значение	globe	16.0	1.5	2.81	13	face	settings_sphere				cell_cm=1.5
1789571792.189	панель_кнопка	globe	16.0	1.5	2.81	13	face	settings_sphere				done
1789571792.192	настройка_сохранена	globe	16.0	1.5	2.81	13	face	settings_sphere				cell_cm=1.5
1789571799.049	настройка_открыта	globe	16.0	1.5	2.81	13	face	settings_sphere				hand_rotation
1789571799.050	intent	globe	16.0	1.5	2.81	13	face	settings_sphere				{ "do": "edit", "view": "browse", "folder": "settings_sphere", "setting": "hand_rotation" }
1789571801.913	настройка_значение	globe	16.0	1.5	2.81	13	ball	settings_sphere				hand_rotation=ball
1789571807.646	настройка_значение	globe	16.0	1.5	2.81	13	stand	settings_sphere				hand_rotation=stand
1789571816.602	настройка_значение	globe	16.0	1.5	2.81	13	face	settings_sphere				hand_rotation=face
1789571819.936	настройка_значение	globe	16.0	1.5	2.81	13	ball	settings_sphere				hand_rotation=ball
1789571822.814	панель_кнопка	globe	16.0	1.5	2.81	13	ball	settings_sphere				done
1789571822.815	настройка_сохранена	globe	16.0	1.5	2.81	13	ball	settings_sphere				hand_rotation=ball
1789571834.097	настройка_открыта	globe	16.0	1.5	2.81	13	ball	settings_sphere				panel_side
1789571834.097	intent	globe	16.0	1.5	2.81	13	ball	settings_sphere				{ "do": "edit", "view": "browse", "folder": "settings_sphere", "setting": "panel_side" }
1789571836.404	панель_кнопка	globe	16.0	1.5	2.81	13	ball	settings_sphere				done
1789571836.408	настройка_сохранена	globe	16.0	1.5	2.81	13	ball	settings_sphere				panel_side=top
1789571848.953	настройка_открыта	globe	16.0	1.5	2.81	13	ball	settings_sphere				radius_cm
1789571848.953	intent	globe	16.0	1.5	2.81	13	ball	settings_sphere				{ "do": "edit", "view": "browse", "folder": "settings_sphere", "setting": "radius_cm" }
1789571849.963	настройка_значение	globe	17.0	1.5	2.99	13	ball	settings_sphere				radius_cm=17.0
1789571849.987	настройка_значение	globe	17.5	1.5	3.08	13	ball	settings_sphere				radius_cm=17.5
1789571850.011	настройка_значение	globe	18.0	1.5	3.17	13	ball	settings_sphere				radius_cm=18.0
1789571850.035	настройка_значение	globe	18.5	1.5	3.25	13	ball	settings_sphere				radius_cm=18.5
1789571850.048	настройка_значение	globe	19.5	1.5	3.43	13	ball	settings_sphere				radius_cm=19.5
1789571850.063	настройка_значение	globe	20.0	1.5	3.52	13	ball	settings_sphere				radius_cm=20.0
1789571851.560	панель_кнопка	globe	20.0	1.5	3.52	13	ball	settings_sphere				done
1789571851.561	настройка_сохранена	globe	20.0	1.5	3.52	13	ball	settings_sphere				radius_cm=20.0
1789571858.742	настройка_открыта	globe	20.0	1.5	3.52	13	ball	settings_sphere				cell_cm
1789571858.743	intent	globe	20.0	1.5	3.52	13	ball	settings_sphere				{ "do": "edit", "view": "browse", "folder": "settings_sphere", "setting": "cell_cm" }
1789571863.539	панель_кнопка	globe	20.0	1.5	3.52	13	ball	settings_sphere				done
1789571863.543	настройка_сохранена	globe	20.0	1.5	3.52	13	ball	settings_sphere				cell_cm=1.5
1789571866.332	настройка_открыта	globe	20.0	1.5	3.52	13	ball	settings_sphere				radius_cm
1789571866.332	intent	globe	20.0	1.5	3.52	13	ball	settings_sphere				{ "do": "edit", "view": "browse", "folder": "settings_sphere", "setting": "radius_cm" }
1789571867.297	настройка_значение	globe	8.5	1.5	1.5	13	ball	settings_sphere				radius_cm=8.5
1789571867.495	intent	globe	8.5	1.5	1.5	13	ball	settings_sphere				{ "do": "none", "view": "browse", "folder": "settings_sphere" }
1789571870.165	настройка_значение	globe	14.0	1.5	2.46	13	ball	settings_sphere				radius_cm=14.0
1789571870.186	настройка_значение	globe	12.5	1.5	2.2	13	ball	settings_sphere				radius_cm=12.5
1789571870.208	настройка_значение	globe	13.0	1.5	2.29	13	ball	settings_sphere				radius_cm=13.0
1789571870.225	настройка_значение	globe	12.5	1.5	2.2	13	ball	settings_sphere				radius_cm=12.5
1789571870.303	настройка_значение	globe	13.0	1.5	2.29	13	ball	settings_sphere				radius_cm=13.0
1789571873.051	панель_кнопка	globe	13.0	1.5	2.29	13	ball	settings_sphere				done
1789571873.052	настройка_сохранена	globe	13.0	1.5	2.29	13	ball	settings_sphere				radius_cm=13.0
1789571879.800	настройка_открыта	globe	13.0	1.5	2.29	13	ball	settings_sphere				cell_cm
1789571879.800	intent	globe	13.0	1.5	2.29	13	ball	settings_sphere				{ "do": "edit", "view": "browse", "folder": "settings_sphere", "setting": "cell_cm" }
1789571880.864	настройка_значение	globe	13.0	5.4	5.2	4	ball	settings_sphere				cell_cm=5.4
1789571880.919	настройка_значение	globe	13.0	5.5	5.2	4	ball	settings_sphere				cell_cm=5.5
1789571880.951	настройка_значение	globe	13.0	5.4	5.2	4	ball	settings_sphere				cell_cm=5.4
1789571881.019	настройка_значение	globe	13.0	5.5	5.2	4	ball	settings_sphere				cell_cm=5.5
1789571882.453	настройка_значение	globe	13.0	3.2	3.27	8	ball	settings_sphere				cell_cm=3.2
1789571882.598	настройка_значение	globe	13.0	3.1	3.08	9	ball	settings_sphere				cell_cm=3.1
1789571882.621	настройка_значение	globe	13.0	3.0	3.08	9	ball	settings_sphere				cell_cm=3.0
1789571882.636	настройка_значение	globe	13.0	2.9	2.92	10	ball	settings_sphere				cell_cm=2.9
1789571882.656	настройка_значение	globe	13.0	2.8	2.92	10	ball	settings_sphere				cell_cm=2.8
1789571882.717	настройка_значение	globe	13.0	2.9	2.92	10	ball	settings_sphere				cell_cm=2.9
1789571885.487	настройка_значение	globe	13.0	5.4	5.2	4	ball	settings_sphere				cell_cm=5.4
1789571885.564	настройка_значение	globe	13.0	5.5	5.2	4	ball	settings_sphere				cell_cm=5.5
1789571890.542	панель_кнопка	globe	13.0	5.5	5.2	4	ball	settings_sphere				done
1789571890.542	настройка_сохранена	globe	13.0	5.5	5.2	4	ball	settings_sphere				cell_cm=5.5
1789571897.834	настройка_открыта	globe	13.0	5.5	5.2	4	ball	settings_sphere				cell_cm
1789571897.835	intent	globe	13.0	5.5	5.2	4	ball	settings_sphere				{ "do": "edit", "view": "browse", "folder": "settings_sphere", "setting": "cell_cm" }
1789571899.554	настройка_значение	globe	13.0	6.2	6.14	3	ball	settings_sphere				cell_cm=6.2
1789571901.821	настройка_значение	globe	13.0	5.8	6.14	3	ball	settings_sphere				cell_cm=5.8
1789571901.834	настройка_значение	globe	13.0	5.9	6.14	3	ball	settings_sphere				cell_cm=5.9
1789571901.899	настройка_значение	globe	13.0	5.8	6.14	3	ball	settings_sphere				cell_cm=5.8
1789571901.911	настройка_значение	globe	13.0	5.7	6.14	3	ball	settings_sphere				cell_cm=5.7
1789571901.923	настройка_значение	globe	13.0	5.6	5.2	4	ball	settings_sphere				cell_cm=5.6
1789571901.942	настройка_значение	globe	13.0	5.5	5.2	4	ball	settings_sphere				cell_cm=5.5
1789571901.964	настройка_значение	globe	13.0	5.6	5.2	4	ball	settings_sphere				cell_cm=5.6
1789571902.566	настройка_значение	globe	13.0	5.5	5.2	4	ball	settings_sphere				cell_cm=5.5
1789571902.579	настройка_значение	globe	13.0	5.6	5.2	4	ball	settings_sphere				cell_cm=5.6
1789571902.590	настройка_значение	globe	13.0	5.7	6.14	3	ball	settings_sphere				cell_cm=5.7
1789571902.605	настройка_значение	globe	13.0	5.8	6.14	3	ball	settings_sphere				cell_cm=5.8
1789571902.618	настройка_значение	globe	13.0	5.9	6.14	3	ball	settings_sphere				cell_cm=5.9
1789571902.663	настройка_значение	globe	13.0	6.0	6.14	3	ball	settings_sphere				cell_cm=6.0
1789571902.676	настройка_значение	globe	13.0	6.1	6.14	3	ball	settings_sphere				cell_cm=6.1
1789571902.687	настройка_значение	globe	13.0	6.2	6.14	3	ball	settings_sphere				cell_cm=6.2
1789571902.697	настройка_значение	globe	13.0	6.3	6.14	3	ball	settings_sphere				cell_cm=6.3
1789571902.707	настройка_значение	globe	13.0	6.4	6.14	3	ball	settings_sphere				cell_cm=6.4
1789571902.719	настройка_значение	globe	13.0	6.5	6.78	2	ball	settings_sphere				cell_cm=6.5
1789571902.786	настройка_значение	globe	13.0	6.4	6.14	3	ball	settings_sphere				cell_cm=6.4
1789571902.806	настройка_значение	globe	13.0	6.3	6.14	3	ball	settings_sphere				cell_cm=6.3
1789571902.874	настройка_значение	globe	13.0	6.4	6.14	3	ball	settings_sphere				cell_cm=6.4
1789571902.895	настройка_значение	globe	13.0	6.3	6.14	3	ball	settings_sphere				cell_cm=6.3
1789571902.928	настройка_значение	globe	13.0	6.2	6.14	3	ball	settings_sphere				cell_cm=6.2
1789571902.943	настройка_значение	globe	13.0	6.1	6.14	3	ball	settings_sphere				cell_cm=6.1
1789571902.974	настройка_значение	globe	13.0	6.0	6.14	3	ball	settings_sphere				cell_cm=6.0
1789571903.007	настройка_значение	globe	13.0	5.9	6.14	3	ball	settings_sphere				cell_cm=5.9
1789571903.087	настройка_значение	globe	13.0	5.8	6.14	3	ball	settings_sphere				cell_cm=5.8
1789571903.220	настройка_значение	globe	13.0	5.9	6.14	3	ball	settings_sphere				cell_cm=5.9
1789571903.252	настройка_значение	globe	13.0	6.0	6.14	3	ball	settings_sphere				cell_cm=6.0
1789571903.309	настройка_значение	globe	13.0	6.1	6.14	3	ball	settings_sphere				cell_cm=6.1
1789571903.322	настройка_значение	globe	13.0	6.0	6.14	3	ball	settings_sphere				cell_cm=6.0
1789571903.332	настройка_значение	globe	13.0	5.9	6.14	3	ball	settings_sphere				cell_cm=5.9
1789571903.343	настройка_значение	globe	13.0	5.7	6.14	3	ball	settings_sphere				cell_cm=5.7
1789571903.354	настройка_значение	globe	13.0	5.5	5.2	4	ball	settings_sphere				cell_cm=5.5
1789571904.010	настройка_значение	globe	13.0	5.8	6.14	3	ball	settings_sphere				cell_cm=5.8
1789571904.065	настройка_значение	globe	13.0	5.9	6.14	3	ball	settings_sphere				cell_cm=5.9
1789571904.097	настройка_значение	globe	13.0	6.0	6.14	3	ball	settings_sphere				cell_cm=6.0
1789571904.165	настройка_значение	globe	13.0	5.9	6.14	3	ball	settings_sphere				cell_cm=5.9
1789571904.220	настройка_значение	globe	13.0	5.8	6.14	3	ball	settings_sphere				cell_cm=5.8
1789571905.243	настройка_значение	globe	13.0	6.1	6.14	3	ball	settings_sphere				cell_cm=6.1
1789571905.276	настройка_значение	globe	13.0	6.0	6.14	3	ball	settings_sphere				cell_cm=6.0
1789571905.343	настройка_значение	globe	13.0	5.9	6.14	3	ball	settings_sphere				cell_cm=5.9
1789571906.976	panel_scroll	globe	13.0	5.9	6.14	3	ball	settings_sphere				{ "how": "stick", "mode": "edit" }
1789571907.710	настройка_значение	globe	13.0	6.0	6.14	3	ball	settings_sphere				cell_cm=6.0
1789571913.521	panel_scroll	globe	13.0	6.0	6.14	3	ball	settings_sphere				{ "how": "stick", "mode": "edit" }
1789571914.233	настройка_значение	globe	13.0	7.0	6.78	2	ball	settings_sphere				cell_cm=7.0
1789571917.388	panel_scroll	globe	13.0	7.0	6.78	2	ball	settings_sphere				{ "how": "stick", "mode": "edit" }
1789571919.377	panel_scroll	globe	13.0	7.0	6.78	2	ball	settings_sphere				{ "how": "stick", "mode": "edit" }
1789571920.622	настройка_значение	globe	13.0	9.0	9.79	1	ball	settings_sphere				cell_cm=9.0
1789571927.377	panel_scroll	globe	13.0	9.0	9.79	1	ball	settings_sphere				{ "how": "stick", "mode": "edit" }
1789571928.556	настройка_значение	globe	13.0	7.0	6.78	2	ball	settings_sphere				cell_cm=7.0
1789571928.568	panel_scroll	globe	13.0	7.0	6.78	2	ball	settings_sphere				{ "how": "stick", "mode": "edit" }
1789571931.600	panel_scroll	globe	13.0	7.0	6.78	2	ball	settings_sphere				{ "how": "stick", "mode": "edit" }
1789571932.790	настройка_значение	globe	13.0	6.0	6.14	3	ball	settings_sphere				cell_cm=6.0
1789571932.802	panel_scroll	globe	13.0	6.0	6.14	3	ball	settings_sphere				{ "how": "stick", "mode": "edit" }
1789571938.991	настройка_значение	globe	13.0	4.0	4.14	6	ball	settings_sphere				cell_cm=4.0
1789571949.314	настройка_значение	globe	13.0	4.5	4.53	5	ball	settings_sphere				cell_cm=4.5
1789571960.704	настройка_значение	globe	13.0	4.2	4.14	6	ball	settings_sphere				cell_cm=4.2
1789571966.059	панель_кнопка	globe	13.0	4.2	4.14	6	ball	settings_sphere				done
1789571966.060	настройка_сохранена	globe	13.0	4.2	4.14	6	ball	settings_sphere				cell_cm=4.2
1789571973.027	folder	globe	13.0	4.2	4.14	6	ball	settings				{ "folder": "settings", "view": "browse", "items": 4 }
1789571973.027	intent	globe	13.0	4.2	4.14	6	ball	settings				{ "do": "reload", "view": "browse", "folder": "settings" }
1789571975.794	folder	globe	13.0	4.2	4.14	6	ball					{ "folder": "", "view": "browse", "items": 6 }
1789571975.794	intent	globe	13.0	4.2	4.14	6	ball					{ "do": "reload", "view": "browse", "folder": "" }
1789571980.049	folder	globe	13.0	4.2	4.14	6	ball					{ "folder": "", "view": "search", "items": 1 }
1789571980.052	поиск_открыт	globe	13.0	4.2	4.14	6	ball					
1789571980.052	intent	globe	13.0	4.2	4.14	6	ball					{ "do": "search", "view": "search", "folder": "" }
1789571984.819	folder	globe	13.0	4.2	4.14	6	ball					{ "folder": "", "view": "search", "items": 14 }
1789571984.820	intent	globe	13.0	4.2	4.14	6	ball					{ "do": "reload", "view": "search", "folder": "" }
1789571984.820	поиск_запрос	globe	13.0	4.2	4.14	6	ball					м → 13
1789571986.061	folder	globe	13.0	4.2	4.14	6	ball					{ "folder": "", "view": "search", "items": 4 }
1789571986.061	intent	globe	13.0	4.2	4.14	6	ball					{ "do": "reload", "view": "search", "folder": "" }
1789571986.061	поиск_запрос	globe	13.0	4.2	4.14	6	ball					мо → 3
1789571986.605	folder	globe	13.0	4.2	4.14	6	ball					{ "folder": "", "view": "search", "items": 3 }
1789571986.605	intent	globe	13.0	4.2	4.14	6	ball					{ "do": "reload", "view": "search", "folder": "" }
1789571986.605	поиск_запрос	globe	13.0	4.2	4.14	6	ball					мос → 2
1789571987.816	folder	globe	13.0	4.2	4.14	6	ball					{ "folder": "", "view": "search", "items": 3 }
1789571987.817	intent	globe	13.0	4.2	4.14	6	ball					{ "do": "reload", "view": "search", "folder": "" }
1789571987.817	поиск_запрос	globe	13.0	4.2	4.14	6	ball					мост → 2
1789571989.874	folder	globe	13.0	4.2	4.14	6	ball	assets				{ "folder": "assets", "view": "browse", "items": 7 }
1789571989.874	select	globe	13.0	4.2	4.14	6	ball	assets				{ "do": "default", "view": "browse", "folder": "assets", "item": "asset_bridge", "title": "Мост" }
1789571989.875	toggle	globe	13.0	4.2	4.14	6	ball	assets				{ "open": false }
1789571992.595	folder	globe	13.0	4.2	4.14	6	ball	assets				{ "folder": "assets", "view": "browse", "items": 7 }
1789571992.595	toggle	globe	13.0	4.2	4.14	6	ball	assets				{ "open": true }
1789571996.262	folder	globe	13.0	4.2	4.14	6	ball	files				{ "folder": "files", "view": "browse", "items": 4 }
1789571996.262	intent	globe	13.0	4.2	4.14	6	ball	files				{ "do": "reload", "view": "browse", "folder": "files" }
1789571997.029	folder	globe	13.0	4.2	4.14	6	ball					{ "folder": "", "view": "browse", "items": 6 }
1789571997.029	intent	globe	13.0	4.2	4.14	6	ball					{ "do": "reload", "view": "browse", "folder": "" }
1789572002.596	folder	globe	13.0	4.2	4.14	6	ball	files				{ "folder": "files", "view": "browse", "items": 4 }
1789572002.596	intent	globe	13.0	4.2	4.14	6	ball	files				{ "do": "reload", "view": "browse", "folder": "files" }
1789572004.996	folder	globe	13.0	4.2	4.14	6	ball	assets				{ "folder": "assets", "view": "browse", "items": 7 }
1789572004.996	intent	globe	13.0	4.2	4.14	6	ball	assets				{ "do": "reload", "view": "browse", "folder": "assets" }
1789572006.829	select	globe	13.0	4.2	4.14	6	ball	assets				{ "do": "default", "view": "browse", "folder": "assets", "item": "asset_stones", "title": "Камни" }
1789572006.829	toggle	globe	13.0	4.2	4.14	6	ball	assets				{ "open": false }
1789572008.785	folder	globe	13.0	4.2	4.14	6	ball	assets				{ "folder": "assets", "view": "browse", "items": 7 }
1789572008.786	toggle	globe	13.0	4.2	4.14	6	ball	assets				{ "open": true }
1789572010.595	shake	globe	13.0	4.2	4.14	6	ball					{ "folder": "" }
1789572010.596	folder	globe	13.0	4.2	4.14	6	ball					{ "folder": "", "view": "browse", "items": 6 }
1789572010.599	intent	globe	13.0	4.2	4.14	6	ball					{ "do": "reload", "view": "browse", "folder": "" }
1789572014.530	folder	globe	13.0	4.2	4.14	6	ball	files				{ "folder": "files", "view": "browse", "items": 4 }
1789572014.530	intent	globe	13.0	4.2	4.14	6	ball	files				{ "do": "reload", "view": "browse", "folder": "files" }
1789572015.096	folder	globe	13.0	4.2	4.14	6	ball	assets				{ "folder": "assets", "view": "browse", "items": 7 }
1789572015.097	intent	globe	13.0	4.2	4.14	6	ball	assets				{ "do": "reload", "view": "browse", "folder": "assets" }
1789572021.163	shake	globe	13.0	4.2	4.14	6	ball					{ "folder": "" }
1789572021.164	folder	globe	13.0	4.2	4.14	6	ball					{ "folder": "", "view": "browse", "items": 6 }
1789572021.164	intent	globe	13.0	4.2	4.14	6	ball					{ "do": "reload", "view": "browse", "folder": "" }
1789572027.520	intent	globe	13.0	4.2	4.14	6	ball					{ "do": "tasks", "view": "browse", "folder": "" }
1789572029.697	задание	globe	13.0	4.2	4.14	6	ball		asset_stones			
1789572031.676	folder	globe	13.0	4.2	4.14	6	ball	files	asset_stones		1979	{ "folder": "files", "view": "browse", "items": 4 }
1789572031.676	intent	globe	13.0	4.2	4.14	6	ball	files	asset_stones		1979	{ "do": "reload", "view": "browse", "folder": "files" }
1789572031.687	active	globe	13.0	4.2	4.14	6	ball	files	asset_stones		1989	{ "key": "44", "slot": 0 }
1789572033.153	folder	globe	13.0	4.2	4.14	6	ball	assets	asset_stones		3456	{ "folder": "assets", "view": "browse", "items": 7 }
1789572033.154	intent	globe	13.0	4.2	4.14	6	ball	assets	asset_stones		3456	{ "do": "reload", "view": "browse", "folder": "assets" }
1789572033.164	active	globe	13.0	4.2	4.14	6	ball	assets	asset_stones		3467	{ "key": "45", "slot": 1 }
1789572034.464	active	globe	13.0	4.2	4.14	6	ball	assets	asset_stones		4767	{ "key": "47", "slot": 0 }
1789572034.987	select	globe	13.0	4.2	4.14	6	ball	assets	asset_stones	да	5289	{ "do": "default", "view": "browse", "folder": "assets", "item": "asset_stones", "title": "Камни" }
1789572034.987	toggle	globe	13.0	4.2	4.14	6	ball	assets				{ "open": false }
1789572036.020	задание	globe	13.0	4.2	4.14	6	ball	assets	logic_timer			
1789572037.609	folder	globe	13.0	4.2	4.14	6	ball	assets	logic_timer		1589	{ "folder": "assets", "view": "browse", "items": 7 }
1789572037.609	toggle	globe	13.0	4.2	4.14	6	ball	assets	logic_timer		1589	{ "open": true }
1789572037.620	active	globe	13.0	4.2	4.14	6	ball	assets	logic_timer		1600	{ "key": "35", "slot": 3 }
1789572037.964	active	globe	13.0	4.2	4.14	6	ball	assets	logic_timer		1944	{ "key": "47", "slot": 0 }
1789572038.665	active	globe	13.0	4.2	4.14	6	ball	assets	logic_timer		2644	{ "key": "36", "slot": -1 }
1789572039.243	folder	globe	13.0	4.2	4.14	6	ball	files	logic_timer		3223	{ "folder": "files", "view": "browse", "items": 4 }
1789572039.243	intent	globe	13.0	4.2	4.14	6	ball	files	logic_timer		3223	{ "do": "reload", "view": "browse", "folder": "files" }
1789572039.253	active	globe	13.0	4.2	4.14	6	ball	files	logic_timer		3233	{ "key": "47", "slot": -2 }
1789572039.809	active	globe	13.0	4.2	4.14	6	ball	files	logic_timer		3788	{ "key": "44", "slot": 0 }
1789572040.931	active	globe	13.0	4.2	4.14	6	ball	files	logic_timer		4911	{ "key": "7", "slot": 2 }
1789572041.766	folder	globe	13.0	4.2	4.14	6	ball	logic	logic_timer		5745	{ "folder": "logic", "view": "browse", "items": 5 }
1789572041.766	intent	globe	13.0	4.2	4.14	6	ball	logic	logic_timer		5746	{ "do": "reload", "view": "browse", "folder": "logic" }
1789572041.776	active	globe	13.0	4.2	4.14	6	ball	logic	logic_timer		5756	{ "key": "7", "slot": 0 }
1789572044.176	active	globe	13.0	4.2	4.14	6	ball	logic	logic_timer		8156	{ "key": "4", "slot": 3 }
1789572044.710	select	globe	13.0	4.2	4.14	6	ball	logic	logic_timer	да	8690	{ "do": "default", "view": "browse", "folder": "logic", "item": "logic_timer", "title": "Таймер" }
1789572044.710	toggle	globe	13.0	4.2	4.14	6	ball	logic				{ "open": false }
1789572045.476	задание	globe	13.0	4.2	4.14	6	ball	logic	tree_birch			
1789572046.643	folder	globe	13.0	4.2	4.14	6	ball	logic	tree_birch		1167	{ "folder": "logic", "view": "browse", "items": 5 }
1789572046.643	toggle	globe	13.0	4.2	4.14	6	ball	logic	tree_birch		1167	{ "open": true }
1789572046.654	active	globe	13.0	4.2	4.14	6	ball	logic	tree_birch		1177	{ "key": "15", "slot": 4 }
1789572046.898	active	globe	13.0	4.2	4.14	6	ball	logic	tree_birch		1421	{ "key": "3", "slot": -2 }
1789572047.176	active	globe	13.0	4.2	4.14	6	ball	logic	tree_birch		1699	{ "key": "4", "slot": 0 }
1789572047.320	active	globe	13.0	4.2	4.14	6	ball	logic	tree_birch		1844	{ "key": "7", "slot": -1 }
1789572047.865	folder	globe	13.0	4.2	4.14	6	ball	files	tree_birch		2389	{ "folder": "files", "view": "browse", "items": 4 }
1789572047.866	intent	globe	13.0	4.2	4.14	6	ball	files	tree_birch		2389	{ "do": "reload", "view": "browse", "folder": "files" }
1789572047.876	active	globe	13.0	4.2	4.14	6	ball	files	tree_birch		2400	{ "key": "42", "slot": -2 }
1789572048.376	active	globe	13.0	4.2	4.14	6	ball	files	tree_birch		2900	{ "key": "7", "slot": 2 }
1789572048.743	active	globe	13.0	4.2	4.14	6	ball	files	tree_birch		3267	{ "key": "44", "slot": 0 }
1789572049.133	folder	globe	13.0	4.2	4.14	6	ball	assets	tree_birch		3656	{ "folder": "assets", "view": "browse", "items": 7 }
1789572049.133	intent	globe	13.0	4.2	4.14	6	ball	assets	tree_birch		3657	{ "do": "reload", "view": "browse", "folder": "assets" }
1789572049.143	active	globe	13.0	4.2	4.14	6	ball	assets	tree_birch		3667	{ "key": "35", "slot": 3 }
1789572049.888	active	globe	13.0	4.2	4.14	6	ball	assets	tree_birch		4412	{ "key": "47", "slot": 0 }
1789572051.410	active	globe	13.0	4.2	4.14	6	ball	assets	tree_birch		5934	{ "key": "44", "slot": 2 }
1789572051.866	folder	globe	13.0	4.2	4.14	6	ball	trees	tree_birch		6390	{ "folder": "trees", "view": "browse", "items": 5 }
1789572051.866	intent	globe	13.0	4.2	4.14	6	ball	trees	tree_birch		6390	{ "do": "reload", "view": "browse", "folder": "trees" }
1789572051.877	active	globe	13.0	4.2	4.14	6	ball	trees	tree_birch		6400	{ "key": "44", "slot": 0 }
1789572052.955	select	globe	13.0	4.2	4.14	6	ball	trees	tree_birch	да	7479	{ "do": "default", "view": "browse", "folder": "trees", "item": "tree_birch", "title": "Берёза" }
1789572052.955	toggle	globe	13.0	4.2	4.14	6	ball	trees				{ "open": false }
1789572054.744	folder	globe	13.0	4.2	4.14	6	ball	trees				{ "folder": "trees", "view": "browse", "items": 5 }
1789572054.744	toggle	globe	13.0	4.2	4.14	6	ball	trees				{ "open": true }
1789572056.122	folder	globe	13.0	4.2	4.14	6	ball	assets				{ "folder": "assets", "view": "browse", "items": 7 }
1789572056.122	intent	globe	13.0	4.2	4.14	6	ball	assets				{ "do": "reload", "view": "browse", "folder": "assets" }
1789572057.832	shake	globe	13.0	4.2	4.14	6	ball					{ "folder": "" }
1789572057.833	folder	globe	13.0	4.2	4.14	6	ball					{ "folder": "", "view": "browse", "items": 6 }
1789572057.833	intent	globe	13.0	4.2	4.14	6	ball					{ "do": "reload", "view": "browse", "folder": "" }
1789572060.611	intent	globe	13.0	4.2	4.14	6	ball					{ "do": "exit", "view": "browse", "folder": "" }
1789572060.613	выход	globe	13.0	4.2	4.14	6	ball					выгрузка в /storage/emulated/0/Download/VRGE/2026-09-16_20-21-00
# unix_время	событие	поверхность	радиус_см	ячейка_см	ячейка_факт_см	уровень_глобуса	вращение_рукой	папка	задание	попадание	мс_от_задания	подробности
# сессия 2026-09-17T07:08:27
1789610907.664	folder	globe	20.0	1.5	3.52	13	ball					{ "folder": "", "view": "browse", "items": 6 }
1789610907.664	toggle	globe	20.0	1.5	3.52	13	ball					{ "open": true }
1789610939.480	настройка_значение	fib	8.0	1.5	1.49	26	ball					radius_cm=8.0
1789610939.501	настройка_значение	fib	17.5	1.5	3.04	27	ball					radius_cm=17.5
1789610944.408	toggle	globe	20.0	1.5	3.52	13	ball					{ "open": false }
1789610944.408	самопроверка	globe	20.0	1.5	3.52	13	ball			FAIL		{ "глобус уровень 13, 632 ячеек, вращение": { "gpu95": 2.70099997520447, "cpu95": 0.1870000064373, "proc95": 2.409, "over": 0 }, "глобус крупный: уровень 1, 32 ячеек, радиус 20.0 см, вращение": { "gpu95": 1.94000005722046, "cpu95": 0.19900000095367, "proc95": 2.27, "over": 0 }, "линза α=0.037, 700 ячеек, вращение": { "gpu95": 2.67300009727478, "cpu95": 0.41100001335144, "proc95": 66.039, "over": 0 } }
1789610946.764	folder	globe	13.0	4.2	4.14	6	ball					{ "folder": "", "view": "browse", "items": 6 }
1789610946.765	toggle	globe	13.0	4.2	4.14	6	ball					{ "open": true }
1789610950.042	folder	globe	13.0	4.2	4.14	6	ball	files				{ "folder": "files", "view": "browse", "items": 4 }
1789610950.042	intent	globe	13.0	4.2	4.14	6	ball	files				{ "do": "reload", "view": "browse", "folder": "files" }
1789610951.153	folder	globe	13.0	4.2	4.14	6	ball					{ "folder": "", "view": "browse", "items": 6 }
1789610951.153	intent	globe	13.0	4.2	4.14	6	ball					{ "do": "reload", "view": "browse", "folder": "" }
1789610952.077	folder	globe	13.0	4.2	4.14	6	ball	settings				{ "folder": "settings", "view": "browse", "items": 4 }
1789610952.078	intent	globe	13.0	4.2	4.14	6	ball	settings				{ "do": "reload", "view": "browse", "folder": "settings" }
1789610953.421	folder	globe	13.0	4.2	4.14	6	ball	settings_sphere				{ "folder": "settings_sphere", "view": "browse", "items": 11 }
1789610953.421	intent	globe	13.0	4.2	4.14	6	ball	settings_sphere				{ "do": "reload", "view": "browse", "folder": "settings_sphere" }
1789610972.262	настройка_открыта	globe	13.0	4.2	4.14	6	ball	settings_sphere				surface
1789610972.263	intent	globe	13.0	4.2	4.14	6	ball	settings_sphere				{ "do": "edit", "view": "browse", "folder": "settings_sphere", "setting": "surface" }
1789610974.188	panel_scroll	globe	13.0	4.2	4.14	6	ball	settings_sphere				{ "how": "stick", "mode": "edit" }
1789610977.843	panel_scroll	globe	13.0	4.2	4.14	6	ball	settings_sphere				{ "how": "stick", "mode": "edit" }
1789610978.460	folder	globe	13.0	4.2	4.14	6	ball	settings_sphere				{ "folder": "settings_sphere", "view": "actions", "items": 8 }
1789610978.460	intent	globe	13.0	4.2	4.14	6	ball	settings_sphere				{ "do": "reload", "view": "actions", "folder": "settings_sphere" }
1789610980.144	panel_scroll	globe	13.0	4.2	4.14	6	ball	settings_sphere				{ "how": "stick", "mode": "edit" }
1789610983.044	panel_scroll	globe	13.0	4.2	4.14	6	ball	settings_sphere				{ "how": "button", "mode": "edit" }
1789610984.067	panel_scroll	globe	13.0	4.2	4.14	6	ball	settings_sphere				{ "how": "button", "mode": "edit" }
1789610989.835	настройка_значение	lens	13.0	4.2	4.2	6	ball	settings_sphere				surface=lens
1789611006.224	panel_scroll	lens	13.0	4.2	4.2	6	ball	settings_sphere				{ "how": "stick", "mode": "edit" }
1789611007.281	настройка_значение	fib	13.0	4.2	4.18	18	ball	settings_sphere				surface=fib
1789611010.158	panel_scroll	fib	13.0	4.2	4.18	18	ball	settings_sphere				{ "how": "stick", "mode": "edit" }
1789611011.360	настройка_значение	rings	13.0	4.2	4.52	10	ball	settings_sphere				surface=rings
1789611014.948	настройка_значение	globe_hex	13.0	4.2	4.14	6	ball	settings_sphere				surface=globe_hex
1789611020.337	настройка_значение	globe	13.0	4.2	4.14	6	ball	settings_sphere				surface=globe
1789611026.314	панель_кнопка	globe	13.0	4.2	4.14	6	ball	settings_sphere				done
1789611026.319	настройка_сохранена	globe	13.0	4.2	4.14	6	ball	settings_sphere				surface=globe
1789611030.304	shake	globe	13.0	4.2	4.14	6	ball					{ "how": "swipe", "from": "settings_sphere" }
1789611030.305	folder	globe	13.0	4.2	4.14	6	ball					{ "folder": "", "view": "browse", "items": 6 }
1789611030.305	intent	globe	13.0	4.2	4.14	6	ball					{ "do": "reload", "view": "browse", "folder": "" }
1789611033.116	folder	globe	13.0	4.2	4.14	6	ball	files				{ "folder": "files", "view": "browse", "items": 4 }
1789611033.116	intent	globe	13.0	4.2	4.14	6	ball	files				{ "do": "reload", "view": "browse", "folder": "files" }
1789611035.106	folder	globe	13.0	4.2	4.14	6	ball	images				{ "folder": "images", "view": "browse", "items": 7 }
1789611035.106	intent	globe	13.0	4.2	4.14	6	ball	images				{ "do": "reload", "view": "browse", "folder": "images" }
1789611035.715	shake	globe	13.0	4.2	4.14	6	ball					{ "how": "swipe", "from": "images" }
1789611035.716	folder	globe	13.0	4.2	4.14	6	ball					{ "folder": "", "view": "browse", "items": 6 }
1789611035.716	intent	globe	13.0	4.2	4.14	6	ball					{ "do": "reload", "view": "browse", "folder": "" }
1789611037.371	folder	globe	13.0	4.2	4.14	6	ball	files				{ "folder": "files", "view": "browse", "items": 4 }
1789611037.371	intent	globe	13.0	4.2	4.14	6	ball	files				{ "do": "reload", "view": "browse", "folder": "files" }
1789611039.006	folder	globe	13.0	4.2	4.14	6	ball	assets				{ "folder": "assets", "view": "browse", "items": 7 }
1789611039.006	intent	globe	13.0	4.2	4.14	6	ball	assets				{ "do": "reload", "view": "browse", "folder": "assets" }
1789611040.071	shake	globe	13.0	4.2	4.14	6	ball					{ "how": "shake", "from": "assets" }
1789611040.072	folder	globe	13.0	4.2	4.14	6	ball					{ "folder": "", "view": "browse", "items": 6 }
1789611040.072	intent	globe	13.0	4.2	4.14	6	ball					{ "do": "reload", "view": "browse", "folder": "" }
1789611045.106	folder	globe	13.0	4.2	4.14	6	ball	files				{ "folder": "files", "view": "browse", "items": 4 }
1789611045.106	intent	globe	13.0	4.2	4.14	6	ball	files				{ "do": "reload", "view": "browse", "folder": "files" }
1789611058.163	folder	globe	13.0	4.2	4.14	6	ball	scenes				{ "folder": "scenes", "view": "browse", "items": 7 }
1789611058.163	intent	globe	13.0	4.2	4.14	6	ball	scenes				{ "do": "reload", "view": "browse", "folder": "scenes" }
1789611060.517	select	globe	13.0	4.2	4.14	6	ball	scenes				{ "do": "default", "view": "browse", "folder": "scenes", "item": "scene_harbor", "title": "Гавань" }
1789611060.517	toggle	globe	13.0	4.2	4.14	6	ball	scenes				{ "open": false }
1789611066.196	folder	globe	13.0	4.2	4.14	6	ball	scenes				{ "folder": "scenes", "view": "browse", "items": 7 }
1789611066.197	toggle	globe	13.0	4.2	4.14	6	ball	scenes				{ "open": true }
1789611070.152	folder	globe	13.0	4.2	4.14	6	ball	files				{ "folder": "files", "view": "browse", "items": 4 }
1789611070.152	intent	globe	13.0	4.2	4.14	6	ball	files				{ "do": "reload", "view": "browse", "folder": "files" }
1789611072.208	folder	globe	13.0	4.2	4.14	6	ball					{ "folder": "", "view": "browse", "items": 6 }
1789611072.208	intent	globe	13.0	4.2	4.14	6	ball					{ "do": "reload", "view": "browse", "folder": "" }
1789611075.641	intent	globe	13.0	4.2	4.14	6	ball					{ "do": "exit", "view": "browse", "folder": "" }
1789611075.644	выход	globe	13.0	4.2	4.14	6	ball					выгрузка в /storage/emulated/0/Download/VRGE/2026-09-17_07-11-15
# unix_время	событие	поверхность	радиус_см	ячейка_см	ячейка_факт_см	уровень_глобуса	вращение_рукой	папка	задание	попадание	мс_от_задания	подробности
# сессия 2026-09-17T19:20:08
1789654816.401	сессия_openxr	globe	13.0	4.2	4.14	6	ball					session_begun кадр 1
1789654816.725	сессия_openxr	globe	13.0	4.2	4.14	6	ball					session_visible кадр 2
1789654816.725	сессия_openxr	globe	13.0	4.2	4.14	6	ball					session_focussed кадр 2
1789654817.006	folder	globe	20.0	1.5	3.52	13	ball					{ "folder": "", "view": "browse", "items": 6 }
1789654817.006	toggle	globe	20.0	1.5	3.52	13	ball					{ "open": true }
1789654848.749	настройка_значение	fib	8.0	1.5	1.49	26	ball					radius_cm=8.0
1789654848.771	настройка_значение	fib	17.5	1.5	3.04	27	ball					radius_cm=17.5
1789654884.093	клавиатура	globe	20.0	1.5	3.52	13	ball					show
1789654884.104	клавиатура	globe	20.0	1.5	3.52	13	ball					hide
1789654884.105	toggle	globe	20.0	1.5	3.52	13	ball					{ "open": false }
1789654884.106	самопроверка	globe	20.0	1.5	3.52	13	ball			PASS		{ "глобус уровень 13, 632 ячеек, вращение": { "gpu95": 3.26699995994568, "cpu95": 0.195999994874, "proc95": 2.974, "over": 0 }, "глобус крупный: уровень 1, 32 ячеек, радиус 20.0 см, вращение": { "gpu95": 2.83599996566772, "cpu95": 0.20999999344349, "proc95": 3.46, "over": 0 }, "линза α=0.037, 700 ячеек, вращение": { "gpu95": 3.66100001335144, "cpu95": 0.19799999892712, "proc95": 6.559, "over": 0 } }
1789654886.326	folder	globe	13.0	4.2	4.14	6	ball					{ "folder": "", "view": "browse", "items": 6 }
1789654886.327	toggle	globe	13.0	4.2	4.14	6	ball					{ "open": true }
1789654888.615	folder	globe	13.0	4.2	4.14	6	ball	files				{ "folder": "files", "view": "browse", "items": 5 }
1789654888.615	intent	globe	13.0	4.2	4.14	6	ball	files				{ "do": "reload", "view": "browse", "folder": "files" }
1789654890.830	folder	globe	13.0	4.2	4.14	6	ball	bulk				{ "folder": "bulk", "view": "browse", "items": 128 }
1789654890.832	intent	globe	13.0	4.2	4.14	6	ball	bulk				{ "do": "reload", "view": "browse", "folder": "bulk" }
1789654896.627	select	globe	13.0	4.2	4.14	6	ball	bulk				{ "do": "default", "view": "browse", "folder": "bulk", "item": "bulk_007", "title": "Файл 007" }
1789654896.627	toggle	globe	13.0	4.2	4.14	6	ball	bulk				{ "open": false }
1789654897.986	folder	globe	13.0	4.2	4.14	6	ball	bulk				{ "folder": "bulk", "view": "browse", "items": 128 }
1789654897.986	toggle	globe	13.0	4.2	4.14	6	ball	bulk				{ "open": true }
1789654899.960	select	globe	13.0	4.2	4.14	6	ball	bulk				{ "do": "default", "view": "browse", "folder": "bulk", "item": "bulk_026", "title": "Файл 026" }
1789654899.961	toggle	globe	13.0	4.2	4.14	6	ball	bulk				{ "open": false }
1789654900.808	folder	globe	13.0	4.2	4.14	6	ball	bulk				{ "folder": "bulk", "view": "browse", "items": 128 }
1789654900.808	toggle	globe	13.0	4.2	4.14	6	ball	bulk				{ "open": true }
1789654905.864	folder	globe	13.0	4.2	4.14	6	ball	bulk				{ "folder": "bulk", "view": "actions", "items": 8 }
1789654905.864	intent	globe	13.0	4.2	4.14	6	ball	bulk				{ "do": "reload", "view": "actions", "folder": "bulk" }
1789654909.421	folder	globe	13.0	4.2	4.14	6	ball	bulk				{ "folder": "bulk", "view": "browse", "items": 129 }
1789654909.421	intent	globe	13.0	4.2	4.14	6	ball	bulk				{ "do": "reload", "view": "browse", "folder": "bulk" }
1789654910.538	select	globe	13.0	4.2	4.14	6	ball	bulk				{ "do": "default", "view": "browse", "folder": "bulk", "item": "bulk_026", "title": "Файл 026" }
1789654910.538	toggle	globe	13.0	4.2	4.14	6	ball	bulk				{ "open": false }
1789654911.759	folder	globe	13.0	4.2	4.14	6	ball	bulk				{ "folder": "bulk", "view": "browse", "items": 129 }
1789654911.759	toggle	globe	13.0	4.2	4.14	6	ball	bulk				{ "open": true }
1789654913.439	folder	globe	13.0	4.2	4.14	6	ball	files				{ "folder": "files", "view": "browse", "items": 5 }
1789654913.440	intent	globe	13.0	4.2	4.14	6	ball	files				{ "do": "reload", "view": "browse", "folder": "files" }
1789654916.707	folder	globe	13.0	4.2	4.14	6	ball	images				{ "folder": "images", "view": "browse", "items": 7 }
1789654916.708	intent	globe	13.0	4.2	4.14	6	ball	images				{ "do": "reload", "view": "browse", "folder": "images" }
1789654919.984	select	globe	13.0	4.2	4.14	6	ball	images				{ "do": "default", "view": "browse", "folder": "images", "item": "img_mountains", "title": "Горы" }
1789654920.940	folder	globe	13.0	4.2	4.14	6	ball	files				{ "folder": "files", "view": "browse", "items": 5 }
1789654920.940	intent	globe	13.0	4.2	4.14	6	ball	files				{ "do": "reload", "view": "browse", "folder": "files" }
1789654923.996	folder	globe	13.0	4.2	4.14	6	ball	logic				{ "folder": "logic", "view": "browse", "items": 5 }
1789654923.996	intent	globe	13.0	4.2	4.14	6	ball	logic				{ "do": "reload", "view": "browse", "folder": "logic" }
1789654925.195	select	globe	13.0	4.2	4.14	6	ball	logic				{ "do": "default", "view": "browse", "folder": "logic", "item": "logic_dialog", "title": "Диалог" }
1789654925.196	toggle	globe	13.0	4.2	4.14	6	ball	logic				{ "open": false }
1789654926.385	folder	globe	13.0	4.2	4.14	6	ball	logic				{ "folder": "logic", "view": "browse", "items": 5 }
1789654926.385	toggle	globe	13.0	4.2	4.14	6	ball	logic				{ "open": true }
1789654927.362	folder	globe	13.0	4.2	4.14	6	ball	files				{ "folder": "files", "view": "browse", "items": 5 }
1789654927.363	intent	globe	13.0	4.2	4.14	6	ball	files				{ "do": "reload", "view": "browse", "folder": "files" }
1789654933.040	toggle	globe	13.0	4.2	4.14	6	ball	files				{ "open": false }
1789654947.320	folder	globe	13.0	4.2	4.14	6	ball	files				{ "folder": "files", "view": "browse", "items": 5 }
1789654947.320	toggle	globe	13.0	4.2	4.14	6	ball	files				{ "open": true }
1789654949.386	folder	globe	13.0	4.2	4.14	6	ball					{ "folder": "", "view": "browse", "items": 6 }
1789654949.387	intent	globe	13.0	4.2	4.14	6	ball					{ "do": "reload", "view": "browse", "folder": "" }
1789654951.498	folder	globe	13.0	4.2	4.14	6	ball	files				{ "folder": "files", "view": "browse", "items": 5 }
1789654951.498	intent	globe	13.0	4.2	4.14	6	ball	files				{ "do": "reload", "view": "browse", "folder": "files" }
1789654953.896	folder	globe	13.0	4.2	4.14	6	ball	bulk				{ "folder": "bulk", "view": "browse", "items": 129 }
1789654953.896	intent	globe	13.0	4.2	4.14	6	ball	bulk				{ "do": "reload", "view": "browse", "folder": "bulk" }
1789654954.971	folder	globe	13.0	4.2	4.14	6	ball					{ "folder": "", "view": "browse", "items": 7 }
1789654954.972	intent	globe	13.0	4.2	4.14	6	ball					{ "do": "reload", "view": "browse", "folder": "" }
1789654958.020	folder	globe	13.0	4.2	4.14	6	ball	files				{ "folder": "files", "view": "browse", "items": 5 }
1789654958.021	intent	globe	13.0	4.2	4.14	6	ball	files				{ "do": "reload", "view": "browse", "folder": "files" }
1789654959.420	folder	globe	13.0	4.2	4.14	6	ball	logic				{ "folder": "logic", "view": "browse", "items": 5 }
1789654959.421	intent	globe	13.0	4.2	4.14	6	ball	logic				{ "do": "reload", "view": "browse", "folder": "logic" }
1789654961.194	folder	globe	13.0	4.2	4.14	6	ball					{ "folder": "", "view": "browse", "items": 8 }
1789654961.194	intent	globe	13.0	4.2	4.14	6	ball					{ "do": "reload", "view": "browse", "folder": "" }
1789654962.521	folder	globe	13.0	4.2	4.14	6	ball	files				{ "folder": "files", "view": "browse", "items": 5 }
1789654962.521	intent	globe	13.0	4.2	4.14	6	ball	files				{ "do": "reload", "view": "browse", "folder": "files" }
1789654963.965	folder	globe	13.0	4.2	4.14	6	ball	images				{ "folder": "images", "view": "browse", "items": 7 }
1789654963.966	intent	globe	13.0	4.2	4.14	6	ball	images				{ "do": "reload", "view": "browse", "folder": "images" }
1789654964.828	folder	globe	13.0	4.2	4.14	6	ball					{ "folder": "", "view": "browse", "items": 9 }
1789654964.828	intent	globe	13.0	4.2	4.14	6	ball					{ "do": "reload", "view": "browse", "folder": "" }
1789654965.910	folder	globe	13.0	4.2	4.14	6	ball	files				{ "folder": "files", "view": "browse", "items": 5 }
1789654965.910	intent	globe	13.0	4.2	4.14	6	ball	files				{ "do": "reload", "view": "browse", "folder": "files" }
1789654967.334	folder	globe	13.0	4.2	4.14	6	ball	scenes				{ "folder": "scenes", "view": "browse", "items": 7 }
1789654967.334	intent	globe	13.0	4.2	4.14	6	ball	scenes				{ "do": "reload", "view": "browse", "folder": "scenes" }
1789654968.249	folder	globe	13.0	4.2	4.14	6	ball					{ "folder": "", "view": "browse", "items": 10 }
1789654968.249	intent	globe	13.0	4.2	4.14	6	ball					{ "do": "reload", "view": "browse", "folder": "" }
1789654976.855	folder	globe	13.0	4.2	4.14	6	ball					{ "folder": "", "view": "search", "items": 1 }
1789654976.857	клавиатура	globe	13.0	4.2	4.14	6	ball					show
1789654976.857	поиск_открыт	globe	13.0	4.2	4.14	6	ball					
1789654976.857	intent	globe	13.0	4.2	4.14	6	ball					{ "do": "search", "view": "search", "folder": "" }
1789654977.246	сессия_openxr	globe	13.0	4.2	4.14	6	ball					session_visible кадр 14402
1789654990.450	folder	globe	13.0	4.2	4.14	6	ball					{ "folder": "", "view": "search", "items": 16 }
1789654990.450	intent	globe	13.0	4.2	4.14	6	ball					{ "do": "reload", "view": "search", "folder": "" }
1789654990.450	поиск_запрос	globe	13.0	4.2	4.14	6	ball					м → 15
1789654991.102	folder	globe	13.0	4.2	4.14	6	ball					{ "folder": "", "view": "search", "items": 4 }
1789654991.102	intent	globe	13.0	4.2	4.14	6	ball					{ "do": "reload", "view": "search", "folder": "" }
1789654991.103	поиск_запрос	globe	13.0	4.2	4.14	6	ball					мо → 3
1789654992.679	folder	globe	13.0	4.2	4.14	6	ball					{ "folder": "", "view": "search", "items": 3 }
1789654992.680	intent	globe	13.0	4.2	4.14	6	ball					{ "do": "reload", "view": "search", "folder": "" }
1789654992.680	поиск_запрос	globe	13.0	4.2	4.14	6	ball					мос → 2
1789654993.112	folder	globe	13.0	4.2	4.14	6	ball					{ "folder": "", "view": "search", "items": 3 }
1789654993.113	intent	globe	13.0	4.2	4.14	6	ball					{ "do": "reload", "view": "search", "folder": "" }
1789654993.113	поиск_запрос	globe	13.0	4.2	4.14	6	ball					мост → 2
1789654996.757	панель_кнопка	globe	13.0	4.2	4.14	6	ball					done
1789654996.757	клавиатура	globe	13.0	4.2	4.14	6	ball					hide
1789654996.758	folder	globe	13.0	4.2	4.14	6	ball					{ "folder": "", "view": "browse", "items": 10 }
1789654996.758	intent	globe	13.0	4.2	4.14	6	ball					{ "do": "reload", "view": "browse", "folder": "" }
1789654996.827	сессия_openxr	globe	13.0	4.2	4.14	6	ball					session_focussed кадр 16164
1789655000.202	folder	globe	13.0	4.2	4.14	6	ball					{ "folder": "", "view": "search", "items": 1 }
1789655000.203	клавиатура	globe	13.0	4.2	4.14	6	ball					show
1789655000.203	поиск_открыт	globe	13.0	4.2	4.14	6	ball					
1789655000.204	intent	globe	13.0	4.2	4.14	6	ball					{ "do": "search", "view": "search", "folder": "" }
1789655000.458	сессия_openxr	globe	13.0	4.2	4.14	6	ball					session_visible кадр 16491
1789655002.336	folder	globe	13.0	4.2	4.14	6	ball					{ "folder": "", "view": "search", "items": 16 }
1789655002.336	intent	globe	13.0	4.2	4.14	6	ball					{ "do": "reload", "view": "search", "folder": "" }
1789655002.336	поиск_запрос	globe	13.0	4.2	4.14	6	ball					м → 15
1789655002.758	folder	globe	13.0	4.2	4.14	6	ball					{ "folder": "", "view": "search", "items": 4 }
1789655002.758	intent	globe	13.0	4.2	4.14	6	ball					{ "do": "reload", "view": "search", "folder": "" }
1789655002.758	поиск_запрос	globe	13.0	4.2	4.14	6	ball					мо → 3
1789655003.169	folder	globe	13.0	4.2	4.14	6	ball					{ "folder": "", "view": "search", "items": 3 }
1789655003.169	intent	globe	13.0	4.2	4.14	6	ball					{ "do": "reload", "view": "search", "folder": "" }
1789655003.169	поиск_запрос	globe	13.0	4.2	4.14	6	ball					мос → 2
1789655003.568	folder	globe	13.0	4.2	4.14	6	ball					{ "folder": "", "view": "search", "items": 3 }
1789655003.569	intent	globe	13.0	4.2	4.14	6	ball					{ "do": "reload", "view": "search", "folder": "" }
1789655003.569	поиск_запрос	globe	13.0	4.2	4.14	6	ball					мост → 2
1789655005.080	панель_кнопка	globe	13.0	4.2	4.14	6	ball					done
1789655005.080	клавиатура	globe	13.0	4.2	4.14	6	ball					hide
1789655005.081	folder	globe	13.0	4.2	4.14	6	ball					{ "folder": "", "view": "browse", "items": 10 }
1789655005.087	intent	globe	13.0	4.2	4.14	6	ball					{ "do": "reload", "view": "browse", "folder": "" }
1789655005.137	сессия_openxr	globe	13.0	4.2	4.14	6	ball					session_focussed кадр 16912
1789655008.913	intent	globe	13.0	4.2	4.14	6	ball					{ "do": "none", "view": "browse", "folder": "" }
1789655010.780	intent	globe	13.0	4.2	4.14	6	ball					{ "do": "exit", "view": "browse", "folder": "" }
1789655010.783	выход	globe	13.0	4.2	4.14	6	ball					выгрузка в /storage/emulated/0/Download/VRGE/2026-09-17_19-23-30
# unix_время	событие	поверхность	радиус_см	ячейка_см	ячейка_факт_см	уровень_глобуса	вращение_рукой	папка	задание	попадание	мс_от_задания	подробности
# сессия 2026-09-17T20:37:03
1789659423.880	сессия_openxr	globe	13.0	4.2	4.14	6	ball					session_begun кадр 0
1789659424.269	сессия_openxr	globe	13.0	4.2	4.14	6	ball					session_visible кадр 1
1789659424.270	сессия_openxr	globe	13.0	4.2	4.14	6	ball					session_focussed кадр 1
1789659424.563	folder	globe	20.0	1.5	3.52	13	ball					{ "folder": "", "view": "browse", "items": 10, "total": 10, "page": 1, "pages": 1 }
1789659424.563	toggle	globe	20.0	1.5	3.52	13	ball					{ "open": true }
1789659428.909	folder	globe	20.0	15.0	15.07	1	ball					{ "folder": "", "view": "browse", "items": 10, "total": 10, "page": 1, "pages": 1 }
1789659433.421	folder	lens	20.0	1.5	1.5	13	ball					{ "folder": "", "view": "browse", "items": 10, "total": 10, "page": 1, "pages": 1 }
1789659437.932	folder	globe_hex	20.0	1.5	3.52	13	ball					{ "folder": "", "view": "browse", "items": 10, "total": 10, "page": 1, "pages": 1 }
1789659442.532	folder	octa	20.0	1.5	3.65	21	ball					{ "folder": "", "view": "browse", "items": 10, "total": 10, "page": 1, "pages": 1 }
1789659447.113	folder	rings	20.0	1.5	3.29	16	ball					{ "folder": "", "view": "browse", "items": 10, "total": 10, "page": 1, "pages": 1 }
1789659451.734	folder	fib	20.0	1.5	3.47	27	ball					{ "folder": "", "view": "browse", "items": 10, "total": 10, "page": 1, "pages": 1 }
1789659456.293	folder	fib	8.0	1.5	1.49	26	ball					{ "folder": "", "view": "browse", "items": 10, "total": 10, "page": 1, "pages": 1 }
1789659456.294	настройка_значение	fib	8.0	1.5	1.49	26	ball					radius_cm=8.0
1789659456.326	folder	fib	17.5	1.5	3.04	27	ball					{ "folder": "", "view": "browse", "items": 10, "total": 10, "page": 1, "pages": 1 }
1789659456.326	настройка_значение	fib	17.5	1.5	3.04	27	ball					radius_cm=17.5
1789659456.350	folder	fib	20.0	1.5	3.47	27	ball					{ "folder": "", "view": "browse", "items": 10, "total": 10, "page": 1, "pages": 1 }
1789659456.432	folder	globe	20.0	1.5	3.52	13	ball					{ "folder": "", "view": "browse", "items": 10, "total": 10, "page": 1, "pages": 1 }
1789659491.679	folder	globe	20.0	1.5	3.52	13	ball	files				{ "folder": "files", "view": "browse", "items": 5, "total": 5, "page": 1, "pages": 1 }
1789659491.679	intent	globe	20.0	1.5	3.52	13	ball	files				{ "do": "reload", "view": "browse", "folder": "files" }
1789659491.682	folder	globe	20.0	1.5	3.52	13	ball	bulk				{ "folder": "bulk", "view": "browse", "items": 61, "total": 128, "page": 1, "pages": 3 }
1789659491.682	intent	globe	20.0	1.5	3.52	13	ball	bulk				{ "do": "reload", "view": "browse", "folder": "bulk" }
1789659496.191	folder	globe	20.0	1.5	3.52	13	ball	bulk				{ "folder": "bulk", "view": "browse", "items": 128, "total": 128, "page": 1, "pages": 1 }
1789659496.192	folder	globe	20.0	1.5	3.52	13	ball	files				{ "folder": "files", "view": "browse", "items": 5, "total": 5, "page": 1, "pages": 1 }
1789659496.192	intent	globe	20.0	1.5	3.52	13	ball	files				{ "do": "reload", "view": "browse", "folder": "files" }
1789659496.193	folder	globe	20.0	1.5	3.52	13	ball					{ "folder": "", "view": "browse", "items": 10, "total": 10, "page": 1, "pages": 1 }
1789659496.193	intent	globe	20.0	1.5	3.52	13	ball					{ "do": "reload", "view": "browse", "folder": "" }
1789659496.193	folder	globe	20.0	1.5	3.52	13	ball	files				{ "folder": "files", "view": "browse", "items": 5, "total": 5, "page": 1, "pages": 1 }
1789659496.193	intent	globe	20.0	1.5	3.52	13	ball	files				{ "do": "reload", "view": "browse", "folder": "files" }
1789659496.196	folder	globe	20.0	1.5	3.52	13	ball	bulk				{ "folder": "bulk", "view": "browse", "items": 128, "total": 128, "page": 1, "pages": 1 }
1789659496.196	intent	globe	20.0	1.5	3.52	13	ball	bulk				{ "do": "reload", "view": "browse", "folder": "bulk" }
1789659500.735	folder	globe	20.0	1.5	3.52	13	ball	bulk				{ "folder": "bulk", "view": "browse", "items": 128, "total": 128, "page": 1, "pages": 1 }
1789659500.737	folder	globe	20.0	1.5	3.52	13	ball	files				{ "folder": "files", "view": "browse", "items": 5, "total": 5, "page": 1, "pages": 1 }
1789659500.737	intent	globe	20.0	1.5	3.52	13	ball	files				{ "do": "reload", "view": "browse", "folder": "files" }
1789659500.746	folder	globe	20.0	1.5	3.52	13	ball					{ "folder": "", "view": "browse", "items": 10, "total": 10, "page": 1, "pages": 1 }
1789659500.746	intent	globe	20.0	1.5	3.52	13	ball					{ "do": "reload", "view": "browse", "folder": "" }
1789659500.747	folder	globe	20.0	1.5	3.52	13	ball	files				{ "folder": "files", "view": "browse", "items": 5, "total": 5, "page": 1, "pages": 1 }
1789659500.747	intent	globe	20.0	1.5	3.52	13	ball	files				{ "do": "reload", "view": "browse", "folder": "files" }
1789659500.757	folder	globe	20.0	1.5	3.52	13	ball	bulk				{ "folder": "bulk", "view": "browse", "items": 128, "total": 128, "page": 1, "pages": 1 }
1789659500.757	intent	globe	20.0	1.5	3.52	13	ball	bulk				{ "do": "reload", "view": "browse", "folder": "bulk" }
1789659505.270	folder	lens	20.0	1.5	1.5	13	ball	bulk				{ "folder": "bulk", "view": "browse", "items": 61, "total": 128, "page": 1, "pages": 3 }
1789659505.270	folder	lens	20.0	1.5	1.5	13	ball	files				{ "folder": "files", "view": "browse", "items": 5, "total": 5, "page": 1, "pages": 1 }
1789659505.271	intent	lens	20.0	1.5	1.5	13	ball	files				{ "do": "reload", "view": "browse", "folder": "files" }
1789659505.271	folder	lens	20.0	1.5	1.5	13	ball					{ "folder": "", "view": "browse", "items": 10, "total": 10, "page": 1, "pages": 1 }
1789659505.271	intent	lens	20.0	1.5	1.5	13	ball					{ "do": "reload", "view": "browse", "folder": "" }
1789659505.272	folder	lens	20.0	1.5	1.5	13	ball	files				{ "folder": "files", "view": "browse", "items": 5, "total": 5, "page": 1, "pages": 1 }
1789659505.272	intent	lens	20.0	1.5	1.5	13	ball	files				{ "do": "reload", "view": "browse", "folder": "files" }
1789659505.275	folder	lens	20.0	1.5	1.5	13	ball	bulk				{ "folder": "bulk", "view": "browse", "items": 61, "total": 128, "page": 1, "pages": 3 }
1789659505.275	intent	lens	20.0	1.5	1.5	13	ball	bulk				{ "do": "reload", "view": "browse", "folder": "bulk" }
1789659509.780	folder	lens	20.0	1.5	1.5	13	ball	bulk				{ "folder": "bulk", "view": "browse", "items": 128, "total": 128, "page": 1, "pages": 1 }
1789659509.781	folder	lens	20.0	1.5	1.5	13	ball	files				{ "folder": "files", "view": "browse", "items": 5, "total": 5, "page": 1, "pages": 1 }
1789659509.781	intent	lens	20.0	1.5	1.5	13	ball	files				{ "do": "reload", "view": "browse", "folder": "files" }
1789659509.781	folder	lens	20.0	1.5	1.5	13	ball					{ "folder": "", "view": "browse", "items": 10, "total": 10, "page": 1, "pages": 1 }
1789659509.782	intent	lens	20.0	1.5	1.5	13	ball					{ "do": "reload", "view": "browse", "folder": "" }
1789659509.782	folder	lens	20.0	1.5	1.5	13	ball	files				{ "folder": "files", "view": "browse", "items": 5, "total": 5, "page": 1, "pages": 1 }
1789659509.782	intent	lens	20.0	1.5	1.5	13	ball	files				{ "do": "reload", "view": "browse", "folder": "files" }
1789659509.785	folder	lens	20.0	1.5	1.5	13	ball	bulk				{ "folder": "bulk", "view": "browse", "items": 128, "total": 128, "page": 1, "pages": 1 }
1789659509.785	intent	lens	20.0	1.5	1.5	13	ball	bulk				{ "do": "reload", "view": "browse", "folder": "bulk" }
1789659514.295	folder	lens	20.0	1.5	1.5	13	ball	bulk				{ "folder": "bulk", "view": "browse", "items": 128, "total": 128, "page": 1, "pages": 1 }
1789659514.296	folder	lens	20.0	1.5	1.5	13	ball	files				{ "folder": "files", "view": "browse", "items": 5, "total": 5, "page": 1, "pages": 1 }
1789659514.296	intent	lens	20.0	1.5	1.5	13	ball	files				{ "do": "reload", "view": "browse", "folder": "files" }
1789659514.297	folder	lens	20.0	1.5	1.5	13	ball					{ "folder": "", "view": "browse", "items": 10, "total": 10, "page": 1, "pages": 1 }
1789659514.298	intent	lens	20.0	1.5	1.5	13	ball					{ "do": "reload", "view": "browse", "folder": "" }
1789659514.298	folder	lens	20.0	1.5	1.5	13	ball	files				{ "folder": "files", "view": "browse", "items": 5, "total": 5, "page": 1, "pages": 1 }
1789659514.298	intent	lens	20.0	1.5	1.5	13	ball	files				{ "do": "reload", "view": "browse", "folder": "files" }
1789659514.309	folder	lens	20.0	1.5	1.5	13	ball	bulk				{ "folder": "bulk", "view": "browse", "items": 128, "total": 128, "page": 1, "pages": 1 }
1789659514.309	intent	lens	20.0	1.5	1.5	13	ball	bulk				{ "do": "reload", "view": "browse", "folder": "bulk" }
1789659518.825	folder	globe	20.0	1.5	3.52	13	ball	bulk				{ "folder": "bulk", "view": "browse", "items": 61, "total": 128, "page": 1, "pages": 3 }
1789659518.826	folder	globe	20.0	1.5	3.52	13	ball	files				{ "folder": "files", "view": "browse", "items": 5, "total": 5, "page": 1, "pages": 1 }
1789659518.826	intent	globe	20.0	1.5	3.52	13	ball	files				{ "do": "reload", "view": "browse", "folder": "files" }
1789659518.827	folder	globe	20.0	1.5	3.52	13	ball					{ "folder": "", "view": "browse", "items": 10, "total": 10, "page": 1, "pages": 1 }
1789659518.827	intent	globe	20.0	1.5	3.52	13	ball					{ "do": "reload", "view": "browse", "folder": "" }
1789659518.830	клавиатура	globe	20.0	1.5	3.52	13	ball					show
1789659518.856	toggle	globe	20.0	1.5	3.52	13	ball					{ "open": false }
1789659518.857	самопроверка	globe	20.0	1.5	3.52	13	ball			PASS		{ "глобус уровень 13, 632 ячеек, вращение": { "gpu95": 2.25300002098083, "cpu95": 0.20200000703335, "proc95": 2.116, "over": 0 }, "глобус крупный: уровень 1, 32 ячеек, радиус 20.0 см, вращение": { "gpu95": 1.89699995517731, "cpu95": 0.17800000309944, "proc95": 3.396, "over": 0 }, "линза α=0.037, 700 ячеек, вращение": { "gpu95": 2.68899989128113, "cpu95": 0.18000000715256, "proc95": 7.493, "over": 0 } }
1789659522.692	folder	globe	13.0	4.2	4.14	6	ball					{ "folder": "", "view": "browse", "items": 10, "total": 10, "page": 1, "pages": 1 }
1789659522.692	toggle	globe	13.0	4.2	4.14	6	ball					{ "open": true }
1789659525.006	folder	globe	13.0	4.2	4.14	6	ball	settings				{ "folder": "settings", "view": "browse", "items": 4, "total": 4, "page": 1, "pages": 1 }
1789659525.006	intent	globe	13.0	4.2	4.14	6	ball	settings				{ "do": "reload", "view": "browse", "folder": "settings" }
1789659526.137	folder	globe	13.0	4.2	4.14	6	ball	settings_sphere				{ "folder": "settings_sphere", "view": "browse", "items": 11, "total": 11, "page": 1, "pages": 1 }
1789659526.138	intent	globe	13.0	4.2	4.14	6	ball	settings_sphere				{ "do": "reload", "view": "browse", "folder": "settings_sphere" }
1789659529.684	настройка_открыта	globe	13.0	4.2	4.14	6	ball	settings_sphere				cell_cm
1789659529.685	intent	globe	13.0	4.2	4.14	6	ball	settings_sphere				{ "do": "edit", "view": "browse", "folder": "settings_sphere", "setting": "cell_cm" }
1789659532.915	панель_кнопка	globe	13.0	4.2	4.14	6	ball	settings_sphere				done
1789659532.918	настройка_сохранена	globe	13.0	4.2	4.14	6	ball	settings_sphere				cell_cm=4.2
1789659541.330	настройка_открыта	globe	13.0	4.2	4.14	6	ball	settings_sphere				radius_cm
1789659541.330	intent	globe	13.0	4.2	4.14	6	ball	settings_sphere				{ "do": "edit", "view": "browse", "folder": "settings_sphere", "setting": "radius_cm" }
1789659543.261	folder	globe	10.5	4.2	4.2	4	ball	settings_sphere				{ "folder": "settings_sphere", "view": "browse", "items": 11, "total": 11, "page": 1, "pages": 1 }
1789659543.262	настройка_значение	globe	10.5	4.2	4.2	4	ball	settings_sphere				radius_cm=10.5
1789659543.275	folder	globe	11.0	4.2	4.4	4	ball	settings_sphere				{ "folder": "settings_sphere", "view": "browse", "items": 11, "total": 11, "page": 1, "pages": 1 }
1789659543.275	настройка_значение	globe	11.0	4.2	4.4	4	ball	settings_sphere				radius_cm=11.0
1789659548.894	панель_кнопка	globe	11.0	4.2	4.4	4	ball	settings_sphere				done
1789659548.895	настройка_сохранена	globe	11.0	4.2	4.4	4	ball	settings_sphere				radius_cm=11.0
1789659550.629	folder	globe	11.0	4.2	4.4	4	ball	settings				{ "folder": "settings", "view": "browse", "items": 4, "total": 4, "page": 1, "pages": 1 }
1789659550.629	intent	globe	11.0	4.2	4.4	4	ball	settings				{ "do": "reload", "view": "browse", "folder": "settings" }
1789659552.051	folder	globe	11.0	4.2	4.4	4	ball					{ "folder": "", "view": "browse", "items": 10, "total": 10, "page": 1, "pages": 1 }
1789659552.051	intent	globe	11.0	4.2	4.4	4	ball					{ "do": "reload", "view": "browse", "folder": "" }
1789659553.040	folder	globe	11.0	4.2	4.4	4	ball	files				{ "folder": "files", "view": "browse", "items": 5, "total": 5, "page": 1, "pages": 1 }
1789659553.040	intent	globe	11.0	4.2	4.4	4	ball	files				{ "do": "reload", "view": "browse", "folder": "files" }
1789659555.231	folder	globe	11.0	4.2	4.4	4	ball	bulk				{ "folder": "bulk", "view": "browse", "items": 61, "total": 128, "page": 1, "pages": 3 }
1789659555.231	intent	globe	11.0	4.2	4.4	4	ball	bulk				{ "do": "reload", "view": "browse", "folder": "bulk" }
1789659561.176	скриншот	globe	11.0	4.2	4.4	4	ball	bulk		да		screenshot_2026-09-17_20-39-20.974.png, 1920×1080, 130660 байт, всего 130660 (листинг), 202 мс
1789659566.730	page	globe	11.0	4.2	4.4	4	ball	bulk				{ "from": 62, "to": 122, "total": 128, "page": 2, "pages": 3 }
1789659566.731	folder	globe	11.0	4.2	4.4	4	ball	bulk				{ "folder": "bulk", "view": "browse", "items": 61, "total": 128, "page": 2, "pages": 3 }
1789659566.731	intent	globe	11.0	4.2	4.4	4	ball	bulk				{ "do": "reload", "view": "browse", "folder": "bulk" }
1789659569.477	скриншот	globe	11.0	4.2	4.4	4	ball	bulk		да		screenshot_2026-09-17_20-39-29.319.png, 1920×1080, 143575 байт, всего 274235 (листинг), 158 мс
1789659573.553	folder	globe	11.0	4.2	4.4	4	ball	files				{ "folder": "files", "view": "browse", "items": 5, "total": 5, "page": 1, "pages": 1 }
1789659573.553	intent	globe	11.0	4.2	4.4	4	ball	files				{ "do": "reload", "view": "browse", "folder": "files" }
1789659577.813	скриншот	globe	11.0	4.2	4.4	4	ball	files		да		screenshot_2026-09-17_20-39-37.642.png, 1920×1080, 109395 байт, всего 383630 (листинг), 171 мс
1789659583.664	folder	globe	11.0	4.2	4.4	4	ball					{ "folder": "", "view": "browse", "items": 10, "total": 10, "page": 1, "pages": 1 }
1789659583.668	intent	globe	11.0	4.2	4.4	4	ball					{ "do": "reload", "view": "browse", "folder": "" }
1789659587.054	скриншот	globe	11.0	4.2	4.4	4	ball			да		screenshot_2026-09-17_20-39-46.887.png, 1920×1080, 96036 байт, всего 479666 (листинг), 166 мс
1789659591.834	folder	globe	11.0	4.2	4.4	4	ball					{ "folder": "", "view": "actions", "items": 8, "total": 7, "page": 1, "pages": 1 }
1789659591.835	intent	globe	11.0	4.2	4.4	4	ball					{ "do": "reload", "view": "actions", "folder": "" }
1789659597.062	folder	globe	11.0	4.2	4.4	4	ball					{ "folder": "", "view": "browse", "items": 9, "total": 9, "page": 1, "pages": 1 }
1789659597.062	intent	globe	11.0	4.2	4.4	4	ball					{ "do": "reload", "view": "browse", "folder": "" }
1789659598.899	folder	globe	11.0	4.2	4.4	4	ball					{ "folder": "", "view": "actions", "items": 8, "total": 7, "page": 1, "pages": 1 }
1789659598.901	intent	globe	11.0	4.2	4.4	4	ball					{ "do": "reload", "view": "actions", "folder": "" }
1789659599.972	folder	globe	11.0	4.2	4.4	4	ball					{ "folder": "", "view": "browse", "items": 8, "total": 8, "page": 1, "pages": 1 }
1789659599.973	intent	globe	11.0	4.2	4.4	4	ball					{ "do": "reload", "view": "browse", "folder": "" }
1789659601.788	folder	globe	11.0	4.2	4.4	4	ball					{ "folder": "", "view": "actions", "items": 8, "total": 7, "page": 1, "pages": 1 }
1789659601.789	intent	globe	11.0	4.2	4.4	4	ball					{ "do": "reload", "view": "actions", "folder": "" }
1789659602.840	folder	globe	11.0	4.2	4.4	4	ball					{ "folder": "", "view": "browse", "items": 7, "total": 7, "page": 1, "pages": 1 }
1789659602.840	intent	globe	11.0	4.2	4.4	4	ball					{ "do": "reload", "view": "browse", "folder": "" }
1789659604.766	folder	globe	11.0	4.2	4.4	4	ball					{ "folder": "", "view": "actions", "items": 8, "total": 7, "page": 1, "pages": 1 }
1789659604.766	intent	globe	11.0	4.2	4.4	4	ball					{ "do": "reload", "view": "actions", "folder": "" }
1789659605.940	folder	globe	11.0	4.2	4.4	4	ball					{ "folder": "", "view": "browse", "items": 6, "total": 6, "page": 1, "pages": 1 }
1789659605.940	intent	globe	11.0	4.2	4.4	4	ball					{ "do": "reload", "view": "browse", "folder": "" }
1789659609.922	folder	globe	11.0	4.2	4.4	4	ball					{ "folder": "", "view": "search", "items": 1, "total": 0, "page": 1, "pages": 1 }
1789659609.925	клавиатура	globe	11.0	4.2	4.4	4	ball					show
1789659609.925	поиск_открыт	globe	11.0	4.2	4.4	4	ball					
1789659609.925	intent	globe	11.0	4.2	4.4	4	ball					{ "do": "search", "view": "search", "folder": "" }
1789659610.347	сессия_openxr	globe	11.0	4.2	4.4	4	ball					session_visible кадр 16623
1789659616.027	folder	globe	11.0	4.2	4.4	4	ball					{ "folder": "", "view": "search", "items": 13, "total": 12, "page": 1, "pages": 1 }
1789659616.027	intent	globe	11.0	4.2	4.4	4	ball					{ "do": "reload", "view": "search", "folder": "" }
1789659616.027	поиск_запрос	globe	11.0	4.2	4.4	4	ball					з → 12
1789659616.658	folder	globe	11.0	4.2	4.4	4	ball					{ "folder": "", "view": "search", "items": 7, "total": 6, "page": 1, "pages": 1 }
1789659616.658	intent	globe	11.0	4.2	4.4	4	ball					{ "do": "reload", "view": "search", "folder": "" }
1789659616.658	поиск_запрос	globe	11.0	4.2	4.4	4	ball					за → 6
1789659617.013	folder	globe	11.0	4.2	4.4	4	ball					{ "folder": "", "view": "search", "items": 3, "total": 2, "page": 1, "pages": 1 }
1789659617.013	intent	globe	11.0	4.2	4.4	4	ball					{ "do": "reload", "view": "search", "folder": "" }
1789659617.013	поиск_запрос	globe	11.0	4.2	4.4	4	ball					зам → 2
1789659617.447	folder	globe	11.0	4.2	4.4	4	ball					{ "folder": "", "view": "search", "items": 2, "total": 1, "page": 1, "pages": 1 }
1789659617.447	intent	globe	11.0	4.2	4.4	4	ball					{ "do": "reload", "view": "search", "folder": "" }
1789659617.447	поиск_запрос	globe	11.0	4.2	4.4	4	ball					замо → 1
1789659618.013	folder	globe	11.0	4.2	4.4	4	ball					{ "folder": "", "view": "search", "items": 2, "total": 1, "page": 1, "pages": 1 }
1789659618.013	intent	globe	11.0	4.2	4.4	4	ball					{ "do": "reload", "view": "search", "folder": "" }
1789659618.013	поиск_запрос	globe	11.0	4.2	4.4	4	ball					замок → 1
1789659620.790	клавиатура	globe	11.0	4.2	4.4	4	ball					hide
1789659620.791	клавиатура	globe	11.0	4.2	4.4	4	ball					enter
1789659620.791	клавиатура	globe	11.0	4.2	4.4	4	ball					hide
1789659620.791	клавиатура	globe	11.0	4.2	4.4	4	ball					enter
1789659620.812	клавиатура	globe	11.0	4.2	4.4	4	ball					hide
1789659620.812	клавиатура	globe	11.0	4.2	4.4	4	ball					enter
1789659620.849	сессия_openxr	globe	11.0	4.2	4.4	4	ball					session_focussed кадр 17568
1789659624.508	скриншот	globe	11.0	4.2	4.4	4	ball			да		screenshot_2026-09-17_20-40-24.335.png, 1920×1080, 108563 байт, всего 588229 (листинг), 173 мс
1789659628.957	intent	globe	11.0	4.2	4.4	4	ball					{ "do": "none", "view": "search", "folder": "" }
1789659629.635	intent	globe	11.0	4.2	4.4	4	ball					{ "do": "none", "view": "search", "folder": "" }
1789659630.301	intent	globe	11.0	4.2	4.4	4	ball					{ "do": "none", "view": "search", "folder": "" }
1789659631.001	клавиатура	globe	11.0	4.2	4.4	4	ball					hide
1789659631.002	folder	globe	11.0	4.2	4.4	4	ball					{ "folder": "", "view": "browse", "items": 6, "total": 6, "page": 1, "pages": 1 }
1789659631.003	intent	globe	11.0	4.2	4.4	4	ball					{ "do": "reload", "view": "browse", "folder": "" }
1789659632.268	folder	globe	11.0	4.2	4.4	4	ball					{ "folder": "", "view": "search", "items": 1, "total": 0, "page": 1, "pages": 1 }
1789659632.271	клавиатура	globe	11.0	4.2	4.4	4	ball					show
1789659632.271	поиск_открыт	globe	11.0	4.2	4.4	4	ball					
1789659632.271	intent	globe	11.0	4.2	4.4	4	ball					{ "do": "search", "view": "search", "folder": "" }
1789659632.571	сессия_openxr	globe	11.0	4.2	4.4	4	ball					session_visible кадр 18608
1789659636.282	folder	globe	11.0	4.2	4.4	4	ball					{ "folder": "", "view": "search", "items": 16, "total": 15, "page": 1, "pages": 1 }
1789659636.282	intent	globe	11.0	4.2	4.4	4	ball					{ "do": "reload", "view": "search", "folder": "" }
1789659636.282	поиск_запрос	globe	11.0	4.2	4.4	4	ball					м → 15
1789659636.848	folder	globe	11.0	4.2	4.4	4	ball					{ "folder": "", "view": "search", "items": 4, "total": 3, "page": 1, "pages": 1 }
1789659636.848	intent	globe	11.0	4.2	4.4	4	ball					{ "do": "reload", "view": "search", "folder": "" }
1789659636.848	поиск_запрос	globe	11.0	4.2	4.4	4	ball					мо → 3
1789659642.704	клавиатура	globe	11.0	4.2	4.4	4	ball					hide
1789659642.704	клавиатура	globe	11.0	4.2	4.4	4	ball					enter
1789659642.751	сессия_openxr	globe	11.0	4.2	4.4	4	ball					session_focussed кадр 19524
1789659642.936	скриншот	globe	11.0	4.2	4.4	4	ball			да		screenshot_2026-09-17_20-40-42.771.png, 1920×1080, 142471 байт, всего 730700 (листинг), 164 мс
1789659648.127	клавиатура	globe	11.0	4.2	4.4	4	ball	assets				hide
1789659648.128	folder	globe	11.0	4.2	4.4	4	ball	assets				{ "folder": "assets", "view": "browse", "items": 7, "total": 7, "page": 1, "pages": 1 }
1789659648.128	select	globe	11.0	4.2	4.4	4	ball	assets				{ "do": "default", "view": "browse", "folder": "assets", "item": "asset_bridge", "title": "Мост" }
1789659648.128	toggle	globe	11.0	4.2	4.4	4	ball	assets				{ "open": false }
1789659650.059	folder	globe	11.0	4.2	4.4	4	ball	assets				{ "folder": "assets", "view": "browse", "items": 7, "total": 7, "page": 1, "pages": 1 }
1789659650.059	toggle	globe	11.0	4.2	4.4	4	ball	assets				{ "open": true }
1789659653.637	folder	globe	11.0	4.2	4.4	4	ball	files				{ "folder": "files", "view": "browse", "items": 5, "total": 5, "page": 1, "pages": 1 }
1789659653.637	intent	globe	11.0	4.2	4.4	4	ball	files				{ "do": "reload", "view": "browse", "folder": "files" }
1789659655.515	folder	globe	11.0	4.2	4.4	4	ball					{ "folder": "", "view": "browse", "items": 6, "total": 6, "page": 1, "pages": 1 }
1789659655.515	intent	globe	11.0	4.2	4.4	4	ball					{ "do": "reload", "view": "browse", "folder": "" }
1789659656.859	folder	globe	11.0	4.2	4.4	4	ball	settings				{ "folder": "settings", "view": "browse", "items": 4, "total": 4, "page": 1, "pages": 1 }
1789659656.859	intent	globe	11.0	4.2	4.4	4	ball	settings				{ "do": "reload", "view": "browse", "folder": "settings" }
1789659659.371	folder	globe	11.0	4.2	4.4	4	ball	settings_sphere				{ "folder": "settings_sphere", "view": "browse", "items": 11, "total": 11, "page": 1, "pages": 1 }
1789659659.371	intent	globe	11.0	4.2	4.4	4	ball	settings_sphere				{ "do": "reload", "view": "browse", "folder": "settings_sphere" }
1789659661.565	настройка_открыта	globe	11.0	4.2	4.4	4	ball	settings_sphere				surface
1789659661.566	intent	globe	11.0	4.2	4.4	4	ball	settings_sphere				{ "do": "edit", "view": "browse", "folder": "settings_sphere", "setting": "surface" }
1789659663.171	folder	lens	11.0	4.2	4.2	4	ball	settings_sphere				{ "folder": "settings_sphere", "view": "browse", "items": 11, "total": 11, "page": 1, "pages": 1 }
1789659663.171	настройка_значение	lens	11.0	4.2	4.2	4	ball	settings_sphere				surface=lens
1789659666.381	панель_кнопка	lens	11.0	4.2	4.2	4	ball	settings_sphere				done
1789659666.382	настройка_сохранена	lens	11.0	4.2	4.2	4	ball	settings_sphere				surface=lens
1789659669.419	настройка_открыта	lens	11.0	4.2	4.2	4	ball	settings_sphere				hand_rotation
1789659669.420	intent	lens	11.0	4.2	4.2	4	ball	settings_sphere				{ "do": "edit", "view": "browse", "folder": "settings_sphere", "setting": "hand_rotation" }
1789659670.793	настройка_значение	lens	11.0	4.2	4.2	4	stand	settings_sphere				hand_rotation=stand
1789659678.827	настройка_значение	lens	11.0	4.2	4.2	4	face	settings_sphere				hand_rotation=face
1789659684.183	настройка_значение	lens	11.0	4.2	4.2	4	stand	settings_sphere				hand_rotation=stand
1789659688.139	настройка_значение	lens	11.0	4.2	4.2	4	face	settings_sphere				hand_rotation=face
1789659691.839	панель_кнопка	lens	11.0	4.2	4.2	4	face	settings_sphere				done
1789659691.840	настройка_сохранена	lens	11.0	4.2	4.2	4	face	settings_sphere				hand_rotation=face
1789659694.129	folder	lens	11.0	4.2	4.2	4	face	settings				{ "folder": "settings", "view": "browse", "items": 4, "total": 4, "page": 1, "pages": 1 }
1789659694.129	intent	lens	11.0	4.2	4.2	4	face	settings				{ "do": "reload", "view": "browse", "folder": "settings" }
1789659696.918	folder	lens	11.0	4.2	4.2	4	face					{ "folder": "", "view": "browse", "items": 6, "total": 6, "page": 1, "pages": 1 }
1789659696.918	intent	lens	11.0	4.2	4.2	4	face					{ "do": "reload", "view": "browse", "folder": "" }
1789659700.618	folder	lens	11.0	4.2	4.2	4	face	settings				{ "folder": "settings", "view": "browse", "items": 4, "total": 4, "page": 1, "pages": 1 }
1789659700.618	intent	lens	11.0	4.2	4.2	4	face	settings				{ "do": "reload", "view": "browse", "folder": "settings" }
1789659702.751	intent	lens	11.0	4.2	4.2	4	face	settings				{ "do": "redraw", "view": "browse", "folder": "settings" }
1789659703.395	intent	lens	11.0	4.2	4.2	4	face	settings				{ "do": "redraw", "view": "browse", "folder": "settings" }
1789659703.997	folder	lens	11.0	4.2	4.2	4	face	settings				{ "folder": "settings", "view": "actions", "items": 5, "total": 4, "page": 1, "pages": 1 }
1789659703.997	intent	lens	11.0	4.2	4.2	4	face	settings				{ "do": "reload", "view": "actions", "folder": "settings" }
1789659706.885	folder	lens	11.0	4.2	4.2	4	face	settings				{ "folder": "settings", "view": "browse", "items": 4, "total": 4, "page": 1, "pages": 1 }
1789659706.885	intent	lens	11.0	4.2	4.2	4	face	settings				{ "do": "reload", "view": "browse", "folder": "settings" }
1789659708.418	shake	lens	11.0	4.2	4.2	4	face					{ "how": "shake", "from": "settings" }
1789659708.419	folder	lens	11.0	4.2	4.2	4	face					{ "folder": "", "view": "browse", "items": 6, "total": 6, "page": 1, "pages": 1 }
1789659708.419	intent	lens	11.0	4.2	4.2	4	face					{ "do": "reload", "view": "browse", "folder": "" }
1789659713.263	intent	lens	11.0	4.2	4.2	4	face					{ "do": "exit", "view": "browse", "folder": "" }
1789659713.265	выход	lens	11.0	4.2	4.2	4	face					выгрузка в /storage/emulated/0/Download/VRGE/2026-09-17_20-41-53
# unix_время	событие	поверхность	радиус_см	ячейка_см	ячейка_факт_см	уровень_глобуса	вращение_рукой	папка	задание	попадание	мс_от_задания	подробности
# сессия 2026-09-17T21:00:14
1789660814.091	сессия_openxr	lens	11.0	4.2	4.2	4	face					session_begun кадр 0
1789660814.196	сессия_openxr	lens	11.0	4.2	4.2	4	face					session_visible кадр 1
1789660814.197	сессия_openxr	lens	11.0	4.2	4.2	4	face					session_focussed кадр 1
1789660814.484	folder	globe	20.0	1.5	3.52	13	face					{ "folder": "", "view": "browse", "items": 6, "total": 6, "page": 1, "pages": 1 }
1789660814.484	toggle	globe	20.0	1.5	3.52	13	face					{ "open": true }
1789660818.837	folder	globe	20.0	15.0	15.07	1	face					{ "folder": "", "view": "browse", "items": 6, "total": 6, "page": 1, "pages": 1 }
1789660823.349	folder	lens	20.0	1.5	1.5	13	face					{ "folder": "", "view": "browse", "items": 6, "total": 6, "page": 1, "pages": 1 }
1789660827.857	folder	globe_hex	20.0	1.5	3.52	13	face					{ "folder": "", "view": "browse", "items": 6, "total": 6, "page": 1, "pages": 1 }
1789660832.447	folder	octa	20.0	1.5	3.65	21	face					{ "folder": "", "view": "browse", "items": 6, "total": 6, "page": 1, "pages": 1 }
1789660837.032	folder	rings	20.0	1.5	3.29	16	face					{ "folder": "", "view": "browse", "items": 6, "total": 6, "page": 1, "pages": 1 }
1789660841.651	folder	fib	20.0	1.5	3.47	27	face					{ "folder": "", "view": "browse", "items": 6, "total": 6, "page": 1, "pages": 1 }
1789660846.197	folder	fib	8.0	1.5	1.49	26	face					{ "folder": "", "view": "browse", "items": 6, "total": 6, "page": 1, "pages": 1 }
1789660846.197	настройка_значение	fib	8.0	1.5	1.49	26	face					radius_cm=8.0
1789660846.220	folder	fib	17.5	1.5	3.04	27	face					{ "folder": "", "view": "browse", "items": 6, "total": 6, "page": 1, "pages": 1 }
1789660846.221	настройка_значение	fib	17.5	1.5	3.04	27	face					radius_cm=17.5
1789660846.240	folder	fib	20.0	1.5	3.47	27	face					{ "folder": "", "view": "browse", "items": 6, "total": 6, "page": 1, "pages": 1 }
1789660846.316	folder	globe	20.0	1.5	3.52	13	face					{ "folder": "", "view": "browse", "items": 6, "total": 6, "page": 1, "pages": 1 }
1789660881.559	folder	globe	20.0	1.5	3.52	13	face	files				{ "folder": "files", "view": "browse", "items": 5, "total": 5, "page": 1, "pages": 1 }
1789660881.559	intent	globe	20.0	1.5	3.52	13	face	files				{ "do": "reload", "view": "browse", "folder": "files" }
1789660881.563	folder	globe	20.0	1.5	3.52	13	face	bulk				{ "folder": "bulk", "view": "browse", "items": 61, "total": 128, "page": 1, "pages": 3 }
1789660881.563	intent	globe	20.0	1.5	3.52	13	face	bulk				{ "do": "reload", "view": "browse", "folder": "bulk" }
1789660886.070	folder	globe	20.0	1.5	3.52	13	face	bulk				{ "folder": "bulk", "view": "browse", "items": 128, "total": 128, "page": 1, "pages": 1 }
1789660886.071	folder	globe	20.0	1.5	3.52	13	face	files				{ "folder": "files", "view": "browse", "items": 5, "total": 5, "page": 1, "pages": 1 }
1789660886.071	intent	globe	20.0	1.5	3.52	13	face	files				{ "do": "reload", "view": "browse", "folder": "files" }
1789660886.071	folder	globe	20.0	1.5	3.52	13	face					{ "folder": "", "view": "browse", "items": 6, "total": 6, "page": 1, "pages": 1 }
1789660886.072	intent	globe	20.0	1.5	3.52	13	face					{ "do": "reload", "view": "browse", "folder": "" }
1789660886.072	folder	globe	20.0	1.5	3.52	13	face	files				{ "folder": "files", "view": "browse", "items": 5, "total": 5, "page": 1, "pages": 1 }
1789660886.072	intent	globe	20.0	1.5	3.52	13	face	files				{ "do": "reload", "view": "browse", "folder": "files" }
1789660886.075	folder	globe	20.0	1.5	3.52	13	face	bulk				{ "folder": "bulk", "view": "browse", "items": 128, "total": 128, "page": 1, "pages": 1 }
1789660886.075	intent	globe	20.0	1.5	3.52	13	face	bulk				{ "do": "reload", "view": "browse", "folder": "bulk" }
1789660890.610	folder	globe	20.0	1.5	3.52	13	face	bulk				{ "folder": "bulk", "view": "browse", "items": 128, "total": 128, "page": 1, "pages": 1 }
1789660890.613	folder	globe	20.0	1.5	3.52	13	face	files				{ "folder": "files", "view": "browse", "items": 5, "total": 5, "page": 1, "pages": 1 }
1789660890.614	intent	globe	20.0	1.5	3.52	13	face	files				{ "do": "reload", "view": "browse", "folder": "files" }
1789660890.618	folder	globe	20.0	1.5	3.52	13	face					{ "folder": "", "view": "browse", "items": 6, "total": 6, "page": 1, "pages": 1 }
1789660890.618	intent	globe	20.0	1.5	3.52	13	face					{ "do": "reload", "view": "browse", "folder": "" }
1789660890.619	folder	globe	20.0	1.5	3.52	13	face	files				{ "folder": "files", "view": "browse", "items": 5, "total": 5, "page": 1, "pages": 1 }
1789660890.619	intent	globe	20.0	1.5	3.52	13	face	files				{ "do": "reload", "view": "browse", "folder": "files" }
1789660890.629	folder	globe	20.0	1.5	3.52	13	face	bulk				{ "folder": "bulk", "view": "browse", "items": 128, "total": 128, "page": 1, "pages": 1 }
1789660890.630	intent	globe	20.0	1.5	3.52	13	face	bulk				{ "do": "reload", "view": "browse", "folder": "bulk" }
1789660895.139	folder	lens	20.0	1.5	1.5	13	face	bulk				{ "folder": "bulk", "view": "browse", "items": 61, "total": 128, "page": 1, "pages": 3 }
1789660895.140	folder	lens	20.0	1.5	1.5	13	face	files				{ "folder": "files", "view": "browse", "items": 5, "total": 5, "page": 1, "pages": 1 }
1789660895.140	intent	lens	20.0	1.5	1.5	13	face	files				{ "do": "reload", "view": "browse", "folder": "files" }
1789660895.140	folder	lens	20.0	1.5	1.5	13	face					{ "folder": "", "view": "browse", "items": 6, "total": 6, "page": 1, "pages": 1 }
1789660895.140	intent	lens	20.0	1.5	1.5	13	face					{ "do": "reload", "view": "browse", "folder": "" }
1789660895.141	folder	lens	20.0	1.5	1.5	13	face	files				{ "folder": "files", "view": "browse", "items": 5, "total": 5, "page": 1, "pages": 1 }
1789660895.141	intent	lens	20.0	1.5	1.5	13	face	files				{ "do": "reload", "view": "browse", "folder": "files" }
1789660895.144	folder	lens	20.0	1.5	1.5	13	face	bulk				{ "folder": "bulk", "view": "browse", "items": 61, "total": 128, "page": 1, "pages": 3 }
1789660895.144	intent	lens	20.0	1.5	1.5	13	face	bulk				{ "do": "reload", "view": "browse", "folder": "bulk" }
1789660899.679	folder	lens	20.0	1.5	1.5	13	face	bulk				{ "folder": "bulk", "view": "browse", "items": 128, "total": 128, "page": 1, "pages": 1 }
1789660899.680	folder	lens	20.0	1.5	1.5	13	face	files				{ "folder": "files", "view": "browse", "items": 5, "total": 5, "page": 1, "pages": 1 }
1789660899.680	intent	lens	20.0	1.5	1.5	13	face	files				{ "do": "reload", "view": "browse", "folder": "files" }
1789660899.681	folder	lens	20.0	1.5	1.5	13	face					{ "folder": "", "view": "browse", "items": 6, "total": 6, "page": 1, "pages": 1 }
1789660899.681	intent	lens	20.0	1.5	1.5	13	face					{ "do": "reload", "view": "browse", "folder": "" }
1789660899.681	folder	lens	20.0	1.5	1.5	13	face	files				{ "folder": "files", "view": "browse", "items": 5, "total": 5, "page": 1, "pages": 1 }
1789660899.681	intent	lens	20.0	1.5	1.5	13	face	files				{ "do": "reload", "view": "browse", "folder": "files" }
1789660899.684	folder	lens	20.0	1.5	1.5	13	face	bulk				{ "folder": "bulk", "view": "browse", "items": 128, "total": 128, "page": 1, "pages": 1 }
1789660899.684	intent	lens	20.0	1.5	1.5	13	face	bulk				{ "do": "reload", "view": "browse", "folder": "bulk" }
1789660904.220	folder	lens	20.0	1.5	1.5	13	face	bulk				{ "folder": "bulk", "view": "browse", "items": 128, "total": 128, "page": 1, "pages": 1 }
1789660904.221	folder	lens	20.0	1.5	1.5	13	face	files				{ "folder": "files", "view": "browse", "items": 5, "total": 5, "page": 1, "pages": 1 }
1789660904.221	intent	lens	20.0	1.5	1.5	13	face	files				{ "do": "reload", "view": "browse", "folder": "files" }
1789660904.222	folder	lens	20.0	1.5	1.5	13	face					{ "folder": "", "view": "browse", "items": 6, "total": 6, "page": 1, "pages": 1 }
1789660904.222	intent	lens	20.0	1.5	1.5	13	face					{ "do": "reload", "view": "browse", "folder": "" }
1789660904.223	folder	lens	20.0	1.5	1.5	13	face	files				{ "folder": "files", "view": "browse", "items": 5, "total": 5, "page": 1, "pages": 1 }
1789660904.223	intent	lens	20.0	1.5	1.5	13	face	files				{ "do": "reload", "view": "browse", "folder": "files" }
1789660904.229	folder	lens	20.0	1.5	1.5	13	face	bulk				{ "folder": "bulk", "view": "browse", "items": 128, "total": 128, "page": 1, "pages": 1 }
1789660904.230	intent	lens	20.0	1.5	1.5	13	face	bulk				{ "do": "reload", "view": "browse", "folder": "bulk" }
1789660908.740	folder	globe	20.0	1.5	3.52	13	face	bulk				{ "folder": "bulk", "view": "browse", "items": 61, "total": 128, "page": 1, "pages": 3 }
1789660908.741	folder	globe	20.0	1.5	3.52	13	face	files				{ "folder": "files", "view": "browse", "items": 5, "total": 5, "page": 1, "pages": 1 }
1789660908.741	intent	globe	20.0	1.5	3.52	13	face	files				{ "do": "reload", "view": "browse", "folder": "files" }
1789660908.743	folder	globe	20.0	1.5	3.52	13	face					{ "folder": "", "view": "browse", "items": 6, "total": 6, "page": 1, "pages": 1 }
1789660908.743	intent	globe	20.0	1.5	3.52	13	face					{ "do": "reload", "view": "browse", "folder": "" }
1789660908.746	клавиатура	globe	20.0	1.5	3.52	13	face					show
1789660908.769	toggle	globe	20.0	1.5	3.52	13	face					{ "open": false }
1789660908.769	самопроверка	globe	20.0	1.5	3.52	13	face			FAIL		{ "глобус уровень 13, 632 ячеек, вращение": { "gpu95": 2.83800005912781, "cpu95": 0.19900000095367, "proc95": 2.015, "over": 0 }, "глобус крупный: уровень 1, 32 ячеек, радиус 20.0 см, вращение": { "gpu95": 2.32399988174438, "cpu95": 0.19499999284744, "proc95": 3.305, "over": 0 }, "линза α=0.037, 700 ячеек, вращение": { "gpu95": 2.98600006103516, "cpu95": 0.19099999964237, "proc95": 7.517, "over": 0 } }
1789660911.459	folder	lens	11.0	4.2	4.2	4	face					{ "folder": "", "view": "browse", "items": 6, "total": 6, "page": 1, "pages": 1 }
1789660911.459	toggle	lens	11.0	4.2	4.2	4	face					{ "open": true }
1789660915.325	сценарий_начат	lens	11.0	4.2	4.2	4	face					7 шагов
1789660915.325	intent	lens	11.0	4.2	4.2	4	face					{ "do": "tasks", "view": "browse", "folder": "" }
1789660920.049	folder	lens	11.0	4.2	4.2	4	face	settings				{ "folder": "settings", "view": "browse", "items": 4, "total": 4, "page": 1, "pages": 1 }
1789660920.049	intent	lens	11.0	4.2	4.2	4	face	settings				{ "do": "reload", "view": "browse", "folder": "settings" }
1789660921.126	folder	lens	11.0	4.2	4.2	4	face	settings_sphere				{ "folder": "settings_sphere", "view": "browse", "items": 11, "total": 11, "page": 1, "pages": 1 }
1789660921.127	intent	lens	11.0	4.2	4.2	4	face	settings_sphere				{ "do": "reload", "view": "browse", "folder": "settings_sphere" }
1789660923.814	folder	lens	11.0	4.2	4.2	4	face	settings_sphere_adv				{ "folder": "settings_sphere_adv", "view": "browse", "items": 7, "total": 7, "page": 1, "pages": 1 }
1789660923.815	intent	lens	11.0	4.2	4.2	4	face	settings_sphere_adv				{ "do": "reload", "view": "browse", "folder": "settings_sphere_adv" }
1789660939.419	настройка_открыта	lens	11.0	4.2	4.2	4	face	settings_sphere_adv				labels
1789660939.419	intent	lens	11.0	4.2	4.2	4	face	settings_sphere_adv				{ "do": "edit", "view": "browse", "folder": "settings_sphere_adv", "setting": "labels" }
1789660942.814	панель_кнопка	lens	11.0	4.2	4.2	4	face	settings_sphere_adv				done
1789660942.818	настройка_сохранена	lens	11.0	4.2	4.2	4	face	settings_sphere_adv				labels=item
1789660944.981	shake	lens	11.0	4.2	4.2	4	face					{ "how": "shake", "from": "settings_sphere_adv" }
1789660944.981	folder	lens	11.0	4.2	4.2	4	face					{ "folder": "", "view": "browse", "items": 6, "total": 6, "page": 1, "pages": 1 }
1789660944.981	intent	lens	11.0	4.2	4.2	4	face					{ "do": "reload", "view": "browse", "folder": "" }
1789660946.481	folder	lens	11.0	4.2	4.2	4	face	files				{ "folder": "files", "view": "browse", "items": 5, "total": 5, "page": 1, "pages": 1 }
1789660946.481	intent	lens	11.0	4.2	4.2	4	face	files				{ "do": "reload", "view": "browse", "folder": "files" }
1789660947.583	folder	lens	11.0	4.2	4.2	4	face	bulk				{ "folder": "bulk", "view": "browse", "items": 61, "total": 128, "page": 1, "pages": 3 }
1789660947.583	intent	lens	11.0	4.2	4.2	4	face	bulk				{ "do": "reload", "view": "browse", "folder": "bulk" }
1789660953.031	скриншот	lens	11.0	4.2	4.2	4	face	bulk		да		screenshot_2026-09-17_21-02-32.837.png, 1920×1080, 237109 байт, всего 967809 (листинг), 193 мс
1789660956.281	folder	lens	11.0	4.2	4.2	4	face	files				{ "folder": "files", "view": "browse", "items": 5, "total": 5, "page": 1, "pages": 1 }
1789660956.281	intent	lens	11.0	4.2	4.2	4	face	files				{ "do": "reload", "view": "browse", "folder": "files" }
1789660958.080	shake	lens	11.0	4.2	4.2	4	face					{ "how": "shake", "from": "files" }
1789660958.081	folder	lens	11.0	4.2	4.2	4	face					{ "folder": "", "view": "browse", "items": 6, "total": 6, "page": 1, "pages": 1 }
1789660958.081	intent	lens	11.0	4.2	4.2	4	face					{ "do": "reload", "view": "browse", "folder": "" }
1789660959.569	folder	lens	11.0	4.2	4.2	4	face	settings				{ "folder": "settings", "view": "browse", "items": 4, "total": 4, "page": 1, "pages": 1 }
1789660959.570	intent	lens	11.0	4.2	4.2	4	face	settings				{ "do": "reload", "view": "browse", "folder": "settings" }
1789660960.703	folder	lens	11.0	4.2	4.2	4	face	settings_sphere				{ "folder": "settings_sphere", "view": "browse", "items": 11, "total": 11, "page": 1, "pages": 1 }
1789660960.703	intent	lens	11.0	4.2	4.2	4	face	settings_sphere				{ "do": "reload", "view": "browse", "folder": "settings_sphere" }
1789660962.225	folder	lens	11.0	4.2	4.2	4	face	settings_sphere_adv				{ "folder": "settings_sphere_adv", "view": "browse", "items": 7, "total": 7, "page": 1, "pages": 1 }
1789660962.225	intent	lens	11.0	4.2	4.2	4	face	settings_sphere_adv				{ "do": "reload", "view": "browse", "folder": "settings_sphere_adv" }
1789660963.828	настройка_открыта	lens	11.0	4.2	4.2	4	face	settings_sphere_adv				labels
1789660963.829	intent	lens	11.0	4.2	4.2	4	face	settings_sphere_adv				{ "do": "edit", "view": "browse", "folder": "settings_sphere_adv", "setting": "labels" }
1789660965.047	folder	lens	11.0	4.2	4.2	4	face	settings_sphere_adv				{ "folder": "settings_sphere_adv", "view": "browse", "items": 7, "total": 7, "page": 1, "pages": 1 }
1789660965.047	настройка_значение	lens	11.0	4.2	4.2	4	face	settings_sphere_adv				labels=view
1789660966.023	панель_кнопка	lens	11.0	4.2	4.2	4	face	settings_sphere_adv				done
1789660966.024	настройка_сохранена	lens	11.0	4.2	4.2	4	face	settings_sphere_adv				labels=view
1789660967.425	folder	lens	11.0	4.2	4.2	4	face	settings_sphere				{ "folder": "settings_sphere", "view": "browse", "items": 11, "total": 11, "page": 1, "pages": 1 }
1789660967.425	intent	lens	11.0	4.2	4.2	4	face	settings_sphere				{ "do": "reload", "view": "browse", "folder": "settings_sphere" }
1789660968.091	shake	lens	11.0	4.2	4.2	4	face					{ "how": "shake", "from": "settings_sphere" }
1789660968.092	folder	lens	11.0	4.2	4.2	4	face					{ "folder": "", "view": "browse", "items": 6, "total": 6, "page": 1, "pages": 1 }
1789660968.092	intent	lens	11.0	4.2	4.2	4	face					{ "do": "reload", "view": "browse", "folder": "" }
1789660969.370	folder	lens	11.0	4.2	4.2	4	face	files				{ "folder": "files", "view": "browse", "items": 5, "total": 5, "page": 1, "pages": 1 }
1789660969.370	intent	lens	11.0	4.2	4.2	4	face	files				{ "do": "reload", "view": "browse", "folder": "files" }
1789660970.572	folder	lens	11.0	4.2	4.2	4	face	bulk				{ "folder": "bulk", "view": "browse", "items": 128, "total": 128, "page": 1, "pages": 1 }
1789660970.572	intent	lens	11.0	4.2	4.2	4	face	bulk				{ "do": "reload", "view": "browse", "folder": "bulk" }
1789660977.534	скриншот	lens	11.0	4.2	4.2	4	face	bulk		да		screenshot_2026-09-17_21-02-57.336.png, 1920×1080, 180648 байт, всего 1148457 (листинг), 197 мс
1789660979.247	folder	lens	11.0	4.2	4.2	4	face	files				{ "folder": "files", "view": "browse", "items": 5, "total": 5, "page": 1, "pages": 1 }
1789660979.248	intent	lens	11.0	4.2	4.2	4	face	files				{ "do": "reload", "view": "browse", "folder": "files" }
1789660980.835	shake	lens	11.0	4.2	4.2	4	face					{ "how": "shake", "from": "files" }
1789660980.836	folder	lens	11.0	4.2	4.2	4	face					{ "folder": "", "view": "browse", "items": 6, "total": 6, "page": 1, "pages": 1 }
1789660980.836	intent	lens	11.0	4.2	4.2	4	face					{ "do": "reload", "view": "browse", "folder": "" }
1789660982.458	folder	lens	11.0	4.2	4.2	4	face	settings				{ "folder": "settings", "view": "browse", "items": 4, "total": 4, "page": 1, "pages": 1 }
1789660982.458	intent	lens	11.0	4.2	4.2	4	face	settings				{ "do": "reload", "view": "browse", "folder": "settings" }
1789660983.303	folder	lens	11.0	4.2	4.2	4	face	settings_sphere				{ "folder": "settings_sphere", "view": "browse", "items": 11, "total": 11, "page": 1, "pages": 1 }
1789660983.303	intent	lens	11.0	4.2	4.2	4	face	settings_sphere				{ "do": "reload", "view": "browse", "folder": "settings_sphere" }
1789660983.803	folder	lens	11.0	4.2	4.2	4	face	settings_sphere_adv				{ "folder": "settings_sphere_adv", "view": "browse", "items": 7, "total": 7, "page": 1, "pages": 1 }
1789660983.803	intent	lens	11.0	4.2	4.2	4	face	settings_sphere_adv				{ "do": "reload", "view": "browse", "folder": "settings_sphere_adv" }
1789660985.151	настройка_открыта	lens	11.0	4.2	4.2	4	face	settings_sphere_adv				labels
1789660985.151	intent	lens	11.0	4.2	4.2	4	face	settings_sphere_adv				{ "do": "edit", "view": "browse", "folder": "settings_sphere_adv", "setting": "labels" }
1789660986.260	folder	lens	11.0	4.2	4.2	4	face	settings_sphere_adv				{ "folder": "settings_sphere_adv", "view": "browse", "items": 7, "total": 7, "page": 1, "pages": 1 }
1789660986.260	настройка_значение	lens	11.0	4.2	4.2	4	face	settings_sphere_adv				labels=shader
1789660987.591	панель_кнопка	lens	11.0	4.2	4.2	4	face	settings_sphere_adv				done
1789660987.592	настройка_сохранена	lens	11.0	4.2	4.2	4	face	settings_sphere_adv				labels=shader
1789660989.727	folder	lens	11.0	4.2	4.2	4	face	settings_sphere				{ "folder": "settings_sphere", "view": "browse", "items": 11, "total": 11, "page": 1, "pages": 1 }
1789660989.727	intent	lens	11.0	4.2	4.2	4	face	settings_sphere				{ "do": "reload", "view": "browse", "folder": "settings_sphere" }
1789660991.258	shake	lens	11.0	4.2	4.2	4	face					{ "how": "shake", "from": "settings_sphere" }
1789660991.259	folder	lens	11.0	4.2	4.2	4	face					{ "folder": "", "view": "browse", "items": 6, "total": 6, "page": 1, "pages": 1 }
1789660991.259	intent	lens	11.0	4.2	4.2	4	face					{ "do": "reload", "view": "browse", "folder": "" }
1789660992.692	folder	lens	11.0	4.2	4.2	4	face	files				{ "folder": "files", "view": "browse", "items": 5, "total": 5, "page": 1, "pages": 1 }
1789660992.693	intent	lens	11.0	4.2	4.2	4	face	files				{ "do": "reload", "view": "browse", "folder": "files" }
1789660993.668	folder	lens	11.0	4.2	4.2	4	face	bulk				{ "folder": "bulk", "view": "browse", "items": 128, "total": 128, "page": 1, "pages": 1 }
1789660993.668	intent	lens	11.0	4.2	4.2	4	face	bulk				{ "do": "reload", "view": "browse", "folder": "bulk" }
1789660997.293	скриншот	lens	11.0	4.2	4.2	4	face	bulk		да		screenshot_2026-09-17_21-03-17.103.png, 1920×1080, 171327 байт, всего 1319784 (листинг), 190 мс
1789661003.336	folder	lens	11.0	4.2	4.2	4	face	files				{ "folder": "files", "view": "browse", "items": 5, "total": 5, "page": 1, "pages": 1 }
1789661003.336	intent	lens	11.0	4.2	4.2	4	face	files				{ "do": "reload", "view": "browse", "folder": "files" }
1789661004.203	folder	lens	11.0	4.2	4.2	4	face					{ "folder": "", "view": "browse", "items": 6, "total": 6, "page": 1, "pages": 1 }
1789661004.203	intent	lens	11.0	4.2	4.2	4	face					{ "do": "reload", "view": "browse", "folder": "" }
1789661005.493	folder	lens	11.0	4.2	4.2	4	face	settings				{ "folder": "settings", "view": "browse", "items": 4, "total": 4, "page": 1, "pages": 1 }
1789661005.493	intent	lens	11.0	4.2	4.2	4	face	settings				{ "do": "reload", "view": "browse", "folder": "settings" }
1789661006.125	folder	lens	11.0	4.2	4.2	4	face	settings_sphere				{ "folder": "settings_sphere", "view": "browse", "items": 11, "total": 11, "page": 1, "pages": 1 }
1789661006.125	intent	lens	11.0	4.2	4.2	4	face	settings_sphere				{ "do": "reload", "view": "browse", "folder": "settings_sphere" }
1789661008.359	folder	lens	11.0	4.2	4.2	4	face	settings_sphere_adv				{ "folder": "settings_sphere_adv", "view": "browse", "items": 7, "total": 7, "page": 1, "pages": 1 }
1789661008.359	intent	lens	11.0	4.2	4.2	4	face	settings_sphere_adv				{ "do": "reload", "view": "browse", "folder": "settings_sphere_adv" }
1789661009.484	настройка_открыта	lens	11.0	4.2	4.2	4	face	settings_sphere_adv				labels
1789661009.484	intent	lens	11.0	4.2	4.2	4	face	settings_sphere_adv				{ "do": "edit", "view": "browse", "folder": "settings_sphere_adv", "setting": "labels" }
1789661020.669	folder	lens	11.0	4.2	4.2	4	face	settings_sphere_adv				{ "folder": "settings_sphere_adv", "view": "browse", "items": 7, "total": 7, "page": 1, "pages": 1 }
1789661020.669	настройка_значение	lens	11.0	4.2	4.2	4	face	settings_sphere_adv				labels=item
1789661027.080	панель_кнопка	lens	11.0	4.2	4.2	4	face	settings_sphere_adv				done
1789661027.084	настройка_сохранена	lens	11.0	4.2	4.2	4	face	settings_sphere_adv				labels=item
1789661028.914	folder	lens	11.0	4.2	4.2	4	face	settings_sphere				{ "folder": "settings_sphere", "view": "browse", "items": 11, "total": 11, "page": 1, "pages": 1 }
1789661028.914	intent	lens	11.0	4.2	4.2	4	face	settings_sphere				{ "do": "reload", "view": "browse", "folder": "settings_sphere" }
1789661030.414	folder	lens	11.0	4.2	4.2	4	face	settings				{ "folder": "settings", "view": "browse", "items": 4, "total": 4, "page": 1, "pages": 1 }
1789661030.414	intent	lens	11.0	4.2	4.2	4	face	settings				{ "do": "reload", "view": "browse", "folder": "settings" }
1789661031.525	folder	lens	11.0	4.2	4.2	4	face					{ "folder": "", "view": "browse", "items": 6, "total": 6, "page": 1, "pages": 1 }
1789661031.525	intent	lens	11.0	4.2	4.2	4	face					{ "do": "reload", "view": "browse", "folder": "" }
1789661032.847	folder	lens	11.0	4.2	4.2	4	face	files				{ "folder": "files", "view": "browse", "items": 5, "total": 5, "page": 1, "pages": 1 }
1789661032.847	intent	lens	11.0	4.2	4.2	4	face	files				{ "do": "reload", "view": "browse", "folder": "files" }
1789661033.694	folder	lens	11.0	4.2	4.2	4	face	bulk				{ "folder": "bulk", "view": "browse", "items": 61, "total": 128, "page": 1, "pages": 3 }
1789661033.694	intent	lens	11.0	4.2	4.2	4	face	bulk				{ "do": "reload", "view": "browse", "folder": "bulk" }
1789661036.868	сценарий_шаг	lens	11.0	4.2	4.2	4	face	bulk	labels_item	да	121543	
1789661045.858	page	lens	11.0	4.2	4.2	4	face	bulk				{ "from": 62, "to": 122, "total": 128, "page": 2, "pages": 3 }
1789661045.859	folder	lens	11.0	4.2	4.2	4	face	bulk				{ "folder": "bulk", "view": "browse", "items": 61, "total": 128, "page": 2, "pages": 3 }
1789661045.859	intent	lens	11.0	4.2	4.2	4	face	bulk				{ "do": "reload", "view": "browse", "folder": "bulk" }
1789661048.569	page	lens	11.0	4.2	4.2	4	face	bulk				{ "from": 123, "to": 128, "total": 128, "page": 3, "pages": 3 }
1789661048.569	folder	lens	11.0	4.2	4.2	4	face	bulk				{ "folder": "bulk", "view": "browse", "items": 6, "total": 128, "page": 3, "pages": 3 }
1789661048.570	intent	lens	11.0	4.2	4.2	4	face	bulk				{ "do": "reload", "view": "browse", "folder": "bulk" }
1789661050.214	page	lens	11.0	4.2	4.2	4	face	bulk				{ "from": 62, "to": 122, "total": 128, "page": 2, "pages": 3 }
1789661050.215	folder	lens	11.0	4.2	4.2	4	face	bulk				{ "folder": "bulk", "view": "browse", "items": 61, "total": 128, "page": 2, "pages": 3 }
1789661050.215	intent	lens	11.0	4.2	4.2	4	face	bulk				{ "do": "reload", "view": "browse", "folder": "bulk" }
1789661050.913	page	lens	11.0	4.2	4.2	4	face	bulk				{ "from": 1, "to": 61, "total": 128, "page": 1, "pages": 3 }
1789661050.914	folder	lens	11.0	4.2	4.2	4	face	bulk				{ "folder": "bulk", "view": "browse", "items": 61, "total": 128, "page": 1, "pages": 3 }
1789661050.917	intent	lens	11.0	4.2	4.2	4	face	bulk				{ "do": "reload", "view": "browse", "folder": "bulk" }
1789661051.925	folder	lens	11.0	4.2	4.2	4	face	files				{ "folder": "files", "view": "browse", "items": 5, "total": 5, "page": 1, "pages": 1 }
1789661051.926	intent	lens	11.0	4.2	4.2	4	face	files				{ "do": "reload", "view": "browse", "folder": "files" }
1789661053.225	folder	lens	11.0	4.2	4.2	4	face					{ "folder": "", "view": "browse", "items": 6, "total": 6, "page": 1, "pages": 1 }
1789661053.225	intent	lens	11.0	4.2	4.2	4	face					{ "do": "reload", "view": "browse", "folder": "" }
1789661054.569	folder	lens	11.0	4.2	4.2	4	face	settings				{ "folder": "settings", "view": "browse", "items": 4, "total": 4, "page": 1, "pages": 1 }
1789661054.569	intent	lens	11.0	4.2	4.2	4	face	settings				{ "do": "reload", "view": "browse", "folder": "settings" }
1789661055.936	folder	lens	11.0	4.2	4.2	4	face	settings_sphere				{ "folder": "settings_sphere", "view": "browse", "items": 11, "total": 11, "page": 1, "pages": 1 }
1789661055.937	intent	lens	11.0	4.2	4.2	4	face	settings_sphere				{ "do": "reload", "view": "browse", "folder": "settings_sphere" }
1789661058.530	настройка_открыта	lens	11.0	4.2	4.2	4	face	settings_sphere				surface
1789661058.531	intent	lens	11.0	4.2	4.2	4	face	settings_sphere				{ "do": "edit", "view": "browse", "folder": "settings_sphere", "setting": "surface" }
1789661059.669	folder	globe	11.0	4.2	4.4	4	face	settings_sphere				{ "folder": "settings_sphere", "view": "browse", "items": 11, "total": 11, "page": 1, "pages": 1 }
1789661059.670	настройка_значение	globe	11.0	4.2	4.4	4	face	settings_sphere				surface=globe
1789661061.392	folder	globe	11.0	4.2	4.4	4	face	settings				{ "folder": "settings", "view": "browse", "items": 4, "total": 4, "page": 1, "pages": 1 }
1789661061.392	intent	globe	11.0	4.2	4.4	4	face	settings				{ "do": "reload", "view": "browse", "folder": "settings" }
1789661062.480	folder	globe	11.0	4.2	4.4	4	face					{ "folder": "", "view": "browse", "items": 6, "total": 6, "page": 1, "pages": 1 }
1789661062.481	intent	globe	11.0	4.2	4.4	4	face					{ "do": "reload", "view": "browse", "folder": "" }
1789661064.569	folder	globe	11.0	4.2	4.4	4	face	files				{ "folder": "files", "view": "browse", "items": 5, "total": 5, "page": 1, "pages": 1 }
1789661064.570	intent	globe	11.0	4.2	4.4	4	face	files				{ "do": "reload", "view": "browse", "folder": "files" }
1789661066.317	folder	globe	11.0	4.2	4.4	4	face	bulk				{ "folder": "bulk", "view": "browse", "items": 61, "total": 128, "page": 1, "pages": 3 }
1789661066.317	intent	globe	11.0	4.2	4.4	4	face	bulk				{ "do": "reload", "view": "browse", "folder": "bulk" }
1789661068.073	скриншот	globe	11.0	4.2	4.4	4	face	bulk		да		screenshot_2026-09-17_21-04-27.881.png, 1920×1080, 196527 байт, всего 1516311 (листинг), 192 мс
1789661071.592	folder	globe	11.0	4.2	4.4	4	face	files				{ "folder": "files", "view": "browse", "items": 5, "total": 5, "page": 1, "pages": 1 }
1789661071.592	intent	globe	11.0	4.2	4.4	4	face	files				{ "do": "reload", "view": "browse", "folder": "files" }
1789661072.680	folder	globe	11.0	4.2	4.4	4	face					{ "folder": "", "view": "browse", "items": 6, "total": 6, "page": 1, "pages": 1 }
1789661072.681	intent	globe	11.0	4.2	4.4	4	face					{ "do": "reload", "view": "browse", "folder": "" }
1789661073.557	панель_кнопка	globe	11.0	4.2	4.4	4	face					default
1789661076.990	панель_кнопка	globe	11.0	4.2	4.4	4	face					done
1789661076.995	настройка_сохранена	globe	11.0	4.2	4.4	4	face					surface=globe
1789661077.980	folder	globe	11.0	4.2	4.4	4	face	settings				{ "folder": "settings", "view": "browse", "items": 4, "total": 4, "page": 1, "pages": 1 }
1789661077.980	intent	globe	11.0	4.2	4.4	4	face	settings				{ "do": "reload", "view": "browse", "folder": "settings" }
1789661079.002	folder	globe	11.0	4.2	4.4	4	face	settings_sphere				{ "folder": "settings_sphere", "view": "browse", "items": 11, "total": 11, "page": 1, "pages": 1 }
1789661079.003	intent	globe	11.0	4.2	4.4	4	face	settings_sphere				{ "do": "reload", "view": "browse", "folder": "settings_sphere" }
1789661080.170	folder	globe	11.0	4.2	4.4	4	face	settings_sphere_adv				{ "folder": "settings_sphere_adv", "view": "browse", "items": 7, "total": 7, "page": 1, "pages": 1 }
1789661080.170	intent	globe	11.0	4.2	4.4	4	face	settings_sphere_adv				{ "do": "reload", "view": "browse", "folder": "settings_sphere_adv" }
1789661082.284	настройка_открыта	globe	11.0	4.2	4.4	4	face	settings_sphere_adv				labels
1789661082.284	intent	globe	11.0	4.2	4.4	4	face	settings_sphere_adv				{ "do": "edit", "view": "browse", "folder": "settings_sphere_adv", "setting": "labels" }
1789661083.503	folder	globe	11.0	4.2	4.4	4	face	settings_sphere_adv				{ "folder": "settings_sphere_adv", "view": "browse", "items": 7, "total": 7, "page": 1, "pages": 1 }
1789661083.503	настройка_значение	globe	11.0	4.2	4.4	4	face	settings_sphere_adv				labels=view
1789661084.279	панель_кнопка	globe	11.0	4.2	4.4	4	face	settings_sphere_adv				done
1789661084.280	настройка_сохранена	globe	11.0	4.2	4.4	4	face	settings_sphere_adv				labels=view
1789661085.247	folder	globe	11.0	4.2	4.4	4	face	settings_sphere				{ "folder": "settings_sphere", "view": "browse", "items": 11, "total": 11, "page": 1, "pages": 1 }
1789661085.247	intent	globe	11.0	4.2	4.4	4	face	settings_sphere				{ "do": "reload", "view": "browse", "folder": "settings_sphere" }
1789661085.791	folder	globe	11.0	4.2	4.4	4	face	settings				{ "folder": "settings", "view": "browse", "items": 4, "total": 4, "page": 1, "pages": 1 }
1789661085.792	intent	globe	11.0	4.2	4.4	4	face	settings				{ "do": "reload", "view": "browse", "folder": "settings" }
1789661087.069	folder	globe	11.0	4.2	4.4	4	face					{ "folder": "", "view": "browse", "items": 6, "total": 6, "page": 1, "pages": 1 }
1789661087.070	intent	globe	11.0	4.2	4.4	4	face					{ "do": "reload", "view": "browse", "folder": "" }
1789661088.169	folder	globe	11.0	4.2	4.4	4	face	files				{ "folder": "files", "view": "browse", "items": 5, "total": 5, "page": 1, "pages": 1 }
1789661088.170	intent	globe	11.0	4.2	4.4	4	face	files				{ "do": "reload", "view": "browse", "folder": "files" }
1789661090.572	folder	globe	11.0	4.2	4.4	4	face	bulk				{ "folder": "bulk", "view": "browse", "items": 120, "total": 128, "page": 1, "pages": 2 }
1789661090.572	intent	globe	11.0	4.2	4.4	4	face	bulk				{ "do": "reload", "view": "browse", "folder": "bulk" }
1789661092.284	скриншот	globe	11.0	4.2	4.4	4	face	bulk		да		screenshot_2026-09-17_21-04-52.092.png, 1920×1080, 201494 байт, всего 1717805 (листинг), 192 мс
1789661095.113	сценарий_шаг	globe	11.0	4.2	4.4	4	face	bulk	labels_view	да	58245	
1789661098.358	page	globe	11.0	4.2	4.4	4	face	bulk				{ "from": 121, "to": 128, "total": 128, "page": 2, "pages": 2 }
1789661098.359	folder	globe	11.0	4.2	4.4	4	face	bulk				{ "folder": "bulk", "view": "browse", "items": 8, "total": 128, "page": 2, "pages": 2 }
1789661098.359	intent	globe	11.0	4.2	4.4	4	face	bulk				{ "do": "reload", "view": "browse", "folder": "bulk" }
1789661100.694	скриншот	globe	11.0	4.2	4.4	4	face	bulk		да		screenshot_2026-09-17_21-05-00.481.png, 1920×1080, 139235 байт, всего 1857040 (листинг), 213 мс
1789661101.747	folder	globe	11.0	4.2	4.4	4	face	files				{ "folder": "files", "view": "browse", "items": 5, "total": 5, "page": 1, "pages": 1 }
1789661101.748	intent	globe	11.0	4.2	4.4	4	face	files				{ "do": "reload", "view": "browse", "folder": "files" }
1789661102.302	folder	globe	11.0	4.2	4.4	4	face					{ "folder": "", "view": "browse", "items": 6, "total": 6, "page": 1, "pages": 1 }
1789661102.302	intent	globe	11.0	4.2	4.4	4	face					{ "do": "reload", "view": "browse", "folder": "" }
1789661103.869	folder	globe	11.0	4.2	4.4	4	face	settings				{ "folder": "settings", "view": "browse", "items": 4, "total": 4, "page": 1, "pages": 1 }
1789661103.870	intent	globe	11.0	4.2	4.4	4	face	settings				{ "do": "reload", "view": "browse", "folder": "settings" }
1789661105.058	folder	globe	11.0	4.2	4.4	4	face	settings_sphere				{ "folder": "settings_sphere", "view": "browse", "items": 11, "total": 11, "page": 1, "pages": 1 }
1789661105.059	intent	globe	11.0	4.2	4.4	4	face	settings_sphere				{ "do": "reload", "view": "browse", "folder": "settings_sphere" }
1789661106.159	folder	globe	11.0	4.2	4.4	4	face	settings_sphere_adv				{ "folder": "settings_sphere_adv", "view": "browse", "items": 7, "total": 7, "page": 1, "pages": 1 }
1789661106.159	intent	globe	11.0	4.2	4.4	4	face	settings_sphere_adv				{ "do": "reload", "view": "browse", "folder": "settings_sphere_adv" }
1789661107.173	настройка_открыта	globe	11.0	4.2	4.4	4	face	settings_sphere_adv				labels
1789661107.173	intent	globe	11.0	4.2	4.4	4	face	settings_sphere_adv				{ "do": "edit", "view": "browse", "folder": "settings_sphere_adv", "setting": "labels" }
1789661108.248	folder	globe	11.0	4.2	4.4	4	face	settings_sphere_adv				{ "folder": "settings_sphere_adv", "view": "browse", "items": 7, "total": 7, "page": 1, "pages": 1 }
1789661108.248	настройка_значение	globe	11.0	4.2	4.4	4	face	settings_sphere_adv				labels=shader
1789661109.014	панель_кнопка	globe	11.0	4.2	4.4	4	face	settings_sphere_adv				done
1789661109.018	настройка_сохранена	globe	11.0	4.2	4.4	4	face	settings_sphere_adv				labels=shader
1789661109.982	folder	globe	11.0	4.2	4.4	4	face	settings_sphere				{ "folder": "settings_sphere", "view": "browse", "items": 11, "total": 11, "page": 1, "pages": 1 }
1789661109.982	intent	globe	11.0	4.2	4.4	4	face	settings_sphere				{ "do": "reload", "view": "browse", "folder": "settings_sphere" }
1789661110.825	folder	globe	11.0	4.2	4.4	4	face	settings				{ "folder": "settings", "view": "browse", "items": 4, "total": 4, "page": 1, "pages": 1 }
1789661110.825	intent	globe	11.0	4.2	4.4	4	face	settings				{ "do": "reload", "view": "browse", "folder": "settings" }
1789661112.648	folder	globe	11.0	4.2	4.4	4	face					{ "folder": "", "view": "browse", "items": 6, "total": 6, "page": 1, "pages": 1 }
1789661112.648	intent	globe	11.0	4.2	4.4	4	face					{ "do": "reload", "view": "browse", "folder": "" }
1789661113.636	folder	globe	11.0	4.2	4.4	4	face	files				{ "folder": "files", "view": "browse", "items": 5, "total": 5, "page": 1, "pages": 1 }
1789661113.636	intent	globe	11.0	4.2	4.4	4	face	files				{ "do": "reload", "view": "browse", "folder": "files" }
1789661114.783	folder	globe	11.0	4.2	4.4	4	face	bulk				{ "folder": "bulk", "view": "browse", "items": 8, "total": 128, "page": 2, "pages": 2 }
1789661114.783	intent	globe	11.0	4.2	4.4	4	face	bulk				{ "do": "reload", "view": "browse", "folder": "bulk" }
1789661116.558	page	globe	11.0	4.2	4.4	4	face	bulk				{ "from": 1, "to": 120, "total": 128, "page": 1, "pages": 2 }
1789661116.566	folder	globe	11.0	4.2	4.4	4	face	bulk				{ "folder": "bulk", "view": "browse", "items": 120, "total": 128, "page": 1, "pages": 2 }
1789661116.567	intent	globe	11.0	4.2	4.4	4	face	bulk				{ "do": "reload", "view": "browse", "folder": "bulk" }
1789661119.969	сценарий_шаг	globe	11.0	4.2	4.4	4	face	bulk	labels_shader	да	24856	
1789661120.779	скриншот	globe	11.0	4.2	4.4	4	face	bulk		да		screenshot_2026-09-17_21-05-20.558.png, 1920×1080, 167783 байт, всего 2024823 (листинг), 220 мс
1789661124.748	folder	globe	11.0	4.2	4.4	4	face	files				{ "folder": "files", "view": "browse", "items": 5, "total": 5, "page": 1, "pages": 1 }
1789661124.748	intent	globe	11.0	4.2	4.4	4	face	files				{ "do": "reload", "view": "browse", "folder": "files" }
1789661125.070	folder	globe	11.0	4.2	4.4	4	face					{ "folder": "", "view": "browse", "items": 6, "total": 6, "page": 1, "pages": 1 }
1789661125.070	intent	globe	11.0	4.2	4.4	4	face					{ "do": "reload", "view": "browse", "folder": "" }
1789661127.003	intent	globe	11.0	4.2	4.4	4	face					{ "do": "tasks", "view": "browse", "folder": "" }
1789661129.414	сценарий_начат	globe	11.0	4.2	4.4	4	face					7 шагов
1789661129.414	intent	globe	11.0	4.2	4.4	4	face					{ "do": "tasks", "view": "browse", "folder": "" }
1789661136.292	folder	globe	11.0	4.2	4.4	4	face	settings				{ "folder": "settings", "view": "browse", "items": 4, "total": 4, "page": 1, "pages": 1 }
1789661136.292	intent	globe	11.0	4.2	4.4	4	face	settings				{ "do": "reload", "view": "browse", "folder": "settings" }
1789661136.859	folder	globe	11.0	4.2	4.4	4	face	settings_sphere				{ "folder": "settings_sphere", "view": "browse", "items": 11, "total": 11, "page": 1, "pages": 1 }
1789661136.859	intent	globe	11.0	4.2	4.4	4	face	settings_sphere				{ "do": "reload", "view": "browse", "folder": "settings_sphere" }
1789661137.459	folder	globe	11.0	4.2	4.4	4	face	settings_sphere_adv				{ "folder": "settings_sphere_adv", "view": "browse", "items": 7, "total": 7, "page": 1, "pages": 1 }
1789661137.459	intent	globe	11.0	4.2	4.4	4	face	settings_sphere_adv				{ "do": "reload", "view": "browse", "folder": "settings_sphere_adv" }
1789661138.684	настройка_открыта	globe	11.0	4.2	4.4	4	face	settings_sphere_adv				labels
1789661138.684	intent	globe	11.0	4.2	4.4	4	face	settings_sphere_adv				{ "do": "edit", "view": "browse", "folder": "settings_sphere_adv", "setting": "labels" }
1789661141.137	folder	globe	11.0	4.2	4.4	4	face	settings_sphere				{ "folder": "settings_sphere", "view": "browse", "items": 11, "total": 11, "page": 1, "pages": 1 }
1789661141.137	intent	globe	11.0	4.2	4.4	4	face	settings_sphere				{ "do": "reload", "view": "browse", "folder": "settings_sphere" }
1789661144.072	настройка_открыта	globe	11.0	4.2	4.4	4	face	settings_sphere				radius_cm
1789661144.073	intent	globe	11.0	4.2	4.4	4	face	settings_sphere				{ "do": "edit", "view": "browse", "folder": "settings_sphere", "setting": "radius_cm" }
1789661145.271	folder	globe	15.5	4.2	4.27	7	face	settings_sphere				{ "folder": "settings_sphere", "view": "browse", "items": 11, "total": 11, "page": 1, "pages": 1 }
1789661145.271	настройка_значение	globe	15.5	4.2	4.27	7	face	settings_sphere				radius_cm=15.5
1789661145.288	folder	globe	14.5	4.2	3.99	7	face	settings_sphere				{ "folder": "settings_sphere", "view": "browse", "items": 11, "total": 11, "page": 1, "pages": 1 }
1789661145.288	настройка_значение	globe	14.5	4.2	3.99	7	face	settings_sphere				radius_cm=14.5
1789661148.079	панель_кнопка	globe	14.5	4.2	3.99	7	face	settings_sphere				done
1789661148.080	настройка_сохранена	globe	14.5	4.2	3.99	7	face	settings_sphere				radius_cm=14.5
1789661149.550	настройка_открыта	globe	14.5	4.2	3.99	7	face	settings_sphere				cell_cm
1789661149.551	intent	globe	14.5	4.2	3.99	7	face	settings_sphere				{ "do": "edit", "view": "browse", "folder": "settings_sphere", "setting": "cell_cm" }
1789661157.435	панель_кнопка	globe	14.5	4.2	3.99	7	face	settings_sphere				done
1789661157.436	настройка_сохранена	globe	14.5	4.2	3.99	7	face	settings_sphere				cell_cm=4.2
1789661159.806	настройка_открыта	globe	14.5	4.2	3.99	7	face	settings_sphere				cell_cm
1789661159.806	intent	globe	14.5	4.2	3.99	7	face	settings_sphere				{ "do": "edit", "view": "browse", "folder": "settings_sphere", "setting": "cell_cm" }
1789661161.869	панель_кнопка	globe	14.5	4.2	3.99	7	face	settings_sphere				done
1789661161.870	настройка_сохранена	globe	14.5	4.2	3.99	7	face	settings_sphere				cell_cm=4.2
1789661163.717	настройка_открыта	globe	14.5	4.2	3.99	7	face	settings_sphere				cell_cm
1789661163.717	intent	globe	14.5	4.2	3.99	7	face	settings_sphere				{ "do": "edit", "view": "browse", "folder": "settings_sphere", "setting": "cell_cm" }
1789661165.005	folder	globe	14.5	5.5	5.8	4	face	settings_sphere				{ "folder": "settings_sphere", "view": "browse", "items": 11, "total": 11, "page": 1, "pages": 1 }
1789661165.005	настройка_значение	globe	14.5	5.5	5.8	4	face	settings_sphere				cell_cm=5.5
1789661165.018	folder	globe	14.5	5.7	5.8	4	face	settings_sphere				{ "folder": "settings_sphere", "view": "browse", "items": 11, "total": 11, "page": 1, "pages": 1 }
1789661165.018	настройка_значение	globe	14.5	5.7	5.8	4	face	settings_sphere				cell_cm=5.7
1789661165.030	folder	globe	14.5	5.9	5.8	4	face	settings_sphere				{ "folder": "settings_sphere", "view": "browse", "items": 11, "total": 11, "page": 1, "pages": 1 }
1789661165.030	настройка_значение	globe	14.5	5.9	5.8	4	face	settings_sphere				cell_cm=5.9
1789661165.047	folder	globe	14.5	6.1	5.8	4	face	settings_sphere				{ "folder": "settings_sphere", "view": "browse", "items": 11, "total": 11, "page": 1, "pages": 1 }
1789661165.047	настройка_значение	globe	14.5	6.1	5.8	4	face	settings_sphere				cell_cm=6.1
1789661165.056	folder	globe	14.5	6.2	5.8	4	face	settings_sphere				{ "folder": "settings_sphere", "view": "browse", "items": 11, "total": 11, "page": 1, "pages": 1 }
1789661165.056	настройка_значение	globe	14.5	6.2	5.8	4	face	settings_sphere				cell_cm=6.2
1789661165.065	folder	globe	14.5	6.3	5.8	4	face	settings_sphere				{ "folder": "settings_sphere", "view": "browse", "items": 11, "total": 11, "page": 1, "pages": 1 }
1789661165.066	настройка_значение	globe	14.5	6.3	5.8	4	face	settings_sphere				cell_cm=6.3
1789661165.077	folder	globe	14.5	6.4	6.85	3	face	settings_sphere				{ "folder": "settings_sphere", "view": "browse", "items": 11, "total": 11, "page": 1, "pages": 1 }
1789661165.077	настройка_значение	globe	14.5	6.4	6.85	3	face	settings_sphere				cell_cm=6.4
1789661165.087	folder	globe	14.5	6.6	6.85	3	face	settings_sphere				{ "folder": "settings_sphere", "view": "browse", "items": 11, "total": 11, "page": 1, "pages": 1 }
1789661165.087	настройка_значение	globe	14.5	6.6	6.85	3	face	settings_sphere				cell_cm=6.6
1789661165.097	folder	globe	14.5	7.0	6.85	3	face	settings_sphere				{ "folder": "settings_sphere", "view": "browse", "items": 11, "total": 11, "page": 1, "pages": 1 }
1789661165.097	настройка_значение	globe	14.5	7.0	6.85	3	face	settings_sphere				cell_cm=7.0
1789661165.110	folder	globe	14.5	7.5	7.57	2	face	settings_sphere				{ "folder": "settings_sphere", "view": "browse", "items": 11, "total": 11, "page": 1, "pages": 1 }
1789661165.110	настройка_значение	globe	14.5	7.5	7.57	2	face	settings_sphere				cell_cm=7.5
1789661165.120	folder	globe	14.5	7.8	7.57	2	face	settings_sphere				{ "folder": "settings_sphere", "view": "browse", "items": 11, "total": 11, "page": 1, "pages": 1 }
1789661165.120	настройка_значение	globe	14.5	7.8	7.57	2	face	settings_sphere				cell_cm=7.8
1789661165.132	folder	globe	14.5	8.2	7.57	2	face	settings_sphere				{ "folder": "settings_sphere", "view": "browse", "items": 11, "total": 11, "page": 1, "pages": 1 }
1789661165.132	настройка_значение	globe	14.5	8.2	7.57	2	face	settings_sphere				cell_cm=8.2
1789661165.143	folder	globe	14.5	8.4	7.57	2	face	settings_sphere				{ "folder": "settings_sphere", "view": "browse", "items": 11, "total": 11, "page": 1, "pages": 1 }
1789661165.144	настройка_значение	globe	14.5	8.4	7.57	2	face	settings_sphere				cell_cm=8.4
1789661165.155	folder	globe	14.5	8.6	7.57	2	face	settings_sphere				{ "folder": "settings_sphere", "view": "browse", "items": 11, "total": 11, "page": 1, "pages": 1 }
1789661165.155	настройка_значение	globe	14.5	8.6	7.57	2	face	settings_sphere				cell_cm=8.6
1789661165.167	folder	globe	14.5	8.7	7.57	2	face	settings_sphere				{ "folder": "settings_sphere", "view": "browse", "items": 11, "total": 11, "page": 1, "pages": 1 }
1789661165.167	настройка_значение	globe	14.5	8.7	7.57	2	face	settings_sphere				cell_cm=8.7
1789661165.179	folder	globe	14.5	8.8	7.57	2	face	settings_sphere				{ "folder": "settings_sphere", "view": "browse", "items": 11, "total": 11, "page": 1, "pages": 1 }
1789661165.180	настройка_значение	globe	14.5	8.8	7.57	2	face	settings_sphere				cell_cm=8.8
1789661165.189	folder	globe	14.5	8.9	7.57	2	face	settings_sphere				{ "folder": "settings_sphere", "view": "browse", "items": 11, "total": 11, "page": 1, "pages": 1 }
1789661165.190	настройка_значение	globe	14.5	8.9	7.57	2	face	settings_sphere				cell_cm=8.9
1789661165.208	folder	globe	14.5	9.0	7.57	2	face	settings_sphere				{ "folder": "settings_sphere", "view": "browse", "items": 11, "total": 11, "page": 1, "pages": 1 }
1789661165.208	настройка_значение	globe	14.5	9.0	7.57	2	face	settings_sphere				cell_cm=9.0
1789661165.224	folder	globe	14.5	9.1	10.92	1	face	settings_sphere				{ "folder": "settings_sphere", "view": "browse", "items": 11, "total": 11, "page": 1, "pages": 1 }
1789661165.224	настройка_значение	globe	14.5	9.1	10.92	1	face	settings_sphere				cell_cm=9.1
1789661165.241	folder	globe	14.5	9.2	10.92	1	face	settings_sphere				{ "folder": "settings_sphere", "view": "browse", "items": 11, "total": 11, "page": 1, "pages": 1 }
1789661165.241	настройка_значение	globe	14.5	9.2	10.92	1	face	settings_sphere				cell_cm=9.2
1789661165.255	folder	globe	14.5	9.3	10.92	1	face	settings_sphere				{ "folder": "settings_sphere", "view": "browse", "items": 11, "total": 11, "page": 1, "pages": 1 }
1789661165.256	настройка_значение	globe	14.5	9.3	10.92	1	face	settings_sphere				cell_cm=9.3
1789661165.265	folder	globe	14.5	9.2	10.92	1	face	settings_sphere				{ "folder": "settings_sphere", "view": "browse", "items": 11, "total": 11, "page": 1, "pages": 1 }
1789661165.265	настройка_значение	globe	14.5	9.2	10.92	1	face	settings_sphere				cell_cm=9.2
1789661166.204	folder	globe	14.5	9.1	10.92	1	face	settings_sphere				{ "folder": "settings_sphere", "view": "browse", "items": 11, "total": 11, "page": 1, "pages": 1 }
1789661166.204	настройка_значение	globe	14.5	9.1	10.92	1	face	settings_sphere				cell_cm=9.1
1789661166.226	folder	globe	14.5	9.0	7.57	2	face	settings_sphere				{ "folder": "settings_sphere", "view": "browse", "items": 11, "total": 11, "page": 1, "pages": 1 }
1789661166.226	настройка_значение	globe	14.5	9.0	7.57	2	face	settings_sphere				cell_cm=9.0
1789661166.238	folder	globe	14.5	8.8	7.57	2	face	settings_sphere				{ "folder": "settings_sphere", "view": "browse", "items": 11, "total": 11, "page": 1, "pages": 1 }
1789661166.239	настройка_значение	globe	14.5	8.8	7.57	2	face	settings_sphere				cell_cm=8.8
1789661166.250	folder	globe	14.5	8.6	7.57	2	face	settings_sphere				{ "folder": "settings_sphere", "view": "browse", "items": 11, "total": 11, "page": 1, "pages": 1 }
1789661166.250	настройка_значение	globe	14.5	8.6	7.57	2	face	settings_sphere				cell_cm=8.6
1789661166.259	folder	globe	14.5	8.4	7.57	2	face	settings_sphere				{ "folder": "settings_sphere", "view": "browse", "items": 11, "total": 11, "page": 1, "pages": 1 }
1789661166.260	настройка_значение	globe	14.5	8.4	7.57	2	face	settings_sphere				cell_cm=8.4
1789661166.268	folder	globe	14.5	8.2	7.57	2	face	settings_sphere				{ "folder": "settings_sphere", "view": "browse", "items": 11, "total": 11, "page": 1, "pages": 1 }
1789661166.269	настройка_значение	globe	14.5	8.2	7.57	2	face	settings_sphere				cell_cm=8.2
1789661166.276	folder	globe	14.5	8.1	7.57	2	face	settings_sphere				{ "folder": "settings_sphere", "view": "browse", "items": 11, "total": 11, "page": 1, "pages": 1 }
1789661166.277	настройка_значение	globe	14.5	8.1	7.57	2	face	settings_sphere				cell_cm=8.1
1789661166.285	folder	globe	14.5	8.0	7.57	2	face	settings_sphere				{ "folder": "settings_sphere", "view": "browse", "items": 11, "total": 11, "page": 1, "pages": 1 }
1789661166.285	настройка_значение	globe	14.5	8.0	7.57	2	face	settings_sphere				cell_cm=8.0
1789661166.296	folder	globe	14.5	7.8	7.57	2	face	settings_sphere				{ "folder": "settings_sphere", "view": "browse", "items": 11, "total": 11, "page": 1, "pages": 1 }
1789661166.296	настройка_значение	globe	14.5	7.8	7.57	2	face	settings_sphere				cell_cm=7.8
1789661166.307	folder	globe	14.5	7.6	7.57	2	face	settings_sphere				{ "folder": "settings_sphere", "view": "browse", "items": 11, "total": 11, "page": 1, "pages": 1 }
1789661166.307	настройка_значение	globe	14.5	7.6	7.57	2	face	settings_sphere				cell_cm=7.6
1789661166.318	folder	globe	14.5	7.5	7.57	2	face	settings_sphere				{ "folder": "settings_sphere", "view": "browse", "items": 11, "total": 11, "page": 1, "pages": 1 }
1789661166.318	настройка_значение	globe	14.5	7.5	7.57	2	face	settings_sphere				cell_cm=7.5
1789661166.330	folder	globe	14.5	7.3	7.57	2	face	settings_sphere				{ "folder": "settings_sphere", "view": "browse", "items": 11, "total": 11, "page": 1, "pages": 1 }
1789661166.330	настройка_значение	globe	14.5	7.3	7.57	2	face	settings_sphere				cell_cm=7.3
1789661166.342	folder	globe	14.5	7.0	6.85	3	face	settings_sphere				{ "folder": "settings_sphere", "view": "browse", "items": 11, "total": 11, "page": 1, "pages": 1 }
1789661166.343	настройка_значение	globe	14.5	7.0	6.85	3	face	settings_sphere				cell_cm=7.0
1789661166.352	folder	globe	14.5	6.8	6.85	3	face	settings_sphere				{ "folder": "settings_sphere", "view": "browse", "items": 11, "total": 11, "page": 1, "pages": 1 }
1789661166.352	настройка_значение	globe	14.5	6.8	6.85	3	face	settings_sphere				cell_cm=6.8
1789661166.363	folder	globe	14.5	6.6	6.85	3	face	settings_sphere				{ "folder": "settings_sphere", "view": "browse", "items": 11, "total": 11, "page": 1, "pages": 1 }
1789661166.363	настройка_значение	globe	14.5	6.6	6.85	3	face	settings_sphere				cell_cm=6.6
1789661166.373	folder	globe	14.5	6.5	6.85	3	face	settings_sphere				{ "folder": "settings_sphere", "view": "browse", "items": 11, "total": 11, "page": 1, "pages": 1 }
1789661166.373	настройка_значение	globe	14.5	6.5	6.85	3	face	settings_sphere				cell_cm=6.5
1789661166.386	folder	globe	14.5	6.4	6.85	3	face	settings_sphere				{ "folder": "settings_sphere", "view": "browse", "items": 11, "total": 11, "page": 1, "pages": 1 }
1789661166.386	настройка_значение	globe	14.5	6.4	6.85	3	face	settings_sphere				cell_cm=6.4
1789661166.396	folder	globe	14.5	6.3	5.8	4	face	settings_sphere				{ "folder": "settings_sphere", "view": "browse", "items": 11, "total": 11, "page": 1, "pages": 1 }
1789661166.396	настройка_значение	globe	14.5	6.3	5.8	4	face	settings_sphere				cell_cm=6.3
1789661166.410	folder	globe	14.5	6.1	5.8	4	face	settings_sphere				{ "folder": "settings_sphere", "view": "browse", "items": 11, "total": 11, "page": 1, "pages": 1 }
1789661166.410	настройка_значение	globe	14.5	6.1	5.8	4	face	settings_sphere				cell_cm=6.1
1789661166.420	folder	globe	14.5	6.0	5.8	4	face	settings_sphere				{ "folder": "settings_sphere", "view": "browse", "items": 11, "total": 11, "page": 1, "pages": 1 }
1789661166.420	настройка_значение	globe	14.5	6.0	5.8	4	face	settings_sphere				cell_cm=6.0
1789661166.429	folder	globe	14.5	5.9	5.8	4	face	settings_sphere				{ "folder": "settings_sphere", "view": "browse", "items": 11, "total": 11, "page": 1, "pages": 1 }
1789661166.429	настройка_значение	globe	14.5	5.9	5.8	4	face	settings_sphere				cell_cm=5.9
1789661166.449	folder	globe	14.5	6.0	5.8	4	face	settings_sphere				{ "folder": "settings_sphere", "view": "browse", "items": 11, "total": 11, "page": 1, "pages": 1 }
1789661166.449	настройка_значение	globe	14.5	6.0	5.8	4	face	settings_sphere				cell_cm=6.0
1789661166.473	folder	globe	14.5	6.1	5.8	4	face	settings_sphere				{ "folder": "settings_sphere", "view": "browse", "items": 11, "total": 11, "page": 1, "pages": 1 }
1789661166.474	настройка_значение	globe	14.5	6.1	5.8	4	face	settings_sphere				cell_cm=6.1
1789661166.487	folder	globe	14.5	6.2	5.8	4	face	settings_sphere				{ "folder": "settings_sphere", "view": "browse", "items": 11, "total": 11, "page": 1, "pages": 1 }
1789661166.488	настройка_значение	globe	14.5	6.2	5.8	4	face	settings_sphere				cell_cm=6.2
1789661166.505	folder	globe	14.5	6.3	5.8	4	face	settings_sphere				{ "folder": "settings_sphere", "view": "browse", "items": 11, "total": 11, "page": 1, "pages": 1 }
1789661166.505	настройка_значение	globe	14.5	6.3	5.8	4	face	settings_sphere				cell_cm=6.3
1789661166.527	folder	globe	14.5	6.4	6.85	3	face	settings_sphere				{ "folder": "settings_sphere", "view": "browse", "items": 11, "total": 11, "page": 1, "pages": 1 }
1789661166.527	настройка_значение	globe	14.5	6.4	6.85	3	face	settings_sphere				cell_cm=6.4
1789661166.542	folder	globe	14.5	6.5	6.85	3	face	settings_sphere				{ "folder": "settings_sphere", "view": "browse", "items": 11, "total": 11, "page": 1, "pages": 1 }
1789661166.542	настройка_значение	globe	14.5	6.5	6.85	3	face	settings_sphere				cell_cm=6.5
1789661166.553	folder	globe	14.5	6.7	6.85	3	face	settings_sphere				{ "folder": "settings_sphere", "view": "browse", "items": 11, "total": 11, "page": 1, "pages": 1 }
1789661166.554	настройка_значение	globe	14.5	6.7	6.85	3	face	settings_sphere				cell_cm=6.7
1789661166.562	folder	globe	14.5	7.0	6.85	3	face	settings_sphere				{ "folder": "settings_sphere", "view": "browse", "items": 11, "total": 11, "page": 1, "pages": 1 }
1789661166.562	настройка_значение	globe	14.5	7.0	6.85	3	face	settings_sphere				cell_cm=7.0
1789661166.572	folder	globe	14.5	7.4	7.57	2	face	settings_sphere				{ "folder": "settings_sphere", "view": "browse", "items": 11, "total": 11, "page": 1, "pages": 1 }
1789661166.572	настройка_значение	globe	14.5	7.4	7.57	2	face	settings_sphere				cell_cm=7.4
1789661166.581	folder	globe	14.5	7.6	7.57	2	face	settings_sphere				{ "folder": "settings_sphere", "view": "browse", "items": 11, "total": 11, "page": 1, "pages": 1 }
1789661166.582	настройка_значение	globe	14.5	7.6	7.57	2	face	settings_sphere				cell_cm=7.6
1789661166.594	folder	globe	14.5	7.7	7.57	2	face	settings_sphere				{ "folder": "settings_sphere", "view": "browse", "items": 11, "total": 11, "page": 1, "pages": 1 }
1789661166.594	настройка_значение	globe	14.5	7.7	7.57	2	face	settings_sphere				cell_cm=7.7
1789661166.609	folder	globe	14.5	7.8	7.57	2	face	settings_sphere				{ "folder": "settings_sphere", "view": "browse", "items": 11, "total": 11, "page": 1, "pages": 1 }
1789661166.609	настройка_значение	globe	14.5	7.8	7.57	2	face	settings_sphere				cell_cm=7.8
1789661166.620	folder	globe	14.5	7.9	7.57	2	face	settings_sphere				{ "folder": "settings_sphere", "view": "browse", "items": 11, "total": 11, "page": 1, "pages": 1 }
1789661166.620	настройка_значение	globe	14.5	7.9	7.57	2	face	settings_sphere				cell_cm=7.9
1789661166.631	folder	globe	14.5	8.0	7.57	2	face	settings_sphere				{ "folder": "settings_sphere", "view": "browse", "items": 11, "total": 11, "page": 1, "pages": 1 }
1789661166.631	настройка_значение	globe	14.5	8.0	7.57	2	face	settings_sphere				cell_cm=8.0
1789661166.643	folder	globe	14.5	8.1	7.57	2	face	settings_sphere				{ "folder": "settings_sphere", "view": "browse", "items": 11, "total": 11, "page": 1, "pages": 1 }
1789661166.643	настройка_значение	globe	14.5	8.1	7.57	2	face	settings_sphere				cell_cm=8.1
1789661166.663	folder	globe	14.5	8.2	7.57	2	face	settings_sphere				{ "folder": "settings_sphere", "view": "browse", "items": 11, "total": 11, "page": 1, "pages": 1 }
1789661166.664	настройка_значение	globe	14.5	8.2	7.57	2	face	settings_sphere				cell_cm=8.2
1789661166.698	folder	globe	14.5	8.1	7.57	2	face	settings_sphere				{ "folder": "settings_sphere", "view": "browse", "items": 11, "total": 11, "page": 1, "pages": 1 }
1789661166.698	настройка_значение	globe	14.5	8.1	7.57	2	face	settings_sphere				cell_cm=8.1
1789661166.720	folder	globe	14.5	8.0	7.57	2	face	settings_sphere				{ "folder": "settings_sphere", "view": "browse", "items": 11, "total": 11, "page": 1, "pages": 1 }
1789661166.721	настройка_значение	globe	14.5	8.0	7.57	2	face	settings_sphere				cell_cm=8.0
1789661170.993	folder	globe	14.5	9.0	7.57	2	face	settings_sphere				{ "folder": "settings_sphere", "view": "browse", "items": 11, "total": 11, "page": 1, "pages": 1 }
1789661170.993	настройка_значение	globe	14.5	9.0	7.57	2	face	settings_sphere				cell_cm=9.0
1789661174.637	folder	globe	14.5	4.0	3.99	7	face	settings_sphere				{ "folder": "settings_sphere", "view": "browse", "items": 11, "total": 11, "page": 1, "pages": 1 }
1789661174.638	настройка_значение	globe	14.5	4.0	3.99	7	face	settings_sphere				cell_cm=4.0
1789661176.157	panel_scroll	globe	14.5	4.0	3.99	7	face	settings_sphere				{ "how": "stick", "mode": "edit" }
1789661178.482	folder	globe	14.5	8.8	7.57	2	face	settings_sphere				{ "folder": "settings_sphere", "view": "browse", "items": 11, "total": 11, "page": 1, "pages": 1 }
1789661178.482	настройка_значение	globe	14.5	8.8	7.57	2	face	settings_sphere				cell_cm=8.8
1789661178.495	folder	globe	14.5	8.9	7.57	2	face	settings_sphere				{ "folder": "settings_sphere", "view": "browse", "items": 11, "total": 11, "page": 1, "pages": 1 }
1789661178.495	настройка_значение	globe	14.5	8.9	7.57	2	face	settings_sphere				cell_cm=8.9
1789661178.505	folder	globe	14.5	8.8	7.57	2	face	settings_sphere				{ "folder": "settings_sphere", "view": "browse", "items": 11, "total": 11, "page": 1, "pages": 1 }
1789661178.505	настройка_значение	globe	14.5	8.8	7.57	2	face	settings_sphere				cell_cm=8.8
1789661178.514	folder	globe	14.5	8.7	7.57	2	face	settings_sphere				{ "folder": "settings_sphere", "view": "browse", "items": 11, "total": 11, "page": 1, "pages": 1 }
1789661178.514	настройка_значение	globe	14.5	8.7	7.57	2	face	settings_sphere				cell_cm=8.7
1789661178.523	folder	globe	14.5	8.6	7.57	2	face	settings_sphere				{ "folder": "settings_sphere", "view": "browse", "items": 11, "total": 11, "page": 1, "pages": 1 }
1789661178.523	настройка_значение	globe	14.5	8.6	7.57	2	face	settings_sphere				cell_cm=8.6
1789661178.530	folder	globe	14.5	8.5	7.57	2	face	settings_sphere				{ "folder": "settings_sphere", "view": "browse", "items": 11, "total": 11, "page": 1, "pages": 1 }
1789661178.530	настройка_значение	globe	14.5	8.5	7.57	2	face	settings_sphere				cell_cm=8.5
1789661178.541	folder	globe	14.5	8.4	7.57	2	face	settings_sphere				{ "folder": "settings_sphere", "view": "browse", "items": 11, "total": 11, "page": 1, "pages": 1 }
1789661178.541	настройка_значение	globe	14.5	8.4	7.57	2	face	settings_sphere				cell_cm=8.4
1789661178.552	folder	globe	14.5	8.3	7.57	2	face	settings_sphere				{ "folder": "settings_sphere", "view": "browse", "items": 11, "total": 11, "page": 1, "pages": 1 }
1789661178.552	настройка_значение	globe	14.5	8.3	7.57	2	face	settings_sphere				cell_cm=8.3
1789661178.573	folder	globe	14.5	8.4	7.57	2	face	settings_sphere				{ "folder": "settings_sphere", "view": "browse", "items": 11, "total": 11, "page": 1, "pages": 1 }
1789661178.573	настройка_значение	globe	14.5	8.4	7.57	2	face	settings_sphere				cell_cm=8.4
1789661178.596	folder	globe	14.5	8.5	7.57	2	face	settings_sphere				{ "folder": "settings_sphere", "view": "browse", "items": 11, "total": 11, "page": 1, "pages": 1 }
1789661178.596	настройка_значение	globe	14.5	8.5	7.57	2	face	settings_sphere				cell_cm=8.5
1789661178.618	folder	globe	14.5	8.6	7.57	2	face	settings_sphere				{ "folder": "settings_sphere", "view": "browse", "items": 11, "total": 11, "page": 1, "pages": 1 }
1789661178.619	настройка_значение	globe	14.5	8.6	7.57	2	face	settings_sphere				cell_cm=8.6
1789661178.667	folder	globe	14.5	8.7	7.57	2	face	settings_sphere				{ "folder": "settings_sphere", "view": "browse", "items": 11, "total": 11, "page": 1, "pages": 1 }
1789661178.667	настройка_значение	globe	14.5	8.7	7.57	2	face	settings_sphere				cell_cm=8.7
1789661178.698	folder	globe	14.5	8.8	7.57	2	face	settings_sphere				{ "folder": "settings_sphere", "view": "browse", "items": 11, "total": 11, "page": 1, "pages": 1 }
1789661178.698	настройка_значение	globe	14.5	8.8	7.57	2	face	settings_sphere				cell_cm=8.8
1789661182.391	панель_кнопка	globe	14.5	8.8	7.57	2	face	settings_sphere				done
1789661182.395	настройка_сохранена	globe	14.5	8.8	7.57	2	face	settings_sphere				cell_cm=8.8
1789661185.203	folder	globe	14.5	8.8	7.57	2	face	settings				{ "folder": "settings", "view": "browse", "items": 4, "total": 4, "page": 1, "pages": 1 }
1789661185.203	intent	globe	14.5	8.8	7.57	2	face	settings				{ "do": "reload", "view": "browse", "folder": "settings" }
1789661186.659	folder	globe	14.5	8.8	7.57	2	face					{ "folder": "", "view": "browse", "items": 6, "total": 6, "page": 1, "pages": 1 }
1789661186.659	intent	globe	14.5	8.8	7.57	2	face					{ "do": "reload", "view": "browse", "folder": "" }
1789661188.181	folder	globe	14.5	8.8	7.57	2	face	files				{ "folder": "files", "view": "browse", "items": 5, "total": 5, "page": 1, "pages": 1 }
1789661188.181	intent	globe	14.5	8.8	7.57	2	face	files				{ "do": "reload", "view": "browse", "folder": "files" }
1789661191.232	folder	globe	14.5	8.8	7.57	2	face	bulk				{ "folder": "bulk", "view": "browse", "items": 70, "total": 128, "page": 1, "pages": 2 }
1789661191.232	intent	globe	14.5	8.8	7.57	2	face	bulk				{ "do": "reload", "view": "browse", "folder": "bulk" }
1789661193.947	page	globe	14.5	8.8	7.57	2	face	bulk				{ "from": 71, "to": 128, "total": 128, "page": 2, "pages": 2 }
1789661193.952	folder	globe	14.5	8.8	7.57	2	face	bulk				{ "folder": "bulk", "view": "browse", "items": 58, "total": 128, "page": 2, "pages": 2 }
1789661193.952	intent	globe	14.5	8.8	7.57	2	face	bulk				{ "do": "reload", "view": "browse", "folder": "bulk" }
1789661200.391	folder	globe	14.5	8.8	7.57	2	face	bulk				{ "folder": "bulk", "view": "actions", "items": 8, "total": 7, "page": 1, "pages": 1 }
1789661200.391	intent	globe	14.5	8.8	7.57	2	face	bulk				{ "do": "reload", "view": "actions", "folder": "bulk" }
1789661202.952	folder	globe	14.5	8.8	7.57	2	face	bulk				{ "folder": "bulk", "view": "browse", "items": 58, "total": 128, "page": 2, "pages": 2 }
1789661202.953	intent	globe	14.5	8.8	7.57	2	face	bulk				{ "do": "reload", "view": "browse", "folder": "bulk" }
1789661203.912	скриншот	globe	14.5	8.8	7.57	2	face	bulk		да		screenshot_2026-09-17_21-06-43.692.png, 1920×1080, 188942 байт, всего 2213765 (листинг), 219 мс
1789661205.047	folder	globe	14.5	8.8	7.57	2	face	files				{ "folder": "files", "view": "browse", "items": 5, "total": 5, "page": 1, "pages": 1 }
1789661205.048	intent	globe	14.5	8.8	7.57	2	face	files				{ "do": "reload", "view": "browse", "folder": "files" }
1789661206.592	folder	globe	14.5	8.8	7.57	2	face					{ "folder": "", "view": "browse", "items": 6, "total": 6, "page": 1, "pages": 1 }
1789661206.593	intent	globe	14.5	8.8	7.57	2	face					{ "do": "reload", "view": "browse", "folder": "" }
1789661208.948	folder	globe	14.5	8.8	7.57	2	face	settings				{ "folder": "settings", "view": "browse", "items": 4, "total": 4, "page": 1, "pages": 1 }
1789661208.948	intent	globe	14.5	8.8	7.57	2	face	settings				{ "do": "reload", "view": "browse", "folder": "settings" }
1789661210.049	folder	globe	14.5	8.8	7.57	2	face	settings_sphere				{ "folder": "settings_sphere", "view": "browse", "items": 11, "total": 11, "page": 1, "pages": 1 }
1789661210.049	intent	globe	14.5	8.8	7.57	2	face	settings_sphere				{ "do": "reload", "view": "browse", "folder": "settings_sphere" }
1789661213.663	настройка_открыта	globe	14.5	8.8	7.57	2	face	settings_sphere				surface
1789661213.664	intent	globe	14.5	8.8	7.57	2	face	settings_sphere				{ "do": "edit", "view": "browse", "folder": "settings_sphere", "setting": "surface" }
1789661215.249	folder	lens	14.5	8.8	8.8	2	face	settings_sphere				{ "folder": "settings_sphere", "view": "browse", "items": 11, "total": 11, "page": 1, "pages": 1 }
1789661215.249	настройка_значение	lens	14.5	8.8	8.8	2	face	settings_sphere				surface=lens
1789661216.191	панель_кнопка	lens	14.5	8.8	8.8	2	face	settings_sphere				done
1789661216.192	настройка_сохранена	lens	14.5	8.8	8.8	2	face	settings_sphere				surface=lens
1789661217.559	folder	lens	14.5	8.8	8.8	2	face	settings				{ "folder": "settings", "view": "browse", "items": 4, "total": 4, "page": 1, "pages": 1 }
1789661217.559	intent	lens	14.5	8.8	8.8	2	face	settings				{ "do": "reload", "view": "browse", "folder": "settings" }
1789661219.170	folder	lens	14.5	8.8	8.8	2	face					{ "folder": "", "view": "browse", "items": 6, "total": 6, "page": 1, "pages": 1 }
1789661219.170	intent	lens	14.5	8.8	8.8	2	face					{ "do": "reload", "view": "browse", "folder": "" }
1789661221.148	folder	lens	14.5	8.8	8.8	2	face	files				{ "folder": "files", "view": "browse", "items": 5, "total": 5, "page": 1, "pages": 1 }
1789661221.148	intent	lens	14.5	8.8	8.8	2	face	files				{ "do": "reload", "view": "browse", "folder": "files" }
1789661222.190	folder	lens	14.5	8.8	8.8	2	face	bulk				{ "folder": "bulk", "view": "browse", "items": 128, "total": 128, "page": 1, "pages": 1 }
1789661222.191	intent	lens	14.5	8.8	8.8	2	face	bulk				{ "do": "reload", "view": "browse", "folder": "bulk" }
1789661224.119	скриншот	lens	14.5	8.8	8.8	2	face	bulk		да		screenshot_2026-09-17_21-07-03.881.png, 1920×1080, 156990 байт, всего 2370755 (листинг), 238 мс
1789661230.706	скриншот	lens	14.5	8.8	8.8	2	face	bulk		да		screenshot_2026-09-17_21-07-10.470.png, 1920×1080, 139396 байт, всего 2510151 (листинг), 236 мс
1789661233.959	folder	lens	14.5	8.8	8.8	2	face	files				{ "folder": "files", "view": "browse", "items": 5, "total": 5, "page": 1, "pages": 1 }
1789661233.959	intent	lens	14.5	8.8	8.8	2	face	files				{ "do": "reload", "view": "browse", "folder": "files" }
1789661235.348	folder	lens	14.5	8.8	8.8	2	face					{ "folder": "", "view": "browse", "items": 6, "total": 6, "page": 1, "pages": 1 }
1789661235.348	intent	lens	14.5	8.8	8.8	2	face					{ "do": "reload", "view": "browse", "folder": "" }
1789661237.136	intent	lens	14.5	8.8	8.8	2	face					{ "do": "exit", "view": "browse", "folder": "" }
1789661237.138	выход	lens	14.5	8.8	8.8	2	face					выгрузка в /storage/emulated/0/Download/VRGE/2026-09-17_21-07-17
# unix_время	событие	поверхность	радиус_см	ячейка_см	ячейка_факт_см	уровень_глобуса	вращение_рукой	папка	задание	попадание	мс_от_задания	подробности
# сессия 2026-09-18T07:27:36
1789698456.395	сессия_openxr	lens	14.5	8.8	8.8	2	face					session_begun кадр 0
1789698456.806	сессия_openxr	lens	14.5	8.8	8.8	2	face					session_visible кадр 1
1789698456.806	сессия_openxr	lens	14.5	8.8	8.8	2	face					session_focussed кадр 1
1789698457.114	folder	globe	20.0	1.5	3.52	13	face					{ "folder": "", "view": "browse", "items": 6, "total": 6, "page": 1, "pages": 1 }
1789698457.114	toggle	globe	20.0	1.5	3.52	13	face					{ "open": true }
1789698461.450	folder	globe	20.0	15.0	15.07	1	face					{ "folder": "", "view": "browse", "items": 6, "total": 6, "page": 1, "pages": 1 }
1789698465.962	folder	lens	20.0	1.5	1.5	13	face					{ "folder": "", "view": "browse", "items": 6, "total": 6, "page": 1, "pages": 1 }
1789698470.473	folder	globe_hex	20.0	1.5	3.52	13	face					{ "folder": "", "view": "browse", "items": 6, "total": 6, "page": 1, "pages": 1 }
1789698475.076	folder	octa	20.0	1.5	3.65	21	face					{ "folder": "", "view": "browse", "items": 6, "total": 6, "page": 1, "pages": 1 }
1789698479.662	folder	rings	20.0	1.5	3.29	16	face					{ "folder": "", "view": "browse", "items": 6, "total": 6, "page": 1, "pages": 1 }
1789698484.282	folder	fib	20.0	1.5	3.47	27	face					{ "folder": "", "view": "browse", "items": 6, "total": 6, "page": 1, "pages": 1 }
1789698488.825	folder	fib	8.0	1.5	1.49	26	face					{ "folder": "", "view": "browse", "items": 6, "total": 6, "page": 1, "pages": 1 }
1789698488.826	настройка_значение	fib	8.0	1.5	1.49	26	face					radius_cm=8.0
1789698488.856	folder	fib	17.5	1.5	3.04	27	face					{ "folder": "", "view": "browse", "items": 6, "total": 6, "page": 1, "pages": 1 }
1789698488.856	настройка_значение	fib	17.5	1.5	3.04	27	face					radius_cm=17.5
1789698488.878	folder	fib	20.0	1.5	3.47	27	face					{ "folder": "", "view": "browse", "items": 6, "total": 6, "page": 1, "pages": 1 }
1789698488.964	folder	globe	20.0	1.5	3.52	13	face					{ "folder": "", "view": "browse", "items": 6, "total": 6, "page": 1, "pages": 1 }
1789698524.210	folder	globe	20.0	1.5	3.52	13	face	files				{ "folder": "files", "view": "browse", "items": 5, "total": 5, "page": 1, "pages": 1 }
1789698524.210	intent	globe	20.0	1.5	3.52	13	face	files				{ "do": "reload", "view": "browse", "folder": "files" }
1789698524.222	folder	globe	20.0	1.5	3.52	13	face	bulk				{ "folder": "bulk", "view": "browse", "items": 128, "total": 128, "page": 1, "pages": 1 }
1789698524.222	intent	globe	20.0	1.5	3.52	13	face	bulk				{ "do": "reload", "view": "browse", "folder": "bulk" }
1789698528.742	folder	lens	20.0	1.5	1.5	13	face	bulk				{ "folder": "bulk", "view": "browse", "items": 128, "total": 128, "page": 1, "pages": 1 }
1789698528.743	folder	lens	20.0	1.5	1.5	13	face	files				{ "folder": "files", "view": "browse", "items": 5, "total": 5, "page": 1, "pages": 1 }
1789698528.743	intent	lens	20.0	1.5	1.5	13	face	files				{ "do": "reload", "view": "browse", "folder": "files" }
1789698528.744	folder	lens	20.0	1.5	1.5	13	face					{ "folder": "", "view": "browse", "items": 6, "total": 6, "page": 1, "pages": 1 }
1789698528.744	intent	lens	20.0	1.5	1.5	13	face					{ "do": "reload", "view": "browse", "folder": "" }
1789698528.745	folder	lens	20.0	1.5	1.5	13	face	files				{ "folder": "files", "view": "browse", "items": 5, "total": 5, "page": 1, "pages": 1 }
1789698528.745	intent	lens	20.0	1.5	1.5	13	face	files				{ "do": "reload", "view": "browse", "folder": "files" }
1789698528.755	folder	lens	20.0	1.5	1.5	13	face	bulk				{ "folder": "bulk", "view": "browse", "items": 128, "total": 128, "page": 1, "pages": 1 }
1789698528.755	intent	lens	20.0	1.5	1.5	13	face	bulk				{ "do": "reload", "view": "browse", "folder": "bulk" }
1789698533.272	folder	globe	20.0	1.5	3.52	13	face	bulk				{ "folder": "bulk", "view": "browse", "items": 128, "total": 128, "page": 1, "pages": 1 }
1789698533.274	folder	globe	20.0	1.5	3.52	13	face	files				{ "folder": "files", "view": "browse", "items": 5, "total": 5, "page": 1, "pages": 1 }
1789698533.274	intent	globe	20.0	1.5	3.52	13	face	files				{ "do": "reload", "view": "browse", "folder": "files" }
1789698533.275	folder	globe	20.0	1.5	3.52	13	face					{ "folder": "", "view": "browse", "items": 6, "total": 6, "page": 1, "pages": 1 }
1789698533.275	intent	globe	20.0	1.5	3.52	13	face					{ "do": "reload", "view": "browse", "folder": "" }
1789698533.278	клавиатура	globe	20.0	1.5	3.52	13	face					show
1789698533.297	toggle	globe	20.0	1.5	3.52	13	face					{ "open": false }
1789698533.297	самопроверка	globe	20.0	1.5	3.52	13	face			PASS		{ "глобус уровень 13, 632 ячеек, вращение": { "gpu95": 2.09299993515015, "cpu95": 0.18199999630451, "proc95": 2.037, "over": 0 }, "глобус крупный: уровень 1, 32 ячеек, радиус 20.0 см, вращение": { "gpu95": 1.88199996948242, "cpu95": 0.17399999499321, "proc95": 3.088, "over": 0 }, "линза α=0.037, 700 ячеек, вращение": { "gpu95": 2.77500009536743, "cpu95": 0.28499999642372, "proc95": 6.919, "over": 0 } }
1789698539.678	folder	lens	14.5	8.8	8.8	2	face					{ "folder": "", "view": "browse", "items": 6, "total": 6, "page": 1, "pages": 1 }
1789698539.678	toggle	lens	14.5	8.8	8.8	2	face					{ "open": true }
1789698541.821	сценарий_начат	lens	14.5	8.8	8.8	2	face					4 шагов, осталось 4
1789698541.822	intent	lens	14.5	8.8	8.8	2	face					{ "do": "tasks", "view": "browse", "folder": "" }
1789698548.923	folder	lens	14.5	8.8	8.8	2	face	files				{ "folder": "files", "view": "browse", "items": 5, "total": 5, "page": 1, "pages": 1 }
1789698548.924	intent	lens	14.5	8.8	8.8	2	face	files				{ "do": "reload", "view": "browse", "folder": "files" }
1789698549.821	folder	lens	14.5	8.8	8.8	2	face	bulk				{ "folder": "bulk", "view": "browse", "items": 128, "total": 128, "page": 1, "pages": 1 }
1789698549.822	intent	lens	14.5	8.8	8.8	2	face	bulk				{ "do": "reload", "view": "browse", "folder": "bulk" }
1789698557.790	сценарий_шаг	lens	14.5	8.8	8.8	2	face	bulk	labels	да	15968	
1789698576.648	folder	lens	14.5	8.8	8.8	2	face	files				{ "folder": "files", "view": "browse", "items": 5, "total": 5, "page": 1, "pages": 1 }
1789698576.648	intent	lens	14.5	8.8	8.8	2	face	files				{ "do": "reload", "view": "browse", "folder": "files" }
1789698578.792	folder	lens	14.5	8.8	8.8	2	face					{ "folder": "", "view": "browse", "items": 6, "total": 6, "page": 1, "pages": 1 }
1789698578.792	intent	lens	14.5	8.8	8.8	2	face					{ "do": "reload", "view": "browse", "folder": "" }
1789698580.151	folder	lens	14.5	8.8	8.8	2	face	settings				{ "folder": "settings", "view": "browse", "items": 4, "total": 4, "page": 1, "pages": 1 }
1789698580.151	intent	lens	14.5	8.8	8.8	2	face	settings				{ "do": "reload", "view": "browse", "folder": "settings" }
1789698581.395	folder	lens	14.5	8.8	8.8	2	face	settings_sphere				{ "folder": "settings_sphere", "view": "browse", "items": 11, "total": 11, "page": 1, "pages": 1 }
1789698581.395	intent	lens	14.5	8.8	8.8	2	face	settings_sphere				{ "do": "reload", "view": "browse", "folder": "settings_sphere" }
1789698585.017	настройка_открыта	lens	14.5	8.8	8.8	2	face	settings_sphere				cell_cm
1789698585.017	intent	lens	14.5	8.8	8.8	2	face	settings_sphere				{ "do": "edit", "view": "browse", "folder": "settings_sphere", "setting": "cell_cm" }
1789698588.072	folder	lens	14.5	4.0	4.0	7	face	settings_sphere				{ "folder": "settings_sphere", "view": "browse", "items": 11, "total": 11, "page": 1, "pages": 1 }
1789698588.072	настройка_значение	lens	14.5	4.0	4.0	7	face	settings_sphere				cell_cm=4.0
1789698588.869	панель_кнопка	lens	14.5	4.0	4.0	7	face	settings_sphere				done
1789698588.870	настройка_сохранена	lens	14.5	4.0	4.0	7	face	settings_sphere				cell_cm=4.0
1789698591.382	folder	lens	14.5	4.0	4.0	7	face	settings				{ "folder": "settings", "view": "browse", "items": 4, "total": 4, "page": 1, "pages": 1 }
1789698591.382	intent	lens	14.5	4.0	4.0	7	face	settings				{ "do": "reload", "view": "browse", "folder": "settings" }
1789698592.749	folder	lens	14.5	4.0	4.0	7	face					{ "folder": "", "view": "browse", "items": 6, "total": 6, "page": 1, "pages": 1 }
1789698592.749	intent	lens	14.5	4.0	4.0	7	face					{ "do": "reload", "view": "browse", "folder": "" }
1789698594.738	folder	lens	14.5	4.0	4.0	7	face	files				{ "folder": "files", "view": "browse", "items": 5, "total": 5, "page": 1, "pages": 1 }
1789698594.738	intent	lens	14.5	4.0	4.0	7	face	files				{ "do": "reload", "view": "browse", "folder": "files" }
1789698595.934	folder	lens	14.5	4.0	4.0	7	face	bulk				{ "folder": "bulk", "view": "browse", "items": 128, "total": 128, "page": 1, "pages": 1 }
1789698595.935	intent	lens	14.5	4.0	4.0	7	face	bulk				{ "do": "reload", "view": "browse", "folder": "bulk" }
1789698606.816	folder	lens	14.5	4.0	4.0	7	face	files				{ "folder": "files", "view": "browse", "items": 5, "total": 5, "page": 1, "pages": 1 }
1789698606.816	intent	lens	14.5	4.0	4.0	7	face	files				{ "do": "reload", "view": "browse", "folder": "files" }
1789698609.983	folder	lens	14.5	4.0	4.0	7	face					{ "folder": "", "view": "browse", "items": 6, "total": 6, "page": 1, "pages": 1 }
1789698609.983	intent	lens	14.5	4.0	4.0	7	face					{ "do": "reload", "view": "browse", "folder": "" }
1789698612.316	folder	lens	14.5	4.0	4.0	7	face	settings				{ "folder": "settings", "view": "browse", "items": 4, "total": 4, "page": 1, "pages": 1 }
1789698612.316	intent	lens	14.5	4.0	4.0	7	face	settings				{ "do": "reload", "view": "browse", "folder": "settings" }
1789698614.372	folder	lens	14.5	4.0	4.0	7	face	settings_sphere				{ "folder": "settings_sphere", "view": "browse", "items": 11, "total": 11, "page": 1, "pages": 1 }
1789698614.376	intent	lens	14.5	4.0	4.0	7	face	settings_sphere				{ "do": "reload", "view": "browse", "folder": "settings_sphere" }
1789698616.268	настройка_открыта	lens	14.5	4.0	4.0	7	face	settings_sphere				surface
1789698616.268	intent	lens	14.5	4.0	4.0	7	face	settings_sphere				{ "do": "edit", "view": "browse", "folder": "settings_sphere", "setting": "surface" }
1789698618.563	folder	globe	14.5	4.0	3.99	7	face	settings_sphere				{ "folder": "settings_sphere", "view": "browse", "items": 11, "total": 11, "page": 1, "pages": 1 }
1789698618.563	настройка_значение	globe	14.5	4.0	3.99	7	face	settings_sphere				surface=globe
1789698619.561	панель_кнопка	globe	14.5	4.0	3.99	7	face	settings_sphere				done
1789698619.563	настройка_сохранена	globe	14.5	4.0	3.99	7	face	settings_sphere				surface=globe
1789698622.572	shake	globe	14.5	4.0	3.99	7	face					{ "how": "shake", "from": "settings_sphere" }
1789698622.573	folder	globe	14.5	4.0	3.99	7	face					{ "folder": "", "view": "browse", "items": 6, "total": 6, "page": 1, "pages": 1 }
1789698622.574	intent	globe	14.5	4.0	3.99	7	face					{ "do": "reload", "view": "browse", "folder": "" }
1789698624.018	folder	globe	14.5	4.0	3.99	7	face	files				{ "folder": "files", "view": "browse", "items": 5, "total": 5, "page": 1, "pages": 1 }
1789698624.018	intent	globe	14.5	4.0	3.99	7	face	files				{ "do": "reload", "view": "browse", "folder": "files" }
1789698627.217	folder	globe	14.5	4.0	3.99	7	face	bulk				{ "folder": "bulk", "view": "browse", "items": 128, "total": 128, "page": 1, "pages": 1 }
1789698627.217	intent	globe	14.5	4.0	3.99	7	face	bulk				{ "do": "reload", "view": "browse", "folder": "bulk" }
1789698631.718	folder	globe	14.5	4.0	3.99	7	face	files				{ "folder": "files", "view": "browse", "items": 5, "total": 5, "page": 1, "pages": 1 }
1789698631.718	intent	globe	14.5	4.0	3.99	7	face	files				{ "do": "reload", "view": "browse", "folder": "files" }
1789698634.108	folder	globe	14.5	4.0	3.99	7	face					{ "folder": "", "view": "browse", "items": 6, "total": 6, "page": 1, "pages": 1 }
1789698634.108	intent	globe	14.5	4.0	3.99	7	face					{ "do": "reload", "view": "browse", "folder": "" }
1789698636.575	folder	globe	14.5	4.0	3.99	7	face	settings				{ "folder": "settings", "view": "browse", "items": 4, "total": 4, "page": 1, "pages": 1 }
1789698636.575	intent	globe	14.5	4.0	3.99	7	face	settings				{ "do": "reload", "view": "browse", "folder": "settings" }
1789698637.531	folder	globe	14.5	4.0	3.99	7	face	settings_sphere				{ "folder": "settings_sphere", "view": "browse", "items": 11, "total": 11, "page": 1, "pages": 1 }
1789698637.531	intent	globe	14.5	4.0	3.99	7	face	settings_sphere				{ "do": "reload", "view": "browse", "folder": "settings_sphere" }
1789698642.366	настройка_открыта	globe	14.5	4.0	3.99	7	face	settings_sphere				radius_cm
1789698642.366	intent	globe	14.5	4.0	3.99	7	face	settings_sphere				{ "do": "edit", "view": "browse", "folder": "settings_sphere", "setting": "radius_cm" }
1789698644.709	folder	globe	10.5	4.0	4.2	4	face	settings_sphere				{ "folder": "settings_sphere", "view": "browse", "items": 11, "total": 11, "page": 1, "pages": 1 }
1789698644.710	настройка_значение	globe	10.5	4.0	4.2	4	face	settings_sphere				radius_cm=10.5
1789698644.723	folder	globe	11.0	4.0	3.84	5	face	settings_sphere				{ "folder": "settings_sphere", "view": "browse", "items": 11, "total": 11, "page": 1, "pages": 1 }
1789698644.723	настройка_значение	globe	11.0	4.0	3.84	5	face	settings_sphere				radius_cm=11.0
1789698646.998	folder	globe	9.0	4.0	4.25	3	face	settings_sphere				{ "folder": "settings_sphere", "view": "browse", "items": 11, "total": 11, "page": 1, "pages": 1 }
1789698646.999	настройка_значение	globe	9.0	4.0	4.25	3	face	settings_sphere				radius_cm=9.0
1789698647.054	folder	globe	9.5	4.0	3.8	4	face	settings_sphere				{ "folder": "settings_sphere", "view": "browse", "items": 11, "total": 11, "page": 1, "pages": 1 }
1789698647.054	настройка_значение	globe	9.5	4.0	3.8	4	face	settings_sphere				radius_cm=9.5
1789698647.068	folder	globe	9.0	4.0	4.25	3	face	settings_sphere				{ "folder": "settings_sphere", "view": "browse", "items": 11, "total": 11, "page": 1, "pages": 1 }
1789698647.068	настройка_значение	globe	9.0	4.0	4.25	3	face	settings_sphere				radius_cm=9.0
1789698647.119	folder	globe	8.5	4.0	4.02	3	face	settings_sphere				{ "folder": "settings_sphere", "view": "browse", "items": 11, "total": 11, "page": 1, "pages": 1 }
1789698647.120	настройка_значение	globe	8.5	4.0	4.02	3	face	settings_sphere				radius_cm=8.5
1789698647.142	folder	globe	8.0	4.0	4.17	2	face	settings_sphere				{ "folder": "settings_sphere", "view": "browse", "items": 11, "total": 11, "page": 1, "pages": 1 }
1789698647.142	настройка_значение	globe	8.0	4.0	4.17	2	face	settings_sphere				radius_cm=8.0
1789698647.174	folder	globe	8.5	4.0	4.02	3	face	settings_sphere				{ "folder": "settings_sphere", "view": "browse", "items": 11, "total": 11, "page": 1, "pages": 1 }
1789698647.174	настройка_значение	globe	8.5	4.0	4.02	3	face	settings_sphere				radius_cm=8.5
1789698649.710	folder	globe	9.5	4.0	3.8	4	face	settings_sphere				{ "folder": "settings_sphere", "view": "browse", "items": 11, "total": 11, "page": 1, "pages": 1 }
1789698649.710	настройка_значение	globe	9.5	4.0	3.8	4	face	settings_sphere				radius_cm=9.5
1789698654.332	folder	globe	8.0	4.0	4.17	2	face	settings_sphere				{ "folder": "settings_sphere", "view": "browse", "items": 11, "total": 11, "page": 1, "pages": 1 }
1789698654.333	настройка_значение	globe	8.0	4.0	4.17	2	face	settings_sphere				radius_cm=8.0
1789698655.974	панель_кнопка	globe	8.0	4.0	4.17	2	face	settings_sphere				done
1789698655.975	настройка_сохранена	globe	8.0	4.0	4.17	2	face	settings_sphere				radius_cm=8.0
1789698658.187	folder	globe	8.0	4.0	4.17	2	face	settings				{ "folder": "settings", "view": "browse", "items": 4, "total": 4, "page": 1, "pages": 1 }
1789698658.188	intent	globe	8.0	4.0	4.17	2	face	settings				{ "do": "reload", "view": "browse", "folder": "settings" }
1789698659.011	folder	globe	8.0	4.0	4.17	2	face	settings_sphere				{ "folder": "settings_sphere", "view": "browse", "items": 11, "total": 11, "page": 1, "pages": 1 }
1789698659.011	intent	globe	8.0	4.0	4.17	2	face	settings_sphere				{ "do": "reload", "view": "browse", "folder": "settings_sphere" }
1789698659.610	folder	globe	8.0	4.0	4.17	2	face	settings				{ "folder": "settings", "view": "browse", "items": 4, "total": 4, "page": 1, "pages": 1 }
1789698659.610	intent	globe	8.0	4.0	4.17	2	face	settings				{ "do": "reload", "view": "browse", "folder": "settings" }
1789698660.754	folder	globe	8.0	4.0	4.17	2	face					{ "folder": "", "view": "browse", "items": 6, "total": 6, "page": 1, "pages": 1 }
1789698660.755	intent	globe	8.0	4.0	4.17	2	face					{ "do": "reload", "view": "browse", "folder": "" }
1789698661.866	folder	globe	8.0	4.0	4.17	2	face	files				{ "folder": "files", "view": "browse", "items": 5, "total": 5, "page": 1, "pages": 1 }
1789698661.866	intent	globe	8.0	4.0	4.17	2	face	files				{ "do": "reload", "view": "browse", "folder": "files" }
1789698663.461	folder	globe	8.0	4.0	4.17	2	face	bulk				{ "folder": "bulk", "view": "browse", "items": 70, "total": 128, "page": 1, "pages": 2 }
1789698663.461	intent	globe	8.0	4.0	4.17	2	face	bulk				{ "do": "reload", "view": "browse", "folder": "bulk" }
1789698671.910	page	globe	8.0	4.0	4.17	2	face	bulk				{ "from": 71, "to": 128, "total": 128, "page": 2, "pages": 2 }
1789698671.914	folder	globe	8.0	4.0	4.17	2	face	bulk				{ "folder": "bulk", "view": "browse", "items": 58, "total": 128, "page": 2, "pages": 2 }
1789698671.914	intent	globe	8.0	4.0	4.17	2	face	bulk				{ "do": "reload", "view": "browse", "folder": "bulk" }
1789698673.744	сценарий_шаг	globe	8.0	4.0	4.17	2	face	bulk	pages	да	115954	
1789698673.744	page	globe	8.0	4.0	4.17	2	face	bulk				{ "from": 1, "to": 70, "total": 128, "page": 1, "pages": 2 }
1789698673.749	folder	globe	8.0	4.0	4.17	2	face	bulk				{ "folder": "bulk", "view": "browse", "items": 70, "total": 128, "page": 1, "pages": 2 }
1789698673.749	intent	globe	8.0	4.0	4.17	2	face	bulk				{ "do": "reload", "view": "browse", "folder": "bulk" }
1789698680.578	folder	globe	8.0	4.0	4.17	2	face	files				{ "folder": "files", "view": "browse", "items": 5, "total": 5, "page": 1, "pages": 1 }
1789698680.578	intent	globe	8.0	4.0	4.17	2	face	files				{ "do": "reload", "view": "browse", "folder": "files" }
1789698683.734	folder	globe	8.0	4.0	4.17	2	face					{ "folder": "", "view": "browse", "items": 6, "total": 6, "page": 1, "pages": 1 }
1789698683.734	intent	globe	8.0	4.0	4.17	2	face					{ "do": "reload", "view": "browse", "folder": "" }
1789698686.613	folder	globe	8.0	4.0	4.17	2	face					{ "folder": "", "view": "search", "items": 1, "total": 0, "page": 1, "pages": 1 }
1789698686.615	клавиатура	globe	8.0	4.0	4.17	2	face					show
1789698686.615	поиск_открыт	globe	8.0	4.0	4.17	2	face					
1789698686.615	intent	globe	8.0	4.0	4.17	2	face					{ "do": "search", "view": "search", "folder": "" }
1789698687.048	сессия_openxr	globe	8.0	4.0	4.17	2	face					session_visible кадр 20670
1789698688.653	folder	globe	8.0	4.0	4.17	2	face					{ "folder": "", "view": "search", "items": 8, "total": 7, "page": 1, "pages": 1 }
1789698688.654	intent	globe	8.0	4.0	4.17	2	face					{ "do": "reload", "view": "search", "folder": "" }
1789698688.654	поиск_запрос	globe	8.0	4.0	4.17	2	face					г → 7
1789698689.135	folder	globe	8.0	4.0	4.17	2	face					{ "folder": "", "view": "search", "items": 3, "total": 2, "page": 1, "pages": 1 }
1789698689.136	intent	globe	8.0	4.0	4.17	2	face					{ "do": "reload", "view": "search", "folder": "" }
1789698689.136	поиск_запрос	globe	8.0	4.0	4.17	2	face					го → 2
1789698689.557	folder	globe	8.0	4.0	4.17	2	face					{ "folder": "", "view": "search", "items": 1, "total": 0, "page": 1, "pages": 1 }
1789698689.557	intent	globe	8.0	4.0	4.17	2	face					{ "do": "reload", "view": "search", "folder": "" }
1789698689.557	поиск_запрос	globe	8.0	4.0	4.17	2	face					гот → 0
1789698689.902	folder	globe	8.0	4.0	4.17	2	face					{ "folder": "", "view": "search", "items": 1, "total": 0, "page": 1, "pages": 1 }
1789698689.902	intent	globe	8.0	4.0	4.17	2	face					{ "do": "reload", "view": "search", "folder": "" }
1789698689.902	поиск_запрос	globe	8.0	4.0	4.17	2	face					гото → 0
1789698690.491	folder	globe	8.0	4.0	4.17	2	face					{ "folder": "", "view": "search", "items": 1, "total": 0, "page": 1, "pages": 1 }
1789698690.491	intent	globe	8.0	4.0	4.17	2	face					{ "do": "reload", "view": "search", "folder": "" }
1789698690.492	поиск_запрос	globe	8.0	4.0	4.17	2	face					готов → 0
1789698691.124	folder	globe	8.0	4.0	4.17	2	face					{ "folder": "", "view": "search", "items": 1, "total": 0, "page": 1, "pages": 1 }
1789698691.125	intent	globe	8.0	4.0	4.17	2	face					{ "do": "reload", "view": "search", "folder": "" }
1789698691.125	поиск_запрос	globe	8.0	4.0	4.17	2	face					готово → 0
1789698692.957	клавиатура	globe	8.0	4.0	4.17	2	face					hide
1789698692.958	клавиатура	globe	8.0	4.0	4.17	2	face					enter
1789698693.037	сессия_openxr	globe	8.0	4.0	4.17	2	face					session_focussed кадр 21209
1789698701.657	intent	globe	8.0	4.0	4.17	2	face					{ "do": "none", "view": "search", "folder": "" }
1789698702.235	intent	globe	8.0	4.0	4.17	2	face					{ "do": "none", "view": "search", "folder": "" }
1789698703.302	intent	globe	8.0	4.0	4.17	2	face					{ "do": "none", "view": "search", "folder": "" }
1789698704.846	панель_кнопка	globe	8.0	4.0	4.17	2	face					done
1789698704.846	клавиатура	globe	8.0	4.0	4.17	2	face					hide
1789698704.847	folder	globe	8.0	4.0	4.17	2	face					{ "folder": "", "view": "browse", "items": 6, "total": 6, "page": 1, "pages": 1 }
1789698704.848	intent	globe	8.0	4.0	4.17	2	face					{ "do": "reload", "view": "browse", "folder": "" }
1789698708.218	скриншот	globe	8.0	4.0	4.17	2	face			да		screenshot_2026-09-18_07-31-48.002.png, 1920×1080, 154808 байт, всего 2664959 (листинг), 215 мс
1789698708.218	сценарий_шаг	globe	8.0	4.0	4.17	2	face		screenshot	да	34475	
1789698713.380	folder	globe	8.0	4.0	4.17	2	face					{ "folder": "", "view": "search", "items": 1, "total": 0, "page": 1, "pages": 1 }
1789698713.382	клавиатура	globe	8.0	4.0	4.17	2	face					show
1789698713.382	поиск_открыт	globe	8.0	4.0	4.17	2	face					
1789698713.382	intent	globe	8.0	4.0	4.17	2	face					{ "do": "search", "view": "search", "folder": "" }
1789698713.672	сессия_openxr	globe	8.0	4.0	4.17	2	face					session_visible кадр 23045
1789698714.916	folder	globe	8.0	4.0	4.17	2	face					{ "folder": "", "view": "search", "items": 8, "total": 7, "page": 1, "pages": 1 }
1789698714.916	intent	globe	8.0	4.0	4.17	2	face					{ "do": "reload", "view": "search", "folder": "" }
1789698714.916	поиск_запрос	globe	8.0	4.0	4.17	2	face					г → 7
1789698715.304	folder	globe	8.0	4.0	4.17	2	face					{ "folder": "", "view": "search", "items": 3, "total": 2, "page": 1, "pages": 1 }
1789698715.304	intent	globe	8.0	4.0	4.17	2	face					{ "do": "reload", "view": "search", "folder": "" }
1789698715.305	поиск_запрос	globe	8.0	4.0	4.17	2	face					го → 2
1789698715.470	клавиатура	globe	8.0	4.0	4.17	2	face					hide
1789698715.470	клавиатура	globe	8.0	4.0	4.17	2	face					enter
1789698715.515	сессия_openxr	globe	8.0	4.0	4.17	2	face					session_focussed кадр 23211
1789698715.834	intent	globe	8.0	4.0	4.17	2	face					{ "do": "none", "view": "search", "folder": "" }
1789698721.070	intent	globe	8.0	4.0	4.17	2	face					{ "do": "none", "view": "search", "folder": "" }
1789698721.792	панель_кнопка	globe	8.0	4.0	4.17	2	face					keyboard
1789698721.792	клавиатура	globe	8.0	4.0	4.17	2	face					show
1789698722.117	сессия_openxr	globe	8.0	4.0	4.17	2	face					session_visible кадр 23805
1789698724.536	folder	globe	8.0	4.0	4.17	2	face					{ "folder": "", "view": "search", "items": 1, "total": 0, "page": 1, "pages": 1 }
1789698724.536	intent	globe	8.0	4.0	4.17	2	face					{ "do": "reload", "view": "search", "folder": "" }
1789698724.536	поиск_запрос	globe	8.0	4.0	4.17	2	face					гот → 0
1789698725.059	folder	globe	8.0	4.0	4.17	2	face					{ "folder": "", "view": "search", "items": 1, "total": 0, "page": 1, "pages": 1 }
1789698725.059	intent	globe	8.0	4.0	4.17	2	face					{ "do": "reload", "view": "search", "folder": "" }
1789698725.059	поиск_запрос	globe	8.0	4.0	4.17	2	face					гото → 0
1789698725.659	folder	globe	8.0	4.0	4.17	2	face					{ "folder": "", "view": "search", "items": 1, "total": 0, "page": 1, "pages": 1 }
1789698725.660	intent	globe	8.0	4.0	4.17	2	face					{ "do": "reload", "view": "search", "folder": "" }
1789698725.660	поиск_запрос	globe	8.0	4.0	4.17	2	face					готов → 0
1789698726.193	folder	globe	8.0	4.0	4.17	2	face					{ "folder": "", "view": "search", "items": 1, "total": 0, "page": 1, "pages": 1 }
1789698726.194	intent	globe	8.0	4.0	4.17	2	face					{ "do": "reload", "view": "search", "folder": "" }
1789698726.194	поиск_запрос	globe	8.0	4.0	4.17	2	face					готово → 0
1789698728.248	клавиатура	globe	8.0	4.0	4.17	2	face					hide
1789698728.249	клавиатура	globe	8.0	4.0	4.17	2	face					enter
1789698728.296	сессия_openxr	globe	8.0	4.0	4.17	2	face					session_focussed кадр 24361
1789698728.531	скриншот	globe	8.0	4.0	4.17	2	face			да		screenshot_2026-09-18_07-32-08.317.png, 1920×1080, 91839 байт, всего 2756798 (листинг), 213 мс
1789698730.836	панель_кнопка	globe	8.0	4.0	4.17	2	face					keyboard
1789698730.836	клавиатура	globe	8.0	4.0	4.17	2	face					show
1789698731.207	сессия_openxr	globe	8.0	4.0	4.17	2	face					session_visible кадр 24604
1789698733.894	folder	globe	8.0	4.0	4.17	2	face					{ "folder": "", "view": "search", "items": 1, "total": 0, "page": 1, "pages": 1 }
1789698733.894	intent	globe	8.0	4.0	4.17	2	face					{ "do": "reload", "view": "search", "folder": "" }
1789698733.894	поиск_запрос	globe	8.0	4.0	4.17	2	face					готово  → 0
1789698741.183	клавиатура	globe	8.0	4.0	4.17	2	face					hide
1789698741.183	клавиатура	globe	8.0	4.0	4.17	2	face					enter
1789698741.230	сессия_openxr	globe	8.0	4.0	4.17	2	face					session_focussed кадр 25506
1789698741.483	скриншот	globe	8.0	4.0	4.17	2	face			да		screenshot_2026-09-18_07-32-21.263.png, 1920×1080, 89032 байт, всего 2845830 (листинг), 220 мс
1789698744.982	панель_кнопка	globe	8.0	4.0	4.17	2	face					done
1789698744.982	клавиатура	globe	8.0	4.0	4.17	2	face					hide
1789698744.983	folder	globe	8.0	4.0	4.17	2	face					{ "folder": "", "view": "browse", "items": 6, "total": 6, "page": 1, "pages": 1 }
1789698744.983	intent	globe	8.0	4.0	4.17	2	face					{ "do": "reload", "view": "browse", "folder": "" }
1789698747.493	сценарий_шаг	globe	8.0	4.0	4.17	2	face		search	нет	39274	пропущен
1789698749.805	задание	globe	8.0	4.0	4.17	2	face		img_mountains			
1789698751.816	active	globe	8.0	4.0	4.17	2	face		img_mountains		2011	{ "key": "28", "slot": 3 }
1789698752.727	active	globe	8.0	4.0	4.17	2	face		img_mountains		2922	{ "key": "61", "slot": 0 }
1789698753.539	folder	globe	8.0	4.0	4.17	2	face	files	img_mountains		3734	{ "folder": "files", "view": "browse", "items": 5, "total": 5, "page": 1, "pages": 1 }
1789698753.539	intent	globe	8.0	4.0	4.17	2	face	files	img_mountains		3735	{ "do": "reload", "view": "browse", "folder": "files" }
1789698753.549	active	globe	8.0	4.0	4.17	2	face	files	img_mountains		3744	{ "key": "30", "slot": -1 }
1789698754.538	active	globe	8.0	4.0	4.17	2	face	files	img_mountains		4733	{ "key": "61", "slot": 0 }
1789698755.416	active	globe	8.0	4.0	4.17	2	face	files	img_mountains		5611	{ "key": "5", "slot": 4 }
1789698755.895	folder	globe	8.0	4.0	4.17	2	face	scenes	img_mountains		6090	{ "folder": "scenes", "view": "browse", "items": 7, "total": 7, "page": 1, "pages": 1 }
1789698755.895	intent	globe	8.0	4.0	4.17	2	face	scenes	img_mountains		6090	{ "do": "reload", "view": "browse", "folder": "scenes" }
1789698755.905	active	globe	8.0	4.0	4.17	2	face	scenes	img_mountains		6100	{ "key": "5", "slot": 0 }
1789698758.372	active	globe	8.0	4.0	4.17	2	face	scenes	img_mountains		8567	{ "key": "28", "slot": 1 }
1789698758.916	active	globe	8.0	4.0	4.17	2	face	scenes	img_mountains		9111	{ "key": "5", "slot": 0 }
1789698759.838	folder	globe	8.0	4.0	4.17	2	face	drafts	img_mountains		10033	{ "folder": "drafts", "view": "browse", "items": 2, "total": 2, "page": 1, "pages": 1 }
1789698759.839	intent	globe	8.0	4.0	4.17	2	face	drafts	img_mountains		10034	{ "do": "reload", "view": "browse", "folder": "drafts" }
1789698759.849	active	globe	8.0	4.0	4.17	2	face	drafts	img_mountains		10044	{ "key": "5", "slot": 0 }
1789698760.616	active	globe	8.0	4.0	4.17	2	face	drafts	img_mountains		10811	{ "key": "19", "slot": -1 }
1789698761.917	folder	globe	8.0	4.0	4.17	2	face	scenes	img_mountains		12112	{ "folder": "scenes", "view": "browse", "items": 7, "total": 7, "page": 1, "pages": 1 }
1789698761.918	intent	globe	8.0	4.0	4.17	2	face	scenes	img_mountains		12113	{ "do": "reload", "view": "browse", "folder": "scenes" }
1789698761.928	active	globe	8.0	4.0	4.17	2	face	scenes	img_mountains		12122	{ "key": "5", "slot": 0 }
1789698762.683	active	globe	8.0	4.0	4.17	2	face	scenes	img_mountains		12878	{ "key": "19", "slot": -1 }
1789698763.162	folder	globe	8.0	4.0	4.17	2	face	files	img_mountains		13357	{ "folder": "files", "view": "browse", "items": 5, "total": 5, "page": 1, "pages": 1 }
1789698763.162	intent	globe	8.0	4.0	4.17	2	face	files	img_mountains		13357	{ "do": "reload", "view": "browse", "folder": "files" }
1789698763.172	active	globe	8.0	4.0	4.17	2	face	files	img_mountains		13367	{ "key": "5", "slot": 4 }
1789698763.905	active	globe	8.0	4.0	4.17	2	face	files	img_mountains		14100	{ "key": "28", "slot": 3 }
1789698764.583	active	globe	8.0	4.0	4.17	2	face	files	img_mountains		14778	{ "key": "27", "slot": 2 }
1789698765.739	active	globe	8.0	4.0	4.17	2	face	files	img_mountains		15934	{ "key": "62", "slot": 1 }
1789698766.262	folder	globe	8.0	4.0	4.17	2	face	images	img_mountains		16457	{ "folder": "images", "view": "browse", "items": 7, "total": 7, "page": 1, "pages": 1 }
1789698766.262	intent	globe	8.0	4.0	4.17	2	face	images	img_mountains		16457	{ "do": "reload", "view": "browse", "folder": "images" }
1789698766.272	active	globe	8.0	4.0	4.17	2	face	images	img_mountains		16467	{ "key": "62", "slot": 0 }
1789698769.539	select	globe	8.0	4.0	4.17	2	face	images	img_mountains	да	19734	{ "do": "default", "view": "browse", "folder": "images", "item": "img_mountains", "title": "Горы" }
1789698772.362	folder	globe	8.0	4.0	4.17	2	face	files				{ "folder": "files", "view": "browse", "items": 5, "total": 5, "page": 1, "pages": 1 }
1789698772.363	intent	globe	8.0	4.0	4.17	2	face	files				{ "do": "reload", "view": "browse", "folder": "files" }
1789698773.463	folder	globe	8.0	4.0	4.17	2	face					{ "folder": "", "view": "browse", "items": 6, "total": 6, "page": 1, "pages": 1 }
1789698773.463	intent	globe	8.0	4.0	4.17	2	face					{ "do": "reload", "view": "browse", "folder": "" }
1789698775.030	folder	globe	8.0	4.0	4.17	2	face	files				{ "folder": "files", "view": "browse", "items": 5, "total": 5, "page": 1, "pages": 1 }
1789698775.030	intent	globe	8.0	4.0	4.17	2	face	files				{ "do": "reload", "view": "browse", "folder": "files" }
1789698775.873	shake	globe	8.0	4.0	4.17	2	face					{ "how": "shake", "from": "files" }
1789698775.874	folder	globe	8.0	4.0	4.17	2	face					{ "folder": "", "view": "browse", "items": 6, "total": 6, "page": 1, "pages": 1 }
1789698775.875	intent	globe	8.0	4.0	4.17	2	face					{ "do": "reload", "view": "browse", "folder": "" }
1789698779.807	intent	globe	8.0	4.0	4.17	2	face					{ "do": "exit", "view": "browse", "folder": "" }
1789698779.809	выход	globe	8.0	4.0	4.17	2	face					выгрузка в /storage/emulated/0/Download/VRGE/2026-09-18_07-32-59
# unix_время	событие	поверхность	радиус_см	ячейка_см	ячейка_факт_см	уровень_глобуса	вращение_рукой	папка	задание	попадание	мс_от_задания	подробности
# сессия 2026-09-19T15:55:02
1789815302.246	сессия_openxr	globe	8.0	4.0	4.17	2	face					session_begun кадр 0
1789815302.568	сессия_openxr	globe	8.0	4.0	4.17	2	face					session_visible кадр 1
1789815302.569	сессия_openxr	globe	8.0	4.0	4.17	2	face					session_focussed кадр 1
1789815303.848	источник	globe	8.0	4.0	4.17	2	face					hands: профиль левой | { "profile": { "left": "/interaction_profiles/ext/hand_interaction_ext", "right": "/interaction_profiles/ext/hand_interaction_ext" }, "ctrl_pose": { "left": true, "right": true }, "ctrl_in": { "left": true, "right": true }, "hand_ok": { "left": true, "right": true }, "hand_src": { "left": 0, "right": 0 }, "conflicts": 0, "mode": "auto" }
1789815304.132	folder	globe	20.0	1.5	3.52	13	face					{ "folder": "", "view": "browse", "items": 6, "total": 6, "page": 1, "pages": 1 }
1789815304.133	toggle	globe	20.0	1.5	3.52	13	face					{ "open": true }
1789815304.879	рука_drag	globe	20.0	1.5	3.52	13	face					{ "key": "361", "travel_cm": 5.11, "ms": 268 }
1789815307.392	toggle	globe	20.0	1.5	3.52	13	face					{ "open": false }
1789815307.392	рука_fist	globe	20.0	1.5	3.52	13	face					{ "open": false }
1789815308.504	folder	globe	20.0	15.0	15.07	1	face					{ "folder": "", "view": "browse", "items": 6, "total": 6, "page": 1, "pages": 1 }
1789815308.505	toggle	globe	20.0	15.0	15.07	1	face					{ "open": true }
1789815308.505	рука_fist	globe	20.0	15.0	15.07	1	face					{ "open": true }
1789815312.994	folder	lens	20.0	1.5	1.5	13	face					{ "folder": "", "view": "browse", "items": 6, "total": 6, "page": 1, "pages": 1 }
1789815317.504	folder	globe_hex	20.0	1.5	3.52	13	face					{ "folder": "", "view": "browse", "items": 6, "total": 6, "page": 1, "pages": 1 }
1789815322.102	folder	octa	20.0	1.5	3.65	21	face					{ "folder": "", "view": "browse", "items": 6, "total": 6, "page": 1, "pages": 1 }
1789815326.687	folder	rings	20.0	1.5	3.29	16	face					{ "folder": "", "view": "browse", "items": 6, "total": 6, "page": 1, "pages": 1 }
1789815331.294	folder	fib	20.0	1.5	3.47	27	face					{ "folder": "", "view": "browse", "items": 6, "total": 6, "page": 1, "pages": 1 }
1789815335.855	folder	fib	8.0	1.5	1.49	26	face					{ "folder": "", "view": "browse", "items": 6, "total": 6, "page": 1, "pages": 1 }
1789815335.855	настройка_значение	fib	8.0	1.5	1.49	26	face					radius_cm=8.0
1789815335.876	folder	fib	17.5	1.5	3.04	27	face					{ "folder": "", "view": "browse", "items": 6, "total": 6, "page": 1, "pages": 1 }
1789815335.877	настройка_значение	fib	17.5	1.5	3.04	27	face					radius_cm=17.5
1789815335.891	folder	fib	20.0	1.5	3.47	27	face					{ "folder": "", "view": "browse", "items": 6, "total": 6, "page": 1, "pages": 1 }
1789815335.961	folder	globe	20.0	1.5	3.52	13	face					{ "folder": "", "view": "browse", "items": 6, "total": 6, "page": 1, "pages": 1 }
1789815371.208	folder	globe	20.0	1.5	3.52	13	face	files				{ "folder": "files", "view": "browse", "items": 5, "total": 5, "page": 1, "pages": 1 }
1789815371.208	intent	globe	20.0	1.5	3.52	13	face	files				{ "do": "reload", "view": "browse", "folder": "files" }
1789815371.220	folder	globe	20.0	1.5	3.52	13	face	bulk				{ "folder": "bulk", "view": "browse", "items": 128, "total": 128, "page": 1, "pages": 1 }
1789815371.221	intent	globe	20.0	1.5	3.52	13	face	bulk				{ "do": "reload", "view": "browse", "folder": "bulk" }
1789815375.739	folder	lens	20.0	1.5	1.5	13	face	bulk				{ "folder": "bulk", "view": "browse", "items": 128, "total": 128, "page": 1, "pages": 1 }
1789815375.741	folder	lens	20.0	1.5	1.5	13	face	files				{ "folder": "files", "view": "browse", "items": 5, "total": 5, "page": 1, "pages": 1 }
1789815375.741	intent	lens	20.0	1.5	1.5	13	face	files				{ "do": "reload", "view": "browse", "folder": "files" }
1789815375.742	folder	lens	20.0	1.5	1.5	13	face					{ "folder": "", "view": "browse", "items": 6, "total": 6, "page": 1, "pages": 1 }
1789815375.742	intent	lens	20.0	1.5	1.5	13	face					{ "do": "reload", "view": "browse", "folder": "" }
1789815375.743	folder	lens	20.0	1.5	1.5	13	face	files				{ "folder": "files", "view": "browse", "items": 5, "total": 5, "page": 1, "pages": 1 }
1789815375.743	intent	lens	20.0	1.5	1.5	13	face	files				{ "do": "reload", "view": "browse", "folder": "files" }
1789815375.752	folder	lens	20.0	1.5	1.5	13	face	bulk				{ "folder": "bulk", "view": "browse", "items": 128, "total": 128, "page": 1, "pages": 1 }
1789815375.752	intent	lens	20.0	1.5	1.5	13	face	bulk				{ "do": "reload", "view": "browse", "folder": "bulk" }
1789815380.291	folder	globe	20.0	1.5	3.52	13	face	bulk				{ "folder": "bulk", "view": "browse", "items": 128, "total": 128, "page": 1, "pages": 1 }
1789815380.293	folder	globe	20.0	1.5	3.52	13	face	files				{ "folder": "files", "view": "browse", "items": 5, "total": 5, "page": 1, "pages": 1 }
1789815380.293	intent	globe	20.0	1.5	3.52	13	face	files				{ "do": "reload", "view": "browse", "folder": "files" }
1789815380.294	folder	globe	20.0	1.5	3.52	13	face					{ "folder": "", "view": "browse", "items": 6, "total": 6, "page": 1, "pages": 1 }
1789815380.294	intent	globe	20.0	1.5	3.52	13	face					{ "do": "reload", "view": "browse", "folder": "" }
1789815380.297	клавиатура	globe	20.0	1.5	3.52	13	face					show
1789815380.315	toggle	globe	20.0	1.5	3.52	13	face					{ "open": false }
1789815380.316	самопроверка	globe	20.0	1.5	3.52	13	face			PASS		{ "глобус уровень 13, 0 ячеек, вращение": { "gpu95": 2.24600005149841, "cpu95": 0.22800000011921, "proc95": 2.611, "over": 0 }, "глобус крупный: уровень 1, 32 ячеек, радиус 20.0 см, вращение": { "gpu95": 2.05800008773804, "cpu95": 0.23100000619888, "proc95": 2.516, "over": 0 }, "линза α=0.037, 700 ячеек, вращение": { "gpu95": 2.99900007247925, "cpu95": 0.26499998569489, "proc95": 7.247, "over": 0 } }
1789815384.132	folder	globe	8.0	4.0	4.17	2	face					{ "folder": "", "view": "browse", "items": 6, "total": 6, "page": 1, "pages": 1 }
1789815384.132	toggle	globe	8.0	4.0	4.17	2	face					{ "open": true }
1789815384.133	рука_fist	globe	8.0	4.0	4.17	2	face					{ "open": true }
1789815384.987	toggle	globe	8.0	4.0	4.17	2	face					{ "open": false }
1789815384.987	рука_fist	globe	8.0	4.0	4.17	2	face					{ "open": false }
1789815385.698	folder	globe	8.0	4.0	4.17	2	face					{ "folder": "", "view": "browse", "items": 6, "total": 6, "page": 1, "pages": 1 }
1789815385.698	toggle	globe	8.0	4.0	4.17	2	face					{ "open": true }
1789815385.698	рука_fist	globe	8.0	4.0	4.17	2	face					{ "open": true }
1789815386.220	toggle	globe	8.0	4.0	4.17	2	face					{ "open": false }
1789815386.220	рука_fist	globe	8.0	4.0	4.17	2	face					{ "open": false }
1789815386.899	folder	globe	8.0	4.0	4.17	2	face					{ "folder": "", "view": "browse", "items": 6, "total": 6, "page": 1, "pages": 1 }
1789815386.899	toggle	globe	8.0	4.0	4.17	2	face					{ "open": true }
1789815386.899	рука_fist	globe	8.0	4.0	4.17	2	face					{ "open": true }
1789815388.665	рука_drag	globe	8.0	4.0	4.17	2	face					{ "key": "22", "travel_cm": 6.62, "ms": 200 }
1789815389.420	рука_drag	globe	8.0	4.0	4.17	2	face					{ "key": "22", "travel_cm": 11.6, "ms": 300 }
1789815390.087	рука_drag	globe	8.0	4.0	4.17	2	face					{ "key": "24", "travel_cm": 18.35, "ms": 399 }
1789815391.154	рука_drag	globe	8.0	4.0	4.17	2	face					{ "key": "13", "travel_cm": 21.49, "ms": 823 }
1789815391.810	рука_drag	globe	8.0	4.0	4.17	2	face					{ "key": "42", "travel_cm": 7.75, "ms": 200 }
1789815392.399	рука_drag	globe	8.0	4.0	4.17	2	face					{ "key": "41", "travel_cm": 7.03, "ms": 344 }
1789815395.499	рука_drag	globe	8.0	4.0	4.17	2	face					{ "key": "3", "travel_cm": 22.84, "ms": 2578 }
1789815397.632	рука_drag	globe	8.0	4.0	4.17	2	face					{ "key": "22", "travel_cm": 8.88, "ms": 1400 }
1789815399.103	folder	globe	8.0	4.0	4.17	2	face	settings				{ "folder": "settings", "view": "browse", "items": 4, "total": 4, "page": 1, "pages": 1 }
1789815399.103	intent	globe	8.0	4.0	4.17	2	face	settings				{ "do": "reload", "view": "browse", "folder": "settings" }
1789815399.103	рука_touch	globe	8.0	4.0	4.17	2	face	settings				{ "key": "58", "travel_cm": 0.59, "ms": 233 }
1789815400.399	рука_drag	globe	8.0	4.0	4.17	2	face	settings				{ "key": "58", "travel_cm": 2.19, "ms": 334 }
1789815402.691	folder	globe	8.0	4.0	4.17	2	face	settings_sphere				{ "folder": "settings_sphere", "view": "browse", "items": 11, "total": 11, "page": 1, "pages": 1 }
1789815402.691	intent	globe	8.0	4.0	4.17	2	face	settings_sphere				{ "do": "reload", "view": "browse", "folder": "settings_sphere" }
1789815402.691	рука_touch	globe	8.0	4.0	4.17	2	face	settings_sphere				{ "key": "58", "travel_cm": 0.45, "ms": 233 }
1789815405.580	настройка_открыта	globe	8.0	4.0	4.17	2	face	settings_sphere				radius_cm
1789815405.581	intent	globe	8.0	4.0	4.17	2	face	settings_sphere				{ "do": "edit", "view": "browse", "folder": "settings_sphere", "setting": "radius_cm" }
1789815405.581	рука_touch	globe	8.0	4.0	4.17	2	face	settings_sphere				{ "key": "23", "travel_cm": 0.82, "ms": 290 }
1789815420.666	рука_pinch	globe	8.0	4.0	4.17	2	face	settings_sphere				{  }
1789815421.256	рука_pinch	globe	8.0	4.0	4.17	2	face	settings_sphere				{  }
1789815421.259	folder	globe	16.0	4.0	4.03	8	face	settings_sphere				{ "folder": "settings_sphere", "view": "browse", "items": 11, "total": 11, "page": 1, "pages": 1 }
1789815421.259	настройка_значение	globe	16.0	4.0	4.03	8	face	settings_sphere				radius_cm=16.0
1789815421.277	folder	globe	14.0	4.0	3.85	7	face	settings_sphere				{ "folder": "settings_sphere", "view": "browse", "items": 11, "total": 11, "page": 1, "pages": 1 }
1789815421.277	настройка_значение	globe	14.0	4.0	3.85	7	face	settings_sphere				radius_cm=14.0
1789815421.295	folder	globe	14.5	4.0	3.99	7	face	settings_sphere				{ "folder": "settings_sphere", "view": "browse", "items": 11, "total": 11, "page": 1, "pages": 1 }
1789815421.296	настройка_значение	globe	14.5	4.0	3.99	7	face	settings_sphere				radius_cm=14.5
1789815421.319	folder	globe	14.0	4.0	3.85	7	face	settings_sphere				{ "folder": "settings_sphere", "view": "browse", "items": 11, "total": 11, "page": 1, "pages": 1 }
1789815421.320	настройка_значение	globe	14.0	4.0	3.85	7	face	settings_sphere				radius_cm=14.0
1789815421.348	folder	globe	13.5	4.0	4.3	6	face	settings_sphere				{ "folder": "settings_sphere", "view": "browse", "items": 11, "total": 11, "page": 1, "pages": 1 }
1789815421.348	настройка_значение	globe	13.5	4.0	4.3	6	face	settings_sphere				radius_cm=13.5
1789815421.373	folder	globe	13.0	4.0	4.14	6	face	settings_sphere				{ "folder": "settings_sphere", "view": "browse", "items": 11, "total": 11, "page": 1, "pages": 1 }
1789815421.374	настройка_значение	globe	13.0	4.0	4.14	6	face	settings_sphere				radius_cm=13.0
1789815421.392	folder	globe	12.5	4.0	3.98	6	face	settings_sphere				{ "folder": "settings_sphere", "view": "browse", "items": 11, "total": 11, "page": 1, "pages": 1 }
1789815421.392	настройка_значение	globe	12.5	4.0	3.98	6	face	settings_sphere				radius_cm=12.5
1789815421.427	folder	globe	12.0	4.0	3.83	6	face	settings_sphere				{ "folder": "settings_sphere", "view": "browse", "items": 11, "total": 11, "page": 1, "pages": 1 }
1789815421.427	настройка_значение	globe	12.0	4.0	3.83	6	face	settings_sphere				radius_cm=12.0
1789815422.577	рука_pinch	globe	12.0	4.0	3.83	6	face	settings_sphere				{  }
1789815422.580	folder	globe	11.0	4.0	3.84	5	face	settings_sphere				{ "folder": "settings_sphere", "view": "browse", "items": 11, "total": 11, "page": 1, "pages": 1 }
1789815422.580	настройка_значение	globe	11.0	4.0	3.84	5	face	settings_sphere				radius_cm=11.0
1789815422.593	folder	globe	11.5	4.0	4.01	5	face	settings_sphere				{ "folder": "settings_sphere", "view": "browse", "items": 11, "total": 11, "page": 1, "pages": 1 }
1789815422.593	настройка_значение	globe	11.5	4.0	4.01	5	face	settings_sphere				radius_cm=11.5
1789815422.605	folder	globe	12.0	4.0	3.83	6	face	settings_sphere				{ "folder": "settings_sphere", "view": "browse", "items": 11, "total": 11, "page": 1, "pages": 1 }
1789815422.606	настройка_значение	globe	12.0	4.0	3.83	6	face	settings_sphere				radius_cm=12.0
1789815422.684	folder	globe	11.5	4.0	4.01	5	face	settings_sphere				{ "folder": "settings_sphere", "view": "browse", "items": 11, "total": 11, "page": 1, "pages": 1 }
1789815422.685	настройка_значение	globe	11.5	4.0	4.01	5	face	settings_sphere				radius_cm=11.5
1789815422.695	folder	globe	12.0	4.0	3.83	6	face	settings_sphere				{ "folder": "settings_sphere", "view": "browse", "items": 11, "total": 11, "page": 1, "pages": 1 }
1789815422.696	настройка_значение	globe	12.0	4.0	3.83	6	face	settings_sphere				radius_cm=12.0
1789815422.705	folder	globe	11.5	4.0	4.01	5	face	settings_sphere				{ "folder": "settings_sphere", "view": "browse", "items": 11, "total": 11, "page": 1, "pages": 1 }
1789815422.706	настройка_значение	globe	11.5	4.0	4.01	5	face	settings_sphere				radius_cm=11.5
1789815422.720	folder	globe	12.0	4.0	3.83	6	face	settings_sphere				{ "folder": "settings_sphere", "view": "browse", "items": 11, "total": 11, "page": 1, "pages": 1 }
1789815422.720	настройка_значение	globe	12.0	4.0	3.83	6	face	settings_sphere				radius_cm=12.0
1789815422.738	folder	globe	11.5	4.0	4.01	5	face	settings_sphere				{ "folder": "settings_sphere", "view": "browse", "items": 11, "total": 11, "page": 1, "pages": 1 }
1789815422.738	настройка_значение	globe	11.5	4.0	4.01	5	face	settings_sphere				radius_cm=11.5
1789815422.949	folder	globe	12.0	4.0	3.83	6	face	settings_sphere				{ "folder": "settings_sphere", "view": "browse", "items": 11, "total": 11, "page": 1, "pages": 1 }
1789815422.949	настройка_значение	globe	12.0	4.0	3.83	6	face	settings_sphere				radius_cm=12.0
1789815422.979	folder	globe	11.5	4.0	4.01	5	face	settings_sphere				{ "folder": "settings_sphere", "view": "browse", "items": 11, "total": 11, "page": 1, "pages": 1 }
1789815422.979	настройка_значение	globe	11.5	4.0	4.01	5	face	settings_sphere				radius_cm=11.5
1789815422.990	folder	globe	12.0	4.0	3.83	6	face	settings_sphere				{ "folder": "settings_sphere", "view": "browse", "items": 11, "total": 11, "page": 1, "pages": 1 }
1789815422.990	настройка_значение	globe	12.0	4.0	3.83	6	face	settings_sphere				radius_cm=12.0
1789815423.054	folder	globe	12.5	4.0	3.98	6	face	settings_sphere				{ "folder": "settings_sphere", "view": "browse", "items": 11, "total": 11, "page": 1, "pages": 1 }
1789815423.054	настройка_значение	globe	12.5	4.0	3.98	6	face	settings_sphere				radius_cm=12.5
1789815423.098	folder	globe	13.0	4.0	4.14	6	face	settings_sphere				{ "folder": "settings_sphere", "view": "browse", "items": 11, "total": 11, "page": 1, "pages": 1 }
1789815423.099	настройка_значение	globe	13.0	4.0	4.14	6	face	settings_sphere				radius_cm=13.0
1789815423.127	folder	globe	13.5	4.0	4.3	6	face	settings_sphere				{ "folder": "settings_sphere", "view": "browse", "items": 11, "total": 11, "page": 1, "pages": 1 }
1789815423.127	настройка_значение	globe	13.5	4.0	4.3	6	face	settings_sphere				radius_cm=13.5
1789815423.160	folder	globe	14.0	4.0	3.85	7	face	settings_sphere				{ "folder": "settings_sphere", "view": "browse", "items": 11, "total": 11, "page": 1, "pages": 1 }
1789815423.160	настройка_значение	globe	14.0	4.0	3.85	7	face	settings_sphere				radius_cm=14.0
1789815423.183	folder	globe	13.5	4.0	4.3	6	face	settings_sphere				{ "folder": "settings_sphere", "view": "browse", "items": 11, "total": 11, "page": 1, "pages": 1 }
1789815423.183	настройка_значение	globe	13.5	4.0	4.3	6	face	settings_sphere				radius_cm=13.5
1789815423.195	folder	globe	14.0	4.0	3.85	7	face	settings_sphere				{ "folder": "settings_sphere", "view": "browse", "items": 11, "total": 11, "page": 1, "pages": 1 }
1789815423.195	настройка_значение	globe	14.0	4.0	3.85	7	face	settings_sphere				radius_cm=14.0
1789815423.232	folder	globe	14.5	4.0	3.99	7	face	settings_sphere				{ "folder": "settings_sphere", "view": "browse", "items": 11, "total": 11, "page": 1, "pages": 1 }
1789815423.232	настройка_значение	globe	14.5	4.0	3.99	7	face	settings_sphere				radius_cm=14.5
1789815423.243	folder	globe	14.0	4.0	3.85	7	face	settings_sphere				{ "folder": "settings_sphere", "view": "browse", "items": 11, "total": 11, "page": 1, "pages": 1 }
1789815423.243	настройка_значение	globe	14.0	4.0	3.85	7	face	settings_sphere				radius_cm=14.0
1789815423.253	folder	globe	14.5	4.0	3.99	7	face	settings_sphere				{ "folder": "settings_sphere", "view": "browse", "items": 11, "total": 11, "page": 1, "pages": 1 }
1789815423.253	настройка_значение	globe	14.5	4.0	3.99	7	face	settings_sphere				radius_cm=14.5
1789815423.263	folder	globe	14.0	4.0	3.85	7	face	settings_sphere				{ "folder": "settings_sphere", "view": "browse", "items": 11, "total": 11, "page": 1, "pages": 1 }
1789815423.263	настройка_значение	globe	14.0	4.0	3.85	7	face	settings_sphere				radius_cm=14.0
1789815423.272	folder	globe	14.5	4.0	3.99	7	face	settings_sphere				{ "folder": "settings_sphere", "view": "browse", "items": 11, "total": 11, "page": 1, "pages": 1 }
1789815423.273	настройка_значение	globe	14.5	4.0	3.99	7	face	settings_sphere				radius_cm=14.5
1789815423.466	folder	globe	15.0	4.0	4.13	7	face	settings_sphere				{ "folder": "settings_sphere", "view": "browse", "items": 11, "total": 11, "page": 1, "pages": 1 }
1789815423.466	настройка_значение	globe	15.0	4.0	4.13	7	face	settings_sphere				radius_cm=15.0
1789815423.480	folder	globe	14.5	4.0	3.99	7	face	settings_sphere				{ "folder": "settings_sphere", "view": "browse", "items": 11, "total": 11, "page": 1, "pages": 1 }
1789815423.480	настройка_значение	globe	14.5	4.0	3.99	7	face	settings_sphere				radius_cm=14.5
1789815423.490	folder	globe	15.0	4.0	4.13	7	face	settings_sphere				{ "folder": "settings_sphere", "view": "browse", "items": 11, "total": 11, "page": 1, "pages": 1 }
1789815423.490	настройка_значение	globe	15.0	4.0	4.13	7	face	settings_sphere				radius_cm=15.0
1789815423.529	folder	globe	15.5	4.0	3.9	8	face	settings_sphere				{ "folder": "settings_sphere", "view": "browse", "items": 11, "total": 11, "page": 1, "pages": 1 }
1789815423.529	настройка_значение	globe	15.5	4.0	3.9	8	face	settings_sphere				radius_cm=15.5
1789815423.722	folder	globe	15.0	4.0	4.13	7	face	settings_sphere				{ "folder": "settings_sphere", "view": "browse", "items": 11, "total": 11, "page": 1, "pages": 1 }
1789815423.722	настройка_значение	globe	15.0	4.0	4.13	7	face	settings_sphere				radius_cm=15.0
1789815423.738	folder	globe	15.5	4.0	3.9	8	face	settings_sphere				{ "folder": "settings_sphere", "view": "browse", "items": 11, "total": 11, "page": 1, "pages": 1 }
1789815423.738	настройка_значение	globe	15.5	4.0	3.9	8	face	settings_sphere				radius_cm=15.5
1789815423.750	folder	globe	15.0	4.0	4.13	7	face	settings_sphere				{ "folder": "settings_sphere", "view": "browse", "items": 11, "total": 11, "page": 1, "pages": 1 }
1789815423.750	настройка_значение	globe	15.0	4.0	4.13	7	face	settings_sphere				radius_cm=15.0
1789815423.809	folder	globe	14.5	4.0	3.99	7	face	settings_sphere				{ "folder": "settings_sphere", "view": "browse", "items": 11, "total": 11, "page": 1, "pages": 1 }
1789815423.809	настройка_значение	globe	14.5	4.0	3.99	7	face	settings_sphere				radius_cm=14.5
1789815423.822	folder	globe	15.0	4.0	4.13	7	face	settings_sphere				{ "folder": "settings_sphere", "view": "browse", "items": 11, "total": 11, "page": 1, "pages": 1 }
1789815423.822	настройка_значение	globe	15.0	4.0	4.13	7	face	settings_sphere				radius_cm=15.0
1789815423.832	folder	globe	14.5	4.0	3.99	7	face	settings_sphere				{ "folder": "settings_sphere", "view": "browse", "items": 11, "total": 11, "page": 1, "pages": 1 }
1789815423.833	настройка_значение	globe	14.5	4.0	3.99	7	face	settings_sphere				radius_cm=14.5
1789815423.930	folder	globe	14.0	4.0	3.85	7	face	settings_sphere				{ "folder": "settings_sphere", "view": "browse", "items": 11, "total": 11, "page": 1, "pages": 1 }
1789815423.930	настройка_значение	globe	14.0	4.0	3.85	7	face	settings_sphere				radius_cm=14.0
1789815423.946	folder	globe	14.5	4.0	3.99	7	face	settings_sphere				{ "folder": "settings_sphere", "view": "browse", "items": 11, "total": 11, "page": 1, "pages": 1 }
1789815423.946	настройка_значение	globe	14.5	4.0	3.99	7	face	settings_sphere				radius_cm=14.5
1789815423.957	folder	globe	14.0	4.0	3.85	7	face	settings_sphere				{ "folder": "settings_sphere", "view": "browse", "items": 11, "total": 11, "page": 1, "pages": 1 }
1789815423.957	настройка_значение	globe	14.0	4.0	3.85	7	face	settings_sphere				radius_cm=14.0
1789815423.965	folder	globe	14.5	4.0	3.99	7	face	settings_sphere				{ "folder": "settings_sphere", "view": "browse", "items": 11, "total": 11, "page": 1, "pages": 1 }
1789815423.965	настройка_значение	globe	14.5	4.0	3.99	7	face	settings_sphere				radius_cm=14.5
1789815423.974	folder	globe	14.0	4.0	3.85	7	face	settings_sphere				{ "folder": "settings_sphere", "view": "browse", "items": 11, "total": 11, "page": 1, "pages": 1 }
1789815423.974	настройка_значение	globe	14.0	4.0	3.85	7	face	settings_sphere				radius_cm=14.0
1789815423.982	folder	globe	14.5	4.0	3.99	7	face	settings_sphere				{ "folder": "settings_sphere", "view": "browse", "items": 11, "total": 11, "page": 1, "pages": 1 }
1789815423.983	настройка_значение	globe	14.5	4.0	3.99	7	face	settings_sphere				radius_cm=14.5
1789815423.993	folder	globe	14.0	4.0	3.85	7	face	settings_sphere				{ "folder": "settings_sphere", "view": "browse", "items": 11, "total": 11, "page": 1, "pages": 1 }
1789815423.993	настройка_значение	globe	14.0	4.0	3.85	7	face	settings_sphere				radius_cm=14.0
1789815424.094	folder	globe	13.5	4.0	4.3	6	face	settings_sphere				{ "folder": "settings_sphere", "view": "browse", "items": 11, "total": 11, "page": 1, "pages": 1 }
1789815424.094	настройка_значение	globe	13.5	4.0	4.3	6	face	settings_sphere				radius_cm=13.5
1789815424.123	folder	globe	14.0	4.0	3.85	7	face	settings_sphere				{ "folder": "settings_sphere", "view": "browse", "items": 11, "total": 11, "page": 1, "pages": 1 }
1789815424.124	настройка_значение	globe	14.0	4.0	3.85	7	face	settings_sphere				radius_cm=14.0
1789815424.135	folder	globe	13.5	4.0	4.3	6	face	settings_sphere				{ "folder": "settings_sphere", "view": "browse", "items": 11, "total": 11, "page": 1, "pages": 1 }
1789815424.136	настройка_значение	globe	13.5	4.0	4.3	6	face	settings_sphere				radius_cm=13.5
1789815424.145	folder	globe	14.0	4.0	3.85	7	face	settings_sphere				{ "folder": "settings_sphere", "view": "browse", "items": 11, "total": 11, "page": 1, "pages": 1 }
1789815424.145	настройка_значение	globe	14.0	4.0	3.85	7	face	settings_sphere				radius_cm=14.0
1789815424.220	folder	globe	13.5	4.0	4.3	6	face	settings_sphere				{ "folder": "settings_sphere", "view": "browse", "items": 11, "total": 11, "page": 1, "pages": 1 }
1789815424.220	настройка_значение	globe	13.5	4.0	4.3	6	face	settings_sphere				radius_cm=13.5
1789815424.233	folder	globe	14.0	4.0	3.85	7	face	settings_sphere				{ "folder": "settings_sphere", "view": "browse", "items": 11, "total": 11, "page": 1, "pages": 1 }
1789815424.234	настройка_значение	globe	14.0	4.0	3.85	7	face	settings_sphere				radius_cm=14.0
1789815424.245	folder	globe	13.5	4.0	4.3	6	face	settings_sphere				{ "folder": "settings_sphere", "view": "browse", "items": 11, "total": 11, "page": 1, "pages": 1 }
1789815424.245	настройка_значение	globe	13.5	4.0	4.3	6	face	settings_sphere				radius_cm=13.5
1789815424.521	folder	globe	14.0	4.0	3.85	7	face	settings_sphere				{ "folder": "settings_sphere", "view": "browse", "items": 11, "total": 11, "page": 1, "pages": 1 }
1789815424.521	настройка_значение	globe	14.0	4.0	3.85	7	face	settings_sphere				radius_cm=14.0
1789815424.646	folder	globe	14.5	4.0	3.99	7	face	settings_sphere				{ "folder": "settings_sphere", "view": "browse", "items": 11, "total": 11, "page": 1, "pages": 1 }
1789815424.646	настройка_значение	globe	14.5	4.0	3.99	7	face	settings_sphere				radius_cm=14.5
1789815424.661	folder	globe	14.0	4.0	3.85	7	face	settings_sphere				{ "folder": "settings_sphere", "view": "browse", "items": 11, "total": 11, "page": 1, "pages": 1 }
1789815424.661	настройка_значение	globe	14.0	4.0	3.85	7	face	settings_sphere				radius_cm=14.0
1789815424.673	folder	globe	14.5	4.0	3.99	7	face	settings_sphere				{ "folder": "settings_sphere", "view": "browse", "items": 11, "total": 11, "page": 1, "pages": 1 }
1789815424.673	настройка_значение	globe	14.5	4.0	3.99	7	face	settings_sphere				radius_cm=14.5
1789815424.691	folder	globe	14.0	4.0	3.85	7	face	settings_sphere				{ "folder": "settings_sphere", "view": "browse", "items": 11, "total": 11, "page": 1, "pages": 1 }
1789815424.691	настройка_значение	globe	14.0	4.0	3.85	7	face	settings_sphere				radius_cm=14.0
1789815424.701	folder	globe	14.5	4.0	3.99	7	face	settings_sphere				{ "folder": "settings_sphere", "view": "browse", "items": 11, "total": 11, "page": 1, "pages": 1 }
1789815424.701	настройка_значение	globe	14.5	4.0	3.99	7	face	settings_sphere				radius_cm=14.5
1789815424.709	folder	globe	14.0	4.0	3.85	7	face	settings_sphere				{ "folder": "settings_sphere", "view": "browse", "items": 11, "total": 11, "page": 1, "pages": 1 }
1789815424.709	настройка_значение	globe	14.0	4.0	3.85	7	face	settings_sphere				radius_cm=14.0
1789815424.786	folder	globe	14.5	4.0	3.99	7	face	settings_sphere				{ "folder": "settings_sphere", "view": "browse", "items": 11, "total": 11, "page": 1, "pages": 1 }
1789815424.787	настройка_значение	globe	14.5	4.0	3.99	7	face	settings_sphere				radius_cm=14.5
1789815424.801	folder	globe	14.0	4.0	3.85	7	face	settings_sphere				{ "folder": "settings_sphere", "view": "browse", "items": 11, "total": 11, "page": 1, "pages": 1 }
1789815424.802	настройка_значение	globe	14.0	4.0	3.85	7	face	settings_sphere				radius_cm=14.0
1789815424.813	folder	globe	14.5	4.0	3.99	7	face	settings_sphere				{ "folder": "settings_sphere", "view": "browse", "items": 11, "total": 11, "page": 1, "pages": 1 }
1789815424.813	настройка_значение	globe	14.5	4.0	3.99	7	face	settings_sphere				radius_cm=14.5
1789815424.822	folder	globe	14.0	4.0	3.85	7	face	settings_sphere				{ "folder": "settings_sphere", "view": "browse", "items": 11, "total": 11, "page": 1, "pages": 1 }
1789815424.822	настройка_значение	globe	14.0	4.0	3.85	7	face	settings_sphere				radius_cm=14.0
1789815424.832	folder	globe	14.5	4.0	3.99	7	face	settings_sphere				{ "folder": "settings_sphere", "view": "browse", "items": 11, "total": 11, "page": 1, "pages": 1 }
1789815424.832	настройка_значение	globe	14.5	4.0	3.99	7	face	settings_sphere				radius_cm=14.5
1789815424.840	folder	globe	14.0	4.0	3.85	7	face	settings_sphere				{ "folder": "settings_sphere", "view": "browse", "items": 11, "total": 11, "page": 1, "pages": 1 }
1789815424.841	настройка_значение	globe	14.0	4.0	3.85	7	face	settings_sphere				radius_cm=14.0
1789815424.848	folder	globe	14.5	4.0	3.99	7	face	settings_sphere				{ "folder": "settings_sphere", "view": "browse", "items": 11, "total": 11, "page": 1, "pages": 1 }
1789815424.848	настройка_значение	globe	14.5	4.0	3.99	7	face	settings_sphere				radius_cm=14.5
1789815424.860	folder	globe	14.0	4.0	3.85	7	face	settings_sphere				{ "folder": "settings_sphere", "view": "browse", "items": 11, "total": 11, "page": 1, "pages": 1 }
1789815424.860	настройка_значение	globe	14.0	4.0	3.85	7	face	settings_sphere				radius_cm=14.0
1789815424.872	folder	globe	14.5	4.0	3.99	7	face	settings_sphere				{ "folder": "settings_sphere", "view": "browse", "items": 11, "total": 11, "page": 1, "pages": 1 }
1789815424.872	настройка_значение	globe	14.5	4.0	3.99	7	face	settings_sphere				radius_cm=14.5
1789815424.883	folder	globe	14.0	4.0	3.85	7	face	settings_sphere				{ "folder": "settings_sphere", "view": "browse", "items": 11, "total": 11, "page": 1, "pages": 1 }
1789815424.883	настройка_значение	globe	14.0	4.0	3.85	7	face	settings_sphere				radius_cm=14.0
1789815424.893	folder	globe	14.5	4.0	3.99	7	face	settings_sphere				{ "folder": "settings_sphere", "view": "browse", "items": 11, "total": 11, "page": 1, "pages": 1 }
1789815424.893	настройка_значение	globe	14.5	4.0	3.99	7	face	settings_sphere				radius_cm=14.5
1789815425.119	folder	globe	14.0	4.0	3.85	7	face	settings_sphere				{ "folder": "settings_sphere", "view": "browse", "items": 11, "total": 11, "page": 1, "pages": 1 }
1789815425.119	настройка_значение	globe	14.0	4.0	3.85	7	face	settings_sphere				radius_cm=14.0
1789815425.136	folder	globe	14.5	4.0	3.99	7	face	settings_sphere				{ "folder": "settings_sphere", "view": "browse", "items": 11, "total": 11, "page": 1, "pages": 1 }
1789815425.136	настройка_значение	globe	14.5	4.0	3.99	7	face	settings_sphere				radius_cm=14.5
1789815425.153	folder	globe	14.0	4.0	3.85	7	face	settings_sphere				{ "folder": "settings_sphere", "view": "browse", "items": 11, "total": 11, "page": 1, "pages": 1 }
1789815425.153	настройка_значение	globe	14.0	4.0	3.85	7	face	settings_sphere				radius_cm=14.0
1789815425.210	folder	globe	13.5	4.0	4.3	6	face	settings_sphere				{ "folder": "settings_sphere", "view": "browse", "items": 11, "total": 11, "page": 1, "pages": 1 }
1789815425.210	настройка_значение	globe	13.5	4.0	4.3	6	face	settings_sphere				radius_cm=13.5
1789815425.253	folder	globe	13.0	4.0	4.14	6	face	settings_sphere				{ "folder": "settings_sphere", "view": "browse", "items": 11, "total": 11, "page": 1, "pages": 1 }
1789815425.254	настройка_значение	globe	13.0	4.0	4.14	6	face	settings_sphere				radius_cm=13.0
1789815425.268	folder	globe	12.5	4.0	3.98	6	face	settings_sphere				{ "folder": "settings_sphere", "view": "browse", "items": 11, "total": 11, "page": 1, "pages": 1 }
1789815425.268	настройка_значение	globe	12.5	4.0	3.98	6	face	settings_sphere				radius_cm=12.5
1789815425.325	folder	globe	12.0	4.0	3.83	6	face	settings_sphere				{ "folder": "settings_sphere", "view": "browse", "items": 11, "total": 11, "page": 1, "pages": 1 }
1789815425.325	настройка_значение	globe	12.0	4.0	3.83	6	face	settings_sphere				radius_cm=12.0
1789815426.144	рука_pinch	globe	12.0	4.0	3.83	6	face	settings_sphere				{  }
1789815426.147	folder	globe	13.5	4.0	4.3	6	face	settings_sphere				{ "folder": "settings_sphere", "view": "browse", "items": 11, "total": 11, "page": 1, "pages": 1 }
1789815426.147	настройка_значение	globe	13.5	4.0	4.3	6	face	settings_sphere				radius_cm=13.5
1789815426.161	folder	globe	13.0	4.0	4.14	6	face	settings_sphere				{ "folder": "settings_sphere", "view": "browse", "items": 11, "total": 11, "page": 1, "pages": 1 }
1789815426.161	настройка_значение	globe	13.0	4.0	4.14	6	face	settings_sphere				radius_cm=13.0
1789815426.173	folder	globe	13.5	4.0	4.3	6	face	settings_sphere				{ "folder": "settings_sphere", "view": "browse", "items": 11, "total": 11, "page": 1, "pages": 1 }
1789815426.173	настройка_значение	globe	13.5	4.0	4.3	6	face	settings_sphere				radius_cm=13.5
1789815426.213	folder	globe	14.0	4.0	3.85	7	face	settings_sphere				{ "folder": "settings_sphere", "view": "browse", "items": 11, "total": 11, "page": 1, "pages": 1 }
1789815426.214	настройка_значение	globe	14.0	4.0	3.85	7	face	settings_sphere				radius_cm=14.0
1789815426.319	folder	globe	14.5	4.0	3.99	7	face	settings_sphere				{ "folder": "settings_sphere", "view": "browse", "items": 11, "total": 11, "page": 1, "pages": 1 }
1789815426.319	настройка_значение	globe	14.5	4.0	3.99	7	face	settings_sphere				radius_cm=14.5
1789815426.335	folder	globe	14.0	4.0	3.85	7	face	settings_sphere				{ "folder": "settings_sphere", "view": "browse", "items": 11, "total": 11, "page": 1, "pages": 1 }
1789815426.335	настройка_значение	globe	14.0	4.0	3.85	7	face	settings_sphere				radius_cm=14.0
1789815426.347	folder	globe	14.5	4.0	3.99	7	face	settings_sphere				{ "folder": "settings_sphere", "view": "browse", "items": 11, "total": 11, "page": 1, "pages": 1 }
1789815426.347	настройка_значение	globe	14.5	4.0	3.99	7	face	settings_sphere				radius_cm=14.5
1789815426.356	folder	globe	14.0	4.0	3.85	7	face	settings_sphere				{ "folder": "settings_sphere", "view": "browse", "items": 11, "total": 11, "page": 1, "pages": 1 }
1789815426.356	настройка_значение	globe	14.0	4.0	3.85	7	face	settings_sphere				radius_cm=14.0
1789815426.364	folder	globe	14.5	4.0	3.99	7	face	settings_sphere				{ "folder": "settings_sphere", "view": "browse", "items": 11, "total": 11, "page": 1, "pages": 1 }
1789815426.364	настройка_значение	globe	14.5	4.0	3.99	7	face	settings_sphere				radius_cm=14.5
1789815426.372	folder	globe	14.0	4.0	3.85	7	face	settings_sphere				{ "folder": "settings_sphere", "view": "browse", "items": 11, "total": 11, "page": 1, "pages": 1 }
1789815426.372	настройка_значение	globe	14.0	4.0	3.85	7	face	settings_sphere				radius_cm=14.0
1789815426.383	folder	globe	14.5	4.0	3.99	7	face	settings_sphere				{ "folder": "settings_sphere", "view": "browse", "items": 11, "total": 11, "page": 1, "pages": 1 }
1789815426.383	настройка_значение	globe	14.5	4.0	3.99	7	face	settings_sphere				radius_cm=14.5
1789815426.419	folder	globe	15.0	4.0	4.13	7	face	settings_sphere				{ "folder": "settings_sphere", "view": "browse", "items": 11, "total": 11, "page": 1, "pages": 1 }
1789815426.419	настройка_значение	globe	15.0	4.0	4.13	7	face	settings_sphere				radius_cm=15.0
1789815426.429	folder	globe	14.5	4.0	3.99	7	face	settings_sphere				{ "folder": "settings_sphere", "view": "browse", "items": 11, "total": 11, "page": 1, "pages": 1 }
1789815426.430	настройка_значение	globe	14.5	4.0	3.99	7	face	settings_sphere				radius_cm=14.5
1789815426.439	folder	globe	15.0	4.0	4.13	7	face	settings_sphere				{ "folder": "settings_sphere", "view": "browse", "items": 11, "total": 11, "page": 1, "pages": 1 }
1789815426.439	настройка_значение	globe	15.0	4.0	4.13	7	face	settings_sphere				radius_cm=15.0
1789815426.553	folder	globe	15.5	4.0	3.9	8	face	settings_sphere				{ "folder": "settings_sphere", "view": "browse", "items": 11, "total": 11, "page": 1, "pages": 1 }
1789815426.553	настройка_значение	globe	15.5	4.0	3.9	8	face	settings_sphere				radius_cm=15.5
1789815426.844	folder	globe	15.0	4.0	4.13	7	face	settings_sphere				{ "folder": "settings_sphere", "view": "browse", "items": 11, "total": 11, "page": 1, "pages": 1 }
1789815426.845	настройка_значение	globe	15.0	4.0	4.13	7	face	settings_sphere				radius_cm=15.0
1789815426.859	folder	globe	15.5	4.0	3.9	8	face	settings_sphere				{ "folder": "settings_sphere", "view": "browse", "items": 11, "total": 11, "page": 1, "pages": 1 }
1789815426.859	настройка_значение	globe	15.5	4.0	3.9	8	face	settings_sphere				radius_cm=15.5
1789815426.882	folder	globe	15.0	4.0	4.13	7	face	settings_sphere				{ "folder": "settings_sphere", "view": "browse", "items": 11, "total": 11, "page": 1, "pages": 1 }
1789815426.882	настройка_значение	globe	15.0	4.0	4.13	7	face	settings_sphere				radius_cm=15.0
1789815426.900	folder	globe	15.5	4.0	3.9	8	face	settings_sphere				{ "folder": "settings_sphere", "view": "browse", "items": 11, "total": 11, "page": 1, "pages": 1 }
1789815426.900	настройка_значение	globe	15.5	4.0	3.9	8	face	settings_sphere				radius_cm=15.5
1789815426.910	folder	globe	15.0	4.0	4.13	7	face	settings_sphere				{ "folder": "settings_sphere", "view": "browse", "items": 11, "total": 11, "page": 1, "pages": 1 }
1789815426.910	настройка_значение	globe	15.0	4.0	4.13	7	face	settings_sphere				radius_cm=15.0
1789815427.053	folder	globe	14.5	4.0	3.99	7	face	settings_sphere				{ "folder": "settings_sphere", "view": "browse", "items": 11, "total": 11, "page": 1, "pages": 1 }
1789815427.054	настройка_значение	globe	14.5	4.0	3.99	7	face	settings_sphere				radius_cm=14.5
1789815427.108	folder	globe	15.0	4.0	4.13	7	face	settings_sphere				{ "folder": "settings_sphere", "view": "browse", "items": 11, "total": 11, "page": 1, "pages": 1 }
1789815427.108	настройка_значение	globe	15.0	4.0	4.13	7	face	settings_sphere				radius_cm=15.0
1789815427.123	folder	globe	14.5	4.0	3.99	7	face	settings_sphere				{ "folder": "settings_sphere", "view": "browse", "items": 11, "total": 11, "page": 1, "pages": 1 }
1789815427.123	настройка_значение	globe	14.5	4.0	3.99	7	face	settings_sphere				radius_cm=14.5
1789815427.135	folder	globe	15.0	4.0	4.13	7	face	settings_sphere				{ "folder": "settings_sphere", "view": "browse", "items": 11, "total": 11, "page": 1, "pages": 1 }
1789815427.135	настройка_значение	globe	15.0	4.0	4.13	7	face	settings_sphere				radius_cm=15.0
1789815427.144	folder	globe	14.5	4.0	3.99	7	face	settings_sphere				{ "folder": "settings_sphere", "view": "browse", "items": 11, "total": 11, "page": 1, "pages": 1 }
1789815427.145	настройка_значение	globe	14.5	4.0	3.99	7	face	settings_sphere				radius_cm=14.5
1789815427.152	folder	globe	15.0	4.0	4.13	7	face	settings_sphere				{ "folder": "settings_sphere", "view": "browse", "items": 11, "total": 11, "page": 1, "pages": 1 }
1789815427.152	настройка_значение	globe	15.0	4.0	4.13	7	face	settings_sphere				radius_cm=15.0
1789815427.160	folder	globe	14.5	4.0	3.99	7	face	settings_sphere				{ "folder": "settings_sphere", "view": "browse", "items": 11, "total": 11, "page": 1, "pages": 1 }
1789815427.161	настройка_значение	globe	14.5	4.0	3.99	7	face	settings_sphere				radius_cm=14.5
1789815427.173	folder	globe	15.0	4.0	4.13	7	face	settings_sphere				{ "folder": "settings_sphere", "view": "browse", "items": 11, "total": 11, "page": 1, "pages": 1 }
1789815427.173	настройка_значение	globe	15.0	4.0	4.13	7	face	settings_sphere				radius_cm=15.0
1789815427.182	folder	globe	14.5	4.0	3.99	7	face	settings_sphere				{ "folder": "settings_sphere", "view": "browse", "items": 11, "total": 11, "page": 1, "pages": 1 }
1789815427.182	настройка_значение	globe	14.5	4.0	3.99	7	face	settings_sphere				radius_cm=14.5
1789815427.192	folder	globe	15.0	4.0	4.13	7	face	settings_sphere				{ "folder": "settings_sphere", "view": "browse", "items": 11, "total": 11, "page": 1, "pages": 1 }
1789815427.193	настройка_значение	globe	15.0	4.0	4.13	7	face	settings_sphere				radius_cm=15.0
1789815427.205	folder	globe	14.5	4.0	3.99	7	face	settings_sphere				{ "folder": "settings_sphere", "view": "browse", "items": 11, "total": 11, "page": 1, "pages": 1 }
1789815427.205	настройка_значение	globe	14.5	4.0	3.99	7	face	settings_sphere				radius_cm=14.5
1789815427.216	folder	globe	15.0	4.0	4.13	7	face	settings_sphere				{ "folder": "settings_sphere", "view": "browse", "items": 11, "total": 11, "page": 1, "pages": 1 }
1789815427.216	настройка_значение	globe	15.0	4.0	4.13	7	face	settings_sphere				radius_cm=15.0
1789815427.227	folder	globe	14.5	4.0	3.99	7	face	settings_sphere				{ "folder": "settings_sphere", "view": "browse", "items": 11, "total": 11, "page": 1, "pages": 1 }
1789815427.227	настройка_значение	globe	14.5	4.0	3.99	7	face	settings_sphere				radius_cm=14.5
1789815427.420	folder	globe	14.0	4.0	3.85	7	face	settings_sphere				{ "folder": "settings_sphere", "view": "browse", "items": 11, "total": 11, "page": 1, "pages": 1 }
1789815427.421	настройка_значение	globe	14.0	4.0	3.85	7	face	settings_sphere				radius_cm=14.0
1789815427.486	folder	globe	13.5	4.0	4.3	6	face	settings_sphere				{ "folder": "settings_sphere", "view": "browse", "items": 11, "total": 11, "page": 1, "pages": 1 }
1789815427.487	настройка_значение	globe	13.5	4.0	4.3	6	face	settings_sphere				radius_cm=13.5
1789815427.502	folder	globe	14.0	4.0	3.85	7	face	settings_sphere				{ "folder": "settings_sphere", "view": "browse", "items": 11, "total": 11, "page": 1, "pages": 1 }
1789815427.502	настройка_значение	globe	14.0	4.0	3.85	7	face	settings_sphere				radius_cm=14.0
1789815427.513	folder	globe	13.5	4.0	4.3	6	face	settings_sphere				{ "folder": "settings_sphere", "view": "browse", "items": 11, "total": 11, "page": 1, "pages": 1 }
1789815427.514	настройка_значение	globe	13.5	4.0	4.3	6	face	settings_sphere				radius_cm=13.5
1789815427.553	folder	globe	13.0	4.0	4.14	6	face	settings_sphere				{ "folder": "settings_sphere", "view": "browse", "items": 11, "total": 11, "page": 1, "pages": 1 }
1789815427.553	настройка_значение	globe	13.0	4.0	4.14	6	face	settings_sphere				radius_cm=13.0
1789815428.299	рука_pinch	globe	13.0	4.0	4.14	6	face	settings_sphere				{  }
1789815428.302	folder	globe	13.5	4.0	4.3	6	face	settings_sphere				{ "folder": "settings_sphere", "view": "browse", "items": 11, "total": 11, "page": 1, "pages": 1 }
1789815428.302	настройка_значение	globe	13.5	4.0	4.3	6	face	settings_sphere				radius_cm=13.5
1789815428.316	folder	globe	14.0	4.0	3.85	7	face	settings_sphere				{ "folder": "settings_sphere", "view": "browse", "items": 11, "total": 11, "page": 1, "pages": 1 }
1789815428.317	настройка_значение	globe	14.0	4.0	3.85	7	face	settings_sphere				radius_cm=14.0
1789815428.331	folder	globe	14.5	4.0	3.99	7	face	settings_sphere				{ "folder": "settings_sphere", "view": "browse", "items": 11, "total": 11, "page": 1, "pages": 1 }
1789815428.331	настройка_значение	globe	14.5	4.0	3.99	7	face	settings_sphere				radius_cm=14.5
1789815428.346	folder	globe	15.0	4.0	4.13	7	face	settings_sphere				{ "folder": "settings_sphere", "view": "browse", "items": 11, "total": 11, "page": 1, "pages": 1 }
1789815428.346	настройка_значение	globe	15.0	4.0	4.13	7	face	settings_sphere				radius_cm=15.0
1789815428.375	folder	globe	15.5	4.0	3.9	8	face	settings_sphere				{ "folder": "settings_sphere", "view": "browse", "items": 11, "total": 11, "page": 1, "pages": 1 }
1789815428.375	настройка_значение	globe	15.5	4.0	3.9	8	face	settings_sphere				radius_cm=15.5
1789815428.433	folder	globe	16.0	4.0	4.03	8	face	settings_sphere				{ "folder": "settings_sphere", "view": "browse", "items": 11, "total": 11, "page": 1, "pages": 1 }
1789815428.433	настройка_значение	globe	16.0	4.0	4.03	8	face	settings_sphere				radius_cm=16.0
1789815428.453	folder	globe	15.5	4.0	3.9	8	face	settings_sphere				{ "folder": "settings_sphere", "view": "browse", "items": 11, "total": 11, "page": 1, "pages": 1 }
1789815428.453	настройка_значение	globe	15.5	4.0	3.9	8	face	settings_sphere				radius_cm=15.5
1789815428.544	folder	globe	16.0	4.0	4.03	8	face	settings_sphere				{ "folder": "settings_sphere", "view": "browse", "items": 11, "total": 11, "page": 1, "pages": 1 }
1789815428.544	настройка_значение	globe	16.0	4.0	4.03	8	face	settings_sphere				radius_cm=16.0
1789815428.560	folder	globe	15.5	4.0	3.9	8	face	settings_sphere				{ "folder": "settings_sphere", "view": "browse", "items": 11, "total": 11, "page": 1, "pages": 1 }
1789815428.560	настройка_значение	globe	15.5	4.0	3.9	8	face	settings_sphere				radius_cm=15.5
1789815428.698	folder	globe	16.0	4.0	4.03	8	face	settings_sphere				{ "folder": "settings_sphere", "view": "browse", "items": 11, "total": 11, "page": 1, "pages": 1 }
1789815428.698	настройка_значение	globe	16.0	4.0	4.03	8	face	settings_sphere				radius_cm=16.0
1789815428.715	folder	globe	15.5	4.0	3.9	8	face	settings_sphere				{ "folder": "settings_sphere", "view": "browse", "items": 11, "total": 11, "page": 1, "pages": 1 }
1789815428.716	настройка_значение	globe	15.5	4.0	3.9	8	face	settings_sphere				radius_cm=15.5
1789815428.828	folder	globe	16.0	4.0	4.03	8	face	settings_sphere				{ "folder": "settings_sphere", "view": "browse", "items": 11, "total": 11, "page": 1, "pages": 1 }
1789815428.828	настройка_значение	globe	16.0	4.0	4.03	8	face	settings_sphere				radius_cm=16.0
1789815428.844	folder	globe	15.5	4.0	3.9	8	face	settings_sphere				{ "folder": "settings_sphere", "view": "browse", "items": 11, "total": 11, "page": 1, "pages": 1 }
1789815428.844	настройка_значение	globe	15.5	4.0	3.9	8	face	settings_sphere				radius_cm=15.5
1789815429.133	folder	globe	16.0	4.0	4.03	8	face	settings_sphere				{ "folder": "settings_sphere", "view": "browse", "items": 11, "total": 11, "page": 1, "pages": 1 }
1789815429.133	настройка_значение	globe	16.0	4.0	4.03	8	face	settings_sphere				radius_cm=16.0
1789815429.149	folder	globe	15.5	4.0	3.9	8	face	settings_sphere				{ "folder": "settings_sphere", "view": "browse", "items": 11, "total": 11, "page": 1, "pages": 1 }
1789815429.149	настройка_значение	globe	15.5	4.0	3.9	8	face	settings_sphere				radius_cm=15.5
1789815429.162	folder	globe	16.0	4.0	4.03	8	face	settings_sphere				{ "folder": "settings_sphere", "view": "browse", "items": 11, "total": 11, "page": 1, "pages": 1 }
1789815429.162	настройка_значение	globe	16.0	4.0	4.03	8	face	settings_sphere				radius_cm=16.0
1789815429.176	folder	globe	15.5	4.0	3.9	8	face	settings_sphere				{ "folder": "settings_sphere", "view": "browse", "items": 11, "total": 11, "page": 1, "pages": 1 }
1789815429.176	настройка_значение	globe	15.5	4.0	3.9	8	face	settings_sphere				radius_cm=15.5
1789815429.186	folder	globe	16.0	4.0	4.03	8	face	settings_sphere				{ "folder": "settings_sphere", "view": "browse", "items": 11, "total": 11, "page": 1, "pages": 1 }
1789815429.186	настройка_значение	globe	16.0	4.0	4.03	8	face	settings_sphere				radius_cm=16.0
1789815429.195	folder	globe	15.5	4.0	3.9	8	face	settings_sphere				{ "folder": "settings_sphere", "view": "browse", "items": 11, "total": 11, "page": 1, "pages": 1 }
1789815429.196	настройка_значение	globe	15.5	4.0	3.9	8	face	settings_sphere				radius_cm=15.5
1789815429.206	folder	globe	16.0	4.0	4.03	8	face	settings_sphere				{ "folder": "settings_sphere", "view": "browse", "items": 11, "total": 11, "page": 1, "pages": 1 }
1789815429.206	настройка_значение	globe	16.0	4.0	4.03	8	face	settings_sphere				radius_cm=16.0
1789815429.215	folder	globe	15.5	4.0	3.9	8	face	settings_sphere				{ "folder": "settings_sphere", "view": "browse", "items": 11, "total": 11, "page": 1, "pages": 1 }
1789815429.215	настройка_значение	globe	15.5	4.0	3.9	8	face	settings_sphere				radius_cm=15.5
1789815429.227	folder	globe	16.0	4.0	4.03	8	face	settings_sphere				{ "folder": "settings_sphere", "view": "browse", "items": 11, "total": 11, "page": 1, "pages": 1 }
1789815429.227	настройка_значение	globe	16.0	4.0	4.03	8	face	settings_sphere				radius_cm=16.0
1789815429.239	folder	globe	15.5	4.0	3.9	8	face	settings_sphere				{ "folder": "settings_sphere", "view": "browse", "items": 11, "total": 11, "page": 1, "pages": 1 }
1789815429.240	настройка_значение	globe	15.5	4.0	3.9	8	face	settings_sphere				radius_cm=15.5
1789815429.250	folder	globe	16.0	4.0	4.03	8	face	settings_sphere				{ "folder": "settings_sphere", "view": "browse", "items": 11, "total": 11, "page": 1, "pages": 1 }
1789815429.250	настройка_значение	globe	16.0	4.0	4.03	8	face	settings_sphere				radius_cm=16.0
1789815429.262	folder	globe	15.5	4.0	3.9	8	face	settings_sphere				{ "folder": "settings_sphere", "view": "browse", "items": 11, "total": 11, "page": 1, "pages": 1 }
1789815429.262	настройка_значение	globe	15.5	4.0	3.9	8	face	settings_sphere				radius_cm=15.5
1789815429.366	folder	globe	15.0	4.0	4.13	7	face	settings_sphere				{ "folder": "settings_sphere", "view": "browse", "items": 11, "total": 11, "page": 1, "pages": 1 }
1789815429.366	настройка_значение	globe	15.0	4.0	4.13	7	face	settings_sphere				radius_cm=15.0
1789815429.381	folder	globe	15.5	4.0	3.9	8	face	settings_sphere				{ "folder": "settings_sphere", "view": "browse", "items": 11, "total": 11, "page": 1, "pages": 1 }
1789815429.382	настройка_значение	globe	15.5	4.0	3.9	8	face	settings_sphere				radius_cm=15.5
1789815429.394	folder	globe	15.0	4.0	4.13	7	face	settings_sphere				{ "folder": "settings_sphere", "view": "browse", "items": 11, "total": 11, "page": 1, "pages": 1 }
1789815429.394	настройка_значение	globe	15.0	4.0	4.13	7	face	settings_sphere				radius_cm=15.0
1789815429.424	folder	globe	14.5	4.0	3.99	7	face	settings_sphere				{ "folder": "settings_sphere", "view": "browse", "items": 11, "total": 11, "page": 1, "pages": 1 }
1789815429.425	настройка_значение	globe	14.5	4.0	3.99	7	face	settings_sphere				radius_cm=14.5
1789815429.505	folder	globe	14.0	4.0	3.85	7	face	settings_sphere				{ "folder": "settings_sphere", "view": "browse", "items": 11, "total": 11, "page": 1, "pages": 1 }
1789815429.505	настройка_значение	globe	14.0	4.0	3.85	7	face	settings_sphere				radius_cm=14.0
1789815429.521	folder	globe	14.5	4.0	3.99	7	face	settings_sphere				{ "folder": "settings_sphere", "view": "browse", "items": 11, "total": 11, "page": 1, "pages": 1 }
1789815429.521	настройка_значение	globe	14.5	4.0	3.99	7	face	settings_sphere				radius_cm=14.5
1789815429.537	folder	globe	14.0	4.0	3.85	7	face	settings_sphere				{ "folder": "settings_sphere", "view": "browse", "items": 11, "total": 11, "page": 1, "pages": 1 }
1789815429.537	настройка_значение	globe	14.0	4.0	3.85	7	face	settings_sphere				radius_cm=14.0
1789815429.547	folder	globe	14.5	4.0	3.99	7	face	settings_sphere				{ "folder": "settings_sphere", "view": "browse", "items": 11, "total": 11, "page": 1, "pages": 1 }
1789815429.547	настройка_значение	globe	14.5	4.0	3.99	7	face	settings_sphere				radius_cm=14.5
1789815429.556	folder	globe	14.0	4.0	3.85	7	face	settings_sphere				{ "folder": "settings_sphere", "view": "browse", "items": 11, "total": 11, "page": 1, "pages": 1 }
1789815429.556	настройка_значение	globe	14.0	4.0	3.85	7	face	settings_sphere				radius_cm=14.0
1789815429.568	folder	globe	14.5	4.0	3.99	7	face	settings_sphere				{ "folder": "settings_sphere", "view": "browse", "items": 11, "total": 11, "page": 1, "pages": 1 }
1789815429.568	настройка_значение	globe	14.5	4.0	3.99	7	face	settings_sphere				radius_cm=14.5
1789815429.580	folder	globe	14.0	4.0	3.85	7	face	settings_sphere				{ "folder": "settings_sphere", "view": "browse", "items": 11, "total": 11, "page": 1, "pages": 1 }
1789815429.580	настройка_значение	globe	14.0	4.0	3.85	7	face	settings_sphere				radius_cm=14.0
1789815429.649	folder	globe	13.5	4.0	4.3	6	face	settings_sphere				{ "folder": "settings_sphere", "view": "browse", "items": 11, "total": 11, "page": 1, "pages": 1 }
1789815429.650	настройка_значение	globe	13.5	4.0	4.3	6	face	settings_sphere				radius_cm=13.5
1789815429.664	folder	globe	14.0	4.0	3.85	7	face	settings_sphere				{ "folder": "settings_sphere", "view": "browse", "items": 11, "total": 11, "page": 1, "pages": 1 }
1789815429.664	настройка_значение	globe	14.0	4.0	3.85	7	face	settings_sphere				radius_cm=14.0
1789815429.677	folder	globe	13.5	4.0	4.3	6	face	settings_sphere				{ "folder": "settings_sphere", "view": "browse", "items": 11, "total": 11, "page": 1, "pages": 1 }
1789815429.677	настройка_значение	globe	13.5	4.0	4.3	6	face	settings_sphere				radius_cm=13.5
1789815429.685	folder	globe	14.0	4.0	3.85	7	face	settings_sphere				{ "folder": "settings_sphere", "view": "browse", "items": 11, "total": 11, "page": 1, "pages": 1 }
1789815429.686	настройка_значение	globe	14.0	4.0	3.85	7	face	settings_sphere				radius_cm=14.0
1789815429.775	folder	globe	13.5	4.0	4.3	6	face	settings_sphere				{ "folder": "settings_sphere", "view": "browse", "items": 11, "total": 11, "page": 1, "pages": 1 }
1789815429.775	настройка_значение	globe	13.5	4.0	4.3	6	face	settings_sphere				radius_cm=13.5
1789815429.790	folder	globe	14.0	4.0	3.85	7	face	settings_sphere				{ "folder": "settings_sphere", "view": "browse", "items": 11, "total": 11, "page": 1, "pages": 1 }
1789815429.790	настройка_значение	globe	14.0	4.0	3.85	7	face	settings_sphere				radius_cm=14.0
1789815429.827	folder	globe	13.5	4.0	4.3	6	face	settings_sphere				{ "folder": "settings_sphere", "view": "browse", "items": 11, "total": 11, "page": 1, "pages": 1 }
1789815429.827	настройка_значение	globe	13.5	4.0	4.3	6	face	settings_sphere				radius_cm=13.5
1789815429.840	folder	globe	14.0	4.0	3.85	7	face	settings_sphere				{ "folder": "settings_sphere", "view": "browse", "items": 11, "total": 11, "page": 1, "pages": 1 }
1789815429.841	настройка_значение	globe	14.0	4.0	3.85	7	face	settings_sphere				radius_cm=14.0
1789815429.950	folder	globe	14.5	4.0	3.99	7	face	settings_sphere				{ "folder": "settings_sphere", "view": "browse", "items": 11, "total": 11, "page": 1, "pages": 1 }
1789815429.950	настройка_значение	globe	14.5	4.0	3.99	7	face	settings_sphere				radius_cm=14.5
1789815430.367	рука_pinch	globe	14.5	4.0	3.99	7	face	settings_sphere				{  }
1789815432.290	рука_pinch	globe	14.5	4.0	3.99	7	face	settings_sphere				{  }
1789815434.090	рука_pinch	globe	14.5	4.0	3.99	7	face	settings_sphere				{  }
1789815434.357	панель_кнопка	globe	14.5	4.0	3.99	7	face	settings_sphere				done
1789815434.360	настройка_сохранена	globe	14.5	4.0	3.99	7	face	settings_sphere				radius_cm=14.5
1789815437.283	настройка_открыта	globe	14.5	4.0	3.99	7	face	settings_sphere				radius_cm
1789815437.283	intent	globe	14.5	4.0	3.99	7	face	settings_sphere				{ "do": "edit", "view": "browse", "folder": "settings_sphere", "setting": "radius_cm" }
1789815437.283	рука_touch	globe	14.5	4.0	3.99	7	face	settings_sphere				{ "key": "89", "travel_cm": 0.51, "ms": 300 }
1789815440.490	рука_pinch	globe	14.5	4.0	3.99	7	face	settings_sphere				{  }
1789815441.869	рука_pinch	globe	14.5	4.0	3.99	7	face	settings_sphere				{  }
1789815442.080	панель_кнопка	globe	14.5	4.0	3.99	7	face	settings_sphere				done
1789815442.081	настройка_сохранена	globe	14.5	4.0	3.99	7	face	settings_sphere				radius_cm=14.5
1789815445.505	настройка_открыта	globe	14.5	4.0	3.99	7	face	settings_sphere				cell_cm
1789815445.505	intent	globe	14.5	4.0	3.99	7	face	settings_sphere				{ "do": "edit", "view": "browse", "folder": "settings_sphere", "setting": "cell_cm" }
1789815445.505	рука_touch	globe	14.5	4.0	3.99	7	face	settings_sphere				{ "key": "90", "travel_cm": 0.52, "ms": 277 }
1789815462.659	рука_pinch	globe	14.5	4.0	3.99	7	face	settings_sphere				{  }
1789815465.359	рука_pinch	globe	14.5	4.0	3.99	7	face	settings_sphere				{  }
1789815465.361	folder	globe	14.5	9.8	10.92	1	face	settings_sphere				{ "folder": "settings_sphere", "view": "browse", "items": 11, "total": 11, "page": 1, "pages": 1 }
1789815465.362	настройка_значение	globe	14.5	9.8	10.92	1	face	settings_sphere				cell_cm=9.8
1789815465.383	folder	globe	14.5	9.9	10.92	1	face	settings_sphere				{ "folder": "settings_sphere", "view": "browse", "items": 11, "total": 11, "page": 1, "pages": 1 }
1789815465.383	настройка_значение	globe	14.5	9.9	10.92	1	face	settings_sphere				cell_cm=9.9
1789815465.493	folder	globe	14.5	9.8	10.92	1	face	settings_sphere				{ "folder": "settings_sphere", "view": "browse", "items": 11, "total": 11, "page": 1, "pages": 1 }
1789815465.494	настройка_значение	globe	14.5	9.8	10.92	1	face	settings_sphere				cell_cm=9.8
1789815465.506	folder	globe	14.5	9.7	10.92	1	face	settings_sphere				{ "folder": "settings_sphere", "view": "browse", "items": 11, "total": 11, "page": 1, "pages": 1 }
1789815465.506	настройка_значение	globe	14.5	9.7	10.92	1	face	settings_sphere				cell_cm=9.7
1789815465.569	рука_pinch	globe	14.5	9.7	10.92	1	face	settings_sphere				{  }
1789815465.571	folder	globe	14.5	9.8	10.92	1	face	settings_sphere				{ "folder": "settings_sphere", "view": "browse", "items": 11, "total": 11, "page": 1, "pages": 1 }
1789815465.571	настройка_значение	globe	14.5	9.8	10.92	1	face	settings_sphere				cell_cm=9.8
1789815465.615	folder	globe	14.5	9.6	10.92	1	face	settings_sphere				{ "folder": "settings_sphere", "view": "browse", "items": 11, "total": 11, "page": 1, "pages": 1 }
1789815465.615	настройка_значение	globe	14.5	9.6	10.92	1	face	settings_sphere				cell_cm=9.6
1789815465.626	folder	globe	14.5	9.5	10.92	1	face	settings_sphere				{ "folder": "settings_sphere", "view": "browse", "items": 11, "total": 11, "page": 1, "pages": 1 }
1789815465.627	настройка_значение	globe	14.5	9.5	10.92	1	face	settings_sphere				cell_cm=9.5
1789815465.636	folder	globe	14.5	9.4	10.92	1	face	settings_sphere				{ "folder": "settings_sphere", "view": "browse", "items": 11, "total": 11, "page": 1, "pages": 1 }
1789815465.636	настройка_значение	globe	14.5	9.4	10.92	1	face	settings_sphere				cell_cm=9.4
1789815465.681	folder	globe	14.5	9.2	10.92	1	face	settings_sphere				{ "folder": "settings_sphere", "view": "browse", "items": 11, "total": 11, "page": 1, "pages": 1 }
1789815465.681	настройка_значение	globe	14.5	9.2	10.92	1	face	settings_sphere				cell_cm=9.2
1789815465.693	folder	globe	14.5	9.0	7.57	2	face	settings_sphere				{ "folder": "settings_sphere", "view": "browse", "items": 11, "total": 11, "page": 1, "pages": 1 }
1789815465.693	настройка_значение	globe	14.5	9.0	7.57	2	face	settings_sphere				cell_cm=9.0
1789815465.703	folder	globe	14.5	8.9	7.57	2	face	settings_sphere				{ "folder": "settings_sphere", "view": "browse", "items": 11, "total": 11, "page": 1, "pages": 1 }
1789815465.703	настройка_значение	globe	14.5	8.9	7.57	2	face	settings_sphere				cell_cm=8.9
1789815465.714	folder	globe	14.5	8.7	7.57	2	face	settings_sphere				{ "folder": "settings_sphere", "view": "browse", "items": 11, "total": 11, "page": 1, "pages": 1 }
1789815465.714	настройка_значение	globe	14.5	8.7	7.57	2	face	settings_sphere				cell_cm=8.7
1789815465.723	folder	globe	14.5	8.6	7.57	2	face	settings_sphere				{ "folder": "settings_sphere", "view": "browse", "items": 11, "total": 11, "page": 1, "pages": 1 }
1789815465.723	настройка_значение	globe	14.5	8.6	7.57	2	face	settings_sphere				cell_cm=8.6
1789815465.736	folder	globe	14.5	8.4	7.57	2	face	settings_sphere				{ "folder": "settings_sphere", "view": "browse", "items": 11, "total": 11, "page": 1, "pages": 1 }
1789815465.736	настройка_значение	globe	14.5	8.4	7.57	2	face	settings_sphere				cell_cm=8.4
1789815468.048	рука_pinch	globe	14.5	8.4	7.57	2	face	settings_sphere				{  }
1789815468.770	рука_pinch	globe	14.5	8.4	7.57	2	face	settings_sphere				{  }
1789815469.804	рука_pinch	globe	14.5	8.4	7.57	2	face	settings_sphere				{  }
1789815470.703	рука_pinch	globe	14.5	8.4	7.57	2	face	settings_sphere				{  }
1789815471.525	рука_pinch	globe	14.5	8.4	7.57	2	face	settings_sphere				{  }
1789815471.715	панель_кнопка	globe	14.5	8.4	7.57	2	face	settings_sphere				done
1789815471.716	настройка_сохранена	globe	14.5	8.4	7.57	2	face	settings_sphere				cell_cm=8.4
1789815476.649	рука_drag	globe	14.5	8.4	7.57	2	face	settings_sphere				{ "key": "21", "travel_cm": 16.26, "ms": 3056 }
1789815479.372	рука_drag	globe	14.5	8.4	7.57	2	face	settings_sphere				{ "key": "62", "travel_cm": 13.68, "ms": 967 }
1789815480.251	folder	globe	14.5	8.4	7.57	2	face	settings				{ "folder": "settings", "view": "browse", "items": 4, "total": 4, "page": 1, "pages": 1 }
1789815480.251	intent	globe	14.5	8.4	7.57	2	face	settings				{ "do": "reload", "view": "browse", "folder": "settings" }
1789815480.251	рука_touch	globe	14.5	8.4	7.57	2	face	settings				{ "key": "27", "travel_cm": 0.46, "ms": 256 }
1789815485.441	folder	globe	14.5	8.4	7.57	2	face	settings_sphere				{ "folder": "settings_sphere", "view": "browse", "items": 11, "total": 11, "page": 1, "pages": 1 }
1789815485.441	intent	globe	14.5	8.4	7.57	2	face	settings_sphere				{ "do": "reload", "view": "browse", "folder": "settings_sphere" }
1789815485.441	рука_touch	globe	14.5	8.4	7.57	2	face	settings_sphere				{ "key": "61", "travel_cm": 0.54, "ms": 78 }
1789815485.617	intent	globe	14.5	8.4	7.57	2	face	settings_sphere				{ "do": "none", "view": "browse", "folder": "settings_sphere" }
1789815485.617	рука_touch	globe	14.5	8.4	7.57	2	face	settings_sphere				{ "key": "61", "travel_cm": 0.26, "ms": 33 }
1789815488.540	рука_drag	globe	14.5	8.4	7.57	2	face	settings_sphere				{ "key": "62", "travel_cm": 14.29, "ms": 2201 }
1789815489.540	intent	globe	14.5	8.4	7.57	2	face	settings_sphere				{ "do": "none", "view": "browse", "folder": "settings_sphere" }
1789815489.540	рука_touch	globe	14.5	8.4	7.57	2	face	settings_sphere				{ "key": "62", "travel_cm": 0.49, "ms": 67 }
1789815490.140	рука_drag	globe	14.5	8.4	7.57	2	face	settings_sphere				{ "key": "31", "travel_cm": 5.75, "ms": 56 }
1789815490.851	intent	globe	14.5	8.4	7.57	2	face	settings_sphere				{ "do": "none", "view": "browse", "folder": "settings_sphere" }
1789815490.851	рука_touch	globe	14.5	8.4	7.57	2	face	settings_sphere				{ "key": "66", "travel_cm": 0.55, "ms": 222 }
1789815492.295	рука_drag	globe	14.5	8.4	7.57	2	face	settings_sphere				{ "key": "66", "travel_cm": 4.48, "ms": 111 }
1789815494.106	рука_drag	globe	14.5	8.4	7.57	2	face	settings_sphere				{ "key": "40", "travel_cm": 12.99, "ms": 1667 }
1789815495.535	folder	globe	14.5	8.4	7.57	2	face	settings_sphere				{ "folder": "settings_sphere", "view": "actions", "items": 5, "total": 4, "page": 1, "pages": 1 }
1789815495.535	intent	globe	14.5	8.4	7.57	2	face	settings_sphere				{ "do": "reload", "view": "actions", "folder": "settings_sphere" }
1789815495.561	рука_touch	globe	14.5	8.4	7.57	2	face	settings_sphere				{ "key": "26", "travel_cm": 2.06, "ms": 332 }
1789815498.552	folder	globe	14.5	8.4	7.57	2	face	settings_sphere				{ "folder": "settings_sphere", "view": "browse", "items": 11, "total": 11, "page": 1, "pages": 1 }
1789815498.553	intent	globe	14.5	8.4	7.57	2	face	settings_sphere				{ "do": "reload", "view": "browse", "folder": "settings_sphere" }
1789815498.553	рука_touch	globe	14.5	8.4	7.57	2	face	settings_sphere				{ "key": "9", "travel_cm": 1.13, "ms": 233 }
1789815499.844	настройка_открыта	globe	14.5	8.4	7.57	2	face	settings_sphere				hand_rotation
1789815499.845	intent	globe	14.5	8.4	7.57	2	face	settings_sphere				{ "do": "edit", "view": "browse", "folder": "settings_sphere", "setting": "hand_rotation" }
1789815499.845	рука_touch	globe	14.5	8.4	7.57	2	face	settings_sphere				{ "key": "26", "travel_cm": 0.72, "ms": 222 }
1789815508.007	рука_pinch	globe	14.5	8.4	7.57	2	face	settings_sphere				{  }
1789815509.085	настройка_значение	globe	14.5	8.4	7.57	2	stand	settings_sphere				hand_rotation=stand
1789815509.774	рука_pinch	globe	14.5	8.4	7.57	2	stand	settings_sphere				{  }
1789815510.262	рука_pinch	globe	14.5	8.4	7.57	2	stand	settings_sphere				{  }
1789815510.685	настройка_значение	globe	14.5	8.4	7.57	2	ball	settings_sphere				hand_rotation=ball
1789815513.519	рука_drag	globe	14.5	8.4	7.57	2	ball	settings_sphere				{ "key": "69", "travel_cm": 17.75, "ms": 388 }
1789815514.312	настройка_открыта	globe	14.5	8.4	7.57	2	ball	settings_sphere				hand_rotation
1789815514.312	intent	globe	14.5	8.4	7.57	2	ball	settings_sphere				{ "do": "edit", "view": "browse", "folder": "settings_sphere", "setting": "hand_rotation" }
1789815514.312	рука_touch	globe	14.5	8.4	7.57	2	ball	settings_sphere				{ "key": "26", "travel_cm": 2.1, "ms": 33 }
1789815515.908	intent	globe	14.5	8.4	7.57	2	ball	settings_sphere				{ "do": "none", "view": "browse", "folder": "settings_sphere" }
1789815515.908	рука_touch	globe	14.5	8.4	7.57	2	ball	settings_sphere				{ "key": "61", "travel_cm": 0.48, "ms": 88 }
1789815516.386	рука_drag	globe	14.5	8.4	7.57	2	ball	settings_sphere				{ "key": "30", "travel_cm": 4.51, "ms": 322 }
1789815517.831	рука_drag	globe	14.5	8.4	7.57	2	ball	settings_sphere				{ "key": "5", "travel_cm": 10.11, "ms": 845 }
1789815521.008	intent	globe	14.5	8.4	7.57	2	ball	settings_sphere				{ "do": "none", "view": "browse", "folder": "settings_sphere" }
1789815521.009	рука_touch	globe	14.5	8.4	7.57	2	ball	settings_sphere				{ "key": "62", "travel_cm": 3.76, "ms": 167 }
1789815521.498	folder	globe	14.5	8.4	7.57	2	ball	settings_sphere				{ "folder": "settings_sphere", "view": "actions", "items": 8, "total": 7, "page": 1, "pages": 1 }
1789815521.498	intent	globe	14.5	8.4	7.57	2	ball	settings_sphere				{ "do": "reload", "view": "actions", "folder": "settings_sphere" }
1789815521.651	рука_touch	globe	14.5	8.4	7.57	2	ball	settings_sphere				{ "key": "30", "travel_cm": 3.54, "ms": 464 }
1789815522.910	folder	globe	14.5	8.4	7.57	2	ball	settings_sphere				{ "folder": "settings_sphere", "view": "browse", "items": 11, "total": 11, "page": 1, "pages": 1 }
1789815522.910	intent	globe	14.5	8.4	7.57	2	ball	settings_sphere				{ "do": "reload", "view": "browse", "folder": "settings_sphere" }
1789815522.910	рука_touch	globe	14.5	8.4	7.57	2	ball	settings_sphere				{ "key": "5", "travel_cm": 2.0, "ms": 122 }
1789815524.231	рука_drag	globe	14.5	8.4	7.57	2	ball	settings_sphere				{ "key": "61", "travel_cm": 11.19, "ms": 566 }
1789815527.332	folder	globe	14.5	8.4	7.57	2	ball	settings				{ "folder": "settings", "view": "browse", "items": 4, "total": 4, "page": 1, "pages": 1 }
1789815527.332	intent	globe	14.5	8.4	7.57	2	ball	settings				{ "do": "reload", "view": "browse", "folder": "settings" }
1789815527.332	рука_touch	globe	14.5	8.4	7.57	2	ball	settings				{ "key": "27", "travel_cm": 1.22, "ms": 233 }
1789815529.199	folder	globe	14.5	8.4	7.57	2	ball					{ "folder": "", "view": "browse", "items": 6, "total": 6, "page": 1, "pages": 1 }
1789815529.199	intent	globe	14.5	8.4	7.57	2	ball					{ "do": "reload", "view": "browse", "folder": "" }
1789815529.199	рука_touch	globe	14.5	8.4	7.57	2	ball					{ "key": "5", "travel_cm": 0.64, "ms": 245 }
1789815547.433	рука_pinch	globe	14.5	8.4	7.57	2	ball					{  }
1789815547.966	рука_pinch	globe	14.5	8.4	7.57	2	ball					{  }
1789815548.233	панель_кнопка	globe	14.5	8.4	7.57	2	ball					done
1789815548.234	настройка_сохранена	globe	14.5	8.4	7.57	2	ball					hand_rotation=ball
1789815550.245	folder	globe	14.5	8.4	7.57	2	ball	files				{ "folder": "files", "view": "browse", "items": 5, "total": 5, "page": 1, "pages": 1 }
1789815550.246	intent	globe	14.5	8.4	7.57	2	ball	files				{ "do": "reload", "view": "browse", "folder": "files" }
1789815550.246	рука_touch	globe	14.5	8.4	7.57	2	ball	files				{ "key": "5", "travel_cm": 2.18, "ms": 223 }
1789815552.280	folder	globe	14.5	8.4	7.57	2	ball	images				{ "folder": "images", "view": "browse", "items": 7, "total": 7, "page": 1, "pages": 1 }
1789815552.280	intent	globe	14.5	8.4	7.57	2	ball	images				{ "do": "reload", "view": "browse", "folder": "images" }
1789815552.281	рука_touch	globe	14.5	8.4	7.57	2	ball	images				{ "key": "28", "travel_cm": 2.32, "ms": 278 }
1789815553.345	select	globe	14.5	8.4	7.57	2	ball	images				{ "do": "default", "view": "browse", "folder": "images", "item": "img_map", "title": "Карта" }
1789815553.345	рука_touch	globe	14.5	8.4	7.57	2	ball	images				{ "key": "4", "travel_cm": 1.32, "ms": 234 }
1789815553.967	select	globe	14.5	8.4	7.57	2	ball	images				{ "do": "default", "view": "browse", "folder": "images", "item": "img_sketch", "title": "Эскиз замка" }
1789815553.967	рука_touch	globe	14.5	8.4	7.57	2	ball	images				{ "key": "3", "travel_cm": 0.75, "ms": 233 }
1789815554.588	select	globe	14.5	8.4	7.57	2	ball	images				{ "do": "default", "view": "browse", "folder": "images", "item": "img_sunset", "title": "Закат" }
1789815554.589	рука_touch	globe	14.5	8.4	7.57	2	ball	images				{ "key": "28", "travel_cm": 1.74, "ms": 256 }
1789815555.267	select	globe	14.5	8.4	7.57	2	ball	images				{ "do": "default", "view": "browse", "folder": "images", "item": "img_stone", "title": "Текстура камня" }
1789815555.267	рука_touch	globe	14.5	8.4	7.57	2	ball	images				{ "key": "26", "travel_cm": 1.31, "ms": 278 }
1789815556.260	folder	globe	14.5	8.4	7.57	2	ball	images				{ "folder": "images", "view": "actions", "items": 8, "total": 7, "page": 1, "pages": 1 }
1789815556.260	intent	globe	14.5	8.4	7.57	2	ball	images				{ "do": "reload", "view": "actions", "folder": "images" }
1789815556.300	рука_touch	globe	14.5	8.4	7.57	2	ball	images				{ "key": "26", "travel_cm": 1.41, "ms": 344 }
1789815558.612	folder	globe	14.5	8.4	7.57	2	ball	images				{ "folder": "images", "view": "browse", "items": 7, "total": 7, "page": 1, "pages": 1 }
1789815558.613	intent	globe	14.5	8.4	7.57	2	ball	images				{ "do": "reload", "view": "browse", "folder": "images" }
1789815558.613	рука_touch	globe	14.5	8.4	7.57	2	ball	images				{ "key": "19", "travel_cm": 0.53, "ms": 211 }
1789815560.312	select	globe	14.5	8.4	7.57	2	ball	images				{ "do": "default", "view": "browse", "folder": "images", "item": "img_sunset", "title": "Закат" }
1789815560.312	рука_touch	globe	14.5	8.4	7.57	2	ball	images				{ "key": "28", "travel_cm": 0.53, "ms": 277 }
1789815561.068	select	globe	14.5	8.4	7.57	2	ball	images				{ "do": "default", "view": "browse", "folder": "images", "item": "img_sunset", "title": "Закат" }
1789815561.068	рука_touch	globe	14.5	8.4	7.57	2	ball	images				{ "key": "28", "travel_cm": 1.44, "ms": 178 }
1789815562.613	folder	globe	14.5	8.4	7.57	2	ball	files				{ "folder": "files", "view": "browse", "items": 5, "total": 5, "page": 1, "pages": 1 }
1789815562.613	intent	globe	14.5	8.4	7.57	2	ball	files				{ "do": "reload", "view": "browse", "folder": "files" }
1789815562.613	рука_touch	globe	14.5	8.4	7.57	2	ball	files				{ "key": "19", "travel_cm": 1.93, "ms": 244 }
1789815565.286	folder	globe	14.5	8.4	7.57	2	ball	bulk				{ "folder": "bulk", "view": "browse", "items": 70, "total": 128, "page": 1, "pages": 2 }
1789815565.286	intent	globe	14.5	8.4	7.57	2	ball	bulk				{ "do": "reload", "view": "browse", "folder": "bulk" }
1789815565.286	рука_touch	globe	14.5	8.4	7.57	2	ball	bulk				{ "key": "30", "travel_cm": 1.72, "ms": 223 }
1789815568.446	page	globe	14.5	8.4	7.57	2	ball	bulk				{ "from": 71, "to": 128, "total": 128, "page": 2, "pages": 2 }
1789815568.450	folder	globe	14.5	8.4	7.57	2	ball	bulk				{ "folder": "bulk", "view": "browse", "items": 58, "total": 128, "page": 2, "pages": 2 }
1789815568.450	intent	globe	14.5	8.4	7.57	2	ball	bulk				{ "do": "reload", "view": "browse", "folder": "bulk" }
1789815568.450	рука_touch	globe	14.5	8.4	7.57	2	ball	bulk				{ "key": "60", "travel_cm": 1.45, "ms": 78 }
1789815568.635	select	globe	14.5	8.4	7.57	2	ball	bulk				{ "do": "default", "view": "browse", "folder": "bulk", "item": "bulk_075", "title": "Файл 075" }
1789815568.635	toggle	globe	14.5	8.4	7.57	2	ball	bulk				{ "open": false }
1789815568.635	рука_touch	globe	14.5	8.4	7.57	2	ball	bulk				{ "key": "60", "travel_cm": 0.75, "ms": 55 }
1789815574.085	folder	globe	14.5	8.4	7.57	2	ball	bulk				{ "folder": "bulk", "view": "browse", "items": 58, "total": 128, "page": 2, "pages": 2 }
1789815574.086	toggle	globe	14.5	8.4	7.57	2	ball	bulk				{ "open": true }
1789815574.086	рука_fist	globe	14.5	8.4	7.57	2	ball	bulk				{ "open": true }
1789815577.145	shake	globe	14.5	8.4	7.57	2	ball					{ "how": "shake", "from": "bulk" }
1789815577.146	folder	globe	14.5	8.4	7.57	2	ball					{ "folder": "", "view": "browse", "items": 6, "total": 6, "page": 1, "pages": 1 }
1789815577.146	intent	globe	14.5	8.4	7.57	2	ball					{ "do": "reload", "view": "browse", "folder": "" }
1789815579.190	рука_drag	globe	14.5	8.4	7.57	2	ball					{ "key": "4", "travel_cm": 15.23, "ms": 322 }
1789815579.613	рука_drag	globe	14.5	8.4	7.57	2	ball					{ "key": "4", "travel_cm": 16.31, "ms": 344 }
1789815580.357	рука_drag	globe	14.5	8.4	7.57	2	ball					{ "key": "55", "travel_cm": 4.99, "ms": 89 }
1789815581.024	intent	globe	14.5	8.4	7.57	2	ball					{ "do": "none", "view": "browse", "folder": "" }
1789815581.024	рука_touch	globe	14.5	8.4	7.57	2	ball					{ "key": "63", "travel_cm": 0.85, "ms": 34 }
1789815582.958	рука_drag	globe	14.5	8.4	7.57	2	ball					{ "key": "28", "travel_cm": 30.34, "ms": 1500 }
1789815584.692	folder	globe	14.5	8.4	7.57	2	ball	files				{ "folder": "files", "view": "browse", "items": 5, "total": 5, "page": 1, "pages": 1 }
1789815584.692	intent	globe	14.5	8.4	7.57	2	ball	files				{ "do": "reload", "view": "browse", "folder": "files" }
1789815584.693	рука_touch	globe	14.5	8.4	7.57	2	ball	files				{ "key": "59", "travel_cm": 0.76, "ms": 156 }
1789815586.048	folder	globe	14.5	8.4	7.57	2	ball	logic				{ "folder": "logic", "view": "browse", "items": 5, "total": 5, "page": 1, "pages": 1 }
1789815586.048	intent	globe	14.5	8.4	7.57	2	ball	logic				{ "do": "reload", "view": "browse", "folder": "logic" }
1789815586.048	рука_touch	globe	14.5	8.4	7.57	2	ball	logic				{ "key": "4", "travel_cm": 1.2, "ms": 177 }
1789815586.703	toggle	globe	14.5	8.4	7.57	2	ball	logic				{ "open": false }
1789815586.703	рука_fist	globe	14.5	8.4	7.57	2	ball	logic				{ "open": false }
1789815587.304	folder	globe	14.5	8.4	7.57	2	ball	logic				{ "folder": "logic", "view": "browse", "items": 5, "total": 5, "page": 1, "pages": 1 }
1789815587.304	toggle	globe	14.5	8.4	7.57	2	ball	logic				{ "open": true }
1789815587.304	рука_fist	globe	14.5	8.4	7.57	2	ball	logic				{ "open": true }
1789815594.026	select	globe	14.5	8.4	7.57	2	ball	logic				{ "do": "default", "view": "browse", "folder": "logic", "item": "logic_door", "title": "Дверь" }
1789815594.026	toggle	globe	14.5	8.4	7.57	2	ball	logic				{ "open": false }
1789815594.026	рука_touch	globe	14.5	8.4	7.57	2	ball	logic				{ "key": "5", "travel_cm": 3.71, "ms": 111 }
1789815600.815	источник	globe	14.5	8.4	7.57	2	ball	logic				controllers: профиль левой | { "profile": { "left": "/interaction_profiles/oculus/touch_controller", "right": "/interaction_profiles/none" }, "ctrl_pose": { "left": false, "right": false }, "ctrl_in": { "left": true, "right": false }, "hand_ok": { "left": false, "right": false }, "hand_src": { "left": 0, "right": 0 }, "conflicts": 0, "mode": "auto" }
1789815606.782	источник	globe	14.5	8.4	7.57	2	ball	logic				hands: профиль левой | { "profile": { "left": "/interaction_profiles/ext/hand_interaction_ext", "right": "/interaction_profiles/ext/hand_interaction_ext" }, "ctrl_pose": { "left": true, "right": true }, "ctrl_in": { "left": false, "right": true }, "hand_ok": { "left": false, "right": true }, "hand_src": { "left": 0, "right": 0 }, "conflicts": 0, "mode": "auto" }
1789815611.338	источник	globe	14.5	8.4	7.57	2	ball	logic				controllers: профиль левой | { "profile": { "left": "/interaction_profiles/oculus/touch_controller", "right": "/interaction_profiles/oculus/touch_controller" }, "ctrl_pose": { "left": true, "right": true }, "ctrl_in": { "left": false, "right": false }, "hand_ok": { "left": false, "right": false }, "hand_src": { "left": 0, "right": 0 }, "conflicts": 0, "mode": "auto" }
1789815613.861	folder	globe	14.5	8.4	7.57	2	ball	logic				{ "folder": "logic", "view": "browse", "items": 5, "total": 5, "page": 1, "pages": 1 }
1789815613.861	toggle	globe	14.5	8.4	7.57	2	ball	logic				{ "open": true }
1789815615.238	toggle	globe	14.5	8.4	7.57	2	ball	logic				{ "open": false }
1789815616.595	folder	globe	14.5	8.4	7.57	2	ball	logic				{ "folder": "logic", "view": "browse", "items": 5, "total": 5, "page": 1, "pages": 1 }
1789815616.595	toggle	globe	14.5	8.4	7.57	2	ball	logic				{ "open": true }
1789815618.984	folder	globe	14.5	8.4	7.57	2	ball	files				{ "folder": "files", "view": "browse", "items": 5, "total": 5, "page": 1, "pages": 1 }
1789815618.984	intent	globe	14.5	8.4	7.57	2	ball	files				{ "do": "reload", "view": "browse", "folder": "files" }
1789815623.795	folder	globe	14.5	8.4	7.57	2	ball					{ "folder": "", "view": "browse", "items": 6, "total": 6, "page": 1, "pages": 1 }
1789815623.795	intent	globe	14.5	8.4	7.57	2	ball					{ "do": "reload", "view": "browse", "folder": "" }
1789815628.029	folder	globe	14.5	8.4	7.57	2	ball					{ "folder": "", "view": "actions", "items": 1, "total": 0, "page": 1, "pages": 1 }
1789815628.029	intent	globe	14.5	8.4	7.57	2	ball					{ "do": "reload", "view": "actions", "folder": "" }
1789815628.617	intent	globe	14.5	8.4	7.57	2	ball					{ "do": "none", "view": "actions", "folder": "" }
1789815629.340	folder	globe	14.5	8.4	7.57	2	ball					{ "folder": "", "view": "browse", "items": 6, "total": 6, "page": 1, "pages": 1 }
1789815629.340	intent	globe	14.5	8.4	7.57	2	ball					{ "do": "reload", "view": "browse", "folder": "" }
1789815635.707	intent	globe	14.5	8.4	7.57	2	ball					{ "do": "exit", "view": "browse", "folder": "" }
1789815635.709	выход	globe	14.5	8.4	7.57	2	ball					выгрузка в /storage/emulated/0/Download/VRGE/2026-09-19_16-00-35
# unix_время	событие	поверхность	радиус_см	ячейка_см	ячейка_факт_см	уровень_глобуса	вращение_рукой	ввод	профиль	папка	задание	попадание	мс_от_задания	подробности
# сессия 2026-09-19T19:18:52
1789827532.205	настройки_загружены	globe	14.5	8.4	7.57	2	ball	controllers						перенесены из user://sphere_settings.cfg; отвергнуто []
1789827532.251	сессия_openxr	globe	14.5	8.4	7.57	2	ball	controllers						session_begun кадр 0
1789827532.838	сессия_openxr	globe	14.5	8.4	7.57	2	ball	controllers						session_visible кадр 1
1789827532.838	сессия_openxr	globe	14.5	8.4	7.57	2	ball	controllers						session_focussed кадр 1
1789827533.000	модели_контроллеров	globe	14.5	8.4	7.57	2	ball	controllers						запасные
1789827533.893	folder	globe	20.0	1.5	3.52	13	ball	controllers						{ "folder": "", "view": "browse", "items": 6, "total": 6, "page": 1, "pages": 1 }
1789827533.893	toggle	globe	20.0	1.5	3.52	13	ball	controllers						{ "open": true }
1789827538.263	folder	globe	20.0	15.0	15.07	1	ball	controllers						{ "folder": "", "view": "browse", "items": 6, "total": 6, "page": 1, "pages": 1 }
1789827542.775	folder	lens	20.0	1.5	1.5	13	ball	controllers						{ "folder": "", "view": "browse", "items": 6, "total": 6, "page": 1, "pages": 1 }
1789827547.297	folder	globe_hex	20.0	1.5	3.52	13	ball	controllers						{ "folder": "", "view": "browse", "items": 6, "total": 6, "page": 1, "pages": 1 }
1789827551.904	folder	octa	20.0	1.5	3.65	21	ball	controllers						{ "folder": "", "view": "browse", "items": 6, "total": 6, "page": 1, "pages": 1 }
1789827556.486	folder	rings	20.0	1.5	3.29	16	ball	controllers						{ "folder": "", "view": "browse", "items": 6, "total": 6, "page": 1, "pages": 1 }
1789827561.110	folder	fib	20.0	1.5	3.47	27	ball	controllers						{ "folder": "", "view": "browse", "items": 6, "total": 6, "page": 1, "pages": 1 }
1789827565.668	folder	fib	8.0	1.5	1.49	26	ball	controllers						{ "folder": "", "view": "browse", "items": 6, "total": 6, "page": 1, "pages": 1 }
1789827565.668	настройка_значение	fib	8.0	1.5	1.49	26	ball	controllers						radius_cm=8.0
1789827565.688	folder	fib	17.5	1.5	3.04	27	ball	controllers						{ "folder": "", "view": "browse", "items": 6, "total": 6, "page": 1, "pages": 1 }
1789827565.689	настройка_значение	fib	17.5	1.5	3.04	27	ball	controllers						radius_cm=17.5
1789827565.706	folder	fib	20.0	1.5	3.47	27	ball	controllers						{ "folder": "", "view": "browse", "items": 6, "total": 6, "page": 1, "pages": 1 }
1789827565.777	folder	globe	20.0	1.5	3.52	13	ball	controllers						{ "folder": "", "view": "browse", "items": 6, "total": 6, "page": 1, "pages": 1 }
1789827601.066	folder	globe	20.0	1.5	3.52	13	ball	controllers		files				{ "folder": "files", "view": "browse", "items": 5, "total": 5, "page": 1, "pages": 1 }
1789827601.066	intent	globe	20.0	1.5	3.52	13	ball	controllers		files				{ "do": "reload", "view": "browse", "folder": "files" }
1789827601.078	folder	globe	20.0	1.5	3.52	13	ball	controllers		bulk				{ "folder": "bulk", "view": "browse", "items": 128, "total": 128, "page": 1, "pages": 1 }
1789827601.079	intent	globe	20.0	1.5	3.52	13	ball	controllers		bulk				{ "do": "reload", "view": "browse", "folder": "bulk" }
1789827605.599	folder	lens	20.0	1.5	1.5	13	ball	controllers		bulk				{ "folder": "bulk", "view": "browse", "items": 128, "total": 128, "page": 1, "pages": 1 }
1789827605.600	folder	lens	20.0	1.5	1.5	13	ball	controllers		files				{ "folder": "files", "view": "browse", "items": 5, "total": 5, "page": 1, "pages": 1 }
1789827605.600	intent	lens	20.0	1.5	1.5	13	ball	controllers		files				{ "do": "reload", "view": "browse", "folder": "files" }
1789827605.601	folder	lens	20.0	1.5	1.5	13	ball	controllers						{ "folder": "", "view": "browse", "items": 6, "total": 6, "page": 1, "pages": 1 }
1789827605.601	intent	lens	20.0	1.5	1.5	13	ball	controllers						{ "do": "reload", "view": "browse", "folder": "" }
1789827605.602	folder	lens	20.0	1.5	1.5	13	ball	controllers		files				{ "folder": "files", "view": "browse", "items": 5, "total": 5, "page": 1, "pages": 1 }
1789827605.602	intent	lens	20.0	1.5	1.5	13	ball	controllers		files				{ "do": "reload", "view": "browse", "folder": "files" }
1789827605.611	folder	lens	20.0	1.5	1.5	13	ball	controllers		bulk				{ "folder": "bulk", "view": "browse", "items": 128, "total": 128, "page": 1, "pages": 1 }
1789827605.612	intent	lens	20.0	1.5	1.5	13	ball	controllers		bulk				{ "do": "reload", "view": "browse", "folder": "bulk" }
1789827610.153	folder	globe	20.0	1.5	3.52	13	ball	controllers		bulk				{ "folder": "bulk", "view": "browse", "items": 128, "total": 128, "page": 1, "pages": 1 }
1789827610.155	folder	globe	20.0	1.5	3.52	13	ball	controllers		files				{ "folder": "files", "view": "browse", "items": 5, "total": 5, "page": 1, "pages": 1 }
1789827610.155	intent	globe	20.0	1.5	3.52	13	ball	controllers		files				{ "do": "reload", "view": "browse", "folder": "files" }
1789827610.156	folder	globe	20.0	1.5	3.52	13	ball	controllers						{ "folder": "", "view": "browse", "items": 6, "total": 6, "page": 1, "pages": 1 }
1789827610.156	intent	globe	20.0	1.5	3.52	13	ball	controllers						{ "do": "reload", "view": "browse", "folder": "" }
1789827610.158	клавиатура	globe	20.0	1.5	3.52	13	ball	controllers						show
1789827610.178	toggle	globe	20.0	1.5	3.52	13	ball	controllers						{ "open": false }
1789827610.178	самопроверка	globe	20.0	1.5	3.52	13	ball	controllers				PASS		{ "глобус уровень 13, 632 ячеек, вращение": { "gpu95": 2.13599991798401, "cpu95": 0.19400000572205, "proc95": 2.114, "over": 0 }, "глобус крупный: уровень 1, 32 ячеек, радиус 20.0 см, вращение": { "gpu95": 2.33699989318848, "cpu95": 0.18099999427795, "proc95": 2.39, "over": 0 }, "линза α=0.037, 700 ячеек, вращение": { "gpu95": 3.00799989700317, "cpu95": 0.195999994874, "proc95": 6.005, "over": 0 } }
1789827610.179	ввод_готов	globe	14.5	8.4	7.57	2	ball	controllers						controllers
1789827618.891	folder	globe	14.5	8.4	7.57	2	ball	controllers						{ "folder": "", "view": "browse", "items": 6, "total": 6, "page": 1, "pages": 1 }
1789827618.891	toggle	globe	14.5	8.4	7.57	2	ball	controllers						{ "open": true }
1789827621.472	folder	globe	14.5	8.4	7.57	2	ball	controllers		settings				{ "folder": "settings", "view": "browse", "items": 4, "total": 4, "page": 1, "pages": 1 }
1789827621.472	intent	globe	14.5	8.4	7.57	2	ball	controllers		settings				{ "do": "reload", "view": "browse", "folder": "settings" }
1789827623.150	folder	globe	14.5	8.4	7.57	2	ball	controllers		settings_sphere				{ "folder": "settings_sphere", "view": "browse", "items": 11, "total": 11, "page": 1, "pages": 1 }
1789827623.150	intent	globe	14.5	8.4	7.57	2	ball	controllers		settings_sphere				{ "do": "reload", "view": "browse", "folder": "settings_sphere" }
1789827628.719	настройка_открыта	globe	14.5	8.4	7.57	2	ball	controllers		settings_sphere				surface
1789827628.720	intent	globe	14.5	8.4	7.57	2	ball	controllers		settings_sphere				{ "do": "edit", "view": "browse", "folder": "settings_sphere", "setting": "surface" }
1789827629.837	folder	lens	14.5	8.4	8.4	2	ball	controllers		settings_sphere				{ "folder": "settings_sphere", "view": "browse", "items": 11, "total": 11, "page": 1, "pages": 1 }
1789827629.837	настройка_значение	lens	14.5	8.4	8.4	2	ball	controllers		settings_sphere				surface=lens
1789827633.406	настройка_открыта	lens	14.5	8.4	8.4	2	ball	controllers		settings_sphere				hand_rotation
1789827633.406	intent	lens	14.5	8.4	8.4	2	ball	controllers		settings_sphere				{ "do": "edit", "view": "browse", "folder": "settings_sphere", "setting": "hand_rotation" }
1789827634.891	настройка_значение	lens	14.5	8.4	8.4	2	stand	controllers		settings_sphere				hand_rotation=stand
1789827640.369	настройка_значение	lens	14.5	8.4	8.4	2	face	controllers		settings_sphere				hand_rotation=face
1789827646.783	настройка_открыта	lens	14.5	8.4	8.4	2	face	controllers		settings_sphere				cell_cm
1789827646.784	intent	lens	14.5	8.4	8.4	2	face	controllers		settings_sphere				{ "do": "edit", "view": "browse", "folder": "settings_sphere", "setting": "cell_cm" }
1789827647.982	folder	lens	14.5	5.8	5.8	4	face	controllers		settings_sphere				{ "folder": "settings_sphere", "view": "browse", "items": 11, "total": 11, "page": 1, "pages": 1 }
1789827647.982	настройка_значение	lens	14.5	5.8	5.8	4	face	controllers		settings_sphere				cell_cm=5.8
1789827647.995	folder	lens	14.5	5.7	5.7	4	face	controllers		settings_sphere				{ "folder": "settings_sphere", "view": "browse", "items": 11, "total": 11, "page": 1, "pages": 1 }
1789827647.995	настройка_значение	lens	14.5	5.7	5.7	4	face	controllers		settings_sphere				cell_cm=5.7
1789827648.006	folder	lens	14.5	5.5	5.5	4	face	controllers		settings_sphere				{ "folder": "settings_sphere", "view": "browse", "items": 11, "total": 11, "page": 1, "pages": 1 }
1789827648.006	настройка_значение	lens	14.5	5.5	5.5	4	face	controllers		settings_sphere				cell_cm=5.5
1789827648.016	folder	lens	14.5	5.4	5.4	5	face	controllers		settings_sphere				{ "folder": "settings_sphere", "view": "browse", "items": 11, "total": 11, "page": 1, "pages": 1 }
1789827648.016	настройка_значение	lens	14.5	5.4	5.4	5	face	controllers		settings_sphere				cell_cm=5.4
1789827648.042	folder	lens	14.5	5.3	5.3	5	face	controllers		settings_sphere				{ "folder": "settings_sphere", "view": "browse", "items": 11, "total": 11, "page": 1, "pages": 1 }
1789827648.043	настройка_значение	lens	14.5	5.3	5.3	5	face	controllers		settings_sphere				cell_cm=5.3
1789827648.075	folder	lens	14.5	5.2	5.2	5	face	controllers		settings_sphere				{ "folder": "settings_sphere", "view": "browse", "items": 11, "total": 11, "page": 1, "pages": 1 }
1789827648.075	настройка_значение	lens	14.5	5.2	5.2	5	face	controllers		settings_sphere				cell_cm=5.2
1789827648.118	folder	lens	14.5	5.3	5.3	5	face	controllers		settings_sphere				{ "folder": "settings_sphere", "view": "browse", "items": 11, "total": 11, "page": 1, "pages": 1 }
1789827648.118	настройка_значение	lens	14.5	5.3	5.3	5	face	controllers		settings_sphere				cell_cm=5.3
1789827648.134	folder	lens	14.5	5.4	5.4	5	face	controllers		settings_sphere				{ "folder": "settings_sphere", "view": "browse", "items": 11, "total": 11, "page": 1, "pages": 1 }
1789827648.135	настройка_значение	lens	14.5	5.4	5.4	5	face	controllers		settings_sphere				cell_cm=5.4
1789827648.143	folder	lens	14.5	5.5	5.5	4	face	controllers		settings_sphere				{ "folder": "settings_sphere", "view": "browse", "items": 11, "total": 11, "page": 1, "pages": 1 }
1789827648.143	настройка_значение	lens	14.5	5.5	5.5	4	face	controllers		settings_sphere				cell_cm=5.5
1789827649.569	панель_кнопка	lens	14.5	5.5	5.5	4	face	controllers		settings_sphere				done
1789827649.570	настройка_сохранена	lens	14.5	5.5	5.5	4	face	controllers		settings_sphere				cell_cm=5.5
1789827651.115	folder	lens	14.5	5.5	5.5	4	face	controllers		settings				{ "folder": "settings", "view": "browse", "items": 4, "total": 4, "page": 1, "pages": 1 }
1789827651.115	intent	lens	14.5	5.5	5.5	4	face	controllers		settings				{ "do": "reload", "view": "browse", "folder": "settings" }
1789827652.560	folder	lens	14.5	5.5	5.5	4	face	controllers						{ "folder": "", "view": "browse", "items": 6, "total": 6, "page": 1, "pages": 1 }
1789827652.560	intent	lens	14.5	5.5	5.5	4	face	controllers						{ "do": "reload", "view": "browse", "folder": "" }
1789827653.482	folder	lens	14.5	5.5	5.5	4	face	controllers		files				{ "folder": "files", "view": "browse", "items": 5, "total": 5, "page": 1, "pages": 1 }
1789827653.482	intent	lens	14.5	5.5	5.5	4	face	controllers		files				{ "do": "reload", "view": "browse", "folder": "files" }
1789827654.182	folder	lens	14.5	5.5	5.5	4	face	controllers						{ "folder": "", "view": "browse", "items": 6, "total": 6, "page": 1, "pages": 1 }
1789827654.182	intent	lens	14.5	5.5	5.5	4	face	controllers						{ "do": "reload", "view": "browse", "folder": "" }
1789827654.848	folder	lens	14.5	5.5	5.5	4	face	controllers		settings				{ "folder": "settings", "view": "browse", "items": 4, "total": 4, "page": 1, "pages": 1 }
1789827654.849	intent	lens	14.5	5.5	5.5	4	face	controllers		settings				{ "do": "reload", "view": "browse", "folder": "settings" }
1789827656.237	intent	lens	14.5	5.5	5.5	4	face	controllers		settings				{ "do": "redraw", "view": "browse", "folder": "settings" }
1789827656.948	intent	lens	14.5	5.5	5.5	4	face	controllers		settings				{ "do": "redraw", "view": "browse", "folder": "settings" }
1789827657.471	intent	lens	14.5	5.5	5.5	4	face	controllers		settings				{ "do": "redraw", "view": "browse", "folder": "settings" }
1789827657.992	intent	lens	14.5	5.5	5.5	4	face	controllers		settings				{ "do": "redraw", "view": "browse", "folder": "settings" }
1789827659.437	intent	lens	14.5	5.5	5.5	4	face	controllers		settings				{ "do": "redraw", "view": "browse", "folder": "settings" }
1789827659.937	intent	lens	14.5	5.5	5.5	4	face	controllers		settings				{ "do": "redraw", "view": "browse", "folder": "settings" }
1789827660.715	intent	lens	14.5	5.5	5.5	4	face	controllers		settings				{ "do": "redraw", "view": "browse", "folder": "settings" }
1789827661.482	intent	lens	14.5	5.5	5.5	4	face	controllers		settings				{ "do": "redraw", "view": "browse", "folder": "settings" }
1789827662.360	intent	lens	14.5	5.5	5.5	4	face	controllers		settings				{ "do": "redraw", "view": "browse", "folder": "settings" }
1789827664.916	intent	lens	14.5	5.5	5.5	4	face	controllers		settings				{ "do": "redraw", "view": "browse", "folder": "settings" }
1789827665.694	intent	lens	14.5	5.5	5.5	4	face	controllers		settings				{ "do": "redraw", "view": "browse", "folder": "settings" }
1789827666.383	intent	lens	14.5	5.5	5.5	4	face	controllers		settings				{ "do": "redraw", "view": "browse", "folder": "settings" }
1789827666.683	intent	lens	14.5	5.5	5.5	4	face	controllers		settings				{ "do": "redraw", "view": "browse", "folder": "settings" }
1789827667.328	folder	lens	14.5	5.5	5.5	4	face	controllers						{ "folder": "", "view": "browse", "items": 6, "total": 6, "page": 1, "pages": 1 }
1789827667.328	intent	lens	14.5	5.5	5.5	4	face	controllers						{ "do": "reload", "view": "browse", "folder": "" }
1789827669.195	folder	lens	14.5	5.5	5.5	4	face	controllers						{ "folder": "", "view": "search", "items": 1, "total": 0, "page": 1, "pages": 1 }
1789827669.197	клавиатура	lens	14.5	5.5	5.5	4	face	controllers						show
1789827669.198	поиск_открыт	lens	14.5	5.5	5.5	4	face	controllers						
1789827669.198	intent	lens	14.5	5.5	5.5	4	face	controllers						{ "do": "search", "view": "search", "folder": "" }
1789827669.642	сессия_openxr	lens	14.5	5.5	5.5	4	face	controllers						session_visible кадр 12191
1789827672.187	folder	lens	14.5	5.5	5.5	4	face	controllers						{ "folder": "", "view": "search", "items": 61, "total": 60, "page": 1, "pages": 1 }
1789827672.187	intent	lens	14.5	5.5	5.5	4	face	controllers						{ "do": "reload", "view": "search", "folder": "" }
1789827672.187	поиск_запрос	lens	14.5	5.5	5.5	4	face	controllers						л → 60
1789827673.018	folder	lens	14.5	5.5	5.5	4	face	controllers						{ "folder": "", "view": "search", "items": 3, "total": 2, "page": 1, "pages": 1 }
1789827673.019	intent	lens	14.5	5.5	5.5	4	face	controllers						{ "do": "reload", "view": "search", "folder": "" }
1789827673.019	поиск_запрос	lens	14.5	5.5	5.5	4	face	controllers						ле → 2
1789827673.707	folder	lens	14.5	5.5	5.5	4	face	controllers						{ "folder": "", "view": "search", "items": 2, "total": 1, "page": 1, "pages": 1 }
1789827673.708	intent	lens	14.5	5.5	5.5	4	face	controllers						{ "do": "reload", "view": "search", "folder": "" }
1789827673.708	поиск_запрос	lens	14.5	5.5	5.5	4	face	controllers						лес → 1
1789827674.818	клавиатура	lens	14.5	5.5	5.5	4	face	controllers						hide
1789827674.818	клавиатура	lens	14.5	5.5	5.5	4	face	controllers						enter
1789827674.876	сессия_openxr	lens	14.5	5.5	5.5	4	face	controllers						session_focussed кадр 12661
1789827677.662	клавиатура	lens	14.5	5.5	5.5	4	face	controllers		scenes				hide
1789827677.663	folder	lens	14.5	5.5	5.5	4	face	controllers		scenes				{ "folder": "scenes", "view": "browse", "items": 7, "total": 7, "page": 1, "pages": 1 }
1789827677.663	select	lens	14.5	5.5	5.5	4	face	controllers		scenes				{ "do": "default", "view": "browse", "folder": "scenes", "item": "scene_forest", "title": "Лес" }
1789827677.663	toggle	lens	14.5	5.5	5.5	4	face	controllers		scenes				{ "open": false }
1789827678.863	folder	lens	14.5	5.5	5.5	4	face	controllers		scenes				{ "folder": "scenes", "view": "browse", "items": 7, "total": 7, "page": 1, "pages": 1 }
1789827678.863	toggle	lens	14.5	5.5	5.5	4	face	controllers		scenes				{ "open": true }
1789827681.540	folder	lens	14.5	5.5	5.5	4	face	controllers		files				{ "folder": "files", "view": "browse", "items": 5, "total": 5, "page": 1, "pages": 1 }
1789827681.540	intent	lens	14.5	5.5	5.5	4	face	controllers		files				{ "do": "reload", "view": "browse", "folder": "files" }
1789827681.995	folder	lens	14.5	5.5	5.5	4	face	controllers						{ "folder": "", "view": "browse", "items": 6, "total": 6, "page": 1, "pages": 1 }
1789827681.996	intent	lens	14.5	5.5	5.5	4	face	controllers						{ "do": "reload", "view": "browse", "folder": "" }
1789827684.062	сценарий_начат	lens	14.5	5.5	5.5	4	face	controllers						4 шагов, осталось 4
1789827684.062	intent	lens	14.5	5.5	5.5	4	face	controllers						{ "do": "tasks", "view": "browse", "folder": "" }
1789827692.641	folder	lens	14.5	5.5	5.5	4	face	controllers		files				{ "folder": "files", "view": "browse", "items": 5, "total": 5, "page": 1, "pages": 1 }
1789827692.641	intent	lens	14.5	5.5	5.5	4	face	controllers		files				{ "do": "reload", "view": "browse", "folder": "files" }
1789827693.617	folder	lens	14.5	5.5	5.5	4	face	controllers		bulk				{ "folder": "bulk", "view": "browse", "items": 128, "total": 128, "page": 1, "pages": 1 }
1789827693.617	intent	lens	14.5	5.5	5.5	4	face	controllers		bulk				{ "do": "reload", "view": "browse", "folder": "bulk" }
1789827696.051	сценарий_шаг	lens	14.5	5.5	5.5	4	face	controllers		bulk	labels	да	11990	
1789827705.486	folder	lens	14.5	5.5	5.5	4	face	controllers		files				{ "folder": "files", "view": "browse", "items": 5, "total": 5, "page": 1, "pages": 1 }
1789827705.487	intent	lens	14.5	5.5	5.5	4	face	controllers		files				{ "do": "reload", "view": "browse", "folder": "files" }
1789827706.853	folder	lens	14.5	5.5	5.5	4	face	controllers						{ "folder": "", "view": "browse", "items": 6, "total": 6, "page": 1, "pages": 1 }
1789827706.853	intent	lens	14.5	5.5	5.5	4	face	controllers						{ "do": "reload", "view": "browse", "folder": "" }
1789827707.942	folder	lens	14.5	5.5	5.5	4	face	controllers		settings				{ "folder": "settings", "view": "browse", "items": 4, "total": 4, "page": 1, "pages": 1 }
1789827707.942	intent	lens	14.5	5.5	5.5	4	face	controllers		settings				{ "do": "reload", "view": "browse", "folder": "settings" }
1789827709.621	folder	lens	14.5	5.5	5.5	4	face	controllers		settings_sphere				{ "folder": "settings_sphere", "view": "browse", "items": 11, "total": 11, "page": 1, "pages": 1 }
1789827709.621	intent	lens	14.5	5.5	5.5	4	face	controllers		settings_sphere				{ "do": "reload", "view": "browse", "folder": "settings_sphere" }
1789827713.478	настройка_открыта	lens	14.5	5.5	5.5	4	face	controllers		settings_sphere				cell_cm
1789827713.478	intent	lens	14.5	5.5	5.5	4	face	controllers		settings_sphere				{ "do": "edit", "view": "browse", "folder": "settings_sphere", "setting": "cell_cm" }
1789827716.330	панель_кнопка	lens	14.5	5.5	5.5	4	face	controllers		settings_sphere				done
1789827716.331	настройка_сохранена	lens	14.5	5.5	5.5	4	face	controllers		settings_sphere				cell_cm=5.5
1789827719.390	настройка_открыта	lens	14.5	5.5	5.5	4	face	controllers		settings_sphere				hand_rotation
1789827719.390	intent	lens	14.5	5.5	5.5	4	face	controllers		settings_sphere				{ "do": "edit", "view": "browse", "folder": "settings_sphere", "setting": "hand_rotation" }
1789827721.498	панель_кнопка	lens	14.5	5.5	5.5	4	face	controllers		settings_sphere				default
1789827724.665	настройка_значение	lens	14.5	5.5	5.5	4	face	controllers		settings_sphere				hand_rotation=face
1789827726.398	панель_кнопка	lens	14.5	5.5	5.5	4	face	controllers		settings_sphere				done
1789827726.399	настройка_сохранена	lens	14.5	5.5	5.5	4	face	controllers		settings_sphere				hand_rotation=face
1789827728.323	настройка_открыта	lens	14.5	5.5	5.5	4	face	controllers		settings_sphere				cell_cm
1789827728.324	intent	lens	14.5	5.5	5.5	4	face	controllers		settings_sphere				{ "do": "edit", "view": "browse", "folder": "settings_sphere", "setting": "cell_cm" }
1789827732.878	folder	lens	14.5	9.7	9.7	1	face	controllers		settings_sphere				{ "folder": "settings_sphere", "view": "browse", "items": 11, "total": 11, "page": 1, "pages": 1 }
1789827732.878	настройка_значение	lens	14.5	9.7	9.7	1	face	controllers		settings_sphere				cell_cm=9.7
1789827732.911	folder	lens	14.5	9.8	9.8	1	face	controllers		settings_sphere				{ "folder": "settings_sphere", "view": "browse", "items": 11, "total": 11, "page": 1, "pages": 1 }
1789827732.911	настройка_значение	lens	14.5	9.8	9.8	1	face	controllers		settings_sphere				cell_cm=9.8
1789827732.933	folder	lens	14.5	9.9	9.9	1	face	controllers		settings_sphere				{ "folder": "settings_sphere", "view": "browse", "items": 11, "total": 11, "page": 1, "pages": 1 }
1789827732.933	настройка_значение	lens	14.5	9.9	9.9	1	face	controllers		settings_sphere				cell_cm=9.9
1789827732.945	folder	lens	14.5	10.0	10.0	1	face	controllers		settings_sphere				{ "folder": "settings_sphere", "view": "browse", "items": 11, "total": 11, "page": 1, "pages": 1 }
1789827732.945	настройка_значение	lens	14.5	10.0	10.0	1	face	controllers		settings_sphere				cell_cm=10.0
1789827732.977	folder	lens	14.5	10.1	10.1	1	face	controllers		settings_sphere				{ "folder": "settings_sphere", "view": "browse", "items": 11, "total": 11, "page": 1, "pages": 1 }
1789827732.977	настройка_значение	lens	14.5	10.1	10.1	1	face	controllers		settings_sphere				cell_cm=10.1
1789827732.989	folder	lens	14.5	10.0	10.0	1	face	controllers		settings_sphere				{ "folder": "settings_sphere", "view": "browse", "items": 11, "total": 11, "page": 1, "pages": 1 }
1789827732.989	настройка_значение	lens	14.5	10.0	10.0	1	face	controllers		settings_sphere				cell_cm=10.0
1789827733.044	folder	lens	14.5	9.9	9.9	1	face	controllers		settings_sphere				{ "folder": "settings_sphere", "view": "browse", "items": 11, "total": 11, "page": 1, "pages": 1 }
1789827733.044	настройка_значение	lens	14.5	9.9	9.9	1	face	controllers		settings_sphere				cell_cm=9.9
1789827733.064	folder	lens	14.5	10.0	10.0	1	face	controllers		settings_sphere				{ "folder": "settings_sphere", "view": "browse", "items": 11, "total": 11, "page": 1, "pages": 1 }
1789827733.064	настройка_значение	lens	14.5	10.0	10.0	1	face	controllers		settings_sphere				cell_cm=10.0
1789827733.077	folder	lens	14.5	10.1	10.1	1	face	controllers		settings_sphere				{ "folder": "settings_sphere", "view": "browse", "items": 11, "total": 11, "page": 1, "pages": 1 }
1789827733.077	настройка_значение	lens	14.5	10.1	10.1	1	face	controllers		settings_sphere				cell_cm=10.1
1789827733.088	folder	lens	14.5	10.2	10.2	1	face	controllers		settings_sphere				{ "folder": "settings_sphere", "view": "browse", "items": 11, "total": 11, "page": 1, "pages": 1 }
1789827733.088	настройка_значение	lens	14.5	10.2	10.2	1	face	controllers		settings_sphere				cell_cm=10.2
1789827733.855	folder	lens	14.5	10.1	10.1	1	face	controllers		settings_sphere				{ "folder": "settings_sphere", "view": "browse", "items": 11, "total": 11, "page": 1, "pages": 1 }
1789827733.856	настройка_значение	lens	14.5	10.1	10.1	1	face	controllers		settings_sphere				cell_cm=10.1
1789827733.868	folder	lens	14.5	10.0	10.0	1	face	controllers		settings_sphere				{ "folder": "settings_sphere", "view": "browse", "items": 11, "total": 11, "page": 1, "pages": 1 }
1789827733.868	настройка_значение	lens	14.5	10.0	10.0	1	face	controllers		settings_sphere				cell_cm=10.0
1789827733.879	folder	lens	14.5	9.9	9.9	1	face	controllers		settings_sphere				{ "folder": "settings_sphere", "view": "browse", "items": 11, "total": 11, "page": 1, "pages": 1 }
1789827733.879	настройка_значение	lens	14.5	9.9	9.9	1	face	controllers		settings_sphere				cell_cm=9.9
1789827733.888	folder	lens	14.5	9.8	9.8	1	face	controllers		settings_sphere				{ "folder": "settings_sphere", "view": "browse", "items": 11, "total": 11, "page": 1, "pages": 1 }
1789827733.888	настройка_значение	lens	14.5	9.8	9.8	1	face	controllers		settings_sphere				cell_cm=9.8
1789827733.899	folder	lens	14.5	9.7	9.7	1	face	controllers		settings_sphere				{ "folder": "settings_sphere", "view": "browse", "items": 11, "total": 11, "page": 1, "pages": 1 }
1789827733.899	настройка_значение	lens	14.5	9.7	9.7	1	face	controllers		settings_sphere				cell_cm=9.7
1789827733.908	folder	lens	14.5	9.6	9.6	1	face	controllers		settings_sphere				{ "folder": "settings_sphere", "view": "browse", "items": 11, "total": 11, "page": 1, "pages": 1 }
1789827733.908	настройка_значение	lens	14.5	9.6	9.6	1	face	controllers		settings_sphere				cell_cm=9.6
1789827733.918	folder	lens	14.5	9.5	9.5	1	face	controllers		settings_sphere				{ "folder": "settings_sphere", "view": "browse", "items": 11, "total": 11, "page": 1, "pages": 1 }
1789827733.918	настройка_значение	lens	14.5	9.5	9.5	1	face	controllers		settings_sphere				cell_cm=9.5
1789827733.976	folder	lens	14.5	9.6	9.6	1	face	controllers		settings_sphere				{ "folder": "settings_sphere", "view": "browse", "items": 11, "total": 11, "page": 1, "pages": 1 }
1789827733.976	настройка_значение	lens	14.5	9.6	9.6	1	face	controllers		settings_sphere				cell_cm=9.6
1789827733.988	folder	lens	14.5	9.7	9.7	1	face	controllers		settings_sphere				{ "folder": "settings_sphere", "view": "browse", "items": 11, "total": 11, "page": 1, "pages": 1 }
1789827733.989	настройка_значение	lens	14.5	9.7	9.7	1	face	controllers		settings_sphere				cell_cm=9.7
1789827734.006	folder	lens	14.5	9.8	9.8	1	face	controllers		settings_sphere				{ "folder": "settings_sphere", "view": "browse", "items": 11, "total": 11, "page": 1, "pages": 1 }
1789827734.006	настройка_значение	lens	14.5	9.8	9.8	1	face	controllers		settings_sphere				cell_cm=9.8
1789827734.020	folder	lens	14.5	9.9	9.9	1	face	controllers		settings_sphere				{ "folder": "settings_sphere", "view": "browse", "items": 11, "total": 11, "page": 1, "pages": 1 }
1789827734.020	настройка_значение	lens	14.5	9.9	9.9	1	face	controllers		settings_sphere				cell_cm=9.9
1789827734.087	folder	lens	14.5	9.8	9.8	1	face	controllers		settings_sphere				{ "folder": "settings_sphere", "view": "browse", "items": 11, "total": 11, "page": 1, "pages": 1 }
1789827734.088	настройка_значение	lens	14.5	9.8	9.8	1	face	controllers		settings_sphere				cell_cm=9.8
1789827735.334	folder	lens	14.5	9.8	9.8	1	face	controllers		settings				{ "folder": "settings", "view": "browse", "items": 4, "total": 4, "page": 1, "pages": 1 }
1789827735.334	intent	lens	14.5	9.8	9.8	1	face	controllers		settings				{ "do": "reload", "view": "browse", "folder": "settings" }
1789827736.255	folder	lens	14.5	9.8	9.8	1	face	controllers						{ "folder": "", "view": "browse", "items": 6, "total": 6, "page": 1, "pages": 1 }
1789827736.255	intent	lens	14.5	9.8	9.8	1	face	controllers						{ "do": "reload", "view": "browse", "folder": "" }
1789827737.300	folder	lens	14.5	9.8	9.8	1	face	controllers		files				{ "folder": "files", "view": "browse", "items": 5, "total": 5, "page": 1, "pages": 1 }
1789827737.300	intent	lens	14.5	9.8	9.8	1	face	controllers		files				{ "do": "reload", "view": "browse", "folder": "files" }
1789827738.109	folder	lens	14.5	9.8	9.8	1	face	controllers		bulk				{ "folder": "bulk", "view": "browse", "items": 128, "total": 128, "page": 1, "pages": 1 }
1789827738.109	intent	lens	14.5	9.8	9.8	1	face	controllers		bulk				{ "do": "reload", "view": "browse", "folder": "bulk" }
1789827744.456	folder	lens	14.5	9.8	9.8	1	face	controllers		files				{ "folder": "files", "view": "browse", "items": 5, "total": 5, "page": 1, "pages": 1 }
1789827744.456	intent	lens	14.5	9.8	9.8	1	face	controllers		files				{ "do": "reload", "view": "browse", "folder": "files" }
1789827746.189	folder	lens	14.5	9.8	9.8	1	face	controllers						{ "folder": "", "view": "browse", "items": 6, "total": 6, "page": 1, "pages": 1 }
1789827746.190	intent	lens	14.5	9.8	9.8	1	face	controllers						{ "do": "reload", "view": "browse", "folder": "" }
1789827747.712	folder	lens	14.5	9.8	9.8	1	face	controllers		settings				{ "folder": "settings", "view": "browse", "items": 4, "total": 4, "page": 1, "pages": 1 }
1789827747.712	intent	lens	14.5	9.8	9.8	1	face	controllers		settings				{ "do": "reload", "view": "browse", "folder": "settings" }
1789827748.524	folder	lens	14.5	9.8	9.8	1	face	controllers		settings_sphere				{ "folder": "settings_sphere", "view": "browse", "items": 11, "total": 11, "page": 1, "pages": 1 }
1789827748.524	intent	lens	14.5	9.8	9.8	1	face	controllers		settings_sphere				{ "do": "reload", "view": "browse", "folder": "settings_sphere" }
1789827753.106	настройка_открыта	lens	14.5	9.8	9.8	1	face	controllers		settings_sphere				surface
1789827753.106	intent	lens	14.5	9.8	9.8	1	face	controllers		settings_sphere				{ "do": "edit", "view": "browse", "folder": "settings_sphere", "setting": "surface" }
1789827754.902	folder	globe	14.5	9.8	10.92	1	face	controllers		settings_sphere				{ "folder": "settings_sphere", "view": "browse", "items": 11, "total": 11, "page": 1, "pages": 1 }
1789827754.903	настройка_значение	globe	14.5	9.8	10.92	1	face	controllers		settings_sphere				surface=globe
1789827756.122	панель_кнопка	globe	14.5	9.8	10.92	1	face	controllers		settings_sphere				done
1789827756.123	настройка_сохранена	globe	14.5	9.8	10.92	1	face	controllers		settings_sphere				surface=globe
1789827757.902	folder	globe	14.5	9.8	10.92	1	face	controllers		settings				{ "folder": "settings", "view": "browse", "items": 4, "total": 4, "page": 1, "pages": 1 }
1789827757.902	intent	globe	14.5	9.8	10.92	1	face	controllers		settings				{ "do": "reload", "view": "browse", "folder": "settings" }
1789827761.646	folder	globe	14.5	9.8	10.92	1	face	controllers						{ "folder": "", "view": "browse", "items": 6, "total": 6, "page": 1, "pages": 1 }
1789827761.646	intent	globe	14.5	9.8	10.92	1	face	controllers						{ "do": "reload", "view": "browse", "folder": "" }
1789827762.535	folder	globe	14.5	9.8	10.92	1	face	controllers		files				{ "folder": "files", "view": "browse", "items": 5, "total": 5, "page": 1, "pages": 1 }
1789827762.536	intent	globe	14.5	9.8	10.92	1	face	controllers		files				{ "do": "reload", "view": "browse", "folder": "files" }
1789827764.760	folder	globe	14.5	9.8	10.92	1	face	controllers		bulk				{ "folder": "bulk", "view": "browse", "items": 30, "total": 128, "page": 1, "pages": 5 }
1789827764.761	intent	globe	14.5	9.8	10.92	1	face	controllers		bulk				{ "do": "reload", "view": "browse", "folder": "bulk" }
1789827766.779	page	globe	14.5	9.8	10.92	1	face	controllers		bulk				{ "from": 31, "to": 59, "total": 128, "page": 2, "pages": 5 }
1789827766.781	folder	globe	14.5	9.8	10.92	1	face	controllers		bulk				{ "folder": "bulk", "view": "browse", "items": 29, "total": 128, "page": 2, "pages": 5 }
1789827766.782	intent	globe	14.5	9.8	10.92	1	face	controllers		bulk				{ "do": "reload", "view": "browse", "folder": "bulk" }
1789827768.657	сценарий_шаг	globe	14.5	9.8	10.92	1	face	controllers		bulk	pages	да	72606	
1789827768.657	page	globe	14.5	9.8	10.92	1	face	controllers		bulk				{ "from": 1, "to": 30, "total": 128, "page": 1, "pages": 5 }
1789827768.660	folder	globe	14.5	9.8	10.92	1	face	controllers		bulk				{ "folder": "bulk", "view": "browse", "items": 30, "total": 128, "page": 1, "pages": 5 }
1789827768.660	intent	globe	14.5	9.8	10.92	1	face	controllers		bulk				{ "do": "reload", "view": "browse", "folder": "bulk" }
1789827776.948	folder	globe	14.5	9.8	10.92	1	face	controllers		files				{ "folder": "files", "view": "browse", "items": 5, "total": 5, "page": 1, "pages": 1 }
1789827776.948	intent	globe	14.5	9.8	10.92	1	face	controllers		files				{ "do": "reload", "view": "browse", "folder": "files" }
1789827778.937	folder	globe	14.5	9.8	10.92	1	face	controllers						{ "folder": "", "view": "browse", "items": 6, "total": 6, "page": 1, "pages": 1 }
1789827778.937	intent	globe	14.5	9.8	10.92	1	face	controllers						{ "do": "reload", "view": "browse", "folder": "" }
1789827780.237	folder	globe	14.5	9.8	10.92	1	face	controllers						{ "folder": "", "view": "search", "items": 1, "total": 0, "page": 1, "pages": 1 }
1789827780.239	клавиатура	globe	14.5	9.8	10.92	1	face	controllers						show
1789827780.239	поиск_открыт	globe	14.5	9.8	10.92	1	face	controllers						
1789827780.239	intent	globe	14.5	9.8	10.92	1	face	controllers						{ "do": "search", "view": "search", "folder": "" }
1789827780.568	сессия_openxr	globe	14.5	9.8	10.92	1	face	controllers						session_visible кадр 22172
1789827782.718	folder	globe	14.5	9.8	10.92	1	face	controllers						{ "folder": "", "view": "search", "items": 16, "total": 15, "page": 1, "pages": 1 }
1789827782.718	intent	globe	14.5	9.8	10.92	1	face	controllers						{ "do": "reload", "view": "search", "folder": "" }
1789827782.719	поиск_запрос	globe	14.5	9.8	10.92	1	face	controllers						м → 15
1789827783.238	folder	globe	14.5	9.8	10.92	1	face	controllers						{ "folder": "", "view": "search", "items": 4, "total": 3, "page": 1, "pages": 1 }
1789827783.238	intent	globe	14.5	9.8	10.92	1	face	controllers						{ "do": "reload", "view": "search", "folder": "" }
1789827783.238	поиск_запрос	globe	14.5	9.8	10.92	1	face	controllers						мо → 3
1789827785.970	клавиатура	globe	14.5	9.8	10.92	1	face	controllers						hide
1789827785.970	клавиатура	globe	14.5	9.8	10.92	1	face	controllers						enter
1789827786.030	сессия_openxr	globe	14.5	9.8	10.92	1	face	controllers						session_focussed кадр 22664
1789827787.586	скриншот	globe	14.5	9.8	10.92	1	face	controllers				да		screenshot_2026-09-19_19-23-07.337.png, 1920×1080, 120837 байт, всего 2966667 (листинг), 249 мс
1789827787.586	сценарий_шаг	globe	14.5	9.8	10.92	1	face	controllers			screenshot	да	18929	
1789827789.259	клавиатура	globe	14.5	9.8	10.92	1	face	controllers		assets				hide
1789827789.260	сценарий_шаг	globe	14.5	9.8	10.92	1	face	controllers		assets	search	да	1674	
1789827789.261	folder	globe	14.5	9.8	10.92	1	face	controllers		assets				{ "folder": "assets", "view": "browse", "items": 7, "total": 7, "page": 1, "pages": 1 }
1789827789.261	select	globe	14.5	9.8	10.92	1	face	controllers		assets				{ "do": "default", "view": "browse", "folder": "assets", "item": "asset_bridge", "title": "Мост" }
1789827789.261	toggle	globe	14.5	9.8	10.92	1	face	controllers		assets				{ "open": false }
1789827792.215	задание	globe	14.5	9.8	10.92	1	face	controllers		assets	img_ocean			
1789827794.049	folder	globe	14.5	9.8	10.92	1	face	controllers		assets	img_ocean		1834	{ "folder": "assets", "view": "browse", "items": 7, "total": 7, "page": 1, "pages": 1 }
1789827794.050	toggle	globe	14.5	9.8	10.92	1	face	controllers		assets	img_ocean		1835	{ "open": true }
1789827794.060	active	globe	14.5	9.8	10.92	1	face	controllers		assets	img_ocean		1844	{ "key": "10", "slot": 0 }
1789827795.225	active	globe	14.5	9.8	10.92	1	face	controllers		assets	img_ocean		3010	{ "key": "8", "slot": -1 }
1789827796.182	folder	globe	14.5	9.8	10.92	1	face	controllers		files	img_ocean		3967	{ "folder": "files", "view": "browse", "items": 5, "total": 5, "page": 1, "pages": 1 }
1789827796.182	intent	globe	14.5	9.8	10.92	1	face	controllers		files	img_ocean		3967	{ "do": "reload", "view": "browse", "folder": "files" }
1789827796.192	active	globe	14.5	9.8	10.92	1	face	controllers		files	img_ocean		3977	{ "key": "8", "slot": 0 }
1789827797.215	active	globe	14.5	9.8	10.92	1	face	controllers		files	img_ocean		5000	{ "key": "18", "slot": -1 }
1789827797.560	folder	globe	14.5	9.8	10.92	1	face	controllers			img_ocean		5345	{ "folder": "", "view": "browse", "items": 6, "total": 6, "page": 1, "pages": 1 }
1789827797.560	intent	globe	14.5	9.8	10.92	1	face	controllers			img_ocean		5345	{ "do": "reload", "view": "browse", "folder": "" }
1789827797.570	active	globe	14.5	9.8	10.92	1	face	controllers			img_ocean		5355	{ "key": "18", "slot": 0 }
1789827798.626	active	globe	14.5	9.8	10.92	1	face	controllers			img_ocean		6411	{ "key": "17", "slot": -2 }
1789827798.815	active	globe	14.5	9.8	10.92	1	face	controllers			img_ocean		6600	{ "key": "18", "slot": 0 }
1789827799.282	active	globe	14.5	9.8	10.92	1	face	controllers			img_ocean		7067	{ "key": "29", "slot": 1 }
1789827799.705	folder	globe	14.5	9.8	10.92	1	face	controllers		settings	img_ocean		7490	{ "folder": "settings", "view": "browse", "items": 4, "total": 4, "page": 1, "pages": 1 }
1789827799.705	intent	globe	14.5	9.8	10.92	1	face	controllers		settings	img_ocean		7490	{ "do": "reload", "view": "browse", "folder": "settings" }
1789827799.715	active	globe	14.5	9.8	10.92	1	face	controllers		settings	img_ocean		7500	{ "key": "10", "slot": -1 }
1789827800.604	active	globe	14.5	9.8	10.92	1	face	controllers		settings	img_ocean		8389	{ "key": "2", "slot": 2 }
1789827800.993	active	globe	14.5	9.8	10.92	1	face	controllers		settings	img_ocean		8778	{ "key": "3", "slot": 0 }
1789827801.695	folder	globe	14.5	9.8	10.92	1	face	controllers		settings_sphere	img_ocean		9480	{ "folder": "settings_sphere", "view": "browse", "items": 11, "total": 11, "page": 1, "pages": 1 }
1789827801.695	intent	globe	14.5	9.8	10.92	1	face	controllers		settings_sphere	img_ocean		9480	{ "do": "reload", "view": "browse", "folder": "settings_sphere" }
1789827801.704	active	globe	14.5	9.8	10.92	1	face	controllers		settings_sphere	img_ocean		9489	{ "key": "3", "slot": -1 }
1789827802.526	active	globe	14.5	9.8	10.92	1	face	controllers		settings_sphere	img_ocean		10311	{ "key": "14", "slot": 0 }
1789827802.738	active	globe	14.5	9.8	10.92	1	face	controllers		settings_sphere	img_ocean		10522	{ "key": "0", "slot": 2 }
1789827803.426	active	globe	14.5	9.8	10.92	1	face	controllers		settings_sphere	img_ocean		11211	{ "key": "12", "slot": 8 }
1789827803.952	настройка_открыта	globe	14.5	9.8	10.92	1	face	controllers		settings_sphere				cell_cm
1789827803.952	intent	globe	14.5	9.8	10.92	1	face	controllers		settings_sphere	img_ocean		11737	{ "do": "edit", "view": "browse", "folder": "settings_sphere", "setting": "cell_cm" }
1789827804.884	folder	globe	14.5	5.7	5.8	4	face	controllers		settings_sphere	img_ocean		12669	{ "folder": "settings_sphere", "view": "browse", "items": 11, "total": 11, "page": 1, "pages": 1 }
1789827804.884	настройка_значение	globe	14.5	5.7	5.8	4	face	controllers		settings_sphere				cell_cm=5.7
1789827804.892	active	globe	14.5	5.7	5.8	4	face	controllers		settings_sphere	img_ocean		12677	{ "key": "44", "slot": 0 }
1789827804.906	folder	globe	14.5	5.6	5.8	4	face	controllers		settings_sphere	img_ocean		12691	{ "folder": "settings_sphere", "view": "browse", "items": 11, "total": 11, "page": 1, "pages": 1 }
1789827804.906	настройка_значение	globe	14.5	5.6	5.8	4	face	controllers		settings_sphere				cell_cm=5.6
1789827804.914	active	globe	14.5	5.6	5.8	4	face	controllers		settings_sphere	img_ocean		12699	{ "key": "44", "slot": 0 }
1789827804.919	folder	globe	14.5	5.5	5.8	4	face	controllers		settings_sphere	img_ocean		12704	{ "folder": "settings_sphere", "view": "browse", "items": 11, "total": 11, "page": 1, "pages": 1 }
1789827804.919	настройка_значение	globe	14.5	5.5	5.8	4	face	controllers		settings_sphere				cell_cm=5.5
1789827804.923	active	globe	14.5	5.5	5.8	4	face	controllers		settings_sphere	img_ocean		12708	{ "key": "44", "slot": 0 }
1789827805.039	folder	globe	14.5	5.4	5.06	5	face	controllers		settings_sphere	img_ocean		12824	{ "folder": "settings_sphere", "view": "browse", "items": 11, "total": 11, "page": 1, "pages": 1 }
1789827805.039	настройка_значение	globe	14.5	5.4	5.06	5	face	controllers		settings_sphere				cell_cm=5.4
1789827805.046	active	globe	14.5	5.4	5.06	5	face	controllers		settings_sphere	img_ocean		12831	{ "key": "62", "slot": 0 }
1789827805.053	folder	globe	14.5	5.3	5.06	5	face	controllers		settings_sphere	img_ocean		12838	{ "folder": "settings_sphere", "view": "browse", "items": 11, "total": 11, "page": 1, "pages": 1 }
1789827805.053	настройка_значение	globe	14.5	5.3	5.06	5	face	controllers		settings_sphere				cell_cm=5.3
1789827805.057	active	globe	14.5	5.3	5.06	5	face	controllers		settings_sphere	img_ocean		12842	{ "key": "62", "slot": 0 }
1789827805.064	folder	globe	14.5	5.2	5.06	5	face	controllers		settings_sphere	img_ocean		12848	{ "folder": "settings_sphere", "view": "browse", "items": 11, "total": 11, "page": 1, "pages": 1 }
1789827805.064	настройка_значение	globe	14.5	5.2	5.06	5	face	controllers		settings_sphere				cell_cm=5.2
1789827805.068	active	globe	14.5	5.2	5.06	5	face	controllers		settings_sphere	img_ocean		12852	{ "key": "62", "slot": 0 }
1789827805.884	folder	globe	14.5	7.7	7.57	2	face	controllers		settings_sphere	img_ocean		13669	{ "folder": "settings_sphere", "view": "browse", "items": 11, "total": 11, "page": 1, "pages": 1 }
1789827805.884	настройка_значение	globe	14.5	7.7	7.57	2	face	controllers		settings_sphere				cell_cm=7.7
1789827805.892	active	globe	14.5	7.7	7.57	2	face	controllers		settings_sphere	img_ocean		13677	{ "key": "26", "slot": 0 }
1789827805.896	folder	globe	14.5	7.6	7.57	2	face	controllers		settings_sphere	img_ocean		13681	{ "folder": "settings_sphere", "view": "browse", "items": 11, "total": 11, "page": 1, "pages": 1 }
1789827805.896	настройка_значение	globe	14.5	7.6	7.57	2	face	controllers		settings_sphere				cell_cm=7.6
1789827805.903	active	globe	14.5	7.6	7.57	2	face	controllers		settings_sphere	img_ocean		13688	{ "key": "57", "slot": 5 }
1789827805.912	folder	globe	14.5	7.5	7.57	2	face	controllers		settings_sphere	img_ocean		13697	{ "folder": "settings_sphere", "view": "browse", "items": 11, "total": 11, "page": 1, "pages": 1 }
1789827805.913	настройка_значение	globe	14.5	7.5	7.57	2	face	controllers		settings_sphere				cell_cm=7.5
1789827805.921	active	globe	14.5	7.5	7.57	2	face	controllers		settings_sphere	img_ocean		13706	{ "key": "57", "slot": 0 }
1789827805.937	folder	globe	14.5	7.4	7.57	2	face	controllers		settings_sphere	img_ocean		13722	{ "folder": "settings_sphere", "view": "browse", "items": 11, "total": 11, "page": 1, "pages": 1 }
1789827805.937	настройка_значение	globe	14.5	7.4	7.57	2	face	controllers		settings_sphere				cell_cm=7.4
1789827805.945	active	globe	14.5	7.4	7.57	2	face	controllers		settings_sphere	img_ocean		13730	{ "key": "57", "slot": 0 }
1789827805.959	folder	globe	14.5	7.3	7.57	2	face	controllers		settings_sphere	img_ocean		13744	{ "folder": "settings_sphere", "view": "browse", "items": 11, "total": 11, "page": 1, "pages": 1 }
1789827805.959	настройка_значение	globe	14.5	7.3	7.57	2	face	controllers		settings_sphere				cell_cm=7.3
1789827805.967	active	globe	14.5	7.3	7.57	2	face	controllers		settings_sphere	img_ocean		13752	{ "key": "26", "slot": 0 }
1789827806.016	folder	globe	14.5	7.4	7.57	2	face	controllers		settings_sphere	img_ocean		13801	{ "folder": "settings_sphere", "view": "browse", "items": 11, "total": 11, "page": 1, "pages": 1 }
1789827806.016	настройка_значение	globe	14.5	7.4	7.57	2	face	controllers		settings_sphere				cell_cm=7.4
1789827806.025	active	globe	14.5	7.4	7.57	2	face	controllers		settings_sphere	img_ocean		13810	{ "key": "26", "slot": 0 }
1789827806.071	folder	globe	14.5	7.3	7.57	2	face	controllers		settings_sphere	img_ocean		13856	{ "folder": "settings_sphere", "view": "browse", "items": 11, "total": 11, "page": 1, "pages": 1 }
1789827806.071	настройка_значение	globe	14.5	7.3	7.57	2	face	controllers		settings_sphere				cell_cm=7.3
1789827806.080	active	globe	14.5	7.3	7.57	2	face	controllers		settings_sphere	img_ocean		13865	{ "key": "57", "slot": 0 }
1789827806.084	folder	globe	14.5	7.2	6.85	3	face	controllers		settings_sphere	img_ocean		13869	{ "folder": "settings_sphere", "view": "browse", "items": 11, "total": 11, "page": 1, "pages": 1 }
1789827806.085	настройка_значение	globe	14.5	7.2	6.85	3	face	controllers		settings_sphere				cell_cm=7.2
1789827806.091	active	globe	14.5	7.2	6.85	3	face	controllers		settings_sphere	img_ocean		13876	{ "key": "38", "slot": 4 }
1789827806.906	folder	globe	14.5	6.7	6.85	3	face	controllers		settings_sphere	img_ocean		14691	{ "folder": "settings_sphere", "view": "browse", "items": 11, "total": 11, "page": 1, "pages": 1 }
1789827806.906	настройка_значение	globe	14.5	6.7	6.85	3	face	controllers		settings_sphere				cell_cm=6.7
1789827806.915	active	globe	14.5	6.7	6.85	3	face	controllers		settings_sphere	img_ocean		14699	{ "key": "38", "slot": 4 }
1789827806.919	folder	globe	14.5	6.6	6.85	3	face	controllers		settings_sphere	img_ocean		14704	{ "folder": "settings_sphere", "view": "browse", "items": 11, "total": 11, "page": 1, "pages": 1 }
1789827806.919	настройка_значение	globe	14.5	6.6	6.85	3	face	controllers		settings_sphere				cell_cm=6.6
1789827806.926	active	globe	14.5	6.6	6.85	3	face	controllers		settings_sphere	img_ocean		14711	{ "key": "38", "slot": 0 }
1789827806.930	folder	globe	14.5	6.5	6.85	3	face	controllers		settings_sphere	img_ocean		14715	{ "folder": "settings_sphere", "view": "browse", "items": 11, "total": 11, "page": 1, "pages": 1 }
1789827806.930	настройка_значение	globe	14.5	6.5	6.85	3	face	controllers		settings_sphere				cell_cm=6.5
1789827806.935	active	globe	14.5	6.5	6.85	3	face	controllers		settings_sphere	img_ocean		14719	{ "key": "38", "slot": 0 }
1789827807.014	folder	globe	14.5	6.6	6.85	3	face	controllers		settings_sphere	img_ocean		14799	{ "folder": "settings_sphere", "view": "browse", "items": 11, "total": 11, "page": 1, "pages": 1 }
1789827807.014	настройка_значение	globe	14.5	6.6	6.85	3	face	controllers		settings_sphere				cell_cm=6.6
1789827807.022	active	globe	14.5	6.6	6.85	3	face	controllers		settings_sphere	img_ocean		14807	{ "key": "38", "slot": 0 }
1789827807.045	folder	globe	14.5	6.5	6.85	3	face	controllers		settings_sphere	img_ocean		14829	{ "folder": "settings_sphere", "view": "browse", "items": 11, "total": 11, "page": 1, "pages": 1 }
1789827807.045	настройка_значение	globe	14.5	6.5	6.85	3	face	controllers		settings_sphere				cell_cm=6.5
1789827807.055	active	globe	14.5	6.5	6.85	3	face	controllers		settings_sphere	img_ocean		14840	{ "key": "38", "slot": 0 }
1789827807.060	folder	globe	14.5	6.4	6.85	3	face	controllers		settings_sphere	img_ocean		14845	{ "folder": "settings_sphere", "view": "browse", "items": 11, "total": 11, "page": 1, "pages": 1 }
1789827807.060	настройка_значение	globe	14.5	6.4	6.85	3	face	controllers		settings_sphere				cell_cm=6.4
1789827807.065	active	globe	14.5	6.4	6.85	3	face	controllers		settings_sphere	img_ocean		14850	{ "key": "38", "slot": 0 }
1789827807.070	folder	globe	14.5	6.3	5.8	4	face	controllers		settings_sphere	img_ocean		14855	{ "folder": "settings_sphere", "view": "browse", "items": 11, "total": 11, "page": 1, "pages": 1 }
1789827807.070	настройка_значение	globe	14.5	6.3	5.8	4	face	controllers		settings_sphere				cell_cm=6.3
1789827807.075	active	globe	14.5	6.3	5.8	4	face	controllers		settings_sphere	img_ocean		14860	{ "key": "44", "slot": 0 }
1789827807.086	folder	globe	14.5	6.2	5.8	4	face	controllers		settings_sphere	img_ocean		14871	{ "folder": "settings_sphere", "view": "browse", "items": 11, "total": 11, "page": 1, "pages": 1 }
1789827807.086	настройка_значение	globe	14.5	6.2	5.8	4	face	controllers		settings_sphere				cell_cm=6.2
1789827807.096	active	globe	14.5	6.2	5.8	4	face	controllers		settings_sphere	img_ocean		14881	{ "key": "44", "slot": 0 }
1789827808.128	folder	globe	14.5	7.6	7.57	2	face	controllers		settings_sphere	img_ocean		15913	{ "folder": "settings_sphere", "view": "browse", "items": 11, "total": 11, "page": 1, "pages": 1 }
1789827808.128	настройка_значение	globe	14.5	7.6	7.57	2	face	controllers		settings_sphere				cell_cm=7.6
1789827808.137	active	globe	14.5	7.6	7.57	2	face	controllers		settings_sphere	img_ocean		15922	{ "key": "57", "slot": 0 }
1789827808.141	folder	globe	14.5	7.5	7.57	2	face	controllers		settings_sphere	img_ocean		15926	{ "folder": "settings_sphere", "view": "browse", "items": 11, "total": 11, "page": 1, "pages": 1 }
1789827808.141	настройка_значение	globe	14.5	7.5	7.57	2	face	controllers		settings_sphere				cell_cm=7.5
1789827808.149	active	globe	14.5	7.5	7.57	2	face	controllers		settings_sphere	img_ocean		15934	{ "key": "57", "slot": 0 }
1789827808.153	folder	globe	14.5	7.4	7.57	2	face	controllers		settings_sphere	img_ocean		15938	{ "folder": "settings_sphere", "view": "browse", "items": 11, "total": 11, "page": 1, "pages": 1 }
1789827808.153	настройка_значение	globe	14.5	7.4	7.57	2	face	controllers		settings_sphere				cell_cm=7.4
1789827808.157	active	globe	14.5	7.4	7.57	2	face	controllers		settings_sphere	img_ocean		15942	{ "key": "57", "slot": 0 }
1789827808.165	folder	globe	14.5	7.3	7.57	2	face	controllers		settings_sphere	img_ocean		15950	{ "folder": "settings_sphere", "view": "browse", "items": 11, "total": 11, "page": 1, "pages": 1 }
1789827808.165	настройка_значение	globe	14.5	7.3	7.57	2	face	controllers		settings_sphere				cell_cm=7.3
1789827808.172	active	globe	14.5	7.3	7.57	2	face	controllers		settings_sphere	img_ocean		15957	{ "key": "57", "slot": 0 }
1789827808.191	folder	globe	14.5	7.2	6.85	3	face	controllers		settings_sphere	img_ocean		15976	{ "folder": "settings_sphere", "view": "browse", "items": 11, "total": 11, "page": 1, "pages": 1 }
1789827808.191	настройка_значение	globe	14.5	7.2	6.85	3	face	controllers		settings_sphere				cell_cm=7.2
1789827808.198	active	globe	14.5	7.2	6.85	3	face	controllers		settings_sphere	img_ocean		15982	{ "key": "38", "slot": 0 }
1789827808.257	folder	globe	14.5	7.1	6.85	3	face	controllers		settings_sphere	img_ocean		16042	{ "folder": "settings_sphere", "view": "browse", "items": 11, "total": 11, "page": 1, "pages": 1 }
1789827808.258	настройка_значение	globe	14.5	7.1	6.85	3	face	controllers		settings_sphere				cell_cm=7.1
1789827808.266	active	globe	14.5	7.1	6.85	3	face	controllers		settings_sphere	img_ocean		16051	{ "key": "38", "slot": 0 }
1789827808.271	folder	globe	14.5	7.0	6.85	3	face	controllers		settings_sphere	img_ocean		16056	{ "folder": "settings_sphere", "view": "browse", "items": 11, "total": 11, "page": 1, "pages": 1 }
1789827808.271	настройка_значение	globe	14.5	7.0	6.85	3	face	controllers		settings_sphere				cell_cm=7.0
1789827808.276	active	globe	14.5	7.0	6.85	3	face	controllers		settings_sphere	img_ocean		16060	{ "key": "38", "slot": 0 }
1789827808.288	folder	globe	14.5	6.9	6.85	3	face	controllers		settings_sphere	img_ocean		16073	{ "folder": "settings_sphere", "view": "browse", "items": 11, "total": 11, "page": 1, "pages": 1 }
1789827808.289	настройка_значение	globe	14.5	6.9	6.85	3	face	controllers		settings_sphere				cell_cm=6.9
1789827808.296	active	globe	14.5	6.9	6.85	3	face	controllers		settings_sphere	img_ocean		16081	{ "key": "38", "slot": 0 }
1789827808.302	folder	globe	14.5	6.8	6.85	3	face	controllers		settings_sphere	img_ocean		16087	{ "folder": "settings_sphere", "view": "browse", "items": 11, "total": 11, "page": 1, "pages": 1 }
1789827808.302	настройка_значение	globe	14.5	6.8	6.85	3	face	controllers		settings_sphere				cell_cm=6.8
1789827808.307	active	globe	14.5	6.8	6.85	3	face	controllers		settings_sphere	img_ocean		16092	{ "key": "38", "slot": 0 }
1789827808.312	folder	globe	14.5	6.7	6.85	3	face	controllers		settings_sphere	img_ocean		16097	{ "folder": "settings_sphere", "view": "browse", "items": 11, "total": 11, "page": 1, "pages": 1 }
1789827808.312	настройка_значение	globe	14.5	6.7	6.85	3	face	controllers		settings_sphere				cell_cm=6.7
1789827808.317	active	globe	14.5	6.7	6.85	3	face	controllers		settings_sphere	img_ocean		16101	{ "key": "38", "slot": 0 }
1789827809.715	панель_кнопка	globe	14.5	6.7	6.85	3	face	controllers		settings_sphere				done
1789827809.716	настройка_сохранена	globe	14.5	6.7	6.85	3	face	controllers		settings_sphere				cell_cm=6.7
1789827811.093	active	globe	14.5	6.7	6.85	3	face	controllers		settings_sphere	img_ocean		18878	{ "key": "37", "slot": 1 }
1789827811.649	active	globe	14.5	6.7	6.85	3	face	controllers		settings_sphere	img_ocean		19434	{ "key": "6", "slot": 8 }
1789827812.427	active	globe	14.5	6.7	6.85	3	face	controllers		settings_sphere	img_ocean		20211	{ "key": "37", "slot": 1 }
1789827812.605	active	globe	14.5	6.7	6.85	3	face	controllers		settings_sphere	img_ocean		20390	{ "key": "87", "slot": 5 }
1789827812.738	active	globe	14.5	6.7	6.85	3	face	controllers		settings_sphere	img_ocean		20523	{ "key": "66", "slot": 4 }
1789827812.838	active	globe	14.5	6.7	6.85	3	face	controllers		settings_sphere	img_ocean		20623	{ "key": "39", "slot": 3 }
1789827814.016	active	globe	14.5	6.7	6.85	3	face	controllers		settings_sphere	img_ocean		21801	{ "key": "38", "slot": 0 }
1789827814.183	active	globe	14.5	6.7	6.85	3	face	controllers		settings_sphere	img_ocean		21968	{ "key": "37", "slot": 1 }
1789827814.605	active	globe	14.5	6.7	6.85	3	face	controllers		settings_sphere	img_ocean		22390	{ "key": "38", "slot": 0 }
1789827814.761	active	globe	14.5	6.7	6.85	3	face	controllers		settings_sphere	img_ocean		22545	{ "key": "41", "slot": 2 }
1789827815.327	active	globe	14.5	6.7	6.85	3	face	controllers		settings_sphere	img_ocean		23112	{ "key": "40", "slot": -1 }
1789827815.762	folder	globe	14.5	6.7	6.85	3	face	controllers		settings	img_ocean		23546	{ "folder": "settings", "view": "browse", "items": 4, "total": 4, "page": 1, "pages": 1 }
1789827815.762	intent	globe	14.5	6.7	6.85	3	face	controllers		settings	img_ocean		23547	{ "do": "reload", "view": "browse", "folder": "settings" }
1789827815.772	active	globe	14.5	6.7	6.85	3	face	controllers		settings	img_ocean		23557	{ "key": "40", "slot": 0 }
1789827816.505	active	globe	14.5	6.7	6.85	3	face	controllers		settings	img_ocean		24290	{ "key": "8", "slot": -1 }
1789827817.384	folder	globe	14.5	6.7	6.85	3	face	controllers			img_ocean		25169	{ "folder": "", "view": "browse", "items": 6, "total": 6, "page": 1, "pages": 1 }
1789827817.384	intent	globe	14.5	6.7	6.85	3	face	controllers			img_ocean		25169	{ "do": "reload", "view": "browse", "folder": "" }
1789827817.394	active	globe	14.5	6.7	6.85	3	face	controllers			img_ocean		25179	{ "key": "8", "slot": 0 }
1789827820.561	active	globe	14.5	6.7	6.85	3	face	controllers			img_ocean		28346	{ "key": "42", "slot": 1 }
1789827821.129	folder	globe	14.5	6.7	6.85	3	face	controllers		settings	img_ocean		28914	{ "folder": "settings", "view": "browse", "items": 4, "total": 4, "page": 1, "pages": 1 }
1789827821.129	intent	globe	14.5	6.7	6.85	3	face	controllers		settings	img_ocean		28914	{ "do": "reload", "view": "browse", "folder": "settings" }
1789827821.139	active	globe	14.5	6.7	6.85	3	face	controllers		settings	img_ocean		28924	{ "key": "8", "slot": -1 }
1789827822.039	active	globe	14.5	6.7	6.85	3	face	controllers		settings	img_ocean		29824	{ "key": "6", "slot": 2 }
1789827822.650	active	globe	14.5	6.7	6.85	3	face	controllers		settings	img_ocean		30435	{ "key": "40", "slot": 0 }
1789827823.750	active	globe	14.5	6.7	6.85	3	face	controllers		settings	img_ocean		31535	{ "key": "8", "slot": -1 }
1789827824.550	active	globe	14.5	6.7	6.85	3	face	controllers		settings	img_ocean		32335	{ "key": "40", "slot": 0 }
1789827825.086	folder	globe	14.5	6.7	6.85	3	face	controllers		settings_sphere	img_ocean		32870	{ "folder": "settings_sphere", "view": "browse", "items": 11, "total": 11, "page": 1, "pages": 1 }
1789827825.086	intent	globe	14.5	6.7	6.85	3	face	controllers		settings_sphere	img_ocean		32871	{ "do": "reload", "view": "browse", "folder": "settings_sphere" }
1789827825.095	active	globe	14.5	6.7	6.85	3	face	controllers		settings_sphere	img_ocean		32880	{ "key": "40", "slot": -1 }
1789827825.861	active	globe	14.5	6.7	6.85	3	face	controllers		settings_sphere	img_ocean		33646	{ "key": "38", "slot": 0 }
1789827826.985	folder	globe	14.5	6.7	6.85	3	face	controllers		settings_sphere_adv	img_ocean		34770	{ "folder": "settings_sphere_adv", "view": "browse", "items": 7, "total": 7, "page": 1, "pages": 1 }
1789827826.985	intent	globe	14.5	6.7	6.85	3	face	controllers		settings_sphere_adv	img_ocean		34770	{ "do": "reload", "view": "browse", "folder": "settings_sphere_adv" }
1789827826.995	active	globe	14.5	6.7	6.85	3	face	controllers		settings_sphere_adv	img_ocean		34780	{ "key": "38", "slot": 0 }
1789827829.850	active	globe	14.5	6.7	6.85	3	face	controllers		settings_sphere_adv	img_ocean		37635	{ "key": "41", "slot": 2 }
1789827830.343	настройка_открыта	globe	14.5	6.7	6.85	3	face	controllers		settings_sphere_adv				input_source
1789827830.344	intent	globe	14.5	6.7	6.85	3	face	controllers		settings_sphere_adv	img_ocean		38129	{ "do": "edit", "view": "browse", "folder": "settings_sphere_adv", "setting": "input_source" }
1789827831.762	настройка_значение	globe	14.5	6.7	6.85	3	face	controllers		settings_sphere_adv				input_source=auto
1789827832.785	настройка_значение	globe	14.5	6.7	6.85	3	face	controllers		settings_sphere_adv				input_source=controllers
1789827833.373	настройка_значение	globe	14.5	6.7	6.85	3	face	controllers		settings_sphere_adv				input_source=hands
1789827833.386	folder	globe	14.5	6.7	6.85	3	face	hands		settings_sphere_adv	img_ocean		41171	{ "folder": "settings_sphere_adv", "view": "browse", "items": 7, "total": 7, "page": 1, "pages": 1 }
1789827833.387	настройки_ввода	globe	14.5	6.7	6.85	3	face	hands		settings_sphere_adv				hands
1789827833.387	источник	globe	14.5	6.7	6.85	3	face	hands		settings_sphere_adv				hands: ручной выбор | { "profile": { "left": "/interaction_profiles/oculus/touch_controller", "right": "/interaction_profiles/oculus/touch_controller" }, "ctrl_pose": { "left": true, "right": true }, "ctrl_in": { "left": false, "right": false }, "hand_ok": { "left": false, "right": false }, "hand_src": { "left": 0, "right": 0 }, "conflicts": 0, "mode": "hands" }
1789827833.395	active	globe	14.5	6.7	6.85	3	face	hands		settings_sphere_adv	img_ocean		41180	{ "key": "41", "slot": 0 }
1789827840.396	active	globe	14.5	6.7	6.85	3	face	hands		settings_sphere_adv	img_ocean		48181	{ "key": "40", "slot": 4 }
1789827840.418	active	globe	14.5	6.7	6.85	3	face	hands		settings_sphere_adv	img_ocean		48203	{ "key": "41", "slot": 0 }
1789827840.439	active	globe	14.5	6.7	6.85	3	face	hands		settings_sphere_adv	img_ocean		48224	{ "key": "13", "slot": -2 }
1789827840.450	active	globe	14.5	6.7	6.85	3	face	hands		settings_sphere_adv	img_ocean		48235	{ "key": "12", "slot": -2 }
1789827840.462	active	globe	14.5	6.7	6.85	3	face	hands		settings_sphere_adv	img_ocean		48247	{ "key": "5", "slot": -2 }
1789827840.473	active	globe	14.5	6.7	6.85	3	face	hands		settings_sphere_adv	img_ocean		48258	{ "key": "3", "slot": -2 }
1789827840.528	active	globe	14.5	6.7	6.85	3	face	hands		settings_sphere_adv	img_ocean		48313	{ "key": "2", "slot": -2 }
1789827840.550	active	globe	14.5	6.7	6.85	3	face	hands		settings_sphere_adv	img_ocean		48335	{ "key": "1", "slot": -2 }
1789827840.562	active	globe	14.5	6.7	6.85	3	face	hands		settings_sphere_adv	img_ocean		48346	{ "key": "2", "slot": -2 }
1789827841.028	active	globe	14.5	6.7	6.85	3	face	hands		settings_sphere_adv	img_ocean		48813	{ "key": "5", "slot": -2 }
1789827841.073	active	globe	14.5	6.7	6.85	3	face	hands		settings_sphere_adv	img_ocean		48858	{ "key": "6", "slot": -2 }
1789827841.096	рука_drag	globe	14.5	6.7	6.85	3	face	hands		settings_sphere_adv				{ "key": "42", "travel_cm": 36.8, "ms": 698 }
1789827841.217	active	globe	14.5	6.7	6.85	3	face	hands		settings_sphere_adv	img_ocean		49002	{ "key": "8", "slot": -2 }
1789827841.317	active	globe	14.5	6.7	6.85	3	face	hands		settings_sphere_adv	img_ocean		49102	{ "key": "40", "slot": 4 }
1789827851.351	active	globe	14.5	6.7	6.85	3	face	hands		settings_sphere_adv	img_ocean		59136	{ "key": "41", "slot": 0 }
1789827851.374	active	globe	14.5	6.7	6.85	3	face	hands		settings_sphere_adv	img_ocean		59158	{ "key": "73", "slot": 1 }
1789827851.474	active	globe	14.5	6.7	6.85	3	face	hands		settings_sphere_adv	img_ocean		59259	{ "key": "72", "slot": 6 }
1789827851.496	active	globe	14.5	6.7	6.85	3	face	hands		settings_sphere_adv	img_ocean		59281	{ "key": "71", "slot": -2 }
1789827851.596	active	globe	14.5	6.7	6.85	3	face	hands		settings_sphere_adv	img_ocean		59381	{ "key": "73", "slot": 1 }
1789827851.663	рука_drag	globe	14.5	6.7	6.85	3	face	hands		settings_sphere_adv				{ "key": "70", "travel_cm": 15.71, "ms": 356 }
1789827851.952	active	globe	14.5	6.7	6.85	3	face	hands		settings_sphere_adv	img_ocean		59736	{ "key": "39", "slot": 2 }
1789827853.508	active	globe	14.5	6.7	6.85	3	face	hands		settings_sphere_adv	img_ocean		61292	{ "key": "38", "slot": 3 }
1789827853.641	active	globe	14.5	6.7	6.85	3	face	hands		settings_sphere_adv	img_ocean		61426	{ "key": "39", "slot": 2 }
1789827854.208	рука_drag	globe	14.5	6.7	6.85	3	face	hands		settings_sphere_adv				{ "key": "61", "travel_cm": 6.12, "ms": 789 }
1789827864.475	active	globe	14.5	6.7	6.85	3	face	hands		settings_sphere_adv	img_ocean		72260	{ "key": "63", "slot": -2 }
1789827864.664	active	globe	14.5	6.7	6.85	3	face	hands		settings_sphere_adv	img_ocean		72449	{ "key": "66", "slot": -2 }
1789827864.853	рука_drag	globe	14.5	6.7	6.85	3	face	hands		settings_sphere_adv				{ "key": "84", "travel_cm": 10.86, "ms": 1211 }
1789827865.008	active	globe	14.5	6.7	6.85	3	face	hands		settings_sphere_adv	img_ocean		72793	{ "key": "39", "slot": 2 }
1789827866.242	рука_pinch	globe	14.5	6.7	6.85	3	face	hands		settings_sphere_adv				{  }
1789827866.453	настройка_значение	globe	14.5	6.7	6.85	3	face	hands		settings_sphere_adv				input_source=auto
1789827867.753	рука_pinch	globe	14.5	6.7	6.85	3	face	hands		settings_sphere_adv				{  }
1789827868.009	панель_кнопка	globe	14.5	6.7	6.85	3	face	hands		settings_sphere_adv				done
1789827868.010	настройка_сохранена	globe	14.5	6.7	6.85	3	face	hands		settings_sphere_adv				input_source=auto
1789827869.111	folder	globe	14.5	6.7	6.85	3	face	controllers		settings_sphere_adv	img_ocean		76896	{ "folder": "settings_sphere_adv", "view": "browse", "items": 7, "total": 7, "page": 1, "pages": 1 }
1789827869.111	настройки_ввода	globe	14.5	6.7	6.85	3	face	controllers		settings_sphere_adv				controllers
1789827869.112	источник	globe	14.5	6.7	6.85	3	face	controllers		settings_sphere_adv				controllers: профиль правой | { "profile": { "left": "/interaction_profiles/oculus/touch_controller", "right": "/interaction_profiles/oculus/touch_controller" }, "ctrl_pose": { "left": false, "right": false }, "ctrl_in": { "left": false, "right": true }, "hand_ok": { "left": false, "right": false }, "hand_src": { "left": 0, "right": 0 }, "conflicts": 0, "mode": "auto" }
1789827869.120	active	globe	14.5	6.7	6.85	3	face	controllers		settings_sphere_adv	img_ocean		76905	{ "key": "73", "slot": 3 }
1789827869.153	active	globe	14.5	6.7	6.85	3	face	controllers		settings_sphere_adv	img_ocean		76938	{ "key": "39", "slot": 0 }
1789827869.365	active	globe	14.5	6.7	6.85	3	face	controllers		settings_sphere_adv	img_ocean		77150	{ "key": "87", "slot": 6 }
1789827869.376	active	globe	14.5	6.7	6.85	3	face	controllers		settings_sphere_adv	img_ocean		77161	{ "key": "66", "slot": 1 }
1789827869.397	active	globe	14.5	6.7	6.85	3	face	controllers		settings_sphere_adv	img_ocean		77182	{ "key": "39", "slot": 0 }
1789827874.532	active	globe	14.5	6.7	6.85	3	face	controllers		settings_sphere_adv	img_ocean		82317	{ "key": "66", "slot": 1 }
1789827874.832	active	globe	14.5	6.7	6.85	3	face	controllers		settings_sphere_adv	img_ocean		82617	{ "key": "87", "slot": 6 }
1789827875.654	active	globe	14.5	6.7	6.85	3	face	controllers		settings_sphere_adv	img_ocean		83439	{ "key": "37", "slot": -2 }
1789827876.143	active	globe	14.5	6.7	6.85	3	face	controllers		settings_sphere_adv	img_ocean		83928	{ "key": "38", "slot": 2 }
1789827876.543	active	globe	14.5	6.7	6.85	3	face	controllers		settings_sphere_adv	img_ocean		84328	{ "key": "41", "slot": -1 }
1789827877.023	folder	globe	14.5	6.7	6.85	3	face	controllers		settings_sphere	img_ocean		84808	{ "folder": "settings_sphere", "view": "browse", "items": 11, "total": 11, "page": 1, "pages": 1 }
1789827877.023	intent	globe	14.5	6.7	6.85	3	face	controllers		settings_sphere	img_ocean		84808	{ "do": "reload", "view": "browse", "folder": "settings_sphere" }
1789827877.032	active	globe	14.5	6.7	6.85	3	face	controllers		settings_sphere	img_ocean		84817	{ "key": "38", "slot": 0 }
1789827879.554	active	globe	14.5	6.7	6.85	3	face	controllers		settings_sphere	img_ocean		87339	{ "key": "39", "slot": 3 }
1789827880.254	active	globe	14.5	6.7	6.85	3	face	controllers		settings_sphere	img_ocean		88039	{ "key": "41", "slot": 2 }
1789827881.410	active	globe	14.5	6.7	6.85	3	face	controllers		settings_sphere	img_ocean		89195	{ "key": "40", "slot": -1 }
1789827882.878	folder	globe	14.5	6.7	6.85	3	face	controllers		settings	img_ocean		90663	{ "folder": "settings", "view": "browse", "items": 4, "total": 4, "page": 1, "pages": 1 }
1789827882.878	intent	globe	14.5	6.7	6.85	3	face	controllers		settings	img_ocean		90663	{ "do": "reload", "view": "browse", "folder": "settings" }
1789827882.888	active	globe	14.5	6.7	6.85	3	face	controllers		settings	img_ocean		90673	{ "key": "40", "slot": 0 }
1789827884.366	active	globe	14.5	6.7	6.85	3	face	controllers		settings	img_ocean		92151	{ "key": "8", "slot": -1 }
1789827884.845	folder	globe	14.5	6.7	6.85	3	face	controllers			img_ocean		92630	{ "folder": "", "view": "browse", "items": 6, "total": 6, "page": 1, "pages": 1 }
1789827884.845	intent	globe	14.5	6.7	6.85	3	face	controllers			img_ocean		92630	{ "do": "reload", "view": "browse", "folder": "" }
1789827884.855	active	globe	14.5	6.7	6.85	3	face	controllers			img_ocean		92640	{ "key": "42", "slot": 1 }
1789827885.955	active	globe	14.5	6.7	6.85	3	face	controllers			img_ocean		93740	{ "key": "8", "slot": 0 }
1789827887.099	active	globe	14.5	6.7	6.85	3	face	controllers			img_ocean		94884	{ "key": "7", "slot": 5 }
1789827889.678	intent	globe	14.5	6.7	6.85	3	face	controllers			img_ocean		97462	{ "do": "exit", "view": "browse", "folder": "" }
1789827889.680	выход	globe	14.5	6.7	6.85	3	face	controllers						выгрузка в /storage/emulated/0/Download/VRGE/2026-09-19_19-24-49
